document_id,parent_document_id,document_type,split,quality,field_name,field_kind,expected_value,predicted_value,normalized_expected,normalized_prediction,exact_match,similarity,ocr_confidence,status,error
w2_2026_000023,w2_2026_000023,w2,test,clean,employee_ssn,identifier,000-44-5616,00-44-5616 CE,000445616,00445616CE,False,84.21,20.0,success,
w2_2026_000023,w2_2026_000023,w2,test,clean,employer_ein,identifier,00-4533779,00-4533779,004533779,004533779,True,100.0,0.0,success,
w2_2026_000023,w2_2026_000023,w2,test,clean,employer_name_address,multiline,"CURRY, CARROLL AND ROBERTS
4648 KIM RAPID
SOUTH JESSICAVIEW, AK 12471","CURRY, CARROLL AND ROBERTS 4648 KIM RAPID SOUTH JESSICAVIEW, AK 12471",CURRY CARROLL AND ROBERTS 4648 KIM RAPID SOUTH JESSICAVIEW AK 12471,CURRY CARROLL AND ROBERTS 4648 KIM RAPID SOUTH JESSICAVIEW AK 12471,True,100.0,95.18,success,
w2_2026_000023,w2_2026_000023,w2,test,clean,control_number,identifier,W2-2026-000023,W2-2026-000023,W22026000023,W22026000023,True,100.0,0.0,success,
w2_2026_000023,w2_2026_000023,w2,test,clean,employee_first_name,text,CHARLES F.,CHARLES F.,CHARLES F,CHARLES F,True,100.0,92.0,success,
w2_2026_000023,w2_2026_000023,w2,test,clean,employee_last_name,text,SPARKS,SPARKS,SPARKS,SPARKS,True,100.0,96.0,success,
w2_2026_000023,w2_2026_000023,w2,test,clean,employee_address,multiline,"990 JOHNSTON TRACK
SOUTH APRIL, NV 36959","990 JOHNSTON TRACK SOUTH APRIL, NV 36959 f Employee’s address and ZIP code",990 JOHNSTON TRACK SOUTH APRIL NV 36959,990 JOHNSTON TRACK SOUTH APRIL NV 36959 F EMPLOYEE S ADDRESS AND ZIP CODE,False,69.64,95.0,success,
w2_2026_000023,w2_2026_000023,w2,test,clean,wages,money,"50,530.31","50,530.31",50530.31,50530.31,True,100.0,22.0,success,
w2_2026_000023,w2_2026_000023,w2,test,clean,federal_tax_withheld,money,"6,180.59",6180.59,6180.59,6180.59,True,100.0,35.0,success,
w2_2026_000023,w2_2026_000023,w2,test,clean,social_security_wages,money,"50,530.31","50,530.31",50530.31,50530.31,True,100.0,39.0,success,
w2_2026_000023,w2_2026_000023,w2,test,clean,social_security_tax_withheld,money,"3,132.88",3132.88,3132.88,3132.88,True,100.0,31.0,success,
w2_2026_000023,w2_2026_000023,w2,test,clean,medicare_wages,money,"50,530.31",8530.31,50530.31,8530.31,False,80.0,24.0,success,
w2_2026_000023,w2_2026_000023,w2,test,clean,medicare_tax_withheld,money,732.69,732.69,732.69,732.69,True,100.0,93.0,success,
w2_2026_000023,w2_2026_000023,w2,test,clean,state,state,NV,NV,NV,NV,True,100.0,40.0,success,
w2_2026_000023,w2_2026_000023,w2,test,clean,employer_state_id,identifier,NV-5428914,NV5428914,NV5428914,NV5428914,True,100.0,0.0,success,
w2_2026_000023,w2_2026_000023,w2,test,clean,state_wages,money,"50,530.31","90,530.31",50530.31,90530.31,False,87.5,45.0,success,
w2_2026_000023,w2_2026_000023,w2,test,clean,state_income_tax,money,"2,922.23","2,922.23",2922.23,2922.23,True,100.0,47.0,success,
w2_2026_000022,w2_2026_000022,w2,test,clean,employee_ssn,identifier,000-88-9666,00-88-9666 BT,000889666,00889666BT,False,84.21,28.0,success,
w2_2026_000022,w2_2026_000022,w2,test,clean,employer_ein,identifier,00-1131249,001131249,001131249,001131249,True,100.0,0.0,success,
w2_2026_000022,w2_2026_000022,w2,test,clean,employer_name_address,multiline,"BAKER INC
28120 HAYES RANCH
CARTERBURY, LA 93163","BAKER INC 28120 HAYES RANCH CARTERBURY, LA 93163",BAKER INC 28120 HAYES RANCH CARTERBURY LA 93163,BAKER INC 28120 HAYES RANCH CARTERBURY LA 93163,True,100.0,95.38,success,
w2_2026_000022,w2_2026_000022,w2,test,clean,control_number,identifier,W2-2026-000022,W2-2026-000022-,W22026000022,W22026000022,True,100.0,0.0,success,
w2_2026_000022,w2_2026_000022,w2,test,clean,employee_first_name,text,CORY Y.,CORY Y.,CORY Y,CORY Y,True,100.0,92.5,success,
w2_2026_000022,w2_2026_000022,w2,test,clean,employee_last_name,text,CLARK,CLARK,CLARK,CLARK,True,100.0,96.0,success,
w2_2026_000022,w2_2026_000022,w2,test,clean,employee_address,multiline,"713 FRENCH ROAD APT. 618
LAKE EDWARD, KY 19144","713 FRENCH ROAD APT. 618 LAKE EDWARD, KY 19144 f Employee’s address and ZIP code",713 FRENCH ROAD APT 618 LAKE EDWARD KY 19144,713 FRENCH ROAD APT 618 LAKE EDWARD KY 19144 F EMPLOYEE S ADDRESS AND ZIP CODE,False,72.13,94.93,success,
w2_2026_000022,w2_2026_000022,w2,test,clean,wages,money,"68,984.12","68,984.12",68984.12,68984.12,True,100.0,56.0,success,
w2_2026_000022,w2_2026_000022,w2,test,clean,federal_tax_withheld,money,"9,597.37","9,597.37",9597.37,9597.37,True,100.0,47.0,success,
w2_2026_000022,w2_2026_000022,w2,test,clean,social_security_wages,money,"68,984.12","68,984.12",68984.12,68984.12,True,100.0,95.0,success,
w2_2026_000022,w2_2026_000022,w2,test,clean,social_security_tax_withheld,money,"4,277.02","4,877.02",4277.02,4877.02,False,85.71,50.0,success,
w2_2026_000022,w2_2026_000022,w2,test,clean,medicare_wages,money,"68,984.12","88,984.12",68984.12,88984.12,False,87.5,46.0,success,
w2_2026_000022,w2_2026_000022,w2,test,clean,medicare_tax_withheld,money,"1,000.27","1,000.27",1000.27,1000.27,True,100.0,95.0,success,
w2_2026_000022,w2_2026_000022,w2,test,clean,state,state,KY,KY,KY,KY,True,100.0,28.0,success,
w2_2026_000022,w2_2026_000022,w2,test,clean,employer_state_id,identifier,KY-2737893,K-27878993,KY2737893,K27878993,False,77.78,0.0,success,
w2_2026_000022,w2_2026_000022,w2,test,clean,state_wages,money,"68,984.12","88,984.12",68984.12,88984.12,False,87.5,59.0,success,
w2_2026_000022,w2_2026_000022,w2,test,clean,state_income_tax,money,707.33,707.33,707.33,707.33,True,100.0,32.0,success,
w2_2026_000008,w2_2026_000008,w2,test,clean,employee_ssn,identifier,000-58-8668,00-58-8668 BT,000588668,00588668BT,False,84.21,30.5,success,
w2_2026_000008,w2_2026_000008,w2,test,clean,employer_ein,identifier,00-9877065,00-98770665,009877065,0098770665,False,94.74,0.0,success,
w2_2026_000008,w2_2026_000008,w2,test,clean,employer_name_address,multiline,"SHAW-FARRELL
81219 EMMA FREEWAY
WILSONSHIRE, IA 76381","SHAW-FARRELL 81219 EMMA FREEWAY WILSONSHIRE, IA 76381",SHAW FARRELL 81219 EMMA FREEWAY WILSONSHIRE IA 76381,SHAW FARRELL 81219 EMMA FREEWAY WILSONSHIRE IA 76381,True,100.0,94.14,success,
w2_2026_000008,w2_2026_000008,w2,test,clean,control_number,identifier,W2-2026-000008,W2-2026-000008-,W22026000008,W22026000008,True,100.0,0.0,success,
w2_2026_000008,w2_2026_000008,w2,test,clean,employee_first_name,text,JULIE B.,JULIE B.,JULIE B,JULIE B,True,100.0,93.0,success,
w2_2026_000008,w2_2026_000008,w2,test,clean,employee_last_name,text,WILLIAMS,WILLIAMS,WILLIAMS,WILLIAMS,True,100.0,96.0,success,
w2_2026_000008,w2_2026_000008,w2,test,clean,employee_address,multiline,"169 DONOVAN FORD
JOHNFURT, DC 88540","169 DONOVAN FORD JOHNFURT, DC 88540 f Employee’s address and ZIP code",169 DONOVAN FORD JOHNFURT DC 88540,169 DONOVAN FORD JOHNFURT DC 88540 F EMPLOYEE S ADDRESS AND ZIP CODE,False,66.67,94.75,success,
w2_2026_000008,w2_2026_000008,w2,test,clean,wages,money,"53,642.51","58,642.51",53642.51,58642.51,False,87.5,47.0,success,
w2_2026_000008,w2_2026_000008,w2,test,clean,federal_tax_withheld,money,"9,676.65","9,876.65",9676.65,9876.65,False,85.71,53.0,success,
w2_2026_000008,w2_2026_000008,w2,test,clean,social_security_wages,money,"53,642.51","53,642.51",53642.51,53642.51,True,100.0,31.0,success,
w2_2026_000008,w2_2026_000008,w2,test,clean,social_security_tax_withheld,money,"3,325.84",8305.84,3325.84,8305.84,False,71.43,21.0,success,
w2_2026_000008,w2_2026_000008,w2,test,clean,medicare_wages,money,"53,642.51",-0-7-2-5,53642.51,-0-7-2-5,False,25.0,0.0,success,
w2_2026_000008,w2_2026_000008,w2,test,clean,medicare_tax_withheld,money,777.82,777.82,777.82,777.82,True,100.0,52.0,success,
w2_2026_000008,w2_2026_000008,w2,test,clean,state,state,DC,,DC,,False,0.0,0.0,success,
w2_2026_000008,w2_2026_000008,w2,test,clean,employer_state_id,identifier,DC-2921859,-228599,DC2921859,228599,False,66.67,0.0,success,
w2_2026_000008,w2_2026_000008,w2,test,clean,state_wages,money,"53,642.51","88,642.51",53642.51,88642.51,False,75.0,51.0,success,
w2_2026_000008,w2_2026_000008,w2,test,clean,state_income_tax,money,"2,761.79",8761.79,2761.79,8761.79,False,85.71,43.0,success,
w2_2026_000011,w2_2026_000011,w2,test,clean,employee_ssn,identifier,000-40-1949,00-40-1949 BE,000401949,00401949BE,False,84.21,10.0,success,
w2_2026_000011,w2_2026_000011,w2,test,clean,employer_ein,identifier,00-5041154,005041154,005041154,005041154,True,100.0,2.0,success,
w2_2026_000011,w2_2026_000011,w2,test,clean,employer_name_address,multiline,"DELEON-HENSON
232 NICOLE BURG APT. 563
ERIKVILLE, MS 05576","DELEON-HENSON 932 NICOLE BURG APT. 563 ERIKVILLE, MS 05576",DELEON HENSON 232 NICOLE BURG APT 563 ERIKVILLE MS 05576,DELEON HENSON 932 NICOLE BURG APT 563 ERIKVILLE MS 05576,False,98.21,93.89,success,
w2_2026_000011,w2_2026_000011,w2,test,clean,control_number,identifier,W2-2026-000011,W2-2026-000011,W22026000011,W22026000011,True,100.0,0.0,success,
w2_2026_000011,w2_2026_000011,w2,test,clean,employee_first_name,text,JASON H.,JASON H.,JASON H,JASON H,True,100.0,91.5,success,
w2_2026_000011,w2_2026_000011,w2,test,clean,employee_last_name,text,ESTRADA,ESTRADA,ESTRADA,ESTRADA,True,100.0,96.0,success,
w2_2026_000011,w2_2026_000011,w2,test,clean,employee_address,multiline,"37543 ANDREW FIELDS SUITE 541
MICHAELHAVEN, MO 89566","37543 ANDREW FIELDS SUITE 541 MICHAELHAVEN, MO 89566 f Employee’s address and ZIP code",37543 ANDREW FIELDS SUITE 541 MICHAELHAVEN MO 89566,37543 ANDREW FIELDS SUITE 541 MICHAELHAVEN MO 89566 F EMPLOYEE S ADDRESS AND ZIP CODE,False,75.0,94.71,success,
w2_2026_000011,w2_2026_000011,w2,test,clean,wages,money,"128,486.22","428,486.22",128486.22,428486.22,False,88.89,50.0,success,
w2_2026_000011,w2_2026_000011,w2,test,clean,federal_tax_withheld,money,"16,942.83","46,942.83",16942.83,46942.83,False,87.5,26.0,success,
w2_2026_000011,w2_2026_000011,w2,test,clean,social_security_wages,money,"128,486.22","4 28,486.22",128486.22,428486.22,False,88.89,79.5,success,
w2_2026_000011,w2_2026_000011,w2,test,clean,social_security_tax_withheld,money,"7,966.15",7966.15,7966.15,7966.15,True,100.0,35.0,success,
w2_2026_000011,w2_2026_000011,w2,test,clean,medicare_wages,money,"128,486.22",-4098486.22,128486.22,-4098486.22,False,70.0,0.0,success,
w2_2026_000011,w2_2026_000011,w2,test,clean,medicare_tax_withheld,money,"1,863.05","1,863.05",1863.05,1863.05,True,100.0,94.0,success,
w2_2026_000011,w2_2026_000011,w2,test,clean,state,state,MO,MO,MO,MO,True,100.0,46.0,success,
w2_2026_000011,w2_2026_000011,w2,test,clean,employer_state_id,identifier,MO-9153566,MO-9153566,MO9153566,MO9153566,True,100.0,0.0,success,
w2_2026_000011,w2_2026_000011,w2,test,clean,state_wages,money,"128,486.22","128,486.22",128486.22,128486.22,True,100.0,51.0,success,
w2_2026_000011,w2_2026_000011,w2,test,clean,state_income_tax,money,162.66,162.66,162.66,162.66,True,100.0,33.0,success,
w2_2026_000027,w2_2026_000027,w2,test,clean,employee_ssn,identifier,000-95-5065,00-95-5065 BT,000955065,00955065BT,False,84.21,8.5,success,
w2_2026_000027,w2_2026_000027,w2,test,clean,employer_ein,identifier,00-5476257,005476257,005476257,005476257,True,100.0,0.0,success,
w2_2026_000027,w2_2026_000027,w2,test,clean,employer_name_address,multiline,"SAWYER GROUP
702 PITTS DRIVES
SOUTH KIMBERLYVIEW, MA 82192","SAWYER GROUP 702 PITTS DRIVES SOUTH KIMBERLYVIEW, MA 82192",SAWYER GROUP 702 PITTS DRIVES SOUTH KIMBERLYVIEW MA 82192,SAWYER GROUP 702 PITTS DRIVES SOUTH KIMBERLYVIEW MA 82192,True,100.0,94.67,success,
w2_2026_000027,w2_2026_000027,w2,test,clean,control_number,identifier,W2-2026-000027,W2-2026-000027,W22026000027,W22026000027,True,100.0,0.0,success,
w2_2026_000027,w2_2026_000027,w2,test,clean,employee_first_name,text,DAVID S.,DAVID S.,DAVID S,DAVID S,True,100.0,90.0,success,
w2_2026_000027,w2_2026_000027,w2,test,clean,employee_last_name,text,RIVERA,RIVERA,RIVERA,RIVERA,True,100.0,96.0,success,
w2_2026_000027,w2_2026_000027,w2,test,clean,employee_address,multiline,"158 FINLEY ROAD SUITE 809
EAST CRYSTALPORT, IN 98381","158 FINLEY ROAD SUITE 809 EAST CRYSTALPORT, IN 98381 f Employee’s address and ZIP code",158 FINLEY ROAD SUITE 809 EAST CRYSTALPORT IN 98381,158 FINLEY ROAD SUITE 809 EAST CRYSTALPORT IN 98381 F EMPLOYEE S ADDRESS AND ZIP CODE,False,75.0,94.6,success,
w2_2026_000027,w2_2026_000027,w2,test,clean,wages,money,"32,158.46","832,158.46",32158.46,832158.46,False,94.12,56.0,success,
w2_2026_000027,w2_2026_000027,w2,test,clean,federal_tax_withheld,money,"3,495.55","83,495.55",3495.55,83495.55,False,93.33,55.0,success,
w2_2026_000027,w2_2026_000027,w2,test,clean,social_security_wages,money,"32,158.46",32.158.46,32158.46,32.16,False,61.54,0.0,success,
w2_2026_000027,w2_2026_000027,w2,test,clean,social_security_tax_withheld,money,"1,993.82",493.82,1993.82,493.82,False,76.92,28.0,success,
w2_2026_000027,w2_2026_000027,w2,test,clean,medicare_wages,money,"32,158.46",89158.46,32158.46,89158.46,False,75.0,0.0,success,
w2_2026_000027,w2_2026_000027,w2,test,clean,medicare_tax_withheld,money,466.30,466.30,466.30,466.30,True,100.0,96.0,success,
w2_2026_000027,w2_2026_000027,w2,test,clean,state,state,IN,IN,IN,IN,True,100.0,0.0,success,
w2_2026_000027,w2_2026_000027,w2,test,clean,employer_state_id,identifier,IN-8896868,IN868,IN8896868,IN868,False,71.43,0.0,success,
w2_2026_000027,w2_2026_000027,w2,test,clean,state_wages,money,"32,158.46","82,158.46",32158.46,82158.46,False,87.5,56.0,success,
w2_2026_000027,w2_2026_000027,w2,test,clean,state_income_tax,money,"1,932.46","1,982.46",1932.46,1982.46,False,85.71,38.0,success,
w2_2026_000043,w2_2026_000043,w2,test,clean,employee_ssn,identifier,000-13-5051,00-13-5051 BE,000135051,00135051BE,False,84.21,6.0,success,
w2_2026_000043,w2_2026_000043,w2,test,clean,employer_ein,identifier,00-4344717,00-4344717,004344717,004344717,True,100.0,42.0,success,
w2_2026_000043,w2_2026_000043,w2,test,clean,employer_name_address,multiline,"STRICKLAND-SHAW
39240 SAWYER PLAZA APT. 814
PORT ETHANMOUTH, MH 67787","STRICKLAND-SHAW 39240 SAWYER PLAZA APT. 814 PORT ETHANMOUTH, MH 67787",STRICKLAND SHAW 39240 SAWYER PLAZA APT 814 PORT ETHANMOUTH MH 67787,STRICKLAND SHAW 39240 SAWYER PLAZA APT 814 PORT ETHANMOUTH MH 67787,True,100.0,94.8,success,
w2_2026_000043,w2_2026_000043,w2,test,clean,control_number,identifier,W2-2026-000043,W2-2026-000043,W22026000043,W22026000043,True,100.0,0.0,success,
w2_2026_000043,w2_2026_000043,w2,test,clean,employee_first_name,text,STACEY O.,STACEY O.,STACEY O,STACEY O,True,100.0,91.5,success,
w2_2026_000043,w2_2026_000043,w2,test,clean,employee_last_name,text,MURRAY,MURRAY,MURRAY,MURRAY,True,100.0,96.0,success,
w2_2026_000043,w2_2026_000043,w2,test,clean,employee_address,multiline,"1375 ROBERT LOCKS
JOELAND, MN 29931","1375 ROBERT LOCKS JOELAND, MN 29931 f Employee’s address and ZIP code",1375 ROBERT LOCKS JOELAND MN 29931,1375 ROBERT LOCKS JOELAND MN 29931 F EMPLOYEE S ADDRESS AND ZIP CODE,False,66.67,94.83,success,
w2_2026_000043,w2_2026_000043,w2,test,clean,wages,money,"86,713.60","86,713.60",86713.60,86713.60,True,100.0,55.0,success,
w2_2026_000043,w2_2026_000043,w2,test,clean,federal_tax_withheld,money,"10,047.99","40,047.99",10047.99,40047.99,False,87.5,27.0,success,
w2_2026_000043,w2_2026_000043,w2,test,clean,social_security_wages,money,"86,713.60","86,713.60",86713.60,86713.60,True,100.0,32.0,success,
w2_2026_000043,w2_2026_000043,w2,test,clean,social_security_tax_withheld,money,"5,376.24",5376.24,5376.24,5376.24,True,100.0,22.0,success,
w2_2026_000043,w2_2026_000043,w2,test,clean,medicare_wages,money,"86,713.60","86.743,.60",86713.60,86.74,False,46.15,0.0,success,
w2_2026_000043,w2_2026_000043,w2,test,clean,medicare_tax_withheld,money,"1,257.35","1,257.35",1257.35,1257.35,True,100.0,94.0,success,
w2_2026_000043,w2_2026_000043,w2,test,clean,state,state,MN,MN,MN,MN,True,100.0,55.0,success,
w2_2026_000043,w2_2026_000043,w2,test,clean,employer_state_id,identifier,MN-8945036,MN-8945086000,MN8945036,MN8945086000,False,76.19,0.0,success,
w2_2026_000043,w2_2026_000043,w2,test,clean,state_wages,money,"86,713.60","86,713.60",86713.60,86713.60,True,100.0,54.0,success,
w2_2026_000043,w2_2026_000043,w2,test,clean,state_income_tax,money,386.76,386.76,386.76,386.76,True,100.0,30.0,success,
w2_2026_000057,w2_2026_000057,w2,test,clean,employee_ssn,identifier,000-38-3441,00-38-3441 BE,000383441,00383441BE,False,84.21,32.0,success,
w2_2026_000057,w2_2026_000057,w2,test,clean,employer_ein,identifier,00-5456573,00-5456573,005456573,005456573,True,100.0,0.0,success,
w2_2026_000057,w2_2026_000057,w2,test,clean,employer_name_address,multiline,"HORTON, TAYLOR AND GILBERT
08330 ROBERT STRAVENUE
GARCIABERG, AL 72636","HORTON, TAYLOR AND GILBERT 08330 ROBERT STRAVENUE GARCIABERG, AL 72636",HORTON TAYLOR AND GILBERT 08330 ROBERT STRAVENUE GARCIABERG AL 72636,HORTON TAYLOR AND GILBERT 08330 ROBERT STRAVENUE GARCIABERG AL 72636,True,100.0,94.2,success,
w2_2026_000057,w2_2026_000057,w2,test,clean,control_number,identifier,W2-2026-000057,W2-2026-000057,W22026000057,W22026000057,True,100.0,0.0,success,
w2_2026_000057,w2_2026_000057,w2,test,clean,employee_first_name,text,JASON R.,JASON R.,JASON R,JASON R,True,100.0,89.5,success,
w2_2026_000057,w2_2026_000057,w2,test,clean,employee_last_name,text,NELSON,NELSON,NELSON,NELSON,True,100.0,96.0,success,
w2_2026_000057,w2_2026_000057,w2,test,clean,employee_address,multiline,"7734 MITCHELL CIRCLE
LAKE AUDREYSIDE, WA 95281","7734 MITCHELL CIRCLE LAKE AUDREYSIDE, WA 95281 f Employee’s address and ZIP code",7734 MITCHELL CIRCLE LAKE AUDREYSIDE WA 95281,7734 MITCHELL CIRCLE LAKE AUDREYSIDE WA 95281 F EMPLOYEE S ADDRESS AND ZIP CODE,False,72.58,94.23,success,
w2_2026_000057,w2_2026_000057,w2,test,clean,wages,money,"132,867.33","432,867.33",132867.33,432867.33,False,88.89,39.0,success,
w2_2026_000057,w2_2026_000057,w2,test,clean,federal_tax_withheld,money,"23,167.59","88,167.59",23167.59,88167.59,False,75.0,22.0,success,
w2_2026_000057,w2_2026_000057,w2,test,clean,social_security_wages,money,"132,867.33",432.867.33,132867.33,432.87,False,53.33,0.0,success,
w2_2026_000057,w2_2026_000057,w2,test,clean,social_security_tax_withheld,money,"8,237.77",8937.77,8237.77,8937.77,False,85.71,38.0,success,
w2_2026_000057,w2_2026_000057,w2,test,clean,medicare_wages,money,"132,867.33",-439967.33,132867.33,-439967.33,False,63.16,0.0,success,
w2_2026_000057,w2_2026_000057,w2,test,clean,medicare_tax_withheld,money,"1,926.58","1,926.58",1926.58,1926.58,True,100.0,94.0,success,
w2_2026_000057,w2_2026_000057,w2,test,clean,state,state,WA,WA,WA,WA,True,100.0,51.0,success,
w2_2026_000057,w2_2026_000057,w2,test,clean,employer_state_id,identifier,WA-6160869,W9,WA6160869,W9,False,36.36,0.0,success,
w2_2026_000057,w2_2026_000057,w2,test,clean,state_wages,money,"132,867.33","182,867.33.",132867.33,182867.33,False,88.89,50.0,success,
w2_2026_000057,w2_2026_000057,w2,test,clean,state_income_tax,money,"6,942.83","8,942.83",6942.83,8942.83,False,85.71,48.0,success,
w2_2026_000036,w2_2026_000036,w2,test,clean,employee_ssn,identifier,000-88-9270,00-88-9270 BT,000889270,00889270BT,False,84.21,9.0,success,
w2_2026_000036,w2_2026_000036,w2,test,clean,employer_ein,identifier,00-8159521,00-8159521,008159521,008159521,True,100.0,6.0,success,
w2_2026_000036,w2_2026_000036,w2,test,clean,employer_name_address,multiline,"VILLEGAS, CARDENAS AND AUSTIN
402 PARK INLET
MICHAELBURGH, VI 19277","VILLEGAS, CARDENAS AND AUSTIN 402 PARK INLET MICHAELBURGH, VI 19277",VILLEGAS CARDENAS AND AUSTIN 402 PARK INLET MICHAELBURGH VI 19277,VILLEGAS CARDENAS AND AUSTIN 402 PARK INLET MICHAELBURGH VI 19277,True,100.0,94.2,success,
w2_2026_000036,w2_2026_000036,w2,test,clean,control_number,identifier,W2-2026-000036,W2-2026-000036,W22026000036,W22026000036,True,100.0,0.0,success,
w2_2026_000036,w2_2026_000036,w2,test,clean,employee_first_name,text,AUDREY Z.,AUDREY Z.,AUDREY Z,AUDREY Z,True,100.0,91.5,success,
w2_2026_000036,w2_2026_000036,w2,test,clean,employee_last_name,text,PATTERSON,PATTERSON,PATTERSON,PATTERSON,True,100.0,96.0,success,
w2_2026_000036,w2_2026_000036,w2,test,clean,employee_address,multiline,"20183 BARNES JUNCTIONS APT. 545
NORTH ERICTON, TX 11194","20183 BARNES JUNCTIONS APT. 545 NORTH ERICTON, TX 11194 f Employee’s address and ZIP code",20183 BARNES JUNCTIONS APT 545 NORTH ERICTON TX 11194,20183 BARNES JUNCTIONS APT 545 NORTH ERICTON TX 11194 F EMPLOYEE S ADDRESS AND ZIP CODE,False,75.71,94.47,success,
w2_2026_000036,w2_2026_000036,w2,test,clean,wages,money,"48,360.59","48,360.59",48360.59,48360.59,True,100.0,41.0,success,
w2_2026_000036,w2_2026_000036,w2,test,clean,federal_tax_withheld,money,"7,400.81","7,800.81",7400.81,7800.81,False,85.71,43.0,success,
w2_2026_000036,w2_2026_000036,w2,test,clean,social_security_wages,money,"48,360.59","48,360.59",48360.59,48360.59,True,100.0,23.0,success,
w2_2026_000036,w2_2026_000036,w2,test,clean,social_security_tax_withheld,money,"2,998.36",9998.36,2998.36,9998.36,False,85.71,20.0,success,
w2_2026_000036,w2_2026_000036,w2,test,clean,medicare_wages,money,"48,360.59",4360.59,48360.59,4360.59,False,93.33,13.0,success,
w2_2026_000036,w2_2026_000036,w2,test,clean,medicare_tax_withheld,money,701.23,701.23,701.23,701.23,True,100.0,93.0,success,
w2_2026_000036,w2_2026_000036,w2,test,clean,state,state,TX,X,TX,X,False,66.67,26.0,success,
w2_2026_000036,w2_2026_000036,w2,test,clean,employer_state_id,identifier,TX-8963715,TX8968715,TX8963715,TX8968715,False,88.89,35.0,success,
w2_2026_000036,w2_2026_000036,w2,test,clean,state_wages,money,"48,360.59","48,360.59",48360.59,48360.59,True,100.0,53.0,success,
w2_2026_000036,w2_2026_000036,w2,test,clean,state_income_tax,money,"2,519.20",2819.20,2519.20,2819.20,False,85.71,44.0,success,
w2_2026_000062,w2_2026_000062,w2,test,clean,employee_ssn,identifier,000-56-9167,00-56-9167,000569167,00569167,False,94.12,38.0,success,
w2_2026_000062,w2_2026_000062,w2,test,clean,employer_ein,identifier,00-8416216,008416216,008416216,008416216,True,100.0,0.0,success,
w2_2026_000062,w2_2026_000062,w2,test,clean,employer_name_address,multiline,"ANDERSON, DALTON AND WILSON
230 TIFFANY MOUNTAIN SUITE 863
SOUTH MICHAEL, KY 25205","ANDERSON, DALTON AND WILSON 230 TIFFANY MOUNTAIN SUITE 863 SOUTH MICHAEL, KY 25205",ANDERSON DALTON AND WILSON 230 TIFFANY MOUNTAIN SUITE 863 SOUTH MICHAEL KY 25205,ANDERSON DALTON AND WILSON 230 TIFFANY MOUNTAIN SUITE 863 SOUTH MICHAEL KY 25205,True,100.0,95.77,success,
w2_2026_000062,w2_2026_000062,w2,test,clean,control_number,identifier,W2-2026-000062,W2-2026-000062,W22026000062,W22026000062,True,100.0,0.0,success,
w2_2026_000062,w2_2026_000062,w2,test,clean,employee_first_name,text,NICHOLAS V.,NICHOLAS V.,NICHOLAS V,NICHOLAS V,True,100.0,93.0,success,
w2_2026_000062,w2_2026_000062,w2,test,clean,employee_last_name,text,BRANDT,BRANDT,BRANDT,BRANDT,True,100.0,96.0,success,
w2_2026_000062,w2_2026_000062,w2,test,clean,employee_address,multiline,"69033 CRAIG BYPASS
HARPERTON, IA 97565","69033 CRAIG BYPASS HARPERTON, IA 97565 f Employee’s address and ZIP code",69033 CRAIG BYPASS HARPERTON IA 97565,69033 CRAIG BYPASS HARPERTON IA 97565 F EMPLOYEE S ADDRESS AND ZIP CODE,False,68.52,94.83,success,
w2_2026_000062,w2_2026_000062,w2,test,clean,wages,money,"28,193.11","88,198.11",28193.11,88198.11,False,75.0,45.0,success,
w2_2026_000062,w2_2026_000062,w2,test,clean,federal_tax_withheld,money,"5,222.09",5028.09,5222.09,5028.09,False,71.43,28.0,success,
w2_2026_000062,w2_2026_000062,w2,test,clean,social_security_wages,money,"28,193.11","28,193.11",28193.11,28193.11,True,100.0,95.0,success,
w2_2026_000062,w2_2026_000062,w2,test,clean,social_security_tax_withheld,money,"1,747.97","4,787.97",1747.97,4787.97,False,71.43,47.0,success,
w2_2026_000062,w2_2026_000062,w2,test,clean,medicare_wages,money,"28,193.11",9493.44,28193.11,9493.44,False,40.0,42.0,success,
w2_2026_000062,w2_2026_000062,w2,test,clean,medicare_tax_withheld,money,408.80,408.80,408.80,408.80,True,100.0,96.0,success,
w2_2026_000062,w2_2026_000062,w2,test,clean,state,state,IA,LL,IA,LL,False,0.0,38.0,success,
w2_2026_000062,w2_2026_000062,w2,test,clean,employer_state_id,identifier,IA-5832327,15882327,IA5832327,15882327,False,70.59,0.0,success,
w2_2026_000062,w2_2026_000062,w2,test,clean,state_wages,money,"28,193.11","28,198.17",28193.11,28198.17,False,75.0,57.0,success,
w2_2026_000062,w2_2026_000062,w2,test,clean,state_income_tax,money,994.33,994.33,994.33,994.33,True,100.0,39.0,success,
w2_2026_000093,w2_2026_000093,w2,test,clean,employee_ssn,identifier,000-94-7947,00-94-7947,000947947,00947947,False,94.12,48.0,success,
w2_2026_000093,w2_2026_000093,w2,test,clean,employer_ein,identifier,00-9148051,00-9148051,009148051,009148051,True,100.0,16.0,success,
w2_2026_000093,w2_2026_000093,w2,test,clean,employer_name_address,multiline,"VAUGHAN, COPELAND AND COCHRAN
427 CHRISTOPHER FORT APT. 087
WEST SAMANTHABOROUGH, AS 17604","VAUGHAN, COPELAND AND COCHRAN 427 CHRISTOPHER FORT APT. 087 WEST SAMANTHABOROUGH, AS 17604",VAUGHAN COPELAND AND COCHRAN 427 CHRISTOPHER FORT APT 087 WEST SAMANTHABOROUGH AS 17604,VAUGHAN COPELAND AND COCHRAN 427 CHRISTOPHER FORT APT 087 WEST SAMANTHABOROUGH AS 17604,True,100.0,94.54,success,
w2_2026_000093,w2_2026_000093,w2,test,clean,control_number,identifier,W2-2026-000093,W2-2026-000093-,W22026000093,W22026000093,True,100.0,0.0,success,
w2_2026_000093,w2_2026_000093,w2,test,clean,employee_first_name,text,MICHAEL S.,MICHAEL S.,MICHAEL S,MICHAEL S,True,100.0,91.0,success,
w2_2026_000093,w2_2026_000093,w2,test,clean,employee_last_name,text,ELLIOTT,ELLIOTT,ELLIOTT,ELLIOTT,True,100.0,96.0,success,
w2_2026_000093,w2_2026_000093,w2,test,clean,employee_address,multiline,"250 DYLAN SQUARES APT. 185
WEST JANETFURT, OR 13743","250 DYLAN SQUARES APT. 185 WEST JANETFURT, OR 13743 f Employee’s address and ZIP code",250 DYLAN SQUARES APT 185 WEST JANETFURT OR 13743,250 DYLAN SQUARES APT 185 WEST JANETFURT OR 13743 F EMPLOYEE S ADDRESS AND ZIP CODE,False,74.24,94.4,success,
w2_2026_000093,w2_2026_000093,w2,test,clean,wages,money,"54,101.97","54,101.97",54101.97,54101.97,True,100.0,60.0,success,
w2_2026_000093,w2_2026_000093,w2,test,clean,federal_tax_withheld,money,"5,690.75",5690.75,5690.75,5690.75,True,100.0,31.0,success,
w2_2026_000093,w2_2026_000093,w2,test,clean,social_security_wages,money,"54,101.97","54,101.97",54101.97,54101.97,True,100.0,16.0,success,
w2_2026_000093,w2_2026_000093,w2,test,clean,social_security_tax_withheld,money,"3,354.32",3354.32,3354.32,3354.32,True,100.0,21.0,success,
w2_2026_000093,w2_2026_000093,w2,test,clean,medicare_wages,money,"54,101.97",401.97,54101.97,401.97,False,85.71,25.0,success,
w2_2026_000093,w2_2026_000093,w2,test,clean,medicare_tax_withheld,money,784.48,784.48,784.48,784.48,True,100.0,95.0,success,
w2_2026_000093,w2_2026_000093,w2,test,clean,state,state,OR,OR,OR,OR,True,100.0,43.0,success,
w2_2026_000093,w2_2026_000093,w2,test,clean,employer_state_id,identifier,OR-9595744,OR95957440,OR9595744,OR95957440,False,94.74,23.0,success,
w2_2026_000093,w2_2026_000093,w2,test,clean,state_wages,money,"54,101.97","84,101.97",54101.97,84101.97,False,87.5,50.0,success,
w2_2026_000093,w2_2026_000093,w2,test,clean,state_income_tax,money,"2,172.71",81271,2172.71,81271.00,False,53.33,20.0,success,
w2_2026_000066,w2_2026_000066,w2,test,clean,employee_ssn,identifier,000-68-6272,00-68-6272 BT,000686272,00686272BT,False,84.21,27.5,success,
w2_2026_000066,w2_2026_000066,w2,test,clean,employer_ein,identifier,00-4165061,00-4165061,004165061,004165061,True,100.0,4.0,success,
w2_2026_000066,w2_2026_000066,w2,test,clean,employer_name_address,multiline,"GILL-FLORES
5609 JOYCE BROOK
ANGELASHIRE, OR 94874","GILL-FLORES ~ Ee Te = en 5609 JOYCE BROOK ANGELASHIRE, OR 94874",GILL FLORES 5609 JOYCE BROOK ANGELASHIRE OR 94874,GILL FLORES EE TE EN 5609 JOYCE BROOK ANGELASHIRE OR 94874,False,91.59,57.67,success,
w2_2026_000066,w2_2026_000066,w2,test,clean,control_number,identifier,W2-2026-000066,W2-2026-000066,W22026000066,W22026000066,True,100.0,0.0,success,
w2_2026_000066,w2_2026_000066,w2,test,clean,employee_first_name,text,STEVEN Z.,STEVEN Z.,STEVEN Z,STEVEN Z,True,100.0,93.0,success,
w2_2026_000066,w2_2026_000066,w2,test,clean,employee_last_name,text,ZAVALA,ZAVALA,ZAVALA,ZAVALA,True,100.0,96.0,success,
w2_2026_000066,w2_2026_000066,w2,test,clean,employee_address,multiline,"2353 HUDSON GARDENS SUITE 854
LEVYFORT, NH 22551","2353 HUDSON GARDENS SUITE 854 LEVYFORT, NH 22551 f Employee’s address and ZIP code",2353 HUDSON GARDENS SUITE 854 LEVYFORT NH 22551,2353 HUDSON GARDENS SUITE 854 LEVYFORT NH 22551 F EMPLOYEE S ADDRESS AND ZIP CODE,False,73.44,94.64,success,
w2_2026_000066,w2_2026_000066,w2,test,clean,wages,money,"102,918.22","492,918.22",102918.22,492918.22,False,77.78,55.0,success,
w2_2026_000066,w2_2026_000066,w2,test,clean,federal_tax_withheld,money,"17,102.22","47,102.22",17102.22,47102.22,False,87.5,36.0,success,
w2_2026_000066,w2_2026_000066,w2,test,clean,social_security_wages,money,"102,918.22","492,918.22",102918.22,492918.22,False,77.78,43.0,success,
w2_2026_000066,w2_2026_000066,w2,test,clean,social_security_tax_withheld,money,"6,380.93",380.93,6380.93,380.93,False,92.31,28.0,success,
w2_2026_000066,w2_2026_000066,w2,test,clean,medicare_wages,money,"102,918.22",499.9182,102918.22,499.92,False,40.0,0.0,success,
w2_2026_000066,w2_2026_000066,w2,test,clean,medicare_tax_withheld,money,"1,492.31","1,492.31",1492.31,1492.31,True,100.0,96.0,success,
w2_2026_000066,w2_2026_000066,w2,test,clean,state,state,NH,NH,NH,NH,True,100.0,59.0,success,
w2_2026_000066,w2_2026_000066,w2,test,clean,employer_state_id,identifier,NH-7891662,NH-789166200,NH7891662,NH789166200,False,90.0,0.0,success,
w2_2026_000066,w2_2026_000066,w2,test,clean,state_wages,money,"102,918.22","102,918.22",102918.22,102918.22,True,100.0,52.0,success,
w2_2026_000066,w2_2026_000066,w2,test,clean,state_income_tax,money,"2,308.77",2808.77,2308.77,2808.77,False,85.71,53.0,success,
w2_2026_000069,w2_2026_000069,w2,test,clean,employee_ssn,identifier,000-79-1588,00-79-1588 BE,000791588,00791588BE,False,84.21,27.0,success,
w2_2026_000069,w2_2026_000069,w2,test,clean,employer_ein,identifier,00-2147909,00-2147999,002147909,002147999,False,88.89,0.0,success,
w2_2026_000069,w2_2026_000069,w2,test,clean,employer_name_address,multiline,"MADDEN, DICKSON AND JACOBSON
39740 GABRIELLE HARBORS
EAST SARAHMOUTH, AK 27653","MADDEN, DICKSON AND JACOBSON 39740 GABRIELLE HARBORS EAST SARAHMOUTH, AK 27653",MADDEN DICKSON AND JACOBSON 39740 GABRIELLE HARBORS EAST SARAHMOUTH AK 27653,MADDEN DICKSON AND JACOBSON 39740 GABRIELLE HARBORS EAST SARAHMOUTH AK 27653,True,100.0,95.09,success,
w2_2026_000069,w2_2026_000069,w2,test,clean,control_number,identifier,W2-2026-000069,W2-2026-000069-,W22026000069,W22026000069,True,100.0,0.0,success,
w2_2026_000069,w2_2026_000069,w2,test,clean,employee_first_name,text,MEGAN U.,MEGAN U.,MEGAN U,MEGAN U,True,100.0,91.5,success,
w2_2026_000069,w2_2026_000069,w2,test,clean,employee_last_name,text,MUELLER,MUELLER,MUELLER,MUELLER,True,100.0,96.0,success,
w2_2026_000069,w2_2026_000069,w2,test,clean,employee_address,multiline,"614 ANNE PORT
RHODESSIDE, MA 50812","614 ANNE PORT RHODESSIDE, MA 50812 f Employee’s address and ZIP code",614 ANNE PORT RHODESSIDE MA 50812,614 ANNE PORT RHODESSIDE MA 50812 F EMPLOYEE S ADDRESS AND ZIP CODE,False,66.0,94.75,success,
w2_2026_000069,w2_2026_000069,w2,test,clean,wages,money,"117,526.96","447,526.96",117526.96,447526.96,False,77.78,36.0,success,
w2_2026_000069,w2_2026_000069,w2,test,clean,federal_tax_withheld,money,"16,547.97","46,547.97",16547.97,46547.97,False,87.5,27.0,success,
w2_2026_000069,w2_2026_000069,w2,test,clean,social_security_wages,money,"117,526.96","417,526.96",117526.96,417526.96,False,88.89,33.0,success,
w2_2026_000069,w2_2026_000069,w2,test,clean,social_security_tax_withheld,money,"7,286.67",7286.67,7286.67,7286.67,True,100.0,30.0,success,
w2_2026_000069,w2_2026_000069,w2,test,clean,medicare_wages,money,"117,526.96","147,526.96",117526.96,147526.96,False,88.89,49.0,success,
w2_2026_000069,w2_2026_000069,w2,test,clean,medicare_tax_withheld,money,"1,704.14","1,704.14",1704.14,1704.14,True,100.0,93.0,success,
w2_2026_000069,w2_2026_000069,w2,test,clean,state,state,MA,MA,MA,MA,True,100.0,68.0,success,
w2_2026_000069,w2_2026_000069,w2,test,clean,employer_state_id,identifier,MA-4816586,M6,MA4816586,M6,False,36.36,0.0,success,
w2_2026_000069,w2_2026_000069,w2,test,clean,state_wages,money,"117,526.96","117,526.96",117526.96,117526.96,True,100.0,34.0,success,
w2_2026_000069,w2_2026_000069,w2,test,clean,state_income_tax,money,"2,419.05",2419.05,2419.05,2419.05,True,100.0,49.0,success,
w2_2026_000116,w2_2026_000116,w2,test,clean,employee_ssn,identifier,000-46-6848,00-46-6848 BT,000466848,00466848BT,False,84.21,25.5,success,
w2_2026_000116,w2_2026_000116,w2,test,clean,employer_ein,identifier,00-1802018,00-18020018,001802018,0018020018,False,94.74,21.0,success,
w2_2026_000116,w2_2026_000116,w2,test,clean,employer_name_address,multiline,"CHURCH-BROWN
97359 KIMBERLY FIELDS SUITE 721
EAST JILL, DE 49941","CHURCH-BROWN 97359 KIMBERLY FIELDS SUITE 721 EAST JILL, DE 49941",CHURCH BROWN 97359 KIMBERLY FIELDS SUITE 721 EAST JILL DE 49941,CHURCH BROWN 97359 KIMBERLY FIELDS SUITE 721 EAST JILL DE 49941,True,100.0,95.3,success,
w2_2026_000116,w2_2026_000116,w2,test,clean,control_number,identifier,W2-2026-000116,W2-2026-000116,W22026000116,W22026000116,True,100.0,0.0,success,
w2_2026_000116,w2_2026_000116,w2,test,clean,employee_first_name,text,ROBERT Z.,ROBERT Z.,ROBERT Z,ROBERT Z,True,100.0,92.5,success,
w2_2026_000116,w2_2026_000116,w2,test,clean,employee_last_name,text,DAUGHERTY,DAUGHERTY,DAUGHERTY,DAUGHERTY,True,100.0,95.0,success,
w2_2026_000116,w2_2026_000116,w2,test,clean,employee_address,multiline,"4842 BRANDY GLENS
WEST STEVENBERG, AZ 20647","4842 BRANDY GLENS WEST STEVENBERG, AZ 20647 f Employee’s address and ZIP code",4842 BRANDY GLENS WEST STEVENBERG AZ 20647,4842 BRANDY GLENS WEST STEVENBERG AZ 20647 F EMPLOYEE S ADDRESS AND ZIP CODE,False,71.19,94.69,success,
w2_2026_000116,w2_2026_000116,w2,test,clean,wages,money,"114,467.01","444,467.01",114467.01,444467.01,False,77.78,52.0,success,
w2_2026_000116,w2_2026_000116,w2,test,clean,federal_tax_withheld,money,"16,450.72","46,450.72",16450.72,46450.72,False,87.5,25.0,success,
w2_2026_000116,w2_2026_000116,w2,test,clean,social_security_wages,money,"114,467.01","444,467.01",114467.01,444467.01,False,77.78,13.0,success,
w2_2026_000116,w2_2026_000116,w2,test,clean,social_security_tax_withheld,money,"7,096.95",7996.95,7096.95,7996.95,False,85.71,3.0,success,
w2_2026_000116,w2_2026_000116,w2,test,clean,medicare_wages,money,"114,467.01",44.4467.01,114467.01,44.45,False,42.86,0.0,success,
w2_2026_000116,w2_2026_000116,w2,test,clean,medicare_tax_withheld,money,"1,659.77","1,659.77",1659.77,1659.77,True,100.0,93.0,success,
w2_2026_000116,w2_2026_000116,w2,test,clean,state,state,AZ,AZ,AZ,AZ,True,100.0,61.0,success,
w2_2026_000116,w2_2026_000116,w2,test,clean,employer_state_id,identifier,AZ-7174337,AZTI7S37,AZ7174337,AZTI7S37,False,58.82,0.0,success,
w2_2026_000116,w2_2026_000116,w2,test,clean,state_wages,money,"114,467.01","114,467.01",114467.01,114467.01,True,100.0,58.0,success,
w2_2026_000116,w2_2026_000116,w2,test,clean,state_income_tax,money,"6,066.91","8,066.91",6066.91,8066.91,False,85.71,30.0,success,
w2_2026_000121,w2_2026_000121,w2,test,clean,employee_ssn,identifier,000-50-5566,00-50-5566 BT,000505566,00505566BT,False,84.21,24.5,success,
w2_2026_000121,w2_2026_000121,w2,test,clean,employer_ein,identifier,00-5187788,00-5187788,005187788,005187788,True,100.0,0.0,success,
w2_2026_000121,w2_2026_000121,w2,test,clean,employer_name_address,multiline,"LEE-WHITE
781 POWERS GLEN
EAST JESSICAFORT, MA 47311","LEE-WHITE rn 781 POWERS GLEN EAST JESSICAFORT, MA 47311",LEE WHITE 781 POWERS GLEN EAST JESSICAFORT MA 47311,LEE WHITE RN 781 POWERS GLEN EAST JESSICAFORT MA 47311,False,97.14,84.22,success,
w2_2026_000121,w2_2026_000121,w2,test,clean,control_number,identifier,W2-2026-000121,W2-2026-000121,W22026000121,W22026000121,True,100.0,0.0,success,
w2_2026_000121,w2_2026_000121,w2,test,clean,employee_first_name,text,DOUGLAS F.,DOUGLAS F.,DOUGLAS F,DOUGLAS F,True,100.0,92.5,success,
w2_2026_000121,w2_2026_000121,w2,test,clean,employee_last_name,text,WALKER,WALKER,WALKER,WALKER,True,100.0,96.0,success,
w2_2026_000121,w2_2026_000121,w2,test,clean,employee_address,multiline,"314 RACHEL ISLAND
HAYESPORT, UT 77069","314 RACHEL ISLAND HAYESPORT, UT 77069 f Employee’s address and ZIP code",314 RACHEL ISLAND HAYESPORT UT 77069,314 RACHEL ISLAND HAYESPORT UT 77069 F EMPLOYEE S ADDRESS AND ZIP CODE,False,67.92,94.58,success,
w2_2026_000121,w2_2026_000121,w2,test,clean,wages,money,"90,413.48","90,413.48",90413.48,90413.48,True,100.0,52.0,success,
w2_2026_000121,w2_2026_000121,w2,test,clean,federal_tax_withheld,money,"13,655.17","418,655.17",13655.17,418655.17,False,82.35,51.0,success,
w2_2026_000121,w2_2026_000121,w2,test,clean,social_security_wages,money,"90,413.48","90,413.48",90413.48,90413.48,True,100.0,26.0,success,
w2_2026_000121,w2_2026_000121,w2,test,clean,social_security_tax_withheld,money,"5,605.64",5605.64,5605.64,5605.64,True,100.0,35.0,success,
w2_2026_000121,w2_2026_000121,w2,test,clean,medicare_wages,money,"90,413.48",9413.48,90413.48,9413.48,False,93.33,29.0,success,
w2_2026_000121,w2_2026_000121,w2,test,clean,medicare_tax_withheld,money,"1,311.00","1,311.00",1311.00,1311.00,True,100.0,95.0,success,
w2_2026_000121,w2_2026_000121,w2,test,clean,state,state,UT,UT,UT,UT,True,100.0,53.0,success,
w2_2026_000121,w2_2026_000121,w2,test,clean,employer_state_id,identifier,UT-9686324,T-9686324,UT9686324,T9686324,False,94.12,0.0,success,
w2_2026_000121,w2_2026_000121,w2,test,clean,state_wages,money,"90,413.48","90,413.48",90413.48,90413.48,True,100.0,34.0,success,
w2_2026_000121,w2_2026_000121,w2,test,clean,state_income_tax,money,451.85,481.85,451.85,481.85,False,83.33,30.0,success,
w2_2026_000120,w2_2026_000120,w2,test,clean,employee_ssn,identifier,000-40-7001,00-40-7001 BE,000407001,00407001BE,False,84.21,7.0,success,
w2_2026_000120,w2_2026_000120,w2,test,clean,employer_ein,identifier,00-7075878,00-7075878,007075878,007075878,True,100.0,0.0,success,
w2_2026_000120,w2_2026_000120,w2,test,clean,employer_name_address,multiline,"JAMES-SHORT
2832 ROBLES VISTA
SUSANBERG, ME 89274","JAMES-SHORT ena eae 2832 ROBLES VISTA SUSANBERG, ME 89274",JAMES SHORT 2832 ROBLES VISTA SUSANBERG ME 89274,JAMES SHORT ENA EAE 2832 ROBLES VISTA SUSANBERG ME 89274,False,92.31,77.22,success,
w2_2026_000120,w2_2026_000120,w2,test,clean,control_number,identifier,W2-2026-000120,W2-2026-000120,W22026000120,W22026000120,True,100.0,0.0,success,
w2_2026_000120,w2_2026_000120,w2,test,clean,employee_first_name,text,KEVIN C.,KEVIN C.,KEVIN C,KEVIN C,True,100.0,92.5,success,
w2_2026_000120,w2_2026_000120,w2,test,clean,employee_last_name,text,CAMPBELL,CAMPBELL,CAMPBELL,CAMPBELL,True,100.0,96.0,success,
w2_2026_000120,w2_2026_000120,w2,test,clean,employee_address,multiline,"88210 ASHLEY LOCK APT. 435
SOUTH REBECCA, PR 67682","88210 ASHLEY LOCK APT. 435 SOUTH REBECCA, PR 67682 f Employee’s address and ZIP code",88210 ASHLEY LOCK APT 435 SOUTH REBECCA PR 67682,88210 ASHLEY LOCK APT 435 SOUTH REBECCA PR 67682 F EMPLOYEE S ADDRESS AND ZIP CODE,False,73.85,95.0,success,
w2_2026_000120,w2_2026_000120,w2,test,clean,wages,money,"51,954.41","51,954.41",51954.41,51954.41,True,100.0,54.0,success,
w2_2026_000120,w2_2026_000120,w2,test,clean,federal_tax_withheld,money,"11,211.09","44,814.09",11211.09,44814.09,False,50.0,45.0,success,
w2_2026_000120,w2_2026_000120,w2,test,clean,social_security_wages,money,"51,954.41",5954.44,51954.41,5954.44,False,80.0,27.0,success,
w2_2026_000120,w2_2026_000120,w2,test,clean,social_security_tax_withheld,money,"3,221.17",3091.17,3221.17,3091.17,False,71.43,48.0,success,
w2_2026_000120,w2_2026_000120,w2,test,clean,medicare_wages,money,"51,954.41",954.44,51954.41,954.44,False,71.43,43.0,success,
w2_2026_000120,w2_2026_000120,w2,test,clean,medicare_tax_withheld,money,753.34,753.34,753.34,753.34,True,100.0,92.0,success,
w2_2026_000120,w2_2026_000120,w2,test,clean,state,state,PR,PRO,PR,PRO,False,80.0,50.0,success,
w2_2026_000120,w2_2026_000120,w2,test,clean,employer_state_id,identifier,PR-8548448,PR854844800,PR8548448,PR854844800,False,90.0,0.0,success,
w2_2026_000120,w2_2026_000120,w2,test,clean,state_wages,money,"51,954.41","81,954.41",51954.41,81954.41,False,87.5,49.0,success,
w2_2026_000120,w2_2026_000120,w2,test,clean,state_income_tax,money,"2,289.93","2,289.93",2289.93,2289.93,True,100.0,49.0,success,
w2_2026_000123,w2_2026_000123,w2,test,clean,employee_ssn,identifier,000-95-6692,00-95-6692 BT,000956692,00956692BT,False,84.21,24.5,success,
w2_2026_000123,w2_2026_000123,w2,test,clean,employer_ein,identifier,00-2089496,00-2089496,002089496,002089496,True,100.0,0.0,success,
w2_2026_000123,w2_2026_000123,w2,test,clean,employer_name_address,multiline,"SHANNON, FERNANDEZ AND VALDEZ
6394 STEVEN PASS
SOUTH MICHAELTOWN, TN 31811","SHANNON, FERNANDEZ AND VALDEZ 6394 STEVEN PASS SOUTH MICHAELTOWN, TN 31811",SHANNON FERNANDEZ AND VALDEZ 6394 STEVEN PASS SOUTH MICHAELTOWN TN 31811,SHANNON FERNANDEZ AND VALDEZ 6394 STEVEN PASS SOUTH MICHAELTOWN TN 31811,True,100.0,93.82,success,
w2_2026_000123,w2_2026_000123,w2,test,clean,control_number,identifier,W2-2026-000123,W2-2026-000123,W22026000123,W22026000123,True,100.0,0.0,success,
w2_2026_000123,w2_2026_000123,w2,test,clean,employee_first_name,text,JASON B.,JASON B.,JASON B,JASON B,True,100.0,92.5,success,
w2_2026_000123,w2_2026_000123,w2,test,clean,employee_last_name,text,ARNOLD,ARNOLD,ARNOLD,ARNOLD,True,100.0,96.0,success,
w2_2026_000123,w2_2026_000123,w2,test,clean,employee_address,multiline,"272 ASHLEY PORT
LAKE JESSICA, MI 05798","272 ASHLEY PORT LAKE JESSICA, MI 05798 f Employee’s address and ZIP code",272 ASHLEY PORT LAKE JESSICA MI 05798,272 ASHLEY PORT LAKE JESSICA MI 05798 F EMPLOYEE S ADDRESS AND ZIP CODE,False,68.52,95.15,success,
w2_2026_000123,w2_2026_000123,w2,test,clean,wages,money,"102,677.26","402,677.26",102677.26,402677.26,False,88.89,50.0,success,
w2_2026_000123,w2_2026_000123,w2,test,clean,federal_tax_withheld,money,"24,597.57","84,597.57",24597.57,84597.57,False,87.5,54.0,success,
w2_2026_000123,w2_2026_000123,w2,test,clean,social_security_wages,money,"102,677.26","402,677.26",102677.26,402677.26,False,88.89,16.0,success,
w2_2026_000123,w2_2026_000123,w2,test,clean,social_security_tax_withheld,money,"6,365.99",6365.99,6365.99,6365.99,True,100.0,23.0,success,
w2_2026_000123,w2_2026_000123,w2,test,clean,medicare_wages,money,"102,677.26",-499.677.26,102677.26,-499.68,False,25.0,0.0,success,
w2_2026_000123,w2_2026_000123,w2,test,clean,medicare_tax_withheld,money,"1,488.82","1,488.82",1488.82,1488.82,True,100.0,95.0,success,
w2_2026_000123,w2_2026_000123,w2,test,clean,state,state,MI,MO,MI,MO,False,50.0,10.0,success,
w2_2026_000123,w2_2026_000123,w2,test,clean,employer_state_id,identifier,MI-3642499,4299,MI3642499,4299,False,61.54,0.0,success,
w2_2026_000123,w2_2026_000123,w2,test,clean,state_wages,money,"102,677.26","102,677.26",102677.26,102677.26,True,100.0,52.0,success,
w2_2026_000123,w2_2026_000123,w2,test,clean,state_income_tax,money,"5,409.38",5409.38,5409.38,5409.38,True,100.0,43.0,success,
w2_2026_000132,w2_2026_000132,w2,test,clean,employee_ssn,identifier,000-30-9163,00-30-9163 BT,000309163,00309163BT,False,84.21,16.5,success,
w2_2026_000132,w2_2026_000132,w2,test,clean,employer_ein,identifier,00-9635649,009635649,009635649,009635649,True,100.0,6.0,success,
w2_2026_000132,w2_2026_000132,w2,test,clean,employer_name_address,multiline,"BLACK-SMITH
41651 THOMAS KNOLL APT. 942
SOUTH JILLIAN, IA 96895","BLACK-SMITH 41651 THOMAS KNOLL APT. 942 SOUTH JILLIAN, IA 96895",BLACK SMITH 41651 THOMAS KNOLL APT 942 SOUTH JILLIAN IA 96895,BLACK SMITH 41651 THOMAS KNOLL APT 942 SOUTH JILLIAN IA 96895,True,100.0,94.4,success,
w2_2026_000132,w2_2026_000132,w2,test,clean,control_number,identifier,W2-2026-000132,W2-2026-000132,W22026000132,W22026000132,True,100.0,0.0,success,
w2_2026_000132,w2_2026_000132,w2,test,clean,employee_first_name,text,JERRY K.,JERRY K.,JERRY K,JERRY K,True,100.0,87.0,success,
w2_2026_000132,w2_2026_000132,w2,test,clean,employee_last_name,text,GUTIERREZ,GUTIERREZ,GUTIERREZ,GUTIERREZ,True,100.0,96.0,success,
w2_2026_000132,w2_2026_000132,w2,test,clean,employee_address,multiline,"3333 MOORE COVES
NORTH EMMAFORT, RI 01369","3333 MOORE COVES NORTH EMMAFORT, RI 01369 f Employee’s address and ZIP code",3333 MOORE COVES NORTH EMMAFORT RI 01369,3333 MOORE COVES NORTH EMMAFORT RI 01369 F EMPLOYEE S ADDRESS AND ZIP CODE,False,70.18,94.23,success,
w2_2026_000132,w2_2026_000132,w2,test,clean,wages,money,"54,793.15","54,793.15",54793.15,54793.15,True,100.0,61.0,success,
w2_2026_000132,w2_2026_000132,w2,test,clean,federal_tax_withheld,money,"11,515.13","44,515.13",11515.13,44515.13,False,75.0,51.0,success,
w2_2026_000132,w2_2026_000132,w2,test,clean,social_security_wages,money,"54,793.15","54,793.15",54793.15,54793.15,True,100.0,32.0,success,
w2_2026_000132,w2_2026_000132,w2,test,clean,social_security_tax_withheld,money,"3,397.18",3397.18,3397.18,3397.18,True,100.0,31.0,success,
w2_2026_000132,w2_2026_000132,w2,test,clean,medicare_wages,money,"54,793.15",5793.45,54793.15,5793.45,False,80.0,41.0,success,
w2_2026_000132,w2_2026_000132,w2,test,clean,medicare_tax_withheld,money,794.50,794.50,794.50,794.50,True,100.0,95.0,success,
w2_2026_000132,w2_2026_000132,w2,test,clean,state,state,RI,RO,RI,RO,False,50.0,9.0,success,
w2_2026_000132,w2_2026_000132,w2,test,clean,employer_state_id,identifier,RI-2510773,RE25007738,RI2510773,RE25007738,False,73.68,0.0,success,
w2_2026_000132,w2_2026_000132,w2,test,clean,state_wages,money,"54,793.15","94,793.15.",54793.15,94793.15,False,87.5,47.0,success,
w2_2026_000132,w2_2026_000132,w2,test,clean,state_income_tax,money,"3,325.61","8,825.61",3325.61,8825.61,False,71.43,49.0,success,
w2_2026_000134,w2_2026_000134,w2,test,clean,employee_ssn,identifier,000-80-5728,00-80-5728 BT,000805728,00805728BT,False,84.21,2.0,success,
w2_2026_000134,w2_2026_000134,w2,test,clean,employer_ein,identifier,00-2233658,00-2233658,002233658,002233658,True,100.0,0.0,success,
w2_2026_000134,w2_2026_000134,w2,test,clean,employer_name_address,multiline,"HAYNES-WATSON
7292 LISA STRAVENUE SUITE 386
GONZALEZBERG, NJ 01777","HAYNES-WATSON 7292 LISA STRAVENUE SUITE 386 GONZALEZBERG, NJ 01777",HAYNES WATSON 7292 LISA STRAVENUE SUITE 386 GONZALEZBERG NJ 01777,HAYNES WATSON 7292 LISA STRAVENUE SUITE 386 GONZALEZBERG NJ 01777,True,100.0,94.0,success,
w2_2026_000134,w2_2026_000134,w2,test,clean,control_number,identifier,W2-2026-000134,W2-2026-000134,W22026000134,W22026000134,True,100.0,0.0,success,
w2_2026_000134,w2_2026_000134,w2,test,clean,employee_first_name,text,MICHAEL P.,MICHAEL P.,MICHAEL P,MICHAEL P,True,100.0,90.5,success,
w2_2026_000134,w2_2026_000134,w2,test,clean,employee_last_name,text,COLEMAN,COLEMAN,COLEMAN,COLEMAN,True,100.0,96.0,success,
w2_2026_000134,w2_2026_000134,w2,test,clean,employee_address,multiline,"7288 FLOYD HILLS
ANNASHIRE, AR 52720","7288 FLOYD HILLS ANNASHIRE, AR 52720 f Employee’s address and ZIP code",7288 FLOYD HILLS ANNASHIRE AR 52720,7288 FLOYD HILLS ANNASHIRE AR 52720 F EMPLOYEE S ADDRESS AND ZIP CODE,False,67.31,94.5,success,
w2_2026_000134,w2_2026_000134,w2,test,clean,wages,money,"89,367.30","89,367.30",89367.30,89367.30,True,100.0,48.0,success,
w2_2026_000134,w2_2026_000134,w2,test,clean,federal_tax_withheld,money,"18,071.59","418,071.59",18071.59,418071.59,False,94.12,39.0,success,
w2_2026_000134,w2_2026_000134,w2,test,clean,social_security_wages,money,"89,367.30","89,367.30",89367.30,89367.30,True,100.0,35.0,success,
w2_2026_000134,w2_2026_000134,w2,test,clean,social_security_tax_withheld,money,"5,540.77",8540.77,5540.77,8540.77,False,85.71,49.0,success,
w2_2026_000134,w2_2026_000134,w2,test,clean,medicare_wages,money,"89,367.30","89,367.30",89367.30,89367.30,True,100.0,53.0,success,
w2_2026_000134,w2_2026_000134,w2,test,clean,medicare_tax_withheld,money,"1,295.83","1,295.83",1295.83,1295.83,True,100.0,96.0,success,
w2_2026_000134,w2_2026_000134,w2,test,clean,state,state,AR,AR,AR,AR,True,100.0,54.0,success,
w2_2026_000134,w2_2026_000134,w2,test,clean,employer_state_id,identifier,AR-2993318,AR2999318,AR2993318,AR2999318,False,88.89,0.0,success,
w2_2026_000134,w2_2026_000134,w2,test,clean,state_wages,money,"89,367.30","89,867.30",89367.30,89867.30,False,87.5,50.0,success,
w2_2026_000134,w2_2026_000134,w2,test,clean,state_income_tax,money,"2,125.68",2125.68,2125.68,2125.68,True,100.0,40.0,success,
w2_2026_000133,w2_2026_000133,w2,test,clean,employee_ssn,identifier,000-46-9108,00-46-9108 BT,000469108,00469108BT,False,84.21,23.5,success,
w2_2026_000133,w2_2026_000133,w2,test,clean,employer_ein,identifier,00-8895137,00-8895187,008895137,008895187,False,88.89,0.0,success,
w2_2026_000133,w2_2026_000133,w2,test,clean,employer_name_address,multiline,"WATSON-STEWART
2846 KAREN CROSSROAD APT. 867
NEW MICHAELBURGH, NH 16277","WATSON-STEWART 2846 KAREN CROSSROAD APT. 867 NEW MICHAELBURGH, NH 16277",WATSON STEWART 2846 KAREN CROSSROAD APT 867 NEW MICHAELBURGH NH 16277,WATSON STEWART 2846 KAREN CROSSROAD APT 867 NEW MICHAELBURGH NH 16277,True,100.0,93.7,success,
w2_2026_000133,w2_2026_000133,w2,test,clean,control_number,identifier,W2-2026-000133,W2-2026-000133,W22026000133,W22026000133,True,100.0,0.0,success,
w2_2026_000133,w2_2026_000133,w2,test,clean,employee_first_name,text,KATHRYN R.,KATHRYN R.,KATHRYN R,KATHRYN R,True,100.0,90.0,success,
w2_2026_000133,w2_2026_000133,w2,test,clean,employee_last_name,text,RUBIO,RUBIO,RUBIO,RUBIO,True,100.0,96.0,success,
w2_2026_000133,w2_2026_000133,w2,test,clean,employee_address,multiline,"0036 MARK RIDGE SUITE 284
WEST THOMAS, RI 45471","0036 MARK RIDGE SUITE 284 WEST THOMAS, RI 45471 f Employee’s address and ZIP code",0036 MARK RIDGE SUITE 284 WEST THOMAS RI 45471,0036 MARK RIDGE SUITE 284 WEST THOMAS RI 45471 F EMPLOYEE S ADDRESS AND ZIP CODE,False,73.02,95.2,success,
w2_2026_000133,w2_2026_000133,w2,test,clean,wages,money,"112,799.50","442,799.50",112799.50,442799.50,False,77.78,53.0,success,
w2_2026_000133,w2_2026_000133,w2,test,clean,federal_tax_withheld,money,"17,276.02","47,876.02",17276.02,47876.02,False,75.0,21.0,success,
w2_2026_000133,w2_2026_000133,w2,test,clean,social_security_wages,money,"112,799.50","442,799.50",112799.50,442799.50,False,77.78,30.0,success,
w2_2026_000133,w2_2026_000133,w2,test,clean,social_security_tax_withheld,money,"6,993.57",6998.57,6993.57,6998.57,False,85.71,47.0,success,
w2_2026_000133,w2_2026_000133,w2,test,clean,medicare_wages,money,"112,799.50","442,799.50",112799.50,442799.50,False,77.78,49.0,success,
w2_2026_000133,w2_2026_000133,w2,test,clean,medicare_tax_withheld,money,"1,635.59","1,635.59",1635.59,1635.59,True,100.0,94.0,success,
w2_2026_000133,w2_2026_000133,w2,test,clean,state,state,RI,RO,RI,RO,False,50.0,9.0,success,
w2_2026_000133,w2_2026_000133,w2,test,clean,employer_state_id,identifier,RI-3247055,R8247085,RI3247055,R8247085,False,70.59,0.0,success,
w2_2026_000133,w2_2026_000133,w2,test,clean,state_wages,money,"112,799.50","112,799.50",112799.50,112799.50,True,100.0,51.0,success,
w2_2026_000133,w2_2026_000133,w2,test,clean,state_income_tax,money,"1,765.01","1,765.01",1765.01,1765.01,True,100.0,35.0,success,
w2_2026_000147,w2_2026_000147,w2,test,clean,employee_ssn,identifier,000-46-8444,00-46-8444,000468444,00468444,False,94.12,36.0,success,
w2_2026_000147,w2_2026_000147,w2,test,clean,employer_ein,identifier,00-9796605,00-9796605,009796605,009796605,True,100.0,0.0,success,
w2_2026_000147,w2_2026_000147,w2,test,clean,employer_name_address,multiline,"DUNCAN PLC
157 TRACY SPURS
NEW DAWNTON, VA 76035","DUNCAN PLC 157 TRACY SPURS NEW DAWNTON, VA 76035",DUNCAN PLC 157 TRACY SPURS NEW DAWNTON VA 76035,DUNCAN PLC 157 TRACY SPURS NEW DAWNTON VA 76035,True,100.0,95.0,success,
w2_2026_000147,w2_2026_000147,w2,test,clean,control_number,identifier,W2-2026-000147,W2-2026-000147,W22026000147,W22026000147,True,100.0,0.0,success,
w2_2026_000147,w2_2026_000147,w2,test,clean,employee_first_name,text,JOHN I.,JOHN I.,JOHN I,JOHN I,True,100.0,92.5,success,
w2_2026_000147,w2_2026_000147,w2,test,clean,employee_last_name,text,SHEPHERD,SHEPHERD,SHEPHERD,SHEPHERD,True,100.0,96.0,success,
w2_2026_000147,w2_2026_000147,w2,test,clean,employee_address,multiline,"05566 MOLLY FORKS APT. 604
WEST AMBERBERG, MD 66351","05566 MOLLY FORKS APT. 604 WEST AMBERBERG, MD 66351 f Employee’s address and ZIP code",05566 MOLLY FORKS APT 604 WEST AMBERBERG MD 66351,05566 MOLLY FORKS APT 604 WEST AMBERBERG MD 66351 F EMPLOYEE S ADDRESS AND ZIP CODE,False,74.24,94.4,success,
w2_2026_000147,w2_2026_000147,w2,test,clean,wages,money,"29,554.77","99,554.77",29554.77,99554.77,False,87.5,52.0,success,
w2_2026_000147,w2_2026_000147,w2,test,clean,federal_tax_withheld,money,"3,775.41",83.78.81,3775.41,83.79,False,33.33,55.0,success,
w2_2026_000147,w2_2026_000147,w2,test,clean,social_security_wages,money,"29,554.77","29,554.77",29554.77,29554.77,True,100.0,22.0,success,
w2_2026_000147,w2_2026_000147,w2,test,clean,social_security_tax_withheld,money,"1,832.40",4832.40,1832.40,4832.40,False,85.71,24.0,success,
w2_2026_000147,w2_2026_000147,w2,test,clean,medicare_wages,money,"29,554.77",899554.77,29554.77,899554.77,False,82.35,0.0,success,
w2_2026_000147,w2_2026_000147,w2,test,clean,medicare_tax_withheld,money,428.54,428.54,428.54,428.54,True,100.0,63.0,success,
w2_2026_000147,w2_2026_000147,w2,test,clean,state,state,MD,MD,MD,MD,True,100.0,59.0,success,
w2_2026_000147,w2_2026_000147,w2,test,clean,employer_state_id,identifier,MD-8852085,-885208,MD8852085,885208,False,80.0,0.0,success,
w2_2026_000147,w2_2026_000147,w2,test,clean,state_wages,money,"29,554.77","29,854.77",29554.77,29854.77,False,87.5,53.0,success,
w2_2026_000147,w2_2026_000147,w2,test,clean,state_income_tax,money,"1,157.98",1187.98,1157.98,1187.98,False,85.71,27.0,success,
w2_2026_000174,w2_2026_000174,w2,test,clean,employee_ssn,identifier,000-96-9856,00-96-9856 BT,000969856,00969856BT,False,84.21,20.0,success,
w2_2026_000174,w2_2026_000174,w2,test,clean,employer_ein,identifier,00-6565503,006565508,006565503,006565508,False,88.89,0.0,success,
w2_2026_000174,w2_2026_000174,w2,test,clean,employer_name_address,multiline,"SMITH-JIMENEZ
64256 ZACHARY TRAIL
MENDOZAFURT, PR 95890","SMITH-JIMENEZ 64256 ZACHARY TRAIL MENDOZAFURT, PR 95890",SMITH JIMENEZ 64256 ZACHARY TRAIL MENDOZAFURT PR 95890,SMITH JIMENEZ 64256 ZACHARY TRAIL MENDOZAFURT PR 95890,True,100.0,94.57,success,
w2_2026_000174,w2_2026_000174,w2,test,clean,control_number,identifier,W2-2026-000174,W2-2026-000174,W22026000174,W22026000174,True,100.0,0.0,success,
w2_2026_000174,w2_2026_000174,w2,test,clean,employee_first_name,text,CHAD X.,CHAD X.,CHAD X,CHAD X,True,100.0,91.5,success,
w2_2026_000174,w2_2026_000174,w2,test,clean,employee_last_name,text,KING,KING,KING,KING,True,100.0,96.0,success,
w2_2026_000174,w2_2026_000174,w2,test,clean,employee_address,multiline,"306 MARTINEZ PLAIN
MATHEWPORT, MO 07735","306 MARTINEZ PLAIN MATHEWPORT, MO 07735 f Employee’s address and ZIP code",306 MARTINEZ PLAIN MATHEWPORT MO 07735,306 MARTINEZ PLAIN MATHEWPORT MO 07735 F EMPLOYEE S ADDRESS AND ZIP CODE,False,69.09,94.75,success,
w2_2026_000174,w2_2026_000174,w2,test,clean,wages,money,"78,210.33","78,210.33",78210.33,78210.33,True,100.0,33.0,success,
w2_2026_000174,w2_2026_000174,w2,test,clean,federal_tax_withheld,money,"8,289.67",8.289.67,8289.67,8.29,False,54.55,0.0,success,
w2_2026_000174,w2_2026_000174,w2,test,clean,social_security_wages,money,"78,210.33","78,210.33",78210.33,78210.33,True,100.0,32.0,success,
w2_2026_000174,w2_2026_000174,w2,test,clean,social_security_tax_withheld,money,"4,849.04",4849.04,4849.04,4849.04,True,100.0,18.0,success,
w2_2026_000174,w2_2026_000174,w2,test,clean,medicare_wages,money,"78,210.33",28040.33,78210.33,28040.33,False,62.5,0.0,success,
w2_2026_000174,w2_2026_000174,w2,test,clean,medicare_tax_withheld,money,"1,134.05","1,134.05",1134.05,1134.05,True,100.0,94.0,success,
w2_2026_000174,w2_2026_000174,w2,test,clean,state,state,MO,MO,MO,MO,True,100.0,46.0,success,
w2_2026_000174,w2_2026_000174,w2,test,clean,employer_state_id,identifier,MO-2315798,MO23815798,MO2315798,MO23815798,False,94.74,0.0,success,
w2_2026_000174,w2_2026_000174,w2,test,clean,state_wages,money,"78,210.33","78,210.33.",78210.33,78210.33,True,100.0,44.0,success,
w2_2026_000174,w2_2026_000174,w2,test,clean,state_income_tax,money,"1,222.48","1,222.48",1222.48,1222.48,True,100.0,51.0,success,
w2_2026_000199,w2_2026_000199,w2,test,clean,employee_ssn,identifier,000-28-6277,00-28-6277,000286277,00286277,False,94.12,31.0,success,
w2_2026_000199,w2_2026_000199,w2,test,clean,employer_ein,identifier,00-5153279,005153279,005153279,005153279,True,100.0,0.0,success,
w2_2026_000199,w2_2026_000199,w2,test,clean,employer_name_address,multiline,"EVANS, MONTES AND HARRIS
344 KENNETH PORTS
BALLARDLAND, VT 76285","EVANS, MONTES AND HARRIS 344 KENNETH PORTS BALLARDLAND, VT 76285",EVANS MONTES AND HARRIS 344 KENNETH PORTS BALLARDLAND VT 76285,EVANS MONTES AND HARRIS 344 KENNETH PORTS BALLARDLAND VT 76285,True,100.0,95.3,success,
w2_2026_000199,w2_2026_000199,w2,test,clean,control_number,identifier,W2-2026-000199,W2-2026-000199,W22026000199,W22026000199,True,100.0,0.0,success,
w2_2026_000199,w2_2026_000199,w2,test,clean,employee_first_name,text,LISA V.,LISA V.,LISA V,LISA V,True,100.0,90.0,success,
w2_2026_000199,w2_2026_000199,w2,test,clean,employee_last_name,text,MORGAN,MORGAN,MORGAN,MORGAN,True,100.0,96.0,success,
w2_2026_000199,w2_2026_000199,w2,test,clean,employee_address,multiline,"541 SIMMONS KEY
LAKE MADISONHAVEN, AS 39810","541 SIMMONS KEY LAKE MADISONHAVEN, AS 39810 f Employee’s address and ZIP code",541 SIMMONS KEY LAKE MADISONHAVEN AS 39810,541 SIMMONS KEY LAKE MADISONHAVEN AS 39810 F EMPLOYEE S ADDRESS AND ZIP CODE,False,71.19,94.38,success,
w2_2026_000199,w2_2026_000199,w2,test,clean,wages,money,"74,527.16","74,527.16",74527.16,74527.16,True,100.0,39.0,success,
w2_2026_000199,w2_2026_000199,w2,test,clean,federal_tax_withheld,money,"16,301.15","46,301.15",16301.15,46301.15,False,87.5,43.0,success,
w2_2026_000199,w2_2026_000199,w2,test,clean,social_security_wages,money,"74,527.16","74,527.16",74527.16,74527.16,True,100.0,33.0,success,
w2_2026_000199,w2_2026_000199,w2,test,clean,social_security_tax_withheld,money,"4,620.68",4620.68,4620.68,4620.68,True,100.0,35.0,success,
w2_2026_000199,w2_2026_000199,w2,test,clean,medicare_wages,money,"74,527.16",74597.46,74527.16,74597.46,False,75.0,0.0,success,
w2_2026_000199,w2_2026_000199,w2,test,clean,medicare_tax_withheld,money,"1,080.64","1,080.64",1080.64,1080.64,True,100.0,96.0,success,
w2_2026_000199,w2_2026_000199,w2,test,clean,state,state,AS,AS,AS,AS,True,100.0,49.0,success,
w2_2026_000199,w2_2026_000199,w2,test,clean,employer_state_id,identifier,AS-5508325,AS-55088250,AS5508325,AS55088250,False,84.21,18.0,success,
w2_2026_000199,w2_2026_000199,w2,test,clean,state_wages,money,"74,527.16","14,827.16",74527.16,14827.16,False,75.0,56.0,success,
w2_2026_000199,w2_2026_000199,w2,test,clean,state_income_tax,money,614.68,614.68,614.68,614.68,True,100.0,34.0,success,
w2_2026_000186,w2_2026_000186,w2,test,clean,employee_ssn,identifier,000-75-9499,00-75-9499 BT,000759499,00759499BT,False,84.21,13.5,success,
w2_2026_000186,w2_2026_000186,w2,test,clean,employer_ein,identifier,00-4708297,00-4708297,004708297,004708297,True,100.0,0.0,success,
w2_2026_000186,w2_2026_000186,w2,test,clean,employer_name_address,multiline,"MONTGOMERY AND SONS
22231 VICTORIA PORTS APT. 745
EAST ANNA, AZ 87736","MONTGOMERY AND SONS 22231 VICTORIA PORTS APT. 745 EAST ANNA, AZ 87736",MONTGOMERY AND SONS 22231 VICTORIA PORTS APT 745 EAST ANNA AZ 87736,MONTGOMERY AND SONS 22231 VICTORIA PORTS APT 745 EAST ANNA AZ 87736,True,100.0,95.58,success,
w2_2026_000186,w2_2026_000186,w2,test,clean,control_number,identifier,W2-2026-000186,W2-2026-000186,W22026000186,W22026000186,True,100.0,0.0,success,
w2_2026_000186,w2_2026_000186,w2,test,clean,employee_first_name,text,EDDIE J.,EDDIE J.,EDDIE J,EDDIE J,True,100.0,96.0,success,
w2_2026_000186,w2_2026_000186,w2,test,clean,employee_last_name,text,BRYANT,BRYANT,BRYANT,BRYANT,True,100.0,96.0,success,
w2_2026_000186,w2_2026_000186,w2,test,clean,employee_address,multiline,"2578 AMANDA CROSSING APT. 672
REILLYBERG, AL 97297","2578 AMANDA CROSSING APT. 672 REILLYBERG, AL 97297 f Employee’s address and ZIP code",2578 AMANDA CROSSING APT 672 REILLYBERG AL 97297,2578 AMANDA CROSSING APT 672 REILLYBERG AL 97297 F EMPLOYEE S ADDRESS AND ZIP CODE,False,73.85,95.0,success,
w2_2026_000186,w2_2026_000186,w2,test,clean,wages,money,"83,632.69","83,632.69",83632.69,83632.69,True,100.0,37.0,success,
w2_2026_000186,w2_2026_000186,w2,test,clean,federal_tax_withheld,money,"19,613.09","49,613.09",19613.09,49613.09,False,87.5,22.0,success,
w2_2026_000186,w2_2026_000186,w2,test,clean,social_security_wages,money,"83,632.69","83,632.69",83632.69,83632.69,True,100.0,94.0,success,
w2_2026_000186,w2_2026_000186,w2,test,clean,social_security_tax_withheld,money,"5,185.23",5185.23,5185.23,5185.23,True,100.0,41.0,success,
w2_2026_000186,w2_2026_000186,w2,test,clean,medicare_wages,money,"83,632.69","83,632.69",83632.69,83632.69,True,100.0,50.0,success,
w2_2026_000186,w2_2026_000186,w2,test,clean,medicare_tax_withheld,money,"1,212.67","1,212.67",1212.67,1212.67,True,100.0,93.0,success,
w2_2026_000186,w2_2026_000186,w2,test,clean,state,state,AL,AL,AL,AL,True,100.0,65.0,success,
w2_2026_000186,w2_2026_000186,w2,test,clean,employer_state_id,identifier,AL-9396422,AL9396422000,AL9396422,AL9396422000,False,85.71,0.0,success,
w2_2026_000186,w2_2026_000186,w2,test,clean,state_wages,money,"83,632.69","88,632.69",83632.69,88632.69,False,87.5,48.0,success,
w2_2026_000186,w2_2026_000186,w2,test,clean,state_income_tax,money,"2,340.01",2840.07,2340.01,2840.07,False,71.43,44.0,success,
w2_2026_000220,w2_2026_000220,w2,test,clean,employee_ssn,identifier,000-62-7102,00-62-7102 CE,000627102,00627102CE,False,84.21,2.0,success,
w2_2026_000220,w2_2026_000220,w2,test,clean,employer_ein,identifier,00-8691649,00-8691649,008691649,008691649,True,100.0,18.0,success,
w2_2026_000220,w2_2026_000220,w2,test,clean,employer_name_address,multiline,"BENITEZ-RODRIGUEZ
4851 KATHERINE CROSSING
EVANSTOWN, NH 44931","BENITEZ-RODRIGUEZ 4851 KATHERINE CROSSING EVANSTOWN, NH 44931",BENITEZ RODRIGUEZ 4851 KATHERINE CROSSING EVANSTOWN NH 44931,BENITEZ RODRIGUEZ 4851 KATHERINE CROSSING EVANSTOWN NH 44931,True,100.0,94.0,success,
w2_2026_000220,w2_2026_000220,w2,test,clean,control_number,identifier,W2-2026-000220,W2-2026-000220-,W22026000220,W22026000220,True,100.0,0.0,success,
w2_2026_000220,w2_2026_000220,w2,test,clean,employee_first_name,text,JOHN Y.,JOHN Y.,JOHN Y,JOHN Y,True,100.0,86.0,success,
w2_2026_000220,w2_2026_000220,w2,test,clean,employee_last_name,text,TORRES,TORRES,TORRES,TORRES,True,100.0,96.0,success,
w2_2026_000220,w2_2026_000220,w2,test,clean,employee_address,multiline,"998 MICHAEL HAVEN
LAKE NICHOLAS, WA 32958","998 MICHAEL HAVEN LAKE NICHOLAS, WA 32958 f Employee’s address and ZIP code",998 MICHAEL HAVEN LAKE NICHOLAS WA 32958,998 MICHAEL HAVEN LAKE NICHOLAS WA 32958 F EMPLOYEE S ADDRESS AND ZIP CODE,False,70.18,95.31,success,
w2_2026_000220,w2_2026_000220,w2,test,clean,wages,money,"51,886.30","51,886.30",51886.30,51886.30,True,100.0,26.0,success,
w2_2026_000220,w2_2026_000220,w2,test,clean,federal_tax_withheld,money,"10,058.91","40,058.91",10058.91,40058.91,False,87.5,40.0,success,
w2_2026_000220,w2_2026_000220,w2,test,clean,social_security_wages,money,"51,886.30","51,886.30",51886.30,51886.30,True,100.0,29.0,success,
w2_2026_000220,w2_2026_000220,w2,test,clean,social_security_tax_withheld,money,"3,216.95",3.216.995,3216.95,3.22,False,36.36,22.0,success,
w2_2026_000220,w2_2026_000220,w2,test,clean,medicare_wages,money,"51,886.30",8886.30,51886.30,8886.30,False,80.0,27.0,success,
w2_2026_000220,w2_2026_000220,w2,test,clean,medicare_tax_withheld,money,752.35,752.35,752.35,752.35,True,100.0,53.0,success,
w2_2026_000220,w2_2026_000220,w2,test,clean,state,state,WA,WA,WA,WA,True,100.0,51.0,success,
w2_2026_000220,w2_2026_000220,w2,test,clean,employer_state_id,identifier,WA-3239990,WA32399900,WA3239990,WA32399900,False,94.74,0.0,success,
w2_2026_000220,w2_2026_000220,w2,test,clean,state_wages,money,"51,886.30","51,886.30",51886.30,51886.30,True,100.0,54.0,success,
w2_2026_000220,w2_2026_000220,w2,test,clean,state_income_tax,money,313.74,818.74,313.74,818.74,False,66.67,41.0,success,
w2_2026_000244,w2_2026_000244,w2,test,clean,employee_ssn,identifier,000-67-3832,00-67-3832 BT,000673832,00673832BT,False,84.21,26.5,success,
w2_2026_000244,w2_2026_000244,w2,test,clean,employer_ein,identifier,00-3804559,003804559,003804559,003804559,True,100.0,0.0,success,
w2_2026_000244,w2_2026_000244,w2,test,clean,employer_name_address,multiline,"MARSHALL, MURRAY AND MILLER
727 SKINNER EXTENSION
NEW CRAIGPORT, DE 70579","MARSHALL, MURRAY AND MILLER 727 SKINNER EXTENSION NEW CRAIGPORT, DE 70579",MARSHALL MURRAY AND MILLER 727 SKINNER EXTENSION NEW CRAIGPORT DE 70579,MARSHALL MURRAY AND MILLER 727 SKINNER EXTENSION NEW CRAIGPORT DE 70579,True,100.0,95.0,success,
w2_2026_000244,w2_2026_000244,w2,test,clean,control_number,identifier,W2-2026-000244,W2-2026-000244,W22026000244,W22026000244,True,100.0,1.0,success,
w2_2026_000244,w2_2026_000244,w2,test,clean,employee_first_name,text,JENNA E.,JENNA E.,JENNA E,JENNA E,True,100.0,88.0,success,
w2_2026_000244,w2_2026_000244,w2,test,clean,employee_last_name,text,MURPHY,MURPHY,MURPHY,MURPHY,True,100.0,96.0,success,
w2_2026_000244,w2_2026_000244,w2,test,clean,employee_address,multiline,"10427 THOMPSON STATION APT. 837
PORT CYNTHIAHAVEN, SD 87341","10427 THOMPSON STATION APT. 837 PORT CYNTHIAHAVEN, SD 87341 f Employee’s address and ZIP code",10427 THOMPSON STATION APT 837 PORT CYNTHIAHAVEN SD 87341,10427 THOMPSON STATION APT 837 PORT CYNTHIAHAVEN SD 87341 F EMPLOYEE S ADDRESS AND ZIP CODE,False,77.03,94.73,success,
w2_2026_000244,w2_2026_000244,w2,test,clean,wages,money,"147,840.61","447,840.61",147840.61,447840.61,False,88.89,35.0,success,
w2_2026_000244,w2_2026_000244,w2,test,clean,federal_tax_withheld,money,"12,648.73","42,648.73",12648.73,42648.73,False,87.5,49.0,success,
w2_2026_000244,w2_2026_000244,w2,test,clean,social_security_wages,money,"147,840.61","447,840.64",147840.61,447840.64,False,77.78,38.0,success,
w2_2026_000244,w2_2026_000244,w2,test,clean,social_security_tax_withheld,money,"9,166.12",9186.12,9166.12,9186.12,False,85.71,42.0,success,
w2_2026_000244,w2_2026_000244,w2,test,clean,medicare_wages,money,"147,840.61",447-840.61,147840.61,447-840.61,False,84.21,0.0,success,
w2_2026_000244,w2_2026_000244,w2,test,clean,medicare_tax_withheld,money,"2,143.69",2143.69,2143.69,2143.69,True,100.0,45.0,success,
w2_2026_000244,w2_2026_000244,w2,test,clean,state,state,SD,SD,SD,SD,True,100.0,43.0,success,
w2_2026_000244,w2_2026_000244,w2,test,clean,employer_state_id,identifier,SD-8103052,081030520,SD8103052,081030520,False,77.78,0.0,success,
w2_2026_000244,w2_2026_000244,w2,test,clean,state_wages,money,"147,840.61","147,840.61",147840.61,147840.61,True,100.0,46.0,success,
w2_2026_000244,w2_2026_000244,w2,test,clean,state_income_tax,money,"5,489.22",5489.22,5489.22,5489.22,True,100.0,53.0,success,
w2_2026_000247,w2_2026_000247,w2,test,clean,employee_ssn,identifier,000-62-5327,00-62-5327 BE,000625327,00625327BE,False,84.21,23.0,success,
w2_2026_000247,w2_2026_000247,w2,test,clean,employer_ein,identifier,00-7426403,00-7426408,007426403,007426408,False,88.89,0.0,success,
w2_2026_000247,w2_2026_000247,w2,test,clean,employer_name_address,multiline,"STEWART, YORK AND OLSON
99768 WESLEY SQUARES APT. 309
WEST JOELCHESTER, WV 32423","STEWART, YORK AND OLSON 99768 WESLEY SQUARES APT. 309 WEST JOELCHESTER, WV 32423",STEWART YORK AND OLSON 99768 WESLEY SQUARES APT 309 WEST JOELCHESTER WV 32423,STEWART YORK AND OLSON 99768 WESLEY SQUARES APT 309 WEST JOELCHESTER WV 32423,True,100.0,95.08,success,
w2_2026_000247,w2_2026_000247,w2,test,clean,control_number,identifier,W2-2026-000247,W2-2026-000247,W22026000247,W22026000247,True,100.0,0.0,success,
w2_2026_000247,w2_2026_000247,w2,test,clean,employee_first_name,text,DEAN F.,DEAN F.,DEAN F,DEAN F,True,100.0,92.0,success,
w2_2026_000247,w2_2026_000247,w2,test,clean,employee_last_name,text,REID,REID,REID,REID,True,100.0,96.0,success,
w2_2026_000247,w2_2026_000247,w2,test,clean,employee_address,multiline,"25743 NICHOLAS ROW
EAST SANDRAMOUTH, WA 43583","25743 NICHOLAS ROW EAST SANDRAMOUTH, WA 43583 f Employee’s address and ZIP code",25743 NICHOLAS ROW EAST SANDRAMOUTH WA 43583,25743 NICHOLAS ROW EAST SANDRAMOUTH WA 43583 F EMPLOYEE S ADDRESS AND ZIP CODE,False,72.13,94.08,success,
w2_2026_000247,w2_2026_000247,w2,test,clean,wages,money,"122,402.66","422,402.66",122402.66,422402.66,False,88.89,48.0,success,
w2_2026_000247,w2_2026_000247,w2,test,clean,federal_tax_withheld,money,"25,059.15","85,059.15",25059.15,85059.15,False,87.5,45.0,success,
w2_2026_000247,w2_2026_000247,w2,test,clean,social_security_wages,money,"122,402.66","4 22,402.66",122402.66,422402.66,False,88.89,79.5,success,
w2_2026_000247,w2_2026_000247,w2,test,clean,social_security_tax_withheld,money,"7,588.96",7588.96,7588.96,7588.96,True,100.0,23.0,success,
w2_2026_000247,w2_2026_000247,w2,test,clean,medicare_wages,money,"122,402.66",-499402.66,122402.66,-499402.66,False,63.16,0.0,success,
w2_2026_000247,w2_2026_000247,w2,test,clean,medicare_tax_withheld,money,"1,774.84","1,774.84",1774.84,1774.84,True,100.0,91.0,success,
w2_2026_000247,w2_2026_000247,w2,test,clean,state,state,WA,WA,WA,WA,True,100.0,51.0,success,
w2_2026_000247,w2_2026_000247,w2,test,clean,employer_state_id,identifier,WA-3889032,W3889032,WA3889032,W3889032,False,94.12,0.0,success,
w2_2026_000247,w2_2026_000247,w2,test,clean,state_wages,money,"122,402.66","122,402.66",122402.66,122402.66,True,100.0,56.0,success,
w2_2026_000247,w2_2026_000247,w2,test,clean,state_income_tax,money,"6,251.53","8,251.53",6251.53,8251.53,False,85.71,48.0,success,
1099_nec_2026_000004,1099_nec_2026_000004,1099_nec,test,clean,payer_name,text,"WALTON, WRIGHT AND HAYES","WALTON, WRIGHT AND HAYES",WALTON WRIGHT AND HAYES,WALTON WRIGHT AND HAYES,True,100.0,95.75,success,
1099_nec_2026_000004,1099_nec_2026_000004,1099_nec,test,clean,payer_street,text,630 SMITH LAKE APT. 573,630 SMITH LAKE APT. 573,630 SMITH LAKE APT 573,630 SMITH LAKE APT 573,True,100.0,94.4,success,
1099_nec_2026_000004,1099_nec_2026_000004,1099_nec,test,clean,payer_city,text,ROSSLAND,ROSSLAND,ROSSLAND,ROSSLAND,True,100.0,26.0,success,
1099_nec_2026_000004,1099_nec_2026_000004,1099_nec,test,clean,payer_state,state,MI,MI,MI,MI,True,100.0,64.0,success,
1099_nec_2026_000004,1099_nec_2026_000004,1099_nec,test,clean,payer_zip,text,56588,56588,56588,56588,True,100.0,49.0,success,
1099_nec_2026_000004,1099_nec_2026_000004,1099_nec,test,clean,payer_tin,identifier,00-1149283,00-1149283,001149283,001149283,True,100.0,86.0,success,
1099_nec_2026_000004,1099_nec_2026_000004,1099_nec,test,clean,recipient_tin,identifier,000-70-3167,000-70-3167,000703167,000703167,True,100.0,91.0,success,
1099_nec_2026_000004,1099_nec_2026_000004,1099_nec,test,clean,recipient_name,text,TERESA ALVAREZ,TERESA ALVAREZ,TERESA ALVAREZ,TERESA ALVAREZ,True,100.0,96.0,success,
1099_nec_2026_000004,1099_nec_2026_000004,1099_nec,test,clean,recipient_street,text,649 JENNIFER WAYS,649 JENNIFER WAYS,649 JENNIFER WAYS,649 JENNIFER WAYS,True,100.0,96.0,success,
1099_nec_2026_000004,1099_nec_2026_000004,1099_nec,test,clean,recipient_city,text,EAST TYLERLAND,EAST TYLERLAND,EAST TYLERLAND,EAST TYLERLAND,True,100.0,92.5,success,
1099_nec_2026_000004,1099_nec_2026_000004,1099_nec,test,clean,recipient_state,state,ME,ME SP,ME,MESP,False,66.67,21.5,success,
1099_nec_2026_000004,1099_nec_2026_000004,1099_nec,test,clean,recipient_zip,text,88720,88720 Sa eR YR Se ee Oe,88720,88720 SA ER YR SE EE OE,False,35.71,34.86,success,
1099_nec_2026_000004,1099_nec_2026_000004,1099_nec,test,clean,nonemployee_compensation,money,"111,612.32","$ 111,612.32",111612.32,111612.32,True,100.0,47.5,success,
1099_nec_2026_000004,1099_nec_2026_000004,1099_nec,test,clean,federal_income_tax_withheld,text,"3,461.06",": 3,461.06",3 461 06,3 461 06,True,100.0,50.0,success,
1099_nec_2026_000004,1099_nec_2026_000004,1099_nec,test,clean,account_number,identifier,NEC-2026-000004,NEC-2026-000004,NEC2026000004,NEC2026000004,True,100.0,91.0,success,
1099_nec_2026_000004,1099_nec_2026_000004,1099_nec,test,clean,state_tax_withheld,money,0.00,,0.00,,False,0.0,0.0,success,
1099_nec_2026_000004,1099_nec_2026_000004,1099_nec,test,clean,state_payer_number,identifier,ME-1141997,MEMS,ME1141997,MEMS,False,30.77,1.0,success,
1099_nec_2026_000004,1099_nec_2026_000004,1099_nec,test,clean,state_income,money,"111,612.32","$111,612.32",111612.32,111612.32,True,100.0,23.0,success,
1099_nec_2026_000007,1099_nec_2026_000007,1099_nec,test,clean,payer_name,text,JOYCE-HOPKINS,JOYCE-HOPKINS,JOYCE HOPKINS,JOYCE HOPKINS,True,100.0,91.0,success,
1099_nec_2026_000007,1099_nec_2026_000007,1099_nec,test,clean,payer_street,text,86567 TODD LOCK,86567 TODD LOCK,86567 TODD LOCK,86567 TODD LOCK,True,100.0,96.0,success,
1099_nec_2026_000007,1099_nec_2026_000007,1099_nec,test,clean,payer_city,text,NEW JESSICAPORT,NEW JESSICAPORT,NEW JESSICAPORT,NEW JESSICAPORT,True,100.0,92.5,success,
1099_nec_2026_000007,1099_nec_2026_000007,1099_nec,test,clean,payer_state,state,UT,UT ST,UT,UTST,False,66.67,30.5,success,
1099_nec_2026_000007,1099_nec_2026_000007,1099_nec,test,clean,payer_zip,text,26072,200720—~C*~<“‘<CSO*#,26072,200720 C CSO,False,47.06,0.0,success,
1099_nec_2026_000007,1099_nec_2026_000007,1099_nec,test,clean,payer_tin,identifier,00-6012883,00-6012883,006012883,006012883,True,100.0,90.0,success,
1099_nec_2026_000007,1099_nec_2026_000007,1099_nec,test,clean,recipient_tin,identifier,000-34-3456,000-34-3456,000343456,000343456,True,100.0,92.0,success,
1099_nec_2026_000007,1099_nec_2026_000007,1099_nec,test,clean,recipient_name,text,KIMBERLY DAVIS,KIMBERLY DAVIS,KIMBERLY DAVIS,KIMBERLY DAVIS,True,100.0,96.0,success,
1099_nec_2026_000007,1099_nec_2026_000007,1099_nec,test,clean,recipient_street,text,047 BARBARA MILLS SUITE 423,047 BARBARA MILLS SUITE 423,047 BARBARA MILLS SUITE 423,047 BARBARA MILLS SUITE 423,True,100.0,95.6,success,
1099_nec_2026_000007,1099_nec_2026_000007,1099_nec,test,clean,recipient_city,text,PORT KAITLIN,PORT KAITLIN,PORT KAITLIN,PORT KAITLIN,True,100.0,96.0,success,
1099_nec_2026_000007,1099_nec_2026_000007,1099_nec,test,clean,recipient_state,state,WA,WA BP,WA,WABP,False,66.67,18.5,success,
1099_nec_2026_000007,1099_nec_2026_000007,1099_nec,test,clean,recipient_zip,text,85860,85860 So eR YR eee Oe,85860,85860 SO ER YR EEE OE,False,38.46,37.17,success,
1099_nec_2026_000007,1099_nec_2026_000007,1099_nec,test,clean,nonemployee_compensation,money,"110,473.96","$ 110,473.96",110473.96,110473.96,True,100.0,48.0,success,
1099_nec_2026_000007,1099_nec_2026_000007,1099_nec,test,clean,federal_income_tax_withheld,text,"4,588.29",": 4,588.29",4 588 29,4 588 29,True,100.0,45.0,success,
1099_nec_2026_000007,1099_nec_2026_000007,1099_nec,test,clean,account_number,identifier,NEC-2026-000007,NEC-2026-000007,NEC2026000007,NEC2026000007,True,100.0,92.0,success,
1099_nec_2026_000007,1099_nec_2026_000007,1099_nec,test,clean,state_tax_withheld,money,0.00,,0.00,,False,0.0,0.0,success,
1099_nec_2026_000007,1099_nec_2026_000007,1099_nec,test,clean,state_payer_number,identifier,WA-1952520,WATS52520008,WA1952520,WATS52520008,False,66.67,0.0,success,
1099_nec_2026_000007,1099_nec_2026_000007,1099_nec,test,clean,state_income,money,"110,473.96","$110,473.96",110473.96,110473.96,True,100.0,0.0,success,
1099_nec_2026_000029,1099_nec_2026_000029,1099_nec,test,clean,payer_name,text,CARROLL-HUERTA,CARROLL-HUERTA,CARROLL HUERTA,CARROLL HUERTA,True,100.0,92.0,success,
1099_nec_2026_000029,1099_nec_2026_000029,1099_nec,test,clean,payer_street,text,56730 MIRANDA TRACE SUITE 442,56730 MIRANDA TRACE SUITE 442,56730 MIRANDA TRACE SUITE 442,56730 MIRANDA TRACE SUITE 442,True,100.0,95.6,success,
1099_nec_2026_000029,1099_nec_2026_000029,1099_nec,test,clean,payer_city,text,EAST CHADFURT,EAST CHADFURT,EAST CHADFURT,EAST CHADFURT,True,100.0,92.5,success,
1099_nec_2026_000029,1099_nec_2026_000029,1099_nec,test,clean,payer_state,state,CO,CO,CO,CO,True,100.0,8.0,success,
1099_nec_2026_000029,1099_nec_2026_000029,1099_nec,test,clean,payer_zip,text,39604,30604,39604,30604,False,80.0,72.0,success,
1099_nec_2026_000029,1099_nec_2026_000029,1099_nec,test,clean,payer_tin,identifier,00-4736395,00-4736395,004736395,004736395,True,100.0,93.0,success,
1099_nec_2026_000029,1099_nec_2026_000029,1099_nec,test,clean,recipient_tin,identifier,000-80-7203,000-80-7203,000807203,000807203,True,100.0,92.0,success,
1099_nec_2026_000029,1099_nec_2026_000029,1099_nec,test,clean,recipient_name,text,JOCELYN BARNES,JOCELYN BARNES,JOCELYN BARNES,JOCELYN BARNES,True,100.0,94.0,success,
1099_nec_2026_000029,1099_nec_2026_000029,1099_nec,test,clean,recipient_street,text,420 PATTY MEADOW,420 PATTY MEADOW,420 PATTY MEADOW,420 PATTY MEADOW,True,100.0,95.33,success,
1099_nec_2026_000029,1099_nec_2026_000029,1099_nec,test,clean,recipient_city,text,TABITHAPORT,TABITHAPORT,TABITHAPORT,TABITHAPORT,True,100.0,93.0,success,
1099_nec_2026_000029,1099_nec_2026_000029,1099_nec,test,clean,recipient_state,state,GA,GA BR,GA,GABR,False,66.67,50.5,success,
1099_nec_2026_000029,1099_nec_2026_000029,1099_nec,test,clean,recipient_zip,text,26532,26532 Sa eR YR Se ee Oe,26532,26532 SA ER YR SE EE OE,False,35.71,29.14,success,
1099_nec_2026_000029,1099_nec_2026_000029,1099_nec,test,clean,nonemployee_compensation,money,"148,863.73","$ 148,863.73",148863.73,148863.73,True,100.0,49.5,success,
1099_nec_2026_000029,1099_nec_2026_000029,1099_nec,test,clean,federal_income_tax_withheld,text,"16,779.10",": 16,779.10",16 779 10,16 779 10,True,100.0,47.5,success,
1099_nec_2026_000029,1099_nec_2026_000029,1099_nec,test,clean,account_number,identifier,NEC-2026-000029,NEC-2026-000029,NEC2026000029,NEC2026000029,True,100.0,91.0,success,
1099_nec_2026_000029,1099_nec_2026_000029,1099_nec,test,clean,state_tax_withheld,money,"2,955.49","$2,955.49",2955.49,2955.49,True,100.0,15.0,success,
1099_nec_2026_000029,1099_nec_2026_000029,1099_nec,test,clean,state_payer_number,identifier,GA-8702329,GASM2829,GA8702329,GASM2829,False,58.82,0.0,success,
1099_nec_2026_000029,1099_nec_2026_000029,1099_nec,test,clean,state_income,money,"148,863.73","$-148,863.73.",148863.73,-148863.73,False,94.74,0.0,success,
1099_nec_2026_000047,1099_nec_2026_000047,1099_nec,test,clean,payer_name,text,REYNOLDS LTD,REYNOLDS LTD,REYNOLDS LTD,REYNOLDS LTD,True,100.0,95.5,success,
1099_nec_2026_000047,1099_nec_2026_000047,1099_nec,test,clean,payer_street,text,23288 THOMAS HIGHWAY,23288 THOMAS HIGHWAY,23288 THOMAS HIGHWAY,23288 THOMAS HIGHWAY,True,100.0,96.0,success,
1099_nec_2026_000047,1099_nec_2026_000047,1099_nec,test,clean,payer_city,text,ELIZABETHSHIRE,ELIZABETHSHIRE,ELIZABETHSHIRE,ELIZABETHSHIRE,True,100.0,92.0,success,
1099_nec_2026_000047,1099_nec_2026_000047,1099_nec,test,clean,payer_state,state,NM,NM P,NM,NMP,False,80.0,28.0,success,
1099_nec_2026_000047,1099_nec_2026_000047,1099_nec,test,clean,payer_zip,text,48648,48648,48648,48648,True,100.0,64.0,success,
1099_nec_2026_000047,1099_nec_2026_000047,1099_nec,test,clean,payer_tin,identifier,00-4579482,00-4579482,004579482,004579482,True,100.0,92.0,success,
1099_nec_2026_000047,1099_nec_2026_000047,1099_nec,test,clean,recipient_tin,identifier,000-94-6437,000-94-6437,000946437,000946437,True,100.0,92.0,success,
1099_nec_2026_000047,1099_nec_2026_000047,1099_nec,test,clean,recipient_name,text,JEANNE WOLFE,JEANNE WOLFE,JEANNE WOLFE,JEANNE WOLFE,True,100.0,96.0,success,
1099_nec_2026_000047,1099_nec_2026_000047,1099_nec,test,clean,recipient_street,text,6620 BRYANT PORT,6620 BRYANT PORT,6620 BRYANT PORT,6620 BRYANT PORT,True,100.0,95.67,success,
1099_nec_2026_000047,1099_nec_2026_000047,1099_nec,test,clean,recipient_city,text,SMITHPORT,SMITHPORT,SMITHPORT,SMITHPORT,True,100.0,91.0,success,
1099_nec_2026_000047,1099_nec_2026_000047,1099_nec,test,clean,recipient_state,state,AZ,AZ SO,AZ,AZSO,False,66.67,45.5,success,
1099_nec_2026_000047,1099_nec_2026_000047,1099_nec,test,clean,recipient_zip,text,85056,85056 Sa eR YR Se ee Oe,85056,85056 SA ER YR SE EE OE,False,35.71,34.14,success,
1099_nec_2026_000047,1099_nec_2026_000047,1099_nec,test,clean,nonemployee_compensation,money,"90,343.24","$ 90,343.24",90343.24,90343.24,True,100.0,55.0,success,
1099_nec_2026_000047,1099_nec_2026_000047,1099_nec,test,clean,federal_income_tax_withheld,text,"6,845.40",": 6,845.40",6 845 40,6 845 40,True,100.0,49.0,success,
1099_nec_2026_000047,1099_nec_2026_000047,1099_nec,test,clean,account_number,identifier,NEC-2026-000047,NEC-2026-000047,NEC2026000047,NEC2026000047,True,100.0,92.0,success,
1099_nec_2026_000047,1099_nec_2026_000047,1099_nec,test,clean,state_tax_withheld,money,"2,911.05",$911.05,2911.05,911.05,False,92.31,25.0,success,
1099_nec_2026_000047,1099_nec_2026_000047,1099_nec,test,clean,state_payer_number,identifier,AZ-9900294,ALS,AZ9900294,ALS,False,16.67,26.0,success,
1099_nec_2026_000047,1099_nec_2026_000047,1099_nec,test,clean,state_income,money,"90,343.24","$90,843.24",90343.24,90843.24,False,87.5,0.0,success,
1099_nec_2026_000075,1099_nec_2026_000075,1099_nec,test,clean,payer_name,text,ELLIS-MARTIN,ELLIS-MARTIN,ELLIS MARTIN,ELLIS MARTIN,True,100.0,92.0,success,
1099_nec_2026_000075,1099_nec_2026_000075,1099_nec,test,clean,payer_street,text,232 PARKER FERRY,232 PARKER FERRY,232 PARKER FERRY,232 PARKER FERRY,True,100.0,96.0,success,
1099_nec_2026_000075,1099_nec_2026_000075,1099_nec,test,clean,payer_city,text,PORT JAMES,PORT JAMES,PORT JAMES,PORT JAMES,True,100.0,96.0,success,
1099_nec_2026_000075,1099_nec_2026_000075,1099_nec,test,clean,payer_state,state,CO,CO,CO,CO,True,100.0,8.0,success,
1099_nec_2026_000075,1099_nec_2026_000075,1099_nec,test,clean,payer_zip,text,95414,94140,95414,94140,False,80.0,49.0,success,
1099_nec_2026_000075,1099_nec_2026_000075,1099_nec,test,clean,payer_tin,identifier,00-9888846,00-9888846,009888846,009888846,True,100.0,91.0,success,
1099_nec_2026_000075,1099_nec_2026_000075,1099_nec,test,clean,recipient_tin,identifier,000-64-4759,000-64-4759,000644759,000644759,True,100.0,92.0,success,
1099_nec_2026_000075,1099_nec_2026_000075,1099_nec,test,clean,recipient_name,text,MICHAEL SINGLETON,MICHAEL SINGLETON,MICHAEL SINGLETON,MICHAEL SINGLETON,True,100.0,95.5,success,
1099_nec_2026_000075,1099_nec_2026_000075,1099_nec,test,clean,recipient_street,text,72517 HALE MOUNTAINS SUITE 731,7251 7 HALE MOU NTAINS SUITE 731,72517 HALE MOUNTAINS SUITE 731,7251 7 HALE MOU NTAINS SUITE 731,False,96.77,94.71,success,
1099_nec_2026_000075,1099_nec_2026_000075,1099_nec,test,clean,recipient_city,text,ANDERSONBERG,ANDERSONBERG,ANDERSONBERG,ANDERSONBERG,True,100.0,92.0,success,
1099_nec_2026_000075,1099_nec_2026_000075,1099_nec,test,clean,recipient_state,state,MO,MO SP,MO,MOSP,False,66.67,20.5,success,
1099_nec_2026_000075,1099_nec_2026_000075,1099_nec,test,clean,recipient_zip,text,43376,43376 Sa eR YR Se ee Oe,43376,43376 SA ER YR SE EE OE,False,35.71,34.86,success,
1099_nec_2026_000075,1099_nec_2026_000075,1099_nec,test,clean,nonemployee_compensation,money,"133,001.68","$ 133,001.68",133001.68,133001.68,True,100.0,48.0,success,
1099_nec_2026_000075,1099_nec_2026_000075,1099_nec,test,clean,federal_income_tax_withheld,text,0.00,: 0.00,0 00,0 00,True,100.0,48.0,success,
1099_nec_2026_000075,1099_nec_2026_000075,1099_nec,test,clean,account_number,identifier,NEC-2026-000075,NEC-2026-000075,NEC2026000075,NEC2026000075,True,100.0,91.0,success,
1099_nec_2026_000075,1099_nec_2026_000075,1099_nec,test,clean,state_tax_withheld,money,"3,357.10","$8,857.10",3357.10,8857.10,False,71.43,0.0,success,
1099_nec_2026_000075,1099_nec_2026_000075,1099_nec,test,clean,state_payer_number,identifier,MO-7396087,MOTIF,MO7396087,MOTIF,False,28.57,0.0,success,
1099_nec_2026_000075,1099_nec_2026_000075,1099_nec,test,clean,state_income,money,"133,001.68","$-183,001.68",133001.68,-183001.68,False,84.21,0.0,success,
1099_nec_2026_000049,1099_nec_2026_000049,1099_nec,test,clean,payer_name,text,BROWN LLC,BROWN LLC,BROWN LLC,BROWN LLC,True,100.0,96.0,success,
1099_nec_2026_000049,1099_nec_2026_000049,1099_nec,test,clean,payer_street,text,17590 MANUEL SQUARE,17590 MANUEL SQUARE,17590 MANUEL SQUARE,17590 MANUEL SQUARE,True,100.0,96.0,success,
1099_nec_2026_000049,1099_nec_2026_000049,1099_nec,test,clean,payer_city,text,GRAYSHIRE,GRAYSHIRE,GRAYSHIRE,GRAYSHIRE,True,100.0,92.0,success,
1099_nec_2026_000049,1099_nec_2026_000049,1099_nec,test,clean,payer_state,state,OH,OH,OH,OH,True,100.0,0.0,success,
1099_nec_2026_000049,1099_nec_2026_000049,1099_nec,test,clean,payer_zip,text,26680,26680”,26680,26680,True,100.0,25.0,success,
1099_nec_2026_000049,1099_nec_2026_000049,1099_nec,test,clean,payer_tin,identifier,00-5745083,00-5745083,005745083,005745083,True,100.0,91.0,success,
1099_nec_2026_000049,1099_nec_2026_000049,1099_nec,test,clean,recipient_tin,identifier,000-13-9468,000-13-9468,000139468,000139468,True,100.0,92.0,success,
1099_nec_2026_000049,1099_nec_2026_000049,1099_nec,test,clean,recipient_name,text,JOHN SHELTON,JOHN SHELTON,JOHN SHELTON,JOHN SHELTON,True,100.0,96.0,success,
1099_nec_2026_000049,1099_nec_2026_000049,1099_nec,test,clean,recipient_street,text,26831 CRYSTAL SKYWAY,26831 Cc RYSTAL SKYWAY,26831 CRYSTAL SKYWAY,26831 CC RYSTAL SKYWAY,False,95.24,87.0,success,
1099_nec_2026_000049,1099_nec_2026_000049,1099_nec,test,clean,recipient_city,text,EAST ARTHURBERG,EAST ARTHURBERG,EAST ARTHURBERG,EAST ARTHURBERG,True,100.0,92.5,success,
1099_nec_2026_000049,1099_nec_2026_000049,1099_nec,test,clean,recipient_state,state,MH,MH BR,MH,MHBR,False,66.67,24.5,success,
1099_nec_2026_000049,1099_nec_2026_000049,1099_nec,test,clean,recipient_zip,text,01187,011 87 So eR Re ee Oe,01187,011 87 SO ER RE EE OE,False,38.46,43.0,success,
1099_nec_2026_000049,1099_nec_2026_000049,1099_nec,test,clean,nonemployee_compensation,money,"117,513.11","$ 117,513.11",117513.11,117513.11,True,100.0,52.5,success,
1099_nec_2026_000049,1099_nec_2026_000049,1099_nec,test,clean,federal_income_tax_withheld,text,0.00,: 0.00,0 00,0 00,True,100.0,48.0,success,
1099_nec_2026_000049,1099_nec_2026_000049,1099_nec,test,clean,account_number,identifier,NEC-2026-000049,NEC-2026-000049,NEC2026000049,NEC2026000049,True,100.0,90.0,success,
1099_nec_2026_000049,1099_nec_2026_000049,1099_nec,test,clean,state_tax_withheld,money,"5,613.88","$8,613.88",5613.88,8613.88,False,85.71,0.0,success,
1099_nec_2026_000049,1099_nec_2026_000049,1099_nec,test,clean,state_payer_number,identifier,MH-9535166,MS66,MH9535166,MS66,False,46.15,0.0,success,
1099_nec_2026_000049,1099_nec_2026_000049,1099_nec,test,clean,state_income,money,"117,513.11","$117,513.11",117513.11,117513.11,True,100.0,50.0,success,
1099_nec_2026_000082,1099_nec_2026_000082,1099_nec,test,clean,payer_name,text,"ORTIZ, JOHNSON AND BISHOP","ORTIZ, JOHNSON AND BISHOP",ORTIZ JOHNSON AND BISHOP,ORTIZ JOHNSON AND BISHOP,True,100.0,95.75,success,
1099_nec_2026_000082,1099_nec_2026_000082,1099_nec,test,clean,payer_street,text,715 JULIA TURNPIKE,715 JULIA TURNPIKE,715 JULIA TURNPIKE,715 JULIA TURNPIKE,True,100.0,96.0,success,
1099_nec_2026_000082,1099_nec_2026_000082,1099_nec,test,clean,payer_city,text,ARNOLDBOROUGH,ARNOLDBOROUGH,ARNOLDBOROUGH,ARNOLDBOROUGH,True,100.0,92.0,success,
1099_nec_2026_000082,1099_nec_2026_000082,1099_nec,test,clean,payer_state,state,PR,PR,PR,PR,True,100.0,65.0,success,
1099_nec_2026_000082,1099_nec_2026_000082,1099_nec,test,clean,payer_zip,text,21653,21653,21653,21653,True,100.0,58.0,success,
1099_nec_2026_000082,1099_nec_2026_000082,1099_nec,test,clean,payer_tin,identifier,00-1964069,00-1964069,001964069,001964069,True,100.0,91.0,success,
1099_nec_2026_000082,1099_nec_2026_000082,1099_nec,test,clean,recipient_tin,identifier,000-32-9099,000-32-9099,000329099,000329099,True,100.0,91.0,success,
1099_nec_2026_000082,1099_nec_2026_000082,1099_nec,test,clean,recipient_name,text,NATHAN ALLEN,NATHAN ALLEN,NATHAN ALLEN,NATHAN ALLEN,True,100.0,96.0,success,
1099_nec_2026_000082,1099_nec_2026_000082,1099_nec,test,clean,recipient_street,text,352 BROWN BURGS APT. 977,352 BROWN BURGS APT. 977,352 BROWN BURGS APT 977,352 BROWN BURGS APT 977,True,100.0,94.2,success,
1099_nec_2026_000082,1099_nec_2026_000082,1099_nec,test,clean,recipient_city,text,LAKE CARRIE,LAKE CARRIE,LAKE CARRIE,LAKE CARRIE,True,100.0,95.0,success,
1099_nec_2026_000082,1099_nec_2026_000082,1099_nec,test,clean,recipient_state,state,IA,A BP,IA,ABP,False,40.0,35.0,success,
1099_nec_2026_000082,1099_nec_2026_000082,1099_nec,test,clean,recipient_zip,text,23684,23684 Sa eR YR Se ee Oe,23684,23684 SA ER YR SE EE OE,False,35.71,30.0,success,
1099_nec_2026_000082,1099_nec_2026_000082,1099_nec,test,clean,nonemployee_compensation,money,"70,217.05","$ 70,217.05",70217.05,70217.05,True,100.0,48.0,success,
1099_nec_2026_000082,1099_nec_2026_000082,1099_nec,test,clean,federal_income_tax_withheld,text,0.00,: 0.00,0 00,0 00,True,100.0,48.0,success,
1099_nec_2026_000082,1099_nec_2026_000082,1099_nec,test,clean,account_number,identifier,NEC-2026-000082,NEC-2026-000082,NEC2026000082,NEC2026000082,True,100.0,91.0,success,
1099_nec_2026_000082,1099_nec_2026_000082,1099_nec,test,clean,state_tax_withheld,money,0.00,,0.00,,False,0.0,0.0,success,
1099_nec_2026_000082,1099_nec_2026_000082,1099_nec,test,clean,state_payer_number,identifier,IA-9693169,L,IA9693169,L,False,0.0,0.0,success,
1099_nec_2026_000082,1099_nec_2026_000082,1099_nec,test,clean,state_income,money,"70,217.05","$70,217.05",70217.05,70217.05,True,100.0,22.0,success,
1099_nec_2026_000095,1099_nec_2026_000095,1099_nec,test,clean,payer_name,text,"FERNANDEZ, KRUEGER AND BARNETT","FERNANDEZ, KRUEGER AND BARNETT",FERNANDEZ KRUEGER AND BARNETT,FERNANDEZ KRUEGER AND BARNETT,True,100.0,96.0,success,
1099_nec_2026_000095,1099_nec_2026_000095,1099_nec,test,clean,payer_street,text,7932 ZACHARY VALLEY,7932 ZACHARY VALLEY,7932 ZACHARY VALLEY,7932 ZACHARY VALLEY,True,100.0,94.33,success,
1099_nec_2026_000095,1099_nec_2026_000095,1099_nec,test,clean,payer_city,text,EAST DONNA,EAST DONNA,EAST DONNA,EAST DONNA,True,100.0,96.0,success,
1099_nec_2026_000095,1099_nec_2026_000095,1099_nec,test,clean,payer_state,state,WA,WA EE,WA,WAEE,False,66.67,25.5,success,
1099_nec_2026_000095,1099_nec_2026_000095,1099_nec,test,clean,payer_zip,text,12925,12925000,12925,12925000,False,76.92,41.0,success,
1099_nec_2026_000095,1099_nec_2026_000095,1099_nec,test,clean,payer_tin,identifier,00-4834713,00-4834713,004834713,004834713,True,100.0,92.0,success,
1099_nec_2026_000095,1099_nec_2026_000095,1099_nec,test,clean,recipient_tin,identifier,000-22-5422,000-22-5422,000225422,000225422,True,100.0,92.0,success,
1099_nec_2026_000095,1099_nec_2026_000095,1099_nec,test,clean,recipient_name,text,DIANE GILBERT,DIANE GILBERT,DIANE GILBERT,DIANE GILBERT,True,100.0,95.5,success,
1099_nec_2026_000095,1099_nec_2026_000095,1099_nec,test,clean,recipient_street,text,42457 WOLF CURVE,42457 WOLF CURVE,42457 WOLF CURVE,42457 WOLF CURVE,True,100.0,96.0,success,
1099_nec_2026_000095,1099_nec_2026_000095,1099_nec,test,clean,recipient_city,text,ROBERTBERG,ROBERTBERG,ROBERTBERG,ROBERTBERG,True,100.0,92.0,success,
1099_nec_2026_000095,1099_nec_2026_000095,1099_nec,test,clean,recipient_state,state,OR,OR BP,OR,ORBP,False,66.67,29.0,success,
1099_nec_2026_000095,1099_nec_2026_000095,1099_nec,test,clean,recipient_zip,text,97023,97023 Sa eR YR Se ee Oe,97023,97023 SA ER YR SE EE OE,False,35.71,34.43,success,
1099_nec_2026_000095,1099_nec_2026_000095,1099_nec,test,clean,nonemployee_compensation,money,"49,914.05","$ 49,914.05",49914.05,49914.05,True,100.0,47.0,success,
1099_nec_2026_000095,1099_nec_2026_000095,1099_nec,test,clean,federal_income_tax_withheld,text,0.00,: 0.00,0 00,0 00,True,100.0,48.0,success,
1099_nec_2026_000095,1099_nec_2026_000095,1099_nec,test,clean,account_number,identifier,NEC-2026-000095,NEC-2026-000095,NEC2026000095,NEC2026000095,True,100.0,91.0,success,
1099_nec_2026_000095,1099_nec_2026_000095,1099_nec,test,clean,state_tax_withheld,money,0.00,,0.00,,False,0.0,0.0,success,
1099_nec_2026_000095,1099_nec_2026_000095,1099_nec,test,clean,state_payer_number,identifier,OR-7390162,C7I6,OR7390162,C7I6,False,30.77,0.0,success,
1099_nec_2026_000095,1099_nec_2026_000095,1099_nec,test,clean,state_income,money,"49,914.05","$49,914.05",49914.05,49914.05,True,100.0,10.0,success,
1099_nec_2026_000104,1099_nec_2026_000104,1099_nec,test,clean,payer_name,text,FLEMING INC,FLEMING INC,FLEMING INC,FLEMING INC,True,100.0,96.0,success,
1099_nec_2026_000104,1099_nec_2026_000104,1099_nec,test,clean,payer_street,text,409 JORDAN TRACK APT. 637,409 JORDAN TRACK APT. 637,409 JORDAN TRACK APT 637,409 JORDAN TRACK APT 637,True,100.0,95.6,success,
1099_nec_2026_000104,1099_nec_2026_000104,1099_nec,test,clean,payer_city,text,AMANDAPORT,AMANDAPORT,AMANDAPORT,AMANDAPORT,True,100.0,92.0,success,
1099_nec_2026_000104,1099_nec_2026_000104,1099_nec,test,clean,payer_state,state,MA,MA EE,MA,MAEE,False,66.67,16.5,success,
1099_nec_2026_000104,1099_nec_2026_000104,1099_nec,test,clean,payer_zip,text,30983,30983,30983,30983,True,100.0,52.0,success,
1099_nec_2026_000104,1099_nec_2026_000104,1099_nec,test,clean,payer_tin,identifier,00-5570355,00-5570355,005570355,005570355,True,100.0,93.0,success,
1099_nec_2026_000104,1099_nec_2026_000104,1099_nec,test,clean,recipient_tin,identifier,000-80-8288,000-80-8288,000808288,000808288,True,100.0,91.0,success,
1099_nec_2026_000104,1099_nec_2026_000104,1099_nec,test,clean,recipient_name,text,SHERRI SHAH,SHERRI SHAH,SHERRI SHAH,SHERRI SHAH,True,100.0,95.0,success,
1099_nec_2026_000104,1099_nec_2026_000104,1099_nec,test,clean,recipient_street,text,950 JENNIFER KNOLLS,950 JENNIFER KNOLLS,950 JENNIFER KNOLLS,950 JENNIFER KNOLLS,True,100.0,95.67,success,
1099_nec_2026_000104,1099_nec_2026_000104,1099_nec,test,clean,recipient_city,text,PORT TIFFANYLAND,PORT TIFFANYLAND,PORT TIFFANYLAND,PORT TIFFANYLAND,True,100.0,92.0,success,
1099_nec_2026_000104,1099_nec_2026_000104,1099_nec,test,clean,recipient_state,state,NC,NC BP,NC,NCBP,False,66.67,22.0,success,
1099_nec_2026_000104,1099_nec_2026_000104,1099_nec,test,clean,recipient_zip,text,54726,54726 Sa eR YR Se ee Oe,54726,54726 SA ER YR SE EE OE,False,35.71,27.29,success,
1099_nec_2026_000104,1099_nec_2026_000104,1099_nec,test,clean,nonemployee_compensation,money,"57,559.72","$ 57,559.72",57559.72,57559.72,True,100.0,80.5,success,
1099_nec_2026_000104,1099_nec_2026_000104,1099_nec,test,clean,federal_income_tax_withheld,text,0.00,: 0.00,0 00,0 00,True,100.0,48.0,success,
1099_nec_2026_000104,1099_nec_2026_000104,1099_nec,test,clean,account_number,identifier,NEC-2026-000104,NEC-2026-000104,NEC2026000104,NEC2026000104,True,100.0,89.0,success,
1099_nec_2026_000104,1099_nec_2026_000104,1099_nec,test,clean,state_tax_withheld,money,0.00,,0.00,,False,0.0,0.0,success,
1099_nec_2026_000104,1099_nec_2026_000104,1099_nec,test,clean,state_payer_number,identifier,NC-8659527,NGS,NC8659527,NGS,False,16.67,0.0,success,
1099_nec_2026_000104,1099_nec_2026_000104,1099_nec,test,clean,state_income,money,"57,559.72","$87,859.72",57559.72,87859.72,False,75.0,26.0,success,
1099_nec_2026_000107,1099_nec_2026_000107,1099_nec,test,clean,payer_name,text,SHERMAN-DAY,SHERMAN-DAY,SHERMAN DAY,SHERMAN DAY,True,100.0,90.0,success,
1099_nec_2026_000107,1099_nec_2026_000107,1099_nec,test,clean,payer_street,text,2734 POWELL LANE APT. 707,2734 POWELL LANE APT. 707,2734 POWELL LANE APT 707,2734 POWELL LANE APT 707,True,100.0,95.6,success,
1099_nec_2026_000107,1099_nec_2026_000107,1099_nec,test,clean,payer_city,text,WEST ANNAFURT,WEST ANNAFURT,WEST ANNAFURT,WEST ANNAFURT,True,100.0,92.5,success,
1099_nec_2026_000107,1099_nec_2026_000107,1099_nec,test,clean,payer_state,state,ME,ME P,ME,MEP,False,80.0,24.0,success,
1099_nec_2026_000107,1099_nec_2026_000107,1099_nec,test,clean,payer_zip,text,65724,65724,65724,65724,True,100.0,75.0,success,
1099_nec_2026_000107,1099_nec_2026_000107,1099_nec,test,clean,payer_tin,identifier,00-1121097,00-1121097,001121097,001121097,True,100.0,91.0,success,
1099_nec_2026_000107,1099_nec_2026_000107,1099_nec,test,clean,recipient_tin,identifier,000-80-7121,000-80-7121,000807121,000807121,True,100.0,91.0,success,
1099_nec_2026_000107,1099_nec_2026_000107,1099_nec,test,clean,recipient_name,text,PATRICIA TOWNSEND DDS,PATRICIA TOWNSEND DDS,PATRICIA TOWNSEND DDS,PATRICIA TOWNSEND DDS,True,100.0,95.33,success,
1099_nec_2026_000107,1099_nec_2026_000107,1099_nec,test,clean,recipient_street,text,14998 DANIELLE STREETS,14998 DANIELLE STREETS,14998 DANIELLE STREETS,14998 DANIELLE STREETS,True,100.0,96.0,success,
1099_nec_2026_000107,1099_nec_2026_000107,1099_nec,test,clean,recipient_city,text,NEW ANTHONYPORT,NEW ANTHONYPORT,NEW ANTHONYPORT,NEW ANTHONYPORT,True,100.0,92.0,success,
1099_nec_2026_000107,1099_nec_2026_000107,1099_nec,test,clean,recipient_state,state,MS,MS SP,MS,MSSP,False,66.67,7.5,success,
1099_nec_2026_000107,1099_nec_2026_000107,1099_nec,test,clean,recipient_zip,text,25173,254 73 So eR Re ee Oe,25173,254 73 SO ER RE EE OE,False,30.77,41.14,success,
1099_nec_2026_000107,1099_nec_2026_000107,1099_nec,test,clean,nonemployee_compensation,money,"83,038.57","$ 83,038.57",83038.57,83038.57,True,100.0,73.5,success,
1099_nec_2026_000107,1099_nec_2026_000107,1099_nec,test,clean,federal_income_tax_withheld,text,"9,539.50",": 9,539.50",9 539 50,9 539 50,True,100.0,48.0,success,
1099_nec_2026_000107,1099_nec_2026_000107,1099_nec,test,clean,account_number,identifier,NEC-2026-000107,NEC-2026-000107,NEC2026000107,NEC2026000107,True,100.0,91.0,success,
1099_nec_2026_000107,1099_nec_2026_000107,1099_nec,test,clean,state_tax_withheld,money,0.00,,0.00,,False,0.0,0.0,success,
1099_nec_2026_000107,1099_nec_2026_000107,1099_nec,test,clean,state_payer_number,identifier,MS-5192561,M,MS5192561,M,False,20.0,0.0,success,
1099_nec_2026_000107,1099_nec_2026_000107,1099_nec,test,clean,state_income,money,"83,038.57","$83,088.57",83038.57,83088.57,False,87.5,0.0,success,
1099_nec_2026_000126,1099_nec_2026_000126,1099_nec,test,clean,payer_name,text,HOLLAND AND SONS,HOLLAND AND SONS,HOLLAND AND SONS,HOLLAND AND SONS,True,100.0,95.67,success,
1099_nec_2026_000126,1099_nec_2026_000126,1099_nec,test,clean,payer_street,text,80403 MICHELLE FORD SUITE 657,80403 MICHELLE FORD SUITE 657,80403 MICHELLE FORD SUITE 657,80403 MICHELLE FORD SUITE 657,True,100.0,96.0,success,
1099_nec_2026_000126,1099_nec_2026_000126,1099_nec,test,clean,payer_city,text,GUZMANBURGH,GUZMANBURGH,GUZMANBURGH,GUZMANBURGH,True,100.0,92.0,success,
1099_nec_2026_000126,1099_nec_2026_000126,1099_nec,test,clean,payer_state,state,PW,PW EE,PW,PWEE,False,66.67,42.0,success,
1099_nec_2026_000126,1099_nec_2026_000126,1099_nec,test,clean,payer_zip,text,64946,64946,64946,64946,True,100.0,63.0,success,
1099_nec_2026_000126,1099_nec_2026_000126,1099_nec,test,clean,payer_tin,identifier,00-3653760,00-3653760,003653760,003653760,True,100.0,92.0,success,
1099_nec_2026_000126,1099_nec_2026_000126,1099_nec,test,clean,recipient_tin,identifier,000-78-8258,000-78-8258,000788258,000788258,True,100.0,92.0,success,
1099_nec_2026_000126,1099_nec_2026_000126,1099_nec,test,clean,recipient_name,text,KYLE NORTON,KYLE NORTON,KYLE NORTON,KYLE NORTON,True,100.0,96.0,success,
1099_nec_2026_000126,1099_nec_2026_000126,1099_nec,test,clean,recipient_street,text,91009 MERCEDES HARBOR,91009 MERCEDES HARBOR,91009 MERCEDES HARBOR,91009 MERCEDES HARBOR,True,100.0,96.0,success,
1099_nec_2026_000126,1099_nec_2026_000126,1099_nec,test,clean,recipient_city,text,WEST SEANSHIRE,WEST SEANSHIRE,WEST SEANSHIRE,WEST SEANSHIRE,True,100.0,93.0,success,
1099_nec_2026_000126,1099_nec_2026_000126,1099_nec,test,clean,recipient_state,state,GA,GA BR,GA,GABR,False,66.67,50.5,success,
1099_nec_2026_000126,1099_nec_2026_000126,1099_nec,test,clean,recipient_zip,text,13245,43245 So eR Re ee Oe,13245,43245 SO ER RE EE OE,False,32.0,35.33,success,
1099_nec_2026_000126,1099_nec_2026_000126,1099_nec,test,clean,nonemployee_compensation,money,"30,985.95","$ 30,985.95",30985.95,30985.95,True,100.0,52.0,success,
1099_nec_2026_000126,1099_nec_2026_000126,1099_nec,test,clean,federal_income_tax_withheld,text,0.00,: 0.00,0 00,0 00,True,100.0,48.0,success,
1099_nec_2026_000126,1099_nec_2026_000126,1099_nec,test,clean,account_number,identifier,NEC-2026-000126,NEC-2026-000126,NEC2026000126,NEC2026000126,True,100.0,91.0,success,
1099_nec_2026_000126,1099_nec_2026_000126,1099_nec,test,clean,state_tax_withheld,money,0.00,,0.00,,False,0.0,0.0,success,
1099_nec_2026_000126,1099_nec_2026_000126,1099_nec,test,clean,state_payer_number,identifier,GA-6446792,GAGS,GA6446792,GAGS,False,30.77,0.0,success,
1099_nec_2026_000126,1099_nec_2026_000126,1099_nec,test,clean,state_income,money,"30,985.95","$30,985.95",30985.95,30985.95,True,100.0,0.0,success,
1099_nec_2026_000141,1099_nec_2026_000141,1099_nec,test,clean,payer_name,text,HALL INC,HALL INC,HALL INC,HALL INC,True,100.0,95.5,success,
1099_nec_2026_000141,1099_nec_2026_000141,1099_nec,test,clean,payer_street,text,248 MCMAHON EXPRESSWAY,248 MCMAHON EXPRESSWAY,248 MCMAHON EXPRESSWAY,248 MCMAHON EXPRESSWAY,True,100.0,96.33,success,
1099_nec_2026_000141,1099_nec_2026_000141,1099_nec,test,clean,payer_city,text,NORTH LINDSEY,NORTH LINDSEY,NORTH LINDSEY,NORTH LINDSEY,True,100.0,96.0,success,
1099_nec_2026_000141,1099_nec_2026_000141,1099_nec,test,clean,payer_state,state,ID,ID S,ID,IDS,False,80.0,32.0,success,
1099_nec_2026_000141,1099_nec_2026_000141,1099_nec,test,clean,payer_zip,text,79489,79489,79489,79489,True,100.0,63.0,success,
1099_nec_2026_000141,1099_nec_2026_000141,1099_nec,test,clean,payer_tin,identifier,00-2671072,00-2671072,002671072,002671072,True,100.0,92.0,success,
1099_nec_2026_000141,1099_nec_2026_000141,1099_nec,test,clean,recipient_tin,identifier,000-50-8940,000-50-8940,000508940,000508940,True,100.0,91.0,success,
1099_nec_2026_000141,1099_nec_2026_000141,1099_nec,test,clean,recipient_name,text,ANDREA GARCIA,ANDREA GARCIA,ANDREA GARCIA,ANDREA GARCIA,True,100.0,96.0,success,
1099_nec_2026_000141,1099_nec_2026_000141,1099_nec,test,clean,recipient_street,text,178 CUMMINGS DRIVES,178 CUMMINGS DRIVES,178 CUMMINGS DRIVES,178 CUMMINGS DRIVES,True,100.0,95.67,success,
1099_nec_2026_000141,1099_nec_2026_000141,1099_nec,test,clean,recipient_city,text,EAST KRISTIN,EAST KRISTIN,EAST KRISTIN,EAST KRISTIN,True,100.0,95.5,success,
1099_nec_2026_000141,1099_nec_2026_000141,1099_nec,test,clean,recipient_state,state,MD,MD SB,MD,MDSB,False,66.67,11.5,success,
1099_nec_2026_000141,1099_nec_2026_000141,1099_nec,test,clean,recipient_zip,text,23018,53018 Sa eR YR Se ee Oe,23018,53018 SA ER YR SE EE OE,False,28.57,30.43,success,
1099_nec_2026_000141,1099_nec_2026_000141,1099_nec,test,clean,nonemployee_compensation,money,"6,200.81","$ 6,200.81",6200.81,6200.81,True,100.0,47.5,success,
1099_nec_2026_000141,1099_nec_2026_000141,1099_nec,test,clean,federal_income_tax_withheld,text,821.67,: 821.67,821 67,821 67,True,100.0,47.5,success,
1099_nec_2026_000141,1099_nec_2026_000141,1099_nec,test,clean,account_number,identifier,NEC-2026-000141,NEC-2026-000141,NEC2026000141,NEC2026000141,True,100.0,90.0,success,
1099_nec_2026_000141,1099_nec_2026_000141,1099_nec,test,clean,state_tax_withheld,money,364.53,$864.53,364.53,864.53,False,83.33,22.0,success,
1099_nec_2026_000141,1099_nec_2026_000141,1099_nec,test,clean,state_payer_number,identifier,MD-4127564,MD1256400,MD4127564,MD1256400,False,77.78,0.0,success,
1099_nec_2026_000141,1099_nec_2026_000141,1099_nec,test,clean,state_income,money,"6,200.81","$6,200.81",6200.81,6200.81,True,100.0,0.0,success,
1099_nec_2026_000145,1099_nec_2026_000145,1099_nec,test,clean,payer_name,text,WILLIAMS INC,WILLIAMS INC,WILLIAMS INC,WILLIAMS INC,True,100.0,96.0,success,
1099_nec_2026_000145,1099_nec_2026_000145,1099_nec,test,clean,payer_street,text,69362 PAYNE GLENS,69362 PAYNE GLENS,69362 PAYNE GLENS,69362 PAYNE GLENS,True,100.0,96.0,success,
1099_nec_2026_000145,1099_nec_2026_000145,1099_nec,test,clean,payer_city,text,NORTH VICKIE,NORTH VICKIE,NORTH VICKIE,NORTH VICKIE,True,100.0,93.0,success,
1099_nec_2026_000145,1099_nec_2026_000145,1099_nec,test,clean,payer_state,state,GA,GA P,GA,GAP,False,80.0,32.0,success,
1099_nec_2026_000145,1099_nec_2026_000145,1099_nec,test,clean,payer_zip,text,05411,O44,05411,O44,False,25.0,31.0,success,
1099_nec_2026_000145,1099_nec_2026_000145,1099_nec,test,clean,payer_tin,identifier,00-4394202,00-4394202,004394202,004394202,True,100.0,92.0,success,
1099_nec_2026_000145,1099_nec_2026_000145,1099_nec,test,clean,recipient_tin,identifier,000-27-6062,000-27-6062,000276062,000276062,True,100.0,91.0,success,
1099_nec_2026_000145,1099_nec_2026_000145,1099_nec,test,clean,recipient_name,text,JOHN JONES,JOHN JONES,JOHN JONES,JOHN JONES,True,100.0,96.0,success,
1099_nec_2026_000145,1099_nec_2026_000145,1099_nec,test,clean,recipient_street,text,71175 JEFFERSON GREEN SUITE 582,71175 JEFFERSON GREEN SUITE 582,71175 JEFFERSON GREEN SUITE 582,71175 JEFFERSON GREEN SUITE 582,True,100.0,95.4,success,
1099_nec_2026_000145,1099_nec_2026_000145,1099_nec,test,clean,recipient_city,text,LINDABURY,LINDABURY,LINDABURY,LINDABURY,True,100.0,92.0,success,
1099_nec_2026_000145,1099_nec_2026_000145,1099_nec,test,clean,recipient_state,state,IN,IN,IN,IN,True,100.0,56.0,success,
1099_nec_2026_000145,1099_nec_2026_000145,1099_nec,test,clean,recipient_zip,text,03414,03414 So eR Re ee Oe,03414,03414 SO ER RE EE OE,False,40.0,38.83,success,
1099_nec_2026_000145,1099_nec_2026_000145,1099_nec,test,clean,nonemployee_compensation,money,"155,628.27","$ 155,628.27",155628.27,155628.27,True,100.0,49.5,success,
1099_nec_2026_000145,1099_nec_2026_000145,1099_nec,test,clean,federal_income_tax_withheld,text,0.00,: 0.00,0 00,0 00,True,100.0,48.0,success,
1099_nec_2026_000145,1099_nec_2026_000145,1099_nec,test,clean,account_number,identifier,NEC-2026-000145,NEC-2026-000145,NEC2026000145,NEC2026000145,True,100.0,91.0,success,
1099_nec_2026_000145,1099_nec_2026_000145,1099_nec,test,clean,state_tax_withheld,money,"1,230.45",$80..4,1230.45,80.40,False,50.0,0.0,success,
1099_nec_2026_000145,1099_nec_2026_000145,1099_nec,test,clean,state_payer_number,identifier,IN-3269160,IN2691690,IN3269160,IN2691690,False,88.89,0.0,success,
1099_nec_2026_000145,1099_nec_2026_000145,1099_nec,test,clean,state_income,money,"155,628.27","$155,628.27",155628.27,155628.27,True,100.0,0.0,success,
1099_nec_2026_000144,1099_nec_2026_000144,1099_nec,test,clean,payer_name,text,THOMAS LTD,THOMAS LTD,THOMAS LTD,THOMAS LTD,True,100.0,96.0,success,
1099_nec_2026_000144,1099_nec_2026_000144,1099_nec,test,clean,payer_street,text,08385 SHANE ISLE SUITE 595,08385 SHANE ISLE SUITE 595,08385 SHANE ISLE SUITE 595,08385 SHANE ISLE SUITE 595,True,100.0,96.0,success,
1099_nec_2026_000144,1099_nec_2026_000144,1099_nec,test,clean,payer_city,text,MICHEALHAVEN,MICHEALHAVEN,MICHEALHAVEN,MICHEALHAVEN,True,100.0,92.0,success,
1099_nec_2026_000144,1099_nec_2026_000144,1099_nec,test,clean,payer_state,state,OR,OR P,OR,ORP,False,80.0,0.0,success,
1099_nec_2026_000144,1099_nec_2026_000144,1099_nec,test,clean,payer_zip,text,16661,16661,16661,16661,True,100.0,54.0,success,
1099_nec_2026_000144,1099_nec_2026_000144,1099_nec,test,clean,payer_tin,identifier,00-9736195,00-9736195,009736195,009736195,True,100.0,92.0,success,
1099_nec_2026_000144,1099_nec_2026_000144,1099_nec,test,clean,recipient_tin,identifier,000-96-4726,000-96-4726,000964726,000964726,True,100.0,91.0,success,
1099_nec_2026_000144,1099_nec_2026_000144,1099_nec,test,clean,recipient_name,text,OLIVIA HAMILTON,OLIVIA HAMILTON,OLIVIA HAMILTON,OLIVIA HAMILTON,True,100.0,96.0,success,
1099_nec_2026_000144,1099_nec_2026_000144,1099_nec,test,clean,recipient_street,text,898 YOLANDA DRIVES,898 YOLANDA DRIVES,898 YOLANDA DRIVES,898 YOLANDA DRIVES,True,100.0,96.0,success,
1099_nec_2026_000144,1099_nec_2026_000144,1099_nec,test,clean,recipient_city,text,RIVERAMOUTH,RIVE RAMOUTH,RIVERAMOUTH,RIVE RAMOUTH,False,95.65,93.5,success,
1099_nec_2026_000144,1099_nec_2026_000144,1099_nec,test,clean,recipient_state,state,VA,VA R,VA,VAR,False,80.0,38.0,success,
1099_nec_2026_000144,1099_nec_2026_000144,1099_nec,test,clean,recipient_zip,text,95206,95206 Sa eR YR Se ee Oe,95206,95206 SA ER YR SE EE OE,False,35.71,34.71,success,
1099_nec_2026_000144,1099_nec_2026_000144,1099_nec,test,clean,nonemployee_compensation,money,"50,008.72","$ 50,008.72",50008.72,50008.72,True,100.0,80.0,success,
1099_nec_2026_000144,1099_nec_2026_000144,1099_nec,test,clean,federal_income_tax_withheld,text,"2,563.84",": 2,563.84",2 563 84,2 563 84,True,100.0,47.5,success,
1099_nec_2026_000144,1099_nec_2026_000144,1099_nec,test,clean,account_number,identifier,NEC-2026-000144,NEC-2026-000144,NEC2026000144,NEC2026000144,True,100.0,91.0,success,
1099_nec_2026_000144,1099_nec_2026_000144,1099_nec,test,clean,state_tax_withheld,money,411.85,$411.85,411.85,411.85,True,100.0,17.0,success,
1099_nec_2026_000144,1099_nec_2026_000144,1099_nec,test,clean,state_payer_number,identifier,VA-8154895,VACISC95,VA8154895,VACISC95,False,47.06,0.0,success,
1099_nec_2026_000144,1099_nec_2026_000144,1099_nec,test,clean,state_income,money,"50,008.72","$50,008.72",50008.72,50008.72,True,100.0,0.0,success,
1099_nec_2026_000157,1099_nec_2026_000157,1099_nec,test,clean,payer_name,text,RODRIGUEZ-CLARK,RODRIGUEZ-CLARK,RODRIGUEZ CLARK,RODRIGUEZ CLARK,True,100.0,91.0,success,
1099_nec_2026_000157,1099_nec_2026_000157,1099_nec,test,clean,payer_street,text,15566 RAMOS FLATS,15566 RAMOS FLATS,15566 RAMOS FLATS,15566 RAMOS FLATS,True,100.0,96.0,success,
1099_nec_2026_000157,1099_nec_2026_000157,1099_nec,test,clean,payer_city,text,EAST PAUL,EAST PAUL,EAST PAUL,EAST PAUL,True,100.0,95.5,success,
1099_nec_2026_000157,1099_nec_2026_000157,1099_nec,test,clean,payer_state,state,ID,ID S,ID,IDS,False,80.0,32.0,success,
1099_nec_2026_000157,1099_nec_2026_000157,1099_nec,test,clean,payer_zip,text,87776,876,87776,876,False,75.0,45.0,success,
1099_nec_2026_000157,1099_nec_2026_000157,1099_nec,test,clean,payer_tin,identifier,00-4000886,00-4000886,004000886,004000886,True,100.0,92.0,success,
1099_nec_2026_000157,1099_nec_2026_000157,1099_nec,test,clean,recipient_tin,identifier,000-16-7874,000-16-7874,000167874,000167874,True,100.0,92.0,success,
1099_nec_2026_000157,1099_nec_2026_000157,1099_nec,test,clean,recipient_name,text,MARY BURNS,MARY BURNS,MARY BURNS,MARY BURNS,True,100.0,96.0,success,
1099_nec_2026_000157,1099_nec_2026_000157,1099_nec,test,clean,recipient_street,text,0406 MOORE TUNNEL APT. 784,0406 MOORE TUNNEL APT. 784,0406 MOORE TUNNEL APT 784,0406 MOORE TUNNEL APT 784,True,100.0,95.6,success,
1099_nec_2026_000157,1099_nec_2026_000157,1099_nec,test,clean,recipient_city,text,SOUTH DANIEL,SOUTH DANIEL,SOUTH DANIEL,SOUTH DANIEL,True,100.0,96.0,success,
1099_nec_2026_000157,1099_nec_2026_000157,1099_nec,test,clean,recipient_state,state,LA,LA RF,LA,LARF,False,66.67,30.5,success,
1099_nec_2026_000157,1099_nec_2026_000157,1099_nec,test,clean,recipient_zip,text,18942,48942 Sa eR YR Se ee Oe,18942,48942 SA ER YR SE EE OE,False,28.57,31.14,success,
1099_nec_2026_000157,1099_nec_2026_000157,1099_nec,test,clean,nonemployee_compensation,money,"97,873.74","$ 97,873.74",97873.74,97873.74,True,100.0,50.5,success,
1099_nec_2026_000157,1099_nec_2026_000157,1099_nec,test,clean,federal_income_tax_withheld,text,0.00,: 0.00,0 00,0 00,True,100.0,48.0,success,
1099_nec_2026_000157,1099_nec_2026_000157,1099_nec,test,clean,account_number,identifier,NEC-2026-000157,NEC-2026-000157,NEC2026000157,NEC2026000157,True,100.0,90.0,success,
1099_nec_2026_000157,1099_nec_2026_000157,1099_nec,test,clean,state_tax_withheld,money,0.00,,0.00,,False,0.0,0.0,success,
1099_nec_2026_000157,1099_nec_2026_000157,1099_nec,test,clean,state_payer_number,identifier,LA-8486970,L70,LA8486970,L70,False,50.0,0.0,success,
1099_nec_2026_000157,1099_nec_2026_000157,1099_nec,test,clean,state_income,money,"97,873.74","$97,873.74",97873.74,97873.74,True,100.0,20.0,success,
1099_nec_2026_000172,1099_nec_2026_000172,1099_nec,test,clean,payer_name,text,KAISER-CARPENTER,KAISER-CARPENTER,KAISER CARPENTER,KAISER CARPENTER,True,100.0,91.0,success,
1099_nec_2026_000172,1099_nec_2026_000172,1099_nec,test,clean,payer_street,text,4920 BRAUN PRAIRIE,4920 BRAUN PRAIRIE,4920 BRAUN PRAIRIE,4920 BRAUN PRAIRIE,True,100.0,96.33,success,
1099_nec_2026_000172,1099_nec_2026_000172,1099_nec,test,clean,payer_city,text,SOUTH KATELYN,SOUTH KATELYN,SOUTH KATELYN,SOUTH KATELYN,True,100.0,92.5,success,
1099_nec_2026_000172,1099_nec_2026_000172,1099_nec,test,clean,payer_state,state,VT,,VT,,False,0.0,0.0,success,
1099_nec_2026_000172,1099_nec_2026_000172,1099_nec,test,clean,payer_zip,text,75577,75577,75577,75577,True,100.0,61.0,success,
1099_nec_2026_000172,1099_nec_2026_000172,1099_nec,test,clean,payer_tin,identifier,00-6491819,00-6491819,006491819,006491819,True,100.0,91.0,success,
1099_nec_2026_000172,1099_nec_2026_000172,1099_nec,test,clean,recipient_tin,identifier,000-28-2609,000-28-2609,000282609,000282609,True,100.0,91.0,success,
1099_nec_2026_000172,1099_nec_2026_000172,1099_nec,test,clean,recipient_name,text,LORI WANG,LORI WANG,LORI WANG,LORI WANG,True,100.0,95.0,success,
1099_nec_2026_000172,1099_nec_2026_000172,1099_nec,test,clean,recipient_street,text,489 DAVIS PIKE SUITE 285,489 DAVIS PIKE SUITE 285,489 DAVIS PIKE SUITE 285,489 DAVIS PIKE SUITE 285,True,100.0,95.8,success,
1099_nec_2026_000172,1099_nec_2026_000172,1099_nec,test,clean,recipient_city,text,WALSHSHIRE,WALSHSHIRE,WALSHSHIRE,WALSHSHIRE,True,100.0,92.0,success,
1099_nec_2026_000172,1099_nec_2026_000172,1099_nec,test,clean,recipient_state,state,IA,A BP,IA,ABP,False,40.0,35.0,success,
1099_nec_2026_000172,1099_nec_2026_000172,1099_nec,test,clean,recipient_zip,text,19759,49759 So eR Re ee Oe,19759,49759 SO ER RE EE OE,False,32.0,37.67,success,
1099_nec_2026_000172,1099_nec_2026_000172,1099_nec,test,clean,nonemployee_compensation,money,"28,849.96","$ 28,849.96",28849.96,28849.96,True,100.0,45.5,success,
1099_nec_2026_000172,1099_nec_2026_000172,1099_nec,test,clean,federal_income_tax_withheld,text,"3,997.03",": 3,997.03",3 997 03,3 997 03,True,100.0,47.5,success,
1099_nec_2026_000172,1099_nec_2026_000172,1099_nec,test,clean,account_number,identifier,NEC-2026-000172,NEC-2026-000172,NEC2026000172,NEC2026000172,True,100.0,91.0,success,
1099_nec_2026_000172,1099_nec_2026_000172,1099_nec,test,clean,state_tax_withheld,money,0.00,,0.00,,False,0.0,0.0,success,
1099_nec_2026_000172,1099_nec_2026_000172,1099_nec,test,clean,state_payer_number,identifier,IA-3226624,WA2262,IA3226624,WA2262,False,66.67,0.0,success,
1099_nec_2026_000172,1099_nec_2026_000172,1099_nec,test,clean,state_income,money,"28,849.96","$-28,849.96",28849.96,-28849.96,False,94.12,0.0,success,
1099_nec_2026_000193,1099_nec_2026_000193,1099_nec,test,clean,payer_name,text,"VEGA, GARRETT AND TAYLOR","VEGA, GARRETT AND TAYLOR",VEGA GARRETT AND TAYLOR,VEGA GARRETT AND TAYLOR,True,100.0,95.75,success,
1099_nec_2026_000193,1099_nec_2026_000193,1099_nec,test,clean,payer_street,text,95229 BENNETT BROOK APT. 556,95229 BENNETT BROOK APT. 556,95229 BENNETT BROOK APT 556,95229 BENNETT BROOK APT 556,True,100.0,95.0,success,
1099_nec_2026_000193,1099_nec_2026_000193,1099_nec,test,clean,payer_city,text,PORT JUDYTOWN,PORT JUDYTOWN,PORT JUDYTOWN,PORT JUDYTOWN,True,100.0,92.5,success,
1099_nec_2026_000193,1099_nec_2026_000193,1099_nec,test,clean,payer_state,state,AS,AS,AS,AS,True,100.0,0.0,success,
1099_nec_2026_000193,1099_nec_2026_000193,1099_nec,test,clean,payer_zip,text,28631,28631”,28631,28631,True,100.0,43.0,success,
1099_nec_2026_000193,1099_nec_2026_000193,1099_nec,test,clean,payer_tin,identifier,00-8872413,00-8872413,008872413,008872413,True,100.0,92.0,success,
1099_nec_2026_000193,1099_nec_2026_000193,1099_nec,test,clean,recipient_tin,identifier,000-83-6431,000-83-6431,000836431,000836431,True,100.0,91.0,success,
1099_nec_2026_000193,1099_nec_2026_000193,1099_nec,test,clean,recipient_name,text,LAURA REED,LAURA REED,LAURA REED,LAURA REED,True,100.0,96.0,success,
1099_nec_2026_000193,1099_nec_2026_000193,1099_nec,test,clean,recipient_street,text,13712 LEE KNOLLS SUITE 856,13712 LEE KNOLLS SUITE 856,13712 LEE KNOLLS SUITE 856,13712 LEE KNOLLS SUITE 856,True,100.0,95.4,success,
1099_nec_2026_000193,1099_nec_2026_000193,1099_nec,test,clean,recipient_city,text,KATHRYNBERG,KATHRYNBERG,KATHRYNBERG,KATHRYNBERG,True,100.0,92.0,success,
1099_nec_2026_000193,1099_nec_2026_000193,1099_nec,test,clean,recipient_state,state,IL,L OB,IL,LOB,False,40.0,19.0,success,
1099_nec_2026_000193,1099_nec_2026_000193,1099_nec,test,clean,recipient_zip,text,04045,04045 Sa eR YR Se ee Oe,04045,04045 SA ER YR SE EE OE,False,35.71,34.86,success,
1099_nec_2026_000193,1099_nec_2026_000193,1099_nec,test,clean,nonemployee_compensation,money,"92,763.68","5 92,763.68",92763.68,592763.68,False,94.12,73.0,success,
1099_nec_2026_000193,1099_nec_2026_000193,1099_nec,test,clean,federal_income_tax_withheld,text,0.00,: 0.00,0 00,0 00,True,100.0,48.0,success,
1099_nec_2026_000193,1099_nec_2026_000193,1099_nec,test,clean,account_number,identifier,NEC-2026-000193,NEC-2026-000193,NEC2026000193,NEC2026000193,True,100.0,91.0,success,
1099_nec_2026_000193,1099_nec_2026_000193,1099_nec,test,clean,state_tax_withheld,money,0.00,,0.00,,False,0.0,0.0,success,
1099_nec_2026_000193,1099_nec_2026_000193,1099_nec,test,clean,state_payer_number,identifier,IL-5942868,I2,IL5942868,I2,False,36.36,0.0,success,
1099_nec_2026_000193,1099_nec_2026_000193,1099_nec,test,clean,state_income,money,"92,763.68","$-92,763.68",92763.68,-92763.68,False,94.12,0.0,success,
1099_nec_2026_000186,1099_nec_2026_000186,1099_nec,test,clean,payer_name,text,WATSON-HALL,WATSON-HALL,WATSON HALL,WATSON HALL,True,100.0,91.0,success,
1099_nec_2026_000186,1099_nec_2026_000186,1099_nec,test,clean,payer_street,text,32155 JARED ISLANDS,32155 JARED ISLANDS,32155 JARED ISLANDS,32155 JARED ISLANDS,True,100.0,95.67,success,
1099_nec_2026_000186,1099_nec_2026_000186,1099_nec,test,clean,payer_city,text,TIMOTHYHAVEN,TIMOTHYHAVEN,TIMOTHYHAVEN,TIMOTHYHAVEN,True,100.0,92.0,success,
1099_nec_2026_000186,1099_nec_2026_000186,1099_nec,test,clean,payer_state,state,IL,L S,IL,LS,False,50.0,18.0,success,
1099_nec_2026_000186,1099_nec_2026_000186,1099_nec,test,clean,payer_zip,text,83524,835240,83524,835240,False,90.91,35.0,success,
1099_nec_2026_000186,1099_nec_2026_000186,1099_nec,test,clean,payer_tin,identifier,00-1891328,00-1891328,001891328,001891328,True,100.0,91.0,success,
1099_nec_2026_000186,1099_nec_2026_000186,1099_nec,test,clean,recipient_tin,identifier,000-10-6885,000-10-6885,000106885,000106885,True,100.0,92.0,success,
1099_nec_2026_000186,1099_nec_2026_000186,1099_nec,test,clean,recipient_name,text,KRISTI WHITE,KRISTI WHITE,KRISTI WHITE,KRISTI WHITE,True,100.0,88.0,success,
1099_nec_2026_000186,1099_nec_2026_000186,1099_nec,test,clean,recipient_street,text,4488 CRUZ RIVER,4488 CRUZ RIVER,4488 CRUZ RIVER,4488 CRUZ RIVER,True,100.0,95.33,success,
1099_nec_2026_000186,1099_nec_2026_000186,1099_nec,test,clean,recipient_city,text,THOMASBURY,THOMASBURY,THOMASBURY,THOMASBURY,True,100.0,93.0,success,
1099_nec_2026_000186,1099_nec_2026_000186,1099_nec,test,clean,recipient_state,state,NE,NE BP,NE,NEBP,False,66.67,17.5,success,
1099_nec_2026_000186,1099_nec_2026_000186,1099_nec,test,clean,recipient_zip,text,59352,59352 Sa eR YR Se ee Oe,59352,59352 SA ER YR SE EE OE,False,35.71,33.86,success,
1099_nec_2026_000186,1099_nec_2026_000186,1099_nec,test,clean,nonemployee_compensation,money,"100,765.36","$ 100,765.36",100765.36,100765.36,True,100.0,48.0,success,
1099_nec_2026_000186,1099_nec_2026_000186,1099_nec,test,clean,federal_income_tax_withheld,text,"14,909.57",": 14,909.57",14 909 57,14 909 57,True,100.0,49.0,success,
1099_nec_2026_000186,1099_nec_2026_000186,1099_nec,test,clean,account_number,identifier,NEC-2026-000186,NEC-2026-000186,NEC2026000186,NEC2026000186,True,100.0,91.0,success,
1099_nec_2026_000186,1099_nec_2026_000186,1099_nec,test,clean,state_tax_withheld,money,771.19,$.,771.19,.,False,28.57,0.0,success,
1099_nec_2026_000186,1099_nec_2026_000186,1099_nec,test,clean,state_payer_number,identifier,NE-4946691,NES,NE4946691,NES,False,33.33,0.0,success,
1099_nec_2026_000186,1099_nec_2026_000186,1099_nec,test,clean,state_income,money,"100,765.36","$100,765.36",100765.36,100765.36,True,100.0,0.0,success,
1099_nec_2026_000200,1099_nec_2026_000200,1099_nec,test,clean,payer_name,text,"HO, DUNCAN AND ALEXANDER","HO, DUNCAN AND ALEXANDER",HO DUNCAN AND ALEXANDER,HO DUNCAN AND ALEXANDER,True,100.0,95.5,success,
1099_nec_2026_000200,1099_nec_2026_000200,1099_nec,test,clean,payer_street,text,0820 JORDAN CAPE SUITE 757,0820 JORDAN CAPE SUITE 757,0820 JORDAN CAPE SUITE 757,0820 JORDAN CAPE SUITE 757,True,100.0,96.2,success,
1099_nec_2026_000200,1099_nec_2026_000200,1099_nec,test,clean,payer_city,text,PORT MEGANBOROUGH,PORT MEGANBOROUGH,PORT MEGANBOROUGH,PORT MEGANBOROUGH,True,100.0,92.5,success,
1099_nec_2026_000200,1099_nec_2026_000200,1099_nec,test,clean,payer_state,state,MS,MS P,MS,MSP,False,80.0,0.0,success,
1099_nec_2026_000200,1099_nec_2026_000200,1099_nec,test,clean,payer_zip,text,74350,7435000 2 2,74350,7435000 2 2,False,62.5,48.33,success,
1099_nec_2026_000200,1099_nec_2026_000200,1099_nec,test,clean,payer_tin,identifier,00-8244164,00-8244164,008244164,008244164,True,100.0,91.0,success,
1099_nec_2026_000200,1099_nec_2026_000200,1099_nec,test,clean,recipient_tin,identifier,000-88-5466,000-88-5466,000885466,000885466,True,100.0,92.0,success,
1099_nec_2026_000200,1099_nec_2026_000200,1099_nec,test,clean,recipient_name,text,KYLE DAVIS,KYLE DAVIS,KYLE DAVIS,KYLE DAVIS,True,100.0,96.0,success,
1099_nec_2026_000200,1099_nec_2026_000200,1099_nec,test,clean,recipient_street,text,87942 CASTRO PARKWAYS,87942 CASTRO PARKWAYS,87942 CASTRO PARKWAYS,87942 CASTRO PARKWAYS,True,100.0,94.0,success,
1099_nec_2026_000200,1099_nec_2026_000200,1099_nec,test,clean,recipient_city,text,SOUTH JESSICA,SOUTH JESSICA,SOUTH JESSICA,SOUTH JESSICA,True,100.0,96.0,success,
1099_nec_2026_000200,1099_nec_2026_000200,1099_nec,test,clean,recipient_state,state,MO,MO SP,MO,MOSP,False,66.67,20.5,success,
1099_nec_2026_000200,1099_nec_2026_000200,1099_nec,test,clean,recipient_zip,text,76338,76338 Sa eR YR Se ee Oe,76338,76338 SA ER YR SE EE OE,False,35.71,34.57,success,
1099_nec_2026_000200,1099_nec_2026_000200,1099_nec,test,clean,nonemployee_compensation,money,"117,567.63","$ 117,567.63",117567.63,117567.63,True,100.0,49.0,success,
1099_nec_2026_000200,1099_nec_2026_000200,1099_nec,test,clean,federal_income_tax_withheld,text,0.00,: 0.00,0 00,0 00,True,100.0,48.0,success,
1099_nec_2026_000200,1099_nec_2026_000200,1099_nec,test,clean,account_number,identifier,NEC-2026-000200,NEC-2026-000200,NEC2026000200,NEC2026000200,True,100.0,91.0,success,
1099_nec_2026_000200,1099_nec_2026_000200,1099_nec,test,clean,state_tax_withheld,money,"3,747.77","$8,747.77",3747.77,8747.77,False,85.71,37.0,success,
1099_nec_2026_000200,1099_nec_2026_000200,1099_nec,test,clean,state_payer_number,identifier,MO-5283960,MO000,MO5283960,MO000,False,42.86,0.0,success,
1099_nec_2026_000200,1099_nec_2026_000200,1099_nec,test,clean,state_income,money,"117,567.63","$117,567.63",117567.63,117567.63,True,100.0,18.0,success,
1099_nec_2026_000204,1099_nec_2026_000204,1099_nec,test,clean,payer_name,text,"HUBER, BLAIR AND CLINE","HUBER, BLAIR AND CLINE",HUBER BLAIR AND CLINE,HUBER BLAIR AND CLINE,True,100.0,96.0,success,
1099_nec_2026_000204,1099_nec_2026_000204,1099_nec,test,clean,payer_street,text,214 SCOTT LOOP APT. 359,214 SCOTT LOOP APT. 359,214 SCOTT LOOP APT 359,214 SCOTT LOOP APT 359,True,100.0,95.6,success,
1099_nec_2026_000204,1099_nec_2026_000204,1099_nec,test,clean,payer_city,text,SOUTH COURTNEY,SOUTH COURTNEY,SOUTH COURTNEY,SOUTH COURTNEY,True,100.0,95.5,success,
1099_nec_2026_000204,1099_nec_2026_000204,1099_nec,test,clean,payer_state,state,KS,KS,KS,KS,True,100.0,20.0,success,
1099_nec_2026_000204,1099_nec_2026_000204,1099_nec,test,clean,payer_zip,text,72055,720085,72055,720085,False,72.73,49.0,success,
1099_nec_2026_000204,1099_nec_2026_000204,1099_nec,test,clean,payer_tin,identifier,00-5636946,00-5636946,005636946,005636946,True,100.0,92.0,success,
1099_nec_2026_000204,1099_nec_2026_000204,1099_nec,test,clean,recipient_tin,identifier,000-64-6298,000-64-6298,000646298,000646298,True,100.0,91.0,success,
1099_nec_2026_000204,1099_nec_2026_000204,1099_nec,test,clean,recipient_name,text,MATTHEW WILLIAMSON,MATTHEW WILLIAMSON,MATTHEW WILLIAMSON,MATTHEW WILLIAMSON,True,100.0,95.0,success,
1099_nec_2026_000204,1099_nec_2026_000204,1099_nec,test,clean,recipient_street,text,969 COLLINS PARKWAYS,969 COLLINS PARKWAYS,969 COLLINS PARKWAYS,969 COLLINS PARKWAYS,True,100.0,94.0,success,
1099_nec_2026_000204,1099_nec_2026_000204,1099_nec,test,clean,recipient_city,text,BRADLEYLAND,BRADLEYLAND,BRADLEYLAND,BRADLEYLAND,True,100.0,92.0,success,
1099_nec_2026_000204,1099_nec_2026_000204,1099_nec,test,clean,recipient_state,state,MD,MD SB,MD,MDSB,False,66.67,11.5,success,
1099_nec_2026_000204,1099_nec_2026_000204,1099_nec,test,clean,recipient_zip,text,45102,451 02 So eR Re ee Oe,45102,451 02 SO ER RE EE OE,False,38.46,43.0,success,
1099_nec_2026_000204,1099_nec_2026_000204,1099_nec,test,clean,nonemployee_compensation,money,"119,711.31","$ 119,711.31",119711.31,119711.31,True,100.0,48.0,success,
1099_nec_2026_000204,1099_nec_2026_000204,1099_nec,test,clean,federal_income_tax_withheld,text,"5,289.48",": 5,289.48",5 289 48,5 289 48,True,100.0,47.5,success,
1099_nec_2026_000204,1099_nec_2026_000204,1099_nec,test,clean,account_number,identifier,NEC-2026-000204,NEC-2026-000204,NEC2026000204,NEC2026000204,True,100.0,92.0,success,
1099_nec_2026_000204,1099_nec_2026_000204,1099_nec,test,clean,state_tax_withheld,money,0.00,,0.00,,False,0.0,0.0,success,
1099_nec_2026_000204,1099_nec_2026_000204,1099_nec,test,clean,state_payer_number,identifier,MD-2046686,MD-204668600,MD2046686,MD204668600,False,90.0,0.0,success,
1099_nec_2026_000204,1099_nec_2026_000204,1099_nec,test,clean,state_income,money,"119,711.31","$119,711.31",119711.31,119711.31,True,100.0,48.0,success,
1099_nec_2026_000212,1099_nec_2026_000212,1099_nec,test,clean,payer_name,text,"WONG, VARGAS AND MARTIN","WONG, VARGAS AND MARTIN",WONG VARGAS AND MARTIN,WONG VARGAS AND MARTIN,True,100.0,95.75,success,
1099_nec_2026_000212,1099_nec_2026_000212,1099_nec,test,clean,payer_street,text,91218 JOHNSON VIADUCT,91218 JOHNSON VIADUCT,91218 JOHNSON VIADUCT,91218 JOHNSON VIADUCT,True,100.0,95.67,success,
1099_nec_2026_000212,1099_nec_2026_000212,1099_nec,test,clean,payer_city,text,NEW JASON,NEW JASON,NEW JASON,NEW JASON,True,100.0,96.0,success,
1099_nec_2026_000212,1099_nec_2026_000212,1099_nec,test,clean,payer_state,state,HI,TT S,HI,TTS,False,0.0,19.5,success,
1099_nec_2026_000212,1099_nec_2026_000212,1099_nec,test,clean,payer_zip,text,68275,68275,68275,68275,True,100.0,46.0,success,
1099_nec_2026_000212,1099_nec_2026_000212,1099_nec,test,clean,payer_tin,identifier,00-4551370,00-4551370,004551370,004551370,True,100.0,92.0,success,
1099_nec_2026_000212,1099_nec_2026_000212,1099_nec,test,clean,recipient_tin,identifier,000-93-9570,000-93-9570,000939570,000939570,True,100.0,91.0,success,
1099_nec_2026_000212,1099_nec_2026_000212,1099_nec,test,clean,recipient_name,text,TAMMY JOSEPH,TAMMY JOSEPH,TAMMY JOSEPH,TAMMY JOSEPH,True,100.0,96.0,success,
1099_nec_2026_000212,1099_nec_2026_000212,1099_nec,test,clean,recipient_street,text,21010 JERRY ALLEY,21010 JERRY ALLEY,21010 JERRY ALLEY,21010 JERRY ALLEY,True,100.0,96.0,success,
1099_nec_2026_000212,1099_nec_2026_000212,1099_nec,test,clean,recipient_city,text,NORTH HEATHERFURT,NORTH HEATHERFURT,NORTH HEATHERFURT,NORTH HEATHERFURT,True,100.0,93.0,success,
1099_nec_2026_000212,1099_nec_2026_000212,1099_nec,test,clean,recipient_state,state,NH,NH R,NH,NHR,False,80.0,23.5,success,
1099_nec_2026_000212,1099_nec_2026_000212,1099_nec,test,clean,recipient_zip,text,57382,57389 Sa eR YR Se ee Oe,57382,57389 SA ER YR SE EE OE,False,28.57,31.86,success,
1099_nec_2026_000212,1099_nec_2026_000212,1099_nec,test,clean,nonemployee_compensation,money,"5,754.53","$ 5,754.53",5754.53,5754.53,True,100.0,53.5,success,
1099_nec_2026_000212,1099_nec_2026_000212,1099_nec,test,clean,federal_income_tax_withheld,text,48.39,: 48.39,48 39,48 39,True,100.0,47.0,success,
1099_nec_2026_000212,1099_nec_2026_000212,1099_nec,test,clean,account_number,identifier,NEC-2026-000212,NEC-2026-000212,NEC2026000212,NEC2026000212,True,100.0,91.0,success,
1099_nec_2026_000212,1099_nec_2026_000212,1099_nec,test,clean,state_tax_withheld,money,0.00,,0.00,,False,0.0,0.0,success,
1099_nec_2026_000212,1099_nec_2026_000212,1099_nec,test,clean,state_payer_number,identifier,NH-3499027,N0,NH3499027,N0,False,36.36,0.0,success,
1099_nec_2026_000212,1099_nec_2026_000212,1099_nec,test,clean,state_income,money,"5,754.53","$9,754.53.",5754.53,9754.53,False,85.71,24.0,success,
1099_nec_2026_000207,1099_nec_2026_000207,1099_nec,test,clean,payer_name,text,BENSON-WELLS,BENSON-WELLS,BENSON WELLS,BENSON WELLS,True,100.0,90.0,success,
1099_nec_2026_000207,1099_nec_2026_000207,1099_nec,test,clean,payer_street,text,59160 CHRISTIAN HARBORS APT. 158,59160 CHRISTIAN HARBORS APT. 158,59160 CHRISTIAN HARBORS APT 158,59160 CHRISTIAN HARBORS APT 158,True,100.0,96.0,success,
1099_nec_2026_000207,1099_nec_2026_000207,1099_nec,test,clean,payer_city,text,AMANDAHAVEN,AMANDAHAVEN,AMANDAHAVEN,AMANDAHAVEN,True,100.0,92.0,success,
1099_nec_2026_000207,1099_nec_2026_000207,1099_nec,test,clean,payer_state,state,SC,SC,SC,SC,True,100.0,61.0,success,
1099_nec_2026_000207,1099_nec_2026_000207,1099_nec,test,clean,payer_zip,text,51389,513889,51389,513889,False,90.91,66.0,success,
1099_nec_2026_000207,1099_nec_2026_000207,1099_nec,test,clean,payer_tin,identifier,00-9646691,00-9646691,009646691,009646691,True,100.0,91.0,success,
1099_nec_2026_000207,1099_nec_2026_000207,1099_nec,test,clean,recipient_tin,identifier,000-72-8833,000-72-8833,000728833,000728833,True,100.0,92.0,success,
1099_nec_2026_000207,1099_nec_2026_000207,1099_nec,test,clean,recipient_name,text,ABIGAIL STRONG DDS,ABIGAIL STRONG DDS,ABIGAIL STRONG DDS,ABIGAIL STRONG DDS,True,100.0,95.33,success,
1099_nec_2026_000207,1099_nec_2026_000207,1099_nec,test,clean,recipient_street,text,9867 FREY CROSSROAD,9867 FREY CROSSROAD,9867 FREY CROSSROAD,9867 FREY CROSSROAD,True,100.0,96.0,success,
1099_nec_2026_000207,1099_nec_2026_000207,1099_nec,test,clean,recipient_city,text,PORT CHRISTIAN,PORT CHRISTIAN,PORT CHRISTIAN,PORT CHRISTIAN,True,100.0,96.0,success,
1099_nec_2026_000207,1099_nec_2026_000207,1099_nec,test,clean,recipient_state,state,OK,OK BR,OK,OKBR,False,66.67,23.0,success,
1099_nec_2026_000207,1099_nec_2026_000207,1099_nec,test,clean,recipient_zip,text,78557,78557 Sa eR YR Se ee Oe,78557,78557 SA ER YR SE EE OE,False,35.71,34.71,success,
1099_nec_2026_000207,1099_nec_2026_000207,1099_nec,test,clean,nonemployee_compensation,money,"114,502.35","$ 114,502.35",114502.35,114502.35,True,100.0,50.5,success,
1099_nec_2026_000207,1099_nec_2026_000207,1099_nec,test,clean,federal_income_tax_withheld,text,0.00,: 0.00,0 00,0 00,True,100.0,48.0,success,
1099_nec_2026_000207,1099_nec_2026_000207,1099_nec,test,clean,account_number,identifier,NEC-2026-000207,NEC-2026-000207,NEC2026000207,NEC2026000207,True,100.0,92.0,success,
1099_nec_2026_000207,1099_nec_2026_000207,1099_nec,test,clean,state_tax_withheld,money,"2,265.98","$2,265.98",2265.98,2265.98,True,100.0,16.0,success,
1099_nec_2026_000207,1099_nec_2026_000207,1099_nec,test,clean,state_payer_number,identifier,OK-2176077,CRCOTF,OK2176077,CRCOTF,False,13.33,0.0,success,
1099_nec_2026_000207,1099_nec_2026_000207,1099_nec,test,clean,state_income,money,"114,502.35","$114,502.35",114502.35,114502.35,True,100.0,20.0,success,
1099_nec_2026_000220,1099_nec_2026_000220,1099_nec,test,clean,payer_name,text,SCOTT-GALLAGHER,SCOTT-GALLAGHER,SCOTT GALLAGHER,SCOTT GALLAGHER,True,100.0,90.0,success,
1099_nec_2026_000220,1099_nec_2026_000220,1099_nec,test,clean,payer_street,text,2680 ATKINS PLAINS,2680 ATKINS PLAINS,2680 ATKINS PLAINS,2680 ATKINS PLAINS,True,100.0,95.33,success,
1099_nec_2026_000220,1099_nec_2026_000220,1099_nec,test,clean,payer_city,text,WILLIAMSCHESTER,WILLIAMSCHESTER,WILLIAMSCHESTER,WILLIAMSCHESTER,True,100.0,92.0,success,
1099_nec_2026_000220,1099_nec_2026_000220,1099_nec,test,clean,payer_state,state,NV,NV,NV,NV,True,100.0,64.0,success,
1099_nec_2026_000220,1099_nec_2026_000220,1099_nec,test,clean,payer_zip,text,25897,25897,25897,25897,True,100.0,63.0,success,
1099_nec_2026_000220,1099_nec_2026_000220,1099_nec,test,clean,payer_tin,identifier,00-4678843,00-4678843,004678843,004678843,True,100.0,92.0,success,
1099_nec_2026_000220,1099_nec_2026_000220,1099_nec,test,clean,recipient_tin,identifier,000-69-4409,000-69-4409,000694409,000694409,True,100.0,91.0,success,
1099_nec_2026_000220,1099_nec_2026_000220,1099_nec,test,clean,recipient_name,text,COLLEEN ROBBINS,COLLEEN ROBBINS,COLLEEN ROBBINS,COLLEEN ROBBINS,True,100.0,96.0,success,
1099_nec_2026_000220,1099_nec_2026_000220,1099_nec,test,clean,recipient_street,text,8838 PONCE ISLAND APT. 646,8838 PONCE ISLAND APT. 646,8838 PONCE ISLAND APT 646,8838 PONCE ISLAND APT 646,True,100.0,95.4,success,
1099_nec_2026_000220,1099_nec_2026_000220,1099_nec,test,clean,recipient_city,text,NEW BRANDON,NEW BRANDON,NEW BRANDON,NEW BRANDON,True,100.0,96.0,success,
1099_nec_2026_000220,1099_nec_2026_000220,1099_nec,test,clean,recipient_state,state,MA,MA SP,MA,MASP,False,66.67,24.5,success,
1099_nec_2026_000220,1099_nec_2026_000220,1099_nec,test,clean,recipient_zip,text,07457,07457 So eR Re ee Oe,07457,07457 SO ER RE EE OE,False,40.0,39.33,success,
1099_nec_2026_000220,1099_nec_2026_000220,1099_nec,test,clean,nonemployee_compensation,money,"106,837.70","$ 106,837.70",106837.70,106837.70,True,100.0,48.0,success,
1099_nec_2026_000220,1099_nec_2026_000220,1099_nec,test,clean,federal_income_tax_withheld,text,0.00,: 0.00,0 00,0 00,True,100.0,48.0,success,
1099_nec_2026_000220,1099_nec_2026_000220,1099_nec,test,clean,account_number,identifier,NEC-2026-000220,NEC-2026-000220,NEC2026000220,NEC2026000220,True,100.0,91.0,success,
1099_nec_2026_000220,1099_nec_2026_000220,1099_nec,test,clean,state_tax_withheld,money,0.00,,0.00,,False,0.0,0.0,success,
1099_nec_2026_000220,1099_nec_2026_000220,1099_nec,test,clean,state_payer_number,identifier,MA-3503452,MA20,MA3503452,MA20,False,46.15,0.0,success,
1099_nec_2026_000220,1099_nec_2026_000220,1099_nec,test,clean,state_income,money,"106,837.70","$-106,837.70",106837.70,-106837.70,False,94.74,0.0,success,
1099_nec_2026_000230,1099_nec_2026_000230,1099_nec,test,clean,payer_name,text,WILKINSON LTD,WILKINSON LTD,WILKINSON LTD,WILKINSON LTD,True,100.0,96.0,success,
1099_nec_2026_000230,1099_nec_2026_000230,1099_nec,test,clean,payer_street,text,96622 LAURIE FLATS APT. 670,96622 LAURIE FLATS APT. 670,96622 LAURIE FLATS APT 670,96622 LAURIE FLATS APT 670,True,100.0,95.6,success,
1099_nec_2026_000230,1099_nec_2026_000230,1099_nec,test,clean,payer_city,text,WEST RICHARDSTAD,WEST RICHARDSTAD,WEST RICHARDSTAD,WEST RICHARDSTAD,True,100.0,91.0,success,
1099_nec_2026_000230,1099_nec_2026_000230,1099_nec,test,clean,payer_state,state,MP,MP P,MP,MPP,False,80.0,21.0,success,
1099_nec_2026_000230,1099_nec_2026_000230,1099_nec,test,clean,payer_zip,text,55247,552470,55247,552470,False,90.91,45.0,success,
1099_nec_2026_000230,1099_nec_2026_000230,1099_nec,test,clean,payer_tin,identifier,00-7214624,00-7214624,007214624,007214624,True,100.0,91.0,success,
1099_nec_2026_000230,1099_nec_2026_000230,1099_nec,test,clean,recipient_tin,identifier,000-90-8607,000-90-8607,000908607,000908607,True,100.0,90.0,success,
1099_nec_2026_000230,1099_nec_2026_000230,1099_nec,test,clean,recipient_name,text,SUSAN STEVENS,SUSAN STEVENS,SUSAN STEVENS,SUSAN STEVENS,True,100.0,95.5,success,
1099_nec_2026_000230,1099_nec_2026_000230,1099_nec,test,clean,recipient_street,text,3621 COX CIRCLE,3621 COX CIRCLE,3621 COX CIRCLE,3621 COX CIRCLE,True,100.0,95.33,success,
1099_nec_2026_000230,1099_nec_2026_000230,1099_nec,test,clean,recipient_city,text,BIANCAVIEW,BIANCAVIEW,BIANCAVIEW,BIANCAVIEW,True,100.0,92.0,success,
1099_nec_2026_000230,1099_nec_2026_000230,1099_nec,test,clean,recipient_state,state,ME,ME SP,ME,MESP,False,66.67,21.5,success,
1099_nec_2026_000230,1099_nec_2026_000230,1099_nec,test,clean,recipient_zip,text,86487,86487 Sa eR YR Se ee Oe,86487,86487 SA ER YR SE EE OE,False,35.71,34.86,success,
1099_nec_2026_000230,1099_nec_2026_000230,1099_nec,test,clean,nonemployee_compensation,money,"80,806.12","5 80,806.12",80806.12,580806.12,False,94.12,74.0,success,
1099_nec_2026_000230,1099_nec_2026_000230,1099_nec,test,clean,federal_income_tax_withheld,text,0.00,: 0.00,0 00,0 00,True,100.0,48.0,success,
1099_nec_2026_000230,1099_nec_2026_000230,1099_nec,test,clean,account_number,identifier,NEC-2026-000230,NEC-2026-000230,NEC2026000230,NEC2026000230,True,100.0,92.0,success,
1099_nec_2026_000230,1099_nec_2026_000230,1099_nec,test,clean,state_tax_withheld,money,0.00,,0.00,,False,0.0,0.0,success,
1099_nec_2026_000230,1099_nec_2026_000230,1099_nec,test,clean,state_payer_number,identifier,ME-2186125,ME216125,ME2186125,ME216125,False,94.12,0.0,success,
1099_nec_2026_000230,1099_nec_2026_000230,1099_nec,test,clean,state_income,money,"80,806.12","$80,806.12",80806.12,80806.12,True,100.0,0.0,success,
1099_nec_2026_000229,1099_nec_2026_000229,1099_nec,test,clean,payer_name,text,ROBBINS-WILLIAMS,ROBBINS-WILLIAMS,ROBBINS WILLIAMS,ROBBINS WILLIAMS,True,100.0,91.0,success,
1099_nec_2026_000229,1099_nec_2026_000229,1099_nec,test,clean,payer_street,text,165 RICHARD LOCKS,165 RICHARD LOCKS,165 RICHARD LOCKS,165 RICHARD LOCKS,True,100.0,96.0,success,
1099_nec_2026_000229,1099_nec_2026_000229,1099_nec,test,clean,payer_city,text,NORTH EVELYN,NORTH EVELYN,NORTH EVELYN,NORTH EVELYN,True,100.0,96.0,success,
1099_nec_2026_000229,1099_nec_2026_000229,1099_nec,test,clean,payer_state,state,GU,GU,GU,GU,True,100.0,4.0,success,
1099_nec_2026_000229,1099_nec_2026_000229,1099_nec,test,clean,payer_zip,text,08029,08029,08029,08029,True,100.0,50.0,success,
1099_nec_2026_000229,1099_nec_2026_000229,1099_nec,test,clean,payer_tin,identifier,00-6114309,00-6114309,006114309,006114309,True,100.0,91.0,success,
1099_nec_2026_000229,1099_nec_2026_000229,1099_nec,test,clean,recipient_tin,identifier,000-30-8524,000-30-8524,000308524,000308524,True,100.0,92.0,success,
1099_nec_2026_000229,1099_nec_2026_000229,1099_nec,test,clean,recipient_name,text,RICKY HALL,RICKY HALL,RICKY HALL,RICKY HALL,True,100.0,96.0,success,
1099_nec_2026_000229,1099_nec_2026_000229,1099_nec,test,clean,recipient_street,text,7569 CHERYL FORK APT. 102,7569 CHERYL FORK APT. 102,7569 CHERYL FORK APT 102,7569 CHERYL FORK APT 102,True,100.0,96.0,success,
1099_nec_2026_000229,1099_nec_2026_000229,1099_nec,test,clean,recipient_city,text,SOUTH FELICIALAND,SOUTH FELICIALAND,SOUTH FELICIALAND,SOUTH FELICIALAND,True,100.0,93.5,success,
1099_nec_2026_000229,1099_nec_2026_000229,1099_nec,test,clean,recipient_state,state,NJ,NU R,NJ,NUR,False,40.0,23.5,success,
1099_nec_2026_000229,1099_nec_2026_000229,1099_nec,test,clean,recipient_zip,text,39630,39630 Sa eR YR Se ee Oe,39630,39630 SA ER YR SE EE OE,False,35.71,34.86,success,
1099_nec_2026_000229,1099_nec_2026_000229,1099_nec,test,clean,nonemployee_compensation,money,"25,265.37","$ 25,265.37",25265.37,25265.37,True,100.0,48.0,success,
1099_nec_2026_000229,1099_nec_2026_000229,1099_nec,test,clean,federal_income_tax_withheld,text,0.00,: 0.00,0 00,0 00,True,100.0,48.0,success,
1099_nec_2026_000229,1099_nec_2026_000229,1099_nec,test,clean,account_number,identifier,NEC-2026-000229,NEC-2026-000229,NEC2026000229,NEC2026000229,True,100.0,91.0,success,
1099_nec_2026_000229,1099_nec_2026_000229,1099_nec,test,clean,state_tax_withheld,money,"1,514.33","$1,814.33",1514.33,1814.33,False,85.71,17.0,success,
1099_nec_2026_000229,1099_nec_2026_000229,1099_nec,test,clean,state_payer_number,identifier,NJ-1409590,NMOS,NJ1409590,NMOS,False,15.38,9.0,success,
1099_nec_2026_000229,1099_nec_2026_000229,1099_nec,test,clean,state_income,money,"25,265.37","$28,265.37",25265.37,28265.37,False,87.5,20.0,success,
1099_nec_2026_000236,1099_nec_2026_000236,1099_nec,test,clean,payer_name,text,BATES-DOUGHERTY,BATES-DOUGHERTY,BATES DOUGHERTY,BATES DOUGHERTY,True,100.0,90.0,success,
1099_nec_2026_000236,1099_nec_2026_000236,1099_nec,test,clean,payer_street,text,0943 KAYLA FORGE,0943 KAYLA FORGE,0943 KAYLA FORGE,0943 KAYLA FORGE,True,100.0,96.0,success,
1099_nec_2026_000236,1099_nec_2026_000236,1099_nec,test,clean,payer_city,text,RICELAND,RICELAND —,RICELAND,RICELAND,True,100.0,19.0,success,
1099_nec_2026_000236,1099_nec_2026_000236,1099_nec,test,clean,payer_state,state,NM,NM P,NM,NMP,False,80.0,28.0,success,
1099_nec_2026_000236,1099_nec_2026_000236,1099_nec,test,clean,payer_zip,text,22059,220089,22059,220089,False,72.73,67.0,success,
1099_nec_2026_000236,1099_nec_2026_000236,1099_nec,test,clean,payer_tin,identifier,00-4426849,00-4426849,004426849,004426849,True,100.0,92.0,success,
1099_nec_2026_000236,1099_nec_2026_000236,1099_nec,test,clean,recipient_tin,identifier,000-76-1371,000-76-1371,000761371,000761371,True,100.0,91.0,success,
1099_nec_2026_000236,1099_nec_2026_000236,1099_nec,test,clean,recipient_name,text,CHRISTINA GONZALEZ,CHRISTINA GONZALEZ,CHRISTINA GONZALEZ,CHRISTINA GONZALEZ,True,100.0,96.0,success,
1099_nec_2026_000236,1099_nec_2026_000236,1099_nec,test,clean,recipient_street,text,2862 CAROLYN FERRY SUITE 352,2862 CAROLYN FERRY SUITE 352,2862 CAROLYN FERRY SUITE 352,2862 CAROLYN FERRY SUITE 352,True,100.0,96.0,success,
1099_nec_2026_000236,1099_nec_2026_000236,1099_nec,test,clean,recipient_city,text,TAMMYSTAD,TAMMYSTAD,TAMMYSTAD,TAMMYSTAD,True,100.0,92.0,success,
1099_nec_2026_000236,1099_nec_2026_000236,1099_nec,test,clean,recipient_state,state,GU,GU I,GU,GUI,False,80.0,15.0,success,
1099_nec_2026_000236,1099_nec_2026_000236,1099_nec,test,clean,recipient_zip,text,86913,86913 Sa eR YR Se ee Oe,86913,86913 SA ER YR SE EE OE,False,35.71,33.57,success,
1099_nec_2026_000236,1099_nec_2026_000236,1099_nec,test,clean,nonemployee_compensation,money,"15,909.61","$ 15,909.61",15909.61,15909.61,True,100.0,53.5,success,
1099_nec_2026_000236,1099_nec_2026_000236,1099_nec,test,clean,federal_income_tax_withheld,text,658.52,: 658.52,658 52,658 52,True,100.0,48.0,success,
1099_nec_2026_000236,1099_nec_2026_000236,1099_nec,test,clean,account_number,identifier,NEC-2026-000236,NEC-2026-000236,NEC2026000236,NEC2026000236,True,100.0,91.0,success,
1099_nec_2026_000236,1099_nec_2026_000236,1099_nec,test,clean,state_tax_withheld,money,0.00,,0.00,,False,0.0,0.0,success,
1099_nec_2026_000236,1099_nec_2026_000236,1099_nec,test,clean,state_payer_number,identifier,GU-3215051,G2,GU3215051,G2,False,36.36,0.0,success,
1099_nec_2026_000236,1099_nec_2026_000236,1099_nec,test,clean,state_income,money,"15,909.61","$-15,909.61",15909.61,-15909.61,False,94.12,0.0,success,
1099_nec_2026_000245,1099_nec_2026_000245,1099_nec,test,clean,payer_name,text,ANDERSON-VAZQUEZ,ANDERSON-VAZQUEZ,ANDERSON VAZQUEZ,ANDERSON VAZQUEZ,True,100.0,90.0,success,
1099_nec_2026_000245,1099_nec_2026_000245,1099_nec,test,clean,payer_street,text,0754 LEE ROADS,0754 LEE ROADS,0754 LEE ROADS,0754 LEE ROADS,True,100.0,96.0,success,
1099_nec_2026_000245,1099_nec_2026_000245,1099_nec,test,clean,payer_city,text,WOODFORT,WOODFORT,WOODFORT,WOODFORT,True,100.0,92.0,success,
1099_nec_2026_000245,1099_nec_2026_000245,1099_nec,test,clean,payer_state,state,AS,AS,AS,AS,True,100.0,0.0,success,
1099_nec_2026_000245,1099_nec_2026_000245,1099_nec,test,clean,payer_zip,text,77257,77287,77257,77287,False,80.0,57.0,success,
1099_nec_2026_000245,1099_nec_2026_000245,1099_nec,test,clean,payer_tin,identifier,00-7057663,00-7057663,007057663,007057663,True,100.0,92.0,success,
1099_nec_2026_000245,1099_nec_2026_000245,1099_nec,test,clean,recipient_tin,identifier,000-60-3423,000-60-3423,000603423,000603423,True,100.0,90.0,success,
1099_nec_2026_000245,1099_nec_2026_000245,1099_nec,test,clean,recipient_name,text,RICHARD JOHNSON,RICHARD JOHNSON,RICHARD JOHNSON,RICHARD JOHNSON,True,100.0,95.0,success,
1099_nec_2026_000245,1099_nec_2026_000245,1099_nec,test,clean,recipient_street,text,44964 HICKMAN DRIVE,44964 HICKMAN DRIVE,44964 HICKMAN DRIVE,44964 HICKMAN DRIVE,True,100.0,96.0,success,
1099_nec_2026_000245,1099_nec_2026_000245,1099_nec,test,clean,recipient_city,text,NEW BRIAN,NEW BRIAN,NEW BRIAN,NEW BRIAN,True,100.0,93.5,success,
1099_nec_2026_000245,1099_nec_2026_000245,1099_nec,test,clean,recipient_state,state,AK,AK BR,AK,AKBR,False,66.67,37.5,success,
1099_nec_2026_000245,1099_nec_2026_000245,1099_nec,test,clean,recipient_zip,text,19039,49039 Sa eR YR Se ee Oe,19039,49039 SA ER YR SE EE OE,False,28.57,34.0,success,
1099_nec_2026_000245,1099_nec_2026_000245,1099_nec,test,clean,nonemployee_compensation,money,"69,173.30","$ 69,173.30",69173.30,69173.30,True,100.0,48.0,success,
1099_nec_2026_000245,1099_nec_2026_000245,1099_nec,test,clean,federal_income_tax_withheld,text,"3,297.05",": 3,297.05",3 297 05,3 297 05,True,100.0,47.0,success,
1099_nec_2026_000245,1099_nec_2026_000245,1099_nec,test,clean,account_number,identifier,NEC-2026-000245,NEC-2026-000245,NEC2026000245,NEC2026000245,True,100.0,91.0,success,
1099_nec_2026_000245,1099_nec_2026_000245,1099_nec,test,clean,state_tax_withheld,money,0.00,,0.00,,False,0.0,0.0,success,
1099_nec_2026_000245,1099_nec_2026_000245,1099_nec,test,clean,state_payer_number,identifier,AK-7477894,BCTATIOSE,AK7477894,BCTATIOSE,False,11.11,0.0,success,
1099_nec_2026_000245,1099_nec_2026_000245,1099_nec,test,clean,state_income,money,"69,173.30","$69,173.30",69173.30,69173.30,True,100.0,0.0,success,
w2_2026_000008_scan_mild_01,w2_2026_000008,w2,test,mild,employee_ssn,identifier,000-58-8668,000-58-8668 ESAENNNMAEERFUNAEETRE,000588668,000588668ESAENNNMAEERFUNAEETRE,False,46.15,0.0,success,
w2_2026_000008_scan_mild_01,w2_2026_000008,w2,test,mild,employer_ein,identifier,00-9877065,00-9877065 OEENPSASONEPENAEEERONSELIEN,009877065,009877065OEENPSASONEPENAEEERONSELIEN,False,40.0,21.5,success,
w2_2026_000008_scan_mild_01,w2_2026_000008,w2,test,mild,employer_name_address,multiline,"SHAW-FARRELL
81219 EMMA FREEWAY
WILSONSHIRE, IA 76381","ee ee eee NT wg SATIN Get E WW SHAW-FARRELL 81219 EMMA FREEWAY WILSONSHIRE, IA 76381",SHAW FARRELL 81219 EMMA FREEWAY WILSONSHIRE IA 76381,EE EE EEE NT WG SATIN GET E WW SHAW FARRELL 81219 EMMA FREEWAY WILSONSHIRE IA 76381,False,77.04,55.19,success,
w2_2026_000008_scan_mild_01,w2_2026_000008,w2,test,mild,control_number,identifier,W2-2026-000008,W2-2026-000008,W22026000008,W22026000008,True,100.0,0.0,success,
w2_2026_000008_scan_mild_01,w2_2026_000008,w2,test,mild,employee_first_name,text,JULIE B.,JULIE B.,JULIE B,JULIE B,True,100.0,93.0,success,
w2_2026_000008_scan_mild_01,w2_2026_000008,w2,test,mild,employee_last_name,text,WILLIAMS,WILLIAMS,WILLIAMS,WILLIAMS,True,100.0,96.0,success,
w2_2026_000008_scan_mild_01,w2_2026_000008,w2,test,mild,employee_address,multiline,"169 DONOVAN FORD
JOHNFURT, DC 88540","169 DONOVAN FORD JOHNFURT, DC 88540 f Employee’s address and ZIP code",169 DONOVAN FORD JOHNFURT DC 88540,169 DONOVAN FORD JOHNFURT DC 88540 F EMPLOYEE S ADDRESS AND ZIP CODE,False,66.67,93.67,success,
w2_2026_000008_scan_mild_01,w2_2026_000008,w2,test,mild,wages,money,"53,642.51",53.642.51,53642.51,53.64,False,61.54,0.0,success,
w2_2026_000008_scan_mild_01,w2_2026_000008,w2,test,mild,federal_tax_withheld,money,"9,676.65",". 9,676.65",9676.65,0.97,False,36.36,48.0,success,
w2_2026_000008_scan_mild_01,w2_2026_000008,w2,test,mild,social_security_wages,money,"53,642.51","53,642.51",53642.51,53642.51,True,100.0,94.0,success,
w2_2026_000008_scan_mild_01,w2_2026_000008,w2,test,mild,social_security_tax_withheld,money,"3,325.84",3325.84,3325.84,3325.84,True,100.0,20.0,success,
w2_2026_000008_scan_mild_01,w2_2026_000008,w2,test,mild,medicare_wages,money,"53,642.51",". 58,642.51",53642.51,0.59,False,33.33,22.0,success,
w2_2026_000008_scan_mild_01,w2_2026_000008,w2,test,mild,medicare_tax_withheld,money,777.82,", 777.82",777.82,777.82,True,100.0,46.0,success,
w2_2026_000008_scan_mild_01,w2_2026_000008,w2,test,mild,state,state,DC,,DC,,False,0.0,0.0,success,
w2_2026_000008_scan_mild_01,w2_2026_000008,w2,test,mild,employer_state_id,identifier,DC-2921859,D2900,DC2921859,D2900,False,42.86,0.0,success,
w2_2026_000008_scan_mild_01,w2_2026_000008,w2,test,mild,state_wages,money,"53,642.51","98,642.51",53642.51,98642.51,False,75.0,51.0,success,
w2_2026_000008_scan_mild_01,w2_2026_000008,w2,test,mild,state_income_tax,money,"2,761.79",2761.79,2761.79,2761.79,True,100.0,31.0,success,
w2_2026_000011_scan_mild_01,w2_2026_000011,w2,test,mild,employee_ssn,identifier,000-40-1949,000-40-1949- OTSOVS,000401949,000401949OTSOVS,False,75.0,0.0,success,
w2_2026_000011_scan_mild_01,w2_2026_000011,w2,test,mild,employer_ein,identifier,00-5041154,00-5041154 SNAECRETENPRAOEIEDFPUEERLES,005041154,005041154SNAECRETENPRAOEIEDFPUEERLES,False,40.0,21.0,success,
w2_2026_000011_scan_mild_01,w2_2026_000011,w2,test,mild,employer_name_address,multiline,"DELEON-HENSON
232 NICOLE BURG APT. 563
ERIKVILLE, MS 05576","we Set t ms then f we we FREE See eee eee’ wwe DELEON-HENSON 232 NICOLE BURG APT. 563 ERIKVILLE, MS 05576",DELEON HENSON 232 NICOLE BURG APT 563 ERIKVILLE MS 05576,WE SET T MS THEN F WE WE FREE SEE EEE EEE WWE DELEON HENSON 232 NICOLE BURG APT 563 ERIKVILLE MS 05576,False,70.89,60.86,success,
w2_2026_000011_scan_mild_01,w2_2026_000011,w2,test,mild,control_number,identifier,W2-2026-000011,W2-2026-000011,W22026000011,W22026000011,True,100.0,0.0,success,
w2_2026_000011_scan_mild_01,w2_2026_000011,w2,test,mild,employee_first_name,text,JASON H.,JASON H.,JASON H,JASON H,True,100.0,93.0,success,
w2_2026_000011_scan_mild_01,w2_2026_000011,w2,test,mild,employee_last_name,text,ESTRADA,ESTRADA,ESTRADA,ESTRADA,True,100.0,96.0,success,
w2_2026_000011_scan_mild_01,w2_2026_000011,w2,test,mild,employee_address,multiline,"37543 ANDREW FIELDS SUITE 541
MICHAELHAVEN, MO 89566","37543 ANDREW FIELDS SUITE 541 MICHAELHAVEN, MO 89566 f Employee’s address and ZIP code",37543 ANDREW FIELDS SUITE 541 MICHAELHAVEN MO 89566,37543 ANDREW FIELDS SUITE 541 MICHAELHAVEN MO 89566 F EMPLOYEE S ADDRESS AND ZIP CODE,False,75.0,94.64,success,
w2_2026_000011_scan_mild_01,w2_2026_000011,w2,test,mild,wages,money,"128,486.22",-128.486.2,128486.22,-128.49,False,50.0,2.0,success,
w2_2026_000011_scan_mild_01,w2_2026_000011,w2,test,mild,federal_tax_withheld,money,"16,942.83","16,942.83",16942.83,16942.83,True,100.0,43.0,success,
w2_2026_000011_scan_mild_01,w2_2026_000011,w2,test,mild,social_security_wages,money,"128,486.22",". 28,486.22",128486.22,0.28,False,30.77,48.0,success,
w2_2026_000011_scan_mild_01,w2_2026_000011,w2,test,mild,social_security_tax_withheld,money,"7,966.15","-)) 7,966.15",7966.15,-7966.15,False,93.33,30.0,success,
w2_2026_000011_scan_mild_01,w2_2026_000011,w2,test,mild,medicare_wages,money,"128,486.22","128,486.22",128486.22,128486.22,True,100.0,45.0,success,
w2_2026_000011_scan_mild_01,w2_2026_000011,w2,test,mild,medicare_tax_withheld,money,"1,863.05","1,863.05",1863.05,1863.05,True,100.0,96.0,success,
w2_2026_000011_scan_mild_01,w2_2026_000011,w2,test,mild,state,state,MO,MO,MO,MO,True,100.0,50.0,success,
w2_2026_000011_scan_mild_01,w2_2026_000011,w2,test,mild,employer_state_id,identifier,MO-9153566,,MO9153566,,False,0.0,0.0,success,
w2_2026_000011_scan_mild_01,w2_2026_000011,w2,test,mild,state_wages,money,"128,486.22","128,486.22",128486.22,128486.22,True,100.0,36.0,success,
w2_2026_000011_scan_mild_01,w2_2026_000011,w2,test,mild,state_income_tax,money,162.66,,162.66,,False,0.0,0.0,success,
w2_2026_000008_scan_hard_02,w2_2026_000008,w2,test,hard,employee_ssn,identifier,000-58-8668,00058-8668 BOP,000588668,000588668BOP,False,85.71,12.0,success,
w2_2026_000008_scan_hard_02,w2_2026_000008,w2,test,hard,employer_ein,identifier,00-9877065,EPS,009877065,EPS,False,0.0,19.0,success,
w2_2026_000008_scan_hard_02,w2_2026_000008,w2,test,hard,employer_name_address,multiline,"SHAW-FARRELL
81219 EMMA FREEWAY
WILSONSHIRE, IA 76381","c Employer S$ Name, aUUrcss, aw air wus SHAW-FARRELL 81219 EMMA FREEWAY WILSONSHIRE, IA 76381",SHAW FARRELL 81219 EMMA FREEWAY WILSONSHIRE IA 76381,C EMPLOYER S NAME AUURCSS AW AIR WUS SHAW FARRELL 81219 EMMA FREEWAY WILSONSHIRE IA 76381,False,73.76,63.93,success,
w2_2026_000008_scan_hard_02,w2_2026_000008,w2,test,hard,control_number,identifier,W2-2026-000008,W SLETE,W22026000008,WSLETE,False,11.11,0.0,success,
w2_2026_000008_scan_hard_02,w2_2026_000008,w2,test,hard,employee_first_name,text,JULIE B.,a. +.,JULIE B,A,False,0.0,55.0,success,
w2_2026_000008_scan_hard_02,w2_2026_000008,w2,test,hard,employee_last_name,text,WILLIAMS,AMS,WILLIAMS,AMS,False,54.55,96.0,success,
w2_2026_000008_scan_hard_02,w2_2026_000008,w2,test,hard,employee_address,multiline,"169 DONOVAN FORD
JOHNFURT, DC 88540","169 DONOVAN FORD JOHNFURT, DC 88540 f Employee’saddressandZIPcode",169 DONOVAN FORD JOHNFURT DC 88540,169 DONOVAN FORD JOHNFURT DC 88540 F EMPLOYEE SADDRESSANDZIPCODE,False,69.39,84.12,success,
w2_2026_000008_scan_hard_02,w2_2026_000008,w2,test,hard,wages,money,"53,642.51",,53642.51,,False,0.0,0.0,success,
w2_2026_000008_scan_hard_02,w2_2026_000008,w2,test,hard,federal_tax_withheld,money,"9,676.65",9676.65,9676.65,9676.65,True,100.0,20.0,success,
w2_2026_000008_scan_hard_02,w2_2026_000008,w2,test,hard,social_security_wages,money,"53,642.51",,53642.51,,False,0.0,0.0,success,
w2_2026_000008_scan_hard_02,w2_2026_000008,w2,test,hard,social_security_tax_withheld,money,"3,325.84",3325.84,3325.84,3325.84,True,100.0,18.0,success,
w2_2026_000008_scan_hard_02,w2_2026_000008,w2,test,hard,medicare_wages,money,"53,642.51","53,642.51",53642.51,53642.51,True,100.0,69.0,success,
w2_2026_000008_scan_hard_02,w2_2026_000008,w2,test,hard,medicare_tax_withheld,money,777.82,777.82,777.82,777.82,True,100.0,85.0,success,
w2_2026_000008_scan_hard_02,w2_2026_000008,w2,test,hard,state,state,DC,,DC,,False,0.0,0.0,success,
w2_2026_000008_scan_hard_02,w2_2026_000008,w2,test,hard,employer_state_id,identifier,DC-2921859,,DC2921859,,False,0.0,0.0,success,
w2_2026_000008_scan_hard_02,w2_2026_000008,w2,test,hard,state_wages,money,"53,642.51",,53642.51,,False,0.0,0.0,success,
w2_2026_000008_scan_hard_02,w2_2026_000008,w2,test,hard,state_income_tax,money,"2,761.79",2761.79,2761.79,2761.79,True,100.0,55.0,success,
w2_2026_000011_scan_hard_02,w2_2026_000011,w2,test,hard,employee_ssn,identifier,000-40-1949,0 N VVV,000401949,0NVVV,False,14.29,2.67,success,
w2_2026_000011_scan_hard_02,w2_2026_000011,w2,test,hard,employer_ein,identifier,00-5041154,P,005041154,P,False,0.0,0.0,success,
w2_2026_000011_scan_hard_02,w2_2026_000011,w2,test,hard,employer_name_address,multiline,"DELEON-HENSON
232 NICOLE BURG APT. 563
ERIKVILLE, MS 05576","c Employer's name, address, and ZIP code DELEON-HENSON 232 NICOLE BURG APT. 563 ERIKVILLE, MS 05576 ie els oe aie Stites",DELEON HENSON 232 NICOLE BURG APT 563 ERIKVILLE MS 05576,C EMPLOYER S NAME ADDRESS AND ZIP CODE DELEON HENSON 232 NICOLE BURG APT 563 ERIKVILLE MS 05576 IE ELS OE AIE STITES,False,65.12,69.38,success,
w2_2026_000011_scan_hard_02,w2_2026_000011,w2,test,hard,control_number,identifier,W2-2026-000011,,W22026000011,,False,0.0,0.0,success,
w2_2026_000011_scan_hard_02,w2_2026_000011,w2,test,hard,employee_first_name,text,JASON H.,JASONH.,JASON H,JASONH,False,92.31,39.0,success,
w2_2026_000011_scan_hard_02,w2_2026_000011,w2,test,hard,employee_last_name,text,ESTRADA,ESTRADA,ESTRADA,ESTRADA,True,100.0,94.0,success,
w2_2026_000011_scan_hard_02,w2_2026_000011,w2,test,hard,employee_address,multiline,"37543 ANDREW FIELDS SUITE 541
MICHAELHAVEN, MO 89566","37543 ANDREW FIELDS SUITE 541 MICHAELHAVEN, MO 89566 f Employee's address and ZIP code a —_m,, a —. = ge a Ll Bhutan inten",37543 ANDREW FIELDS SUITE 541 MICHAELHAVEN MO 89566,37543 ANDREW FIELDS SUITE 541 MICHAELHAVEN MO 89566 F EMPLOYEE S ADDRESS AND ZIP CODE A M A GE A LL BHUTAN INTEN,False,62.58,61.42,success,
w2_2026_000011_scan_hard_02,w2_2026_000011,w2,test,hard,wages,money,"128,486.22","1,, 408 3486.22",128486.22,14083486.22,False,80.0,20.33,success,
w2_2026_000011_scan_hard_02,w2_2026_000011,w2,test,hard,federal_tax_withheld,money,"16,942.83",2 -416.942.83,16942.83,2-416.94283,False,73.68,0.0,success,
w2_2026_000011_scan_hard_02,w2_2026_000011,w2,test,hard,social_security_wages,money,"128,486.22",,128486.22,,False,0.0,0.0,success,
w2_2026_000011_scan_hard_02,w2_2026_000011,w2,test,hard,social_security_tax_withheld,money,"7,966.15","7,986.-15",7966.15,7986.-15,False,80.0,0.0,success,
w2_2026_000011_scan_hard_02,w2_2026_000011,w2,test,hard,medicare_wages,money,"128,486.22",,128486.22,,False,0.0,0.0,success,
w2_2026_000011_scan_hard_02,w2_2026_000011,w2,test,hard,medicare_tax_withheld,money,"1,863.05",,1863.05,,False,0.0,0.0,success,
w2_2026_000011_scan_hard_02,w2_2026_000011,w2,test,hard,state,state,MO,,MO,,False,0.0,0.0,success,
w2_2026_000011_scan_hard_02,w2_2026_000011,w2,test,hard,employer_state_id,identifier,MO-9153566,,MO9153566,,False,0.0,0.0,success,
w2_2026_000011_scan_hard_02,w2_2026_000011,w2,test,hard,state_wages,money,"128,486.22","128,486.22",128486.22,128486.22,True,100.0,50.0,success,
w2_2026_000011_scan_hard_02,w2_2026_000011,w2,test,hard,state_income_tax,money,162.66,$608,162.66,608.00,False,33.33,10.0,success,
w2_2026_000022_scan_mild_01,w2_2026_000022,w2,test,mild,employee_ssn,identifier,000-88-9666,000-88-9666 VVO,000889666,000889666VVO,False,85.71,0.0,success,
w2_2026_000022_scan_mild_01,w2_2026_000022,w2,test,mild,employer_ein,identifier,00-1131249,B IGENUNCAONMUMMCLCNN,001131249,BIGENUNCAONMUMMCLCNN,False,0.0,0.0,success,
w2_2026_000022_scan_mild_01,w2_2026_000022,w2,test,mild,employer_name_address,multiline,"BAKER INC
28120 HAYES RANCH
CARTERBURY, LA 93163","Cc cmployer s allie, aUUurcss, ali air Ve BAKER INC 28120 HAYES RANCH CARTERBURY, LA 93163",BAKER INC 28120 HAYES RANCH CARTERBURY LA 93163,CC CMPLOYER S ALLIE AUUURCSS ALI AIR VE BAKER INC 28120 HAYES RANCH CARTERBURY LA 93163,False,70.15,70.88,success,
w2_2026_000022_scan_mild_01,w2_2026_000022,w2,test,mild,control_number,identifier,W2-2026-000022,W220060022,W22026000022,W220060022,False,81.82,10.0,success,
w2_2026_000022_scan_mild_01,w2_2026_000022,w2,test,mild,employee_first_name,text,CORY Y.,CORY Y.,CORY Y,CORY Y,True,100.0,90.5,success,
w2_2026_000022_scan_mild_01,w2_2026_000022,w2,test,mild,employee_last_name,text,CLARK,CLARK,CLARK,CLARK,True,100.0,96.0,success,
w2_2026_000022_scan_mild_01,w2_2026_000022,w2,test,mild,employee_address,multiline,"713 FRENCH ROAD APT. 618
LAKE EDWARD, KY 19144","713 FRENCH ROAD APT. 618 LAKE EDWARD, KY 19144 f Employee's address and ZIP code",713 FRENCH ROAD APT 618 LAKE EDWARD KY 19144,713 FRENCH ROAD APT 618 LAKE EDWARD KY 19144 F EMPLOYEE S ADDRESS AND ZIP CODE,False,72.13,88.93,success,
w2_2026_000022_scan_mild_01,w2_2026_000022,w2,test,mild,wages,money,"68,984.12","5,, 68,984.12",68984.12,568984.12,False,94.12,0.0,success,
w2_2026_000022_scan_mild_01,w2_2026_000022,w2,test,mild,federal_tax_withheld,money,"9,597.37","$84) 9,597.37",9597.37,849597.37,False,87.5,36.0,success,
w2_2026_000022_scan_mild_01,w2_2026_000022,w2,test,mild,social_security_wages,money,"68,984.12","68,984.12",68984.12,68984.12,True,100.0,81.0,success,
w2_2026_000022_scan_mild_01,w2_2026_000022,w2,test,mild,social_security_tax_withheld,money,"4,277.02","8 4,277.02",4277.02,84277.02,False,93.33,33.5,success,
w2_2026_000022_scan_mild_01,w2_2026_000022,w2,test,mild,medicare_wages,money,"68,984.12","2 68,984.1 2",68984.12,268984.12,False,94.12,45.0,success,
w2_2026_000022_scan_mild_01,w2_2026_000022,w2,test,mild,medicare_tax_withheld,money,"1,000.27",1 000.27,1000.27,1000.27,True,100.0,90.5,success,
w2_2026_000022_scan_mild_01,w2_2026_000022,w2,test,mild,state,state,KY,KY,KY,KY,True,100.0,42.0,success,
w2_2026_000022_scan_mild_01,w2_2026_000022,w2,test,mild,employer_state_id,identifier,KY-2737893,K277093,KY2737893,K277093,False,75.0,0.0,success,
w2_2026_000022_scan_mild_01,w2_2026_000022,w2,test,mild,state_wages,money,"68,984.12","68,984.12",68984.12,68984.12,True,100.0,37.0,success,
w2_2026_000022_scan_mild_01,w2_2026_000022,w2,test,mild,state_income_tax,money,707.33,707.33,707.33,707.33,True,100.0,55.0,success,
w2_2026_000022_scan_hard_02,w2_2026_000022,w2,test,hard,employee_ssn,identifier,000-88-9666,00088-9666,000889666,000889666,True,100.0,40.0,success,
w2_2026_000022_scan_hard_02,w2_2026_000022,w2,test,hard,employer_ein,identifier,00-1131249,00-1131249- PPS,001131249,001131249PPS,False,85.71,0.0,success,
w2_2026_000022_scan_hard_02,w2_2026_000022,w2,test,hard,employer_name_address,multiline,"BAKER INC
28120 HAYES RANCH
CARTERBURY, LA 93163","» bets atid! tad ae eS SO a asst Sree BAKER INC 28120 HAYES RANCH CARTERBURY, LA 93163",BAKER INC 28120 HAYES RANCH CARTERBURY LA 93163,BETS ATID TAD AE ES SO A ASST SREE BAKER INC 28120 HAYES RANCH CARTERBURY LA 93163,False,72.87,58.67,success,
w2_2026_000022_scan_hard_02,w2_2026_000022,w2,test,hard,control_number,identifier,W2-2026-000022,W2-2026-0 PP,W22026000022,W220260PP,False,66.67,0.0,success,
w2_2026_000022_scan_hard_02,w2_2026_000022,w2,test,hard,employee_first_name,text,CORY Y.,CORY Y.,CORY Y,CORY Y,True,100.0,92.0,success,
w2_2026_000022_scan_hard_02,w2_2026_000022,w2,test,hard,employee_last_name,text,CLARK,CLARK,CLARK,CLARK,True,100.0,96.0,success,
w2_2026_000022_scan_hard_02,w2_2026_000022,w2,test,hard,employee_address,multiline,"713 FRENCH ROAD APT. 618
LAKE EDWARD, KY 19144","713 FRENCH ROAD APT. 618 LAKE EDWARD, KY 19144 f Employee's address and ZIP code",713 FRENCH ROAD APT 618 LAKE EDWARD KY 19144,713 FRENCH ROAD APT 618 LAKE EDWARD KY 19144 F EMPLOYEE S ADDRESS AND ZIP CODE,False,72.13,92.07,success,
w2_2026_000022_scan_hard_02,w2_2026_000022,w2,test,hard,wages,money,"68,984.12","68,984.12",68984.12,68984.12,True,100.0,46.0,success,
w2_2026_000022_scan_hard_02,w2_2026_000022,w2,test,hard,federal_tax_withheld,money,"9,597.37",9887.87,9597.37,9887.87,False,57.14,6.0,success,
w2_2026_000022_scan_hard_02,w2_2026_000022,w2,test,hard,social_security_wages,money,"68,984.12","68,984.12",68984.12,68984.12,True,100.0,35.0,success,
w2_2026_000022_scan_hard_02,w2_2026_000022,w2,test,hard,social_security_tax_withheld,money,"4,277.02",-$.277.02,4277.02,-0.28,False,33.33,0.0,success,
w2_2026_000022_scan_hard_02,w2_2026_000022,w2,test,hard,medicare_wages,money,"68,984.12","8,984.12",68984.12,8984.12,False,93.33,45.0,success,
w2_2026_000022_scan_hard_02,w2_2026_000022,w2,test,hard,medicare_tax_withheld,money,"1,000.27","1,000.27",1000.27,1000.27,True,100.0,96.0,success,
w2_2026_000022_scan_hard_02,w2_2026_000022,w2,test,hard,state,state,KY,,KY,,False,0.0,0.0,success,
w2_2026_000022_scan_hard_02,w2_2026_000022,w2,test,hard,employer_state_id,identifier,KY-2737893,,KY2737893,,False,0.0,0.0,success,
w2_2026_000022_scan_hard_02,w2_2026_000022,w2,test,hard,state_wages,money,"68,984.12","(68,984.12",68984.12,68984.12,True,100.0,32.0,success,
w2_2026_000022_scan_hard_02,w2_2026_000022,w2,test,hard,state_income_tax,money,707.33,707.33,707.33,707.33,True,100.0,25.0,success,
w2_2026_000023_scan_mild_01,w2_2026_000023,w2,test,mild,employee_ssn,identifier,000-44-5616,000-44-6616 VVVVIAOSUUIRYHUTIDEP,000445616,000446616VVVVIAOSUUIRYHUTIDEP,False,42.11,0.0,success,
w2_2026_000023_scan_mild_01,w2_2026_000023,w2,test,mild,employer_ein,identifier,00-4533779,EEEINGOLISELPIUEICTUCTING,004533779,EEEINGOLISELPIUEICTUCTING,False,0.0,0.0,success,
w2_2026_000023_scan_mild_01,w2_2026_000023,w2,test,mild,employer_name_address,multiline,"CURRY, CARROLL AND ROBERTS
4648 KIM RAPID
SOUTH JESSICAVIEW, AK 12471","PEM AN NAS ESADE ENG, CMMI, GI ZIP GOUCS CURRY, CARROLL AND ROBERTS 4648 KIM RAPID SOUTH JESSICAVIEW, AK 12471",CURRY CARROLL AND ROBERTS 4648 KIM RAPID SOUTH JESSICAVIEW AK 12471,PEM AN NAS ESADE ENG CMMI GI ZIP GOUCS CURRY CARROLL AND ROBERTS 4648 KIM RAPID SOUTH JESSICAVIEW AK 12471,False,77.46,58.85,success,
w2_2026_000023_scan_mild_01,w2_2026_000023,w2,test,mild,control_number,identifier,W2-2026-000023,,W22026000023,,False,0.0,0.0,success,
w2_2026_000023_scan_mild_01,w2_2026_000023,w2,test,mild,employee_first_name,text,CHARLES F.,CHARLES F.,CHARLES F,CHARLES F,True,100.0,92.5,success,
w2_2026_000023_scan_mild_01,w2_2026_000023,w2,test,mild,employee_last_name,text,SPARKS,SPARKS,SPARKS,SPARKS,True,100.0,96.0,success,
w2_2026_000023_scan_mild_01,w2_2026_000023,w2,test,mild,employee_address,multiline,"990 JOHNSTON TRACK
SOUTH APRIL, NV 36959","990 JOHNSTON TRACK SOUTH APRIL, NV 36959 f Employee’s address and ZIP code",990 JOHNSTON TRACK SOUTH APRIL NV 36959,990 JOHNSTON TRACK SOUTH APRIL NV 36959 F EMPLOYEE S ADDRESS AND ZIP CODE,False,69.64,95.08,success,
w2_2026_000023_scan_mild_01,w2_2026_000023,w2,test,mild,wages,money,"50,530.31",", 50.530.31",50530.31,50.53,False,61.54,0.0,success,
w2_2026_000023_scan_mild_01,w2_2026_000023,w2,test,mild,federal_tax_withheld,money,"6,180.59","6,180.59",6180.59,6180.59,True,100.0,93.0,success,
w2_2026_000023_scan_mild_01,w2_2026_000023,w2,test,mild,social_security_wages,money,"50,530.31","50,530.31",50530.31,50530.31,True,100.0,82.0,success,
w2_2026_000023_scan_mild_01,w2_2026_000023,w2,test,mild,social_security_tax_withheld,money,"3,132.88",-3.190.88,3132.88,-3.19,False,33.33,0.0,success,
w2_2026_000023_scan_mild_01,w2_2026_000023,w2,test,mild,medicare_wages,money,"50,530.31","50,530.31",50530.31,50530.31,True,100.0,79.0,success,
w2_2026_000023_scan_mild_01,w2_2026_000023,w2,test,mild,medicare_tax_withheld,money,732.69,1 732.69,732.69,1732.69,False,92.31,26.0,success,
w2_2026_000023_scan_mild_01,w2_2026_000023,w2,test,mild,state,state,NV,N,NV,N,False,66.67,0.0,success,
w2_2026_000023_scan_mild_01,w2_2026_000023,w2,test,mild,employer_state_id,identifier,NV-5428914,NC,NV5428914,NC,False,18.18,33.0,success,
w2_2026_000023_scan_mild_01,w2_2026_000023,w2,test,mild,state_wages,money,"50,530.31","80,530.31",50530.31,80530.31,False,87.5,31.0,success,
w2_2026_000023_scan_mild_01,w2_2026_000023,w2,test,mild,state_income_tax,money,"2,922.23",21922.23,2922.23,21922.23,False,93.33,0.0,success,
w2_2026_000023_scan_hard_02,w2_2026_000023,w2,test,hard,employee_ssn,identifier,000-44-5616,OC,000445616,OC,False,0.0,0.0,success,
w2_2026_000023_scan_hard_02,w2_2026_000023,w2,test,hard,employer_ein,identifier,00-4533779,,004533779,,False,0.0,0.0,success,
w2_2026_000023_scan_hard_02,w2_2026_000023,w2,test,hard,employer_name_address,multiline,"CURRY, CARROLL AND ROBERTS
4648 KIM RAPID
SOUTH JESSICAVIEW, AK 12471","a ———————————————_—_—_———lrsstst— hs c Employer's name, address, and ZIP code CURRY, CARROLL AND ROBERTS 4648 KIM RAPID SOUTH JESSICAVIEW, AK 12471 | a eee",CURRY CARROLL AND ROBERTS 4648 KIM RAPID SOUTH JESSICAVIEW AK 12471,A LRSSTST HS C EMPLOYER S NAME ADDRESS AND ZIP CODE CURRY CARROLL AND ROBERTS 4648 KIM RAPID SOUTH JESSICAVIEW AK 12471 A EEE,False,69.79,76.12,success,
w2_2026_000023_scan_hard_02,w2_2026_000023,w2,test,hard,control_number,identifier,W2-2026-000023,,W22026000023,,False,0.0,0.0,success,
w2_2026_000023_scan_hard_02,w2_2026_000023,w2,test,hard,employee_first_name,text,CHARLES F.,CHARLESF.,CHARLES F,CHARLESF,False,94.12,54.0,success,
w2_2026_000023_scan_hard_02,w2_2026_000023,w2,test,hard,employee_last_name,text,SPARKS,‘Sparc:,SPARKS,SPARC,False,72.73,42.0,success,
w2_2026_000023_scan_hard_02,w2_2026_000023,w2,test,hard,employee_address,multiline,"990 JOHNSTON TRACK
SOUTH APRIL, NV 36959",BOO APRIL. NV 36959 f Employee's address and ZIP ————— Lae State ince,990 JOHNSTON TRACK SOUTH APRIL NV 36959,BOO APRIL NV 36959 F EMPLOYEE S ADDRESS AND ZIP LAE STATE INCE,False,33.66,52.92,success,
w2_2026_000023_scan_hard_02,w2_2026_000023,w2,test,hard,wages,money,"50,530.31","1 , ,, -69.530.31",50530.31,1-69.53031,False,55.56,23.25,success,
w2_2026_000023_scan_hard_02,w2_2026_000023,w2,test,hard,federal_tax_withheld,money,"6,180.59","6,180.59",6180.59,6180.59,True,100.0,11.0,success,
w2_2026_000023_scan_hard_02,w2_2026_000023,w2,test,hard,social_security_wages,money,"50,530.31",,50530.31,,False,0.0,0.0,success,
w2_2026_000023_scan_hard_02,w2_2026_000023,w2,test,hard,social_security_tax_withheld,money,"3,132.88",,3132.88,,False,0.0,0.0,success,
w2_2026_000023_scan_hard_02,w2_2026_000023,w2,test,hard,medicare_wages,money,"50,530.31",058081,50530.31,58081.00,False,37.5,0.0,success,
w2_2026_000023_scan_hard_02,w2_2026_000023,w2,test,hard,medicare_tax_withheld,money,732.69,,732.69,,False,0.0,0.0,success,
w2_2026_000023_scan_hard_02,w2_2026_000023,w2,test,hard,state,state,NV,,NV,,False,0.0,0.0,success,
w2_2026_000023_scan_hard_02,w2_2026_000023,w2,test,hard,employer_state_id,identifier,NV-5428914,V2,NV5428914,V2,False,36.36,0.0,success,
w2_2026_000023_scan_hard_02,w2_2026_000023,w2,test,hard,state_wages,money,"50,530.31","$0,890.31",50530.31,890.31,False,57.14,50.0,success,
w2_2026_000023_scan_hard_02,w2_2026_000023,w2,test,hard,state_income_tax,money,"2,922.23","2,902.28)",2922.23,2902.28,False,71.43,44.0,success,
w2_2026_000027_scan_mild_01,w2_2026_000027,w2,test,mild,employee_ssn,identifier,000-95-5065,000-95-5065 VVMMICAOOVUEILYPUIDEET,000955065,000955065VVMMICAOOVUEILYPUIDEET,False,45.0,0.0,success,
w2_2026_000027_scan_mild_01,w2_2026_000027,w2,test,mild,employer_ein,identifier,00-5476257,00 PMANSEEREEENSCARIUEEPEUUEOCTUCUIN,005476257,00PMANSEEREEENSCARIUEEPEUUEOCTUCUIN,False,9.09,48.0,success,
w2_2026_000027_scan_mild_01,w2_2026_000027,w2,test,mild,employer_name_address,multiline,"SAWYER GROUP
702 PITTS DRIVES
SOUTH KIMBERLYVIEW, MA 82192","ee PEE SN ES ERAR EIN s CUI VOY, GAIN 4IF COUS SAWYER GROUP 702 PITTS DRIVES SOUTH KIMBERLYVIEW, MA 82192",SAWYER GROUP 702 PITTS DRIVES SOUTH KIMBERLYVIEW MA 82192,EE PEE SN ES ERAR EIN S CUI VOY GAIN 4IF COUS SAWYER GROUP 702 PITTS DRIVES SOUTH KIMBERLYVIEW MA 82192,False,71.25,54.48,success,
w2_2026_000027_scan_mild_01,w2_2026_000027,w2,test,mild,control_number,identifier,W2-2026-000027,-,W22026000027,,False,0.0,0.0,success,
w2_2026_000027_scan_mild_01,w2_2026_000027,w2,test,mild,employee_first_name,text,DAVID S.,DAVID S.,DAVID S,DAVID S,True,100.0,92.5,success,
w2_2026_000027_scan_mild_01,w2_2026_000027,w2,test,mild,employee_last_name,text,RIVERA,RIVERA,RIVERA,RIVERA,True,100.0,96.0,success,
w2_2026_000027_scan_mild_01,w2_2026_000027,w2,test,mild,employee_address,multiline,"158 FINLEY ROAD SUITE 809
EAST CRYSTALPORT, IN 98381","158 FINLEY ROAD SUITE 809 EAST CRYSTALPORT, IN 98381 f Employee’s address and ZIP code",158 FINLEY ROAD SUITE 809 EAST CRYSTALPORT IN 98381,158 FINLEY ROAD SUITE 809 EAST CRYSTALPORT IN 98381 F EMPLOYEE S ADDRESS AND ZIP CODE,False,75.0,94.4,success,
w2_2026_000027_scan_mild_01,w2_2026_000027,w2,test,mild,wages,money,"32,158.46",", -39-158.46",32158.46,-39-158.46,False,77.78,0.0,success,
w2_2026_000027_scan_mild_01,w2_2026_000027,w2,test,mild,federal_tax_withheld,money,"3,495.55","8 3,495.55",3495.55,83495.55,False,93.33,38.5,success,
w2_2026_000027_scan_mild_01,w2_2026_000027,w2,test,mild,social_security_wages,money,"32,158.46",32.1 58.46,32158.46,32.16,False,61.54,84.0,success,
w2_2026_000027_scan_mild_01,w2_2026_000027,w2,test,mild,social_security_tax_withheld,money,"1,993.82","1,993.82",1993.82,1993.82,True,100.0,22.0,success,
w2_2026_000027_scan_mild_01,w2_2026_000027,w2,test,mild,medicare_wages,money,"32,158.46",321 58.46,32158.46,32158.46,True,100.0,84.0,success,
w2_2026_000027_scan_mild_01,w2_2026_000027,w2,test,mild,medicare_tax_withheld,money,466.30,466.30,466.30,466.30,True,100.0,94.0,success,
w2_2026_000027_scan_mild_01,w2_2026_000027,w2,test,mild,state,state,IN,IN,IN,IN,True,100.0,39.0,success,
w2_2026_000027_scan_mild_01,w2_2026_000027,w2,test,mild,employer_state_id,identifier,IN-8896868,N,IN8896868,N,False,20.0,0.0,success,
w2_2026_000027_scan_mild_01,w2_2026_000027,w2,test,mild,state_wages,money,"32,158.46","82,158.46",32158.46,82158.46,False,87.5,46.0,success,
w2_2026_000027_scan_mild_01,w2_2026_000027,w2,test,mild,state_income_tax,money,"1,932.46",....11932.46,1932.46,0.12,False,36.36,0.0,success,
w2_2026_000036_scan_mild_01,w2_2026_000036,w2,test,mild,employee_ssn,identifier,000-88-9270,00-88-2270 OOVYUVICOREE,000889270,00882270OOVYUVICOREE,False,48.28,18.0,success,
w2_2026_000036_scan_mild_01,w2_2026_000036,w2,test,mild,employer_ein,identifier,00-8159521,NMEIN,008159521,NMEIN,False,0.0,0.0,success,
w2_2026_000036_scan_mild_01,w2_2026_000036,w2,test,mild,employer_name_address,multiline,"VILLEGAS, CARDENAS AND AUSTIN
402 PARK INLET
MICHAELBURGH, VI 19277","c Employer’s name, address, and 2ir code VILLEGAS, CARDENAS AND AUSTIN 402 PARK INLET MICHAELBURGH, VI 19277 = Ay SAAN) Jick eee oe Me ees",VILLEGAS CARDENAS AND AUSTIN 402 PARK INLET MICHAELBURGH VI 19277,C EMPLOYER S NAME ADDRESS AND 2IR CODE VILLEGAS CARDENAS AND AUSTIN 402 PARK INLET MICHAELBURGH VI 19277 AY SAAN JICK EEE OE ME EES,False,66.33,63.2,success,
w2_2026_000036_scan_mild_01,w2_2026_000036,w2,test,mild,control_number,identifier,W2-2026-000036,SS,W22026000036,SS,False,0.0,0.0,success,
w2_2026_000036_scan_mild_01,w2_2026_000036,w2,test,mild,employee_first_name,text,AUDREY Z.,AUDREY z.,AUDREY Z,AUDREY Z,True,100.0,71.5,success,
w2_2026_000036_scan_mild_01,w2_2026_000036,w2,test,mild,employee_last_name,text,PATTERSON,PATTERSON,PATTERSON,PATTERSON,True,100.0,96.0,success,
w2_2026_000036_scan_mild_01,w2_2026_000036,w2,test,mild,employee_address,multiline,"20183 BARNES JUNCTIONS APT. 545
NORTH ERICTON, TX 11194","20183 BARNES JUNCTIONS APT. 545 NORTH ERICTON, TX 11194 f Employee’s address and ZIP code",20183 BARNES JUNCTIONS APT 545 NORTH ERICTON TX 11194,20183 BARNES JUNCTIONS APT 545 NORTH ERICTON TX 11194 F EMPLOYEE S ADDRESS AND ZIP CODE,False,75.71,94.53,success,
w2_2026_000036_scan_mild_01,w2_2026_000036,w2,test,mild,wages,money,"48,360.59",",, 48,360.59",48360.59,48360.59,True,100.0,0.0,success,
w2_2026_000036_scan_mild_01,w2_2026_000036,w2,test,mild,federal_tax_withheld,money,"7,400.81","7,400.81",7400.81,7400.81,True,100.0,89.0,success,
w2_2026_000036_scan_mild_01,w2_2026_000036,w2,test,mild,social_security_wages,money,"48,360.59","9 48,360.59",48360.59,948360.59,False,94.12,48.0,success,
w2_2026_000036_scan_mild_01,w2_2026_000036,w2,test,mild,social_security_tax_withheld,money,"2,998.36","2,998.36",2998.36,2998.36,True,100.0,0.0,success,
w2_2026_000036_scan_mild_01,w2_2026_000036,w2,test,mild,medicare_wages,money,"48,360.59","48,360.59",48360.59,48360.59,True,100.0,50.0,success,
w2_2026_000036_scan_mild_01,w2_2026_000036,w2,test,mild,medicare_tax_withheld,money,701.23,701 93,701.23,70193.00,False,57.14,81.5,success,
w2_2026_000036_scan_mild_01,w2_2026_000036,w2,test,mild,state,state,TX,TH,TX,TH,False,50.0,11.0,success,
w2_2026_000036_scan_mild_01,w2_2026_000036,w2,test,mild,employer_state_id,identifier,TX-8963715,,TX8963715,,False,0.0,0.0,success,
w2_2026_000036_scan_mild_01,w2_2026_000036,w2,test,mild,state_wages,money,"48,360.59","48,360.59",48360.59,48360.59,True,100.0,57.0,success,
w2_2026_000036_scan_mild_01,w2_2026_000036,w2,test,mild,state_income_tax,money,"2,519.20",2819.20,2519.20,2819.20,False,85.71,56.0,success,
w2_2026_000027_scan_hard_02,w2_2026_000027,w2,test,hard,employee_ssn,identifier,000-95-5065,,000955065,,False,0.0,0.0,success,
w2_2026_000027_scan_hard_02,w2_2026_000027,w2,test,hard,employer_ein,identifier,00-5476257,SS,005476257,SS,False,0.0,13.0,success,
w2_2026_000027_scan_hard_02,w2_2026_000027,w2,test,hard,employer_name_address,multiline,"SAWYER GROUP
702 PITTS DRIVES
SOUTH KIMBERLYVIEW, MA 82192","SA shee mS, GUESS, and Zi code 0 AE ae es Derr oe =p rae SOUTH KIMBERLYVIEW, MA 82192 Ot a",SAWYER GROUP 702 PITTS DRIVES SOUTH KIMBERLYVIEW MA 82192,SA SHEE MS GUESS AND ZI CODE 0 AE AE ES DERR OE P RAE SOUTH KIMBERLYVIEW MA 82192 OT A,False,58.74,38.67,success,
w2_2026_000027_scan_hard_02,w2_2026_000027,w2,test,hard,control_number,identifier,W2-2026-000027,S,W22026000027,S,False,0.0,0.0,success,
w2_2026_000027_scan_hard_02,w2_2026_000027,w2,test,hard,employee_first_name,text,DAVID S.,DAVID s. Bae 3,DAVID S,DAVID S BAE 3,False,70.0,45.0,success,
w2_2026_000027_scan_hard_02,w2_2026_000027,w2,test,hard,employee_last_name,text,RIVERA,RIVERA,RIVERA,RIVERA,True,100.0,95.0,success,
w2_2026_000027_scan_hard_02,w2_2026_000027,w2,test,hard,employee_address,multiline,"158 FINLEY ROAD SUITE 809
EAST CRYSTALPORT, IN 98381",158 FINLEY ROAD SUITE EAST CRYSTALPORT. IN socat f Employee's address and ZIP code OM Mieke i reeieninepeenieeee,158 FINLEY ROAD SUITE 809 EAST CRYSTALPORT IN 98381,158 FINLEY ROAD SUITE EAST CRYSTALPORT IN SOCAT F EMPLOYEE S ADDRESS AND ZIP CODE OM MIEKE I REEIENINEPEENIEEEE,False,51.85,65.78,success,
w2_2026_000027_scan_hard_02,w2_2026_000027,w2,test,hard,wages,money,"32,158.46","7, 0",32158.46,70.00,False,15.38,0.0,success,
w2_2026_000027_scan_hard_02,w2_2026_000027,w2,test,hard,federal_tax_withheld,money,"3,495.55",-,3495.55,-,False,0.0,27.0,success,
w2_2026_000027_scan_hard_02,w2_2026_000027,w2,test,hard,social_security_wages,money,"32,158.46",,32158.46,,False,0.0,0.0,success,
w2_2026_000027_scan_hard_02,w2_2026_000027,w2,test,hard,social_security_tax_withheld,money,"1,993.82",,1993.82,,False,0.0,0.0,success,
w2_2026_000027_scan_hard_02,w2_2026_000027,w2,test,hard,medicare_wages,money,"32,158.46",,32158.46,,False,0.0,0.0,success,
w2_2026_000027_scan_hard_02,w2_2026_000027,w2,test,hard,medicare_tax_withheld,money,466.30,,466.30,,False,0.0,0.0,success,
w2_2026_000027_scan_hard_02,w2_2026_000027,w2,test,hard,state,state,IN,,IN,,False,0.0,0.0,success,
w2_2026_000027_scan_hard_02,w2_2026_000027,w2,test,hard,employer_state_id,identifier,IN-8896868,- -- SE,IN8896868,SE,False,0.0,0.0,success,
w2_2026_000027_scan_hard_02,w2_2026_000027,w2,test,hard,state_wages,money,"32,158.46","82,158.46",32158.46,82158.46,False,87.5,43.0,success,
w2_2026_000027_scan_hard_02,w2_2026_000027,w2,test,hard,state_income_tax,money,"1,932.46","1,982.46",1932.46,1982.46,False,85.71,54.0,success,
w2_2026_000036_scan_hard_02,w2_2026_000036,w2,test,hard,employee_ssn,identifier,000-88-9270,EEO,000889270,EEO,False,0.0,22.0,success,
w2_2026_000036_scan_hard_02,w2_2026_000036,w2,test,hard,employer_ein,identifier,00-8159521,,008159521,,False,0.0,0.0,success,
w2_2026_000036_scan_hard_02,w2_2026_000036,w2,test,hard,employer_name_address,multiline,"VILLEGAS, CARDENAS AND AUSTIN
402 PARK INLET
MICHAELBURGH, VI 19277","8 RS ae ee eae SAND AU! lil il all 402 PARK INLET MICHAELBURGH, Vi 19277",VILLEGAS CARDENAS AND AUSTIN 402 PARK INLET MICHAELBURGH VI 19277,8 RS AE EE EAE SAND AU LIL IL ALL 402 PARK INLET MICHAELBURGH VI 19277,False,74.07,48.62,success,
w2_2026_000036_scan_hard_02,w2_2026_000036,w2,test,hard,control_number,identifier,W2-2026-000036,,W22026000036,,False,0.0,0.0,success,
w2_2026_000036_scan_hard_02,w2_2026_000036,w2,test,hard,employee_first_name,text,AUDREY Z.,AUDREY Z.,AUDREY Z,AUDREY Z,True,100.0,77.0,success,
w2_2026_000036_scan_hard_02,w2_2026_000036,w2,test,hard,employee_last_name,text,PATTERSON,PATTERSON,PATTERSON,PATTERSON,True,100.0,96.0,success,
w2_2026_000036_scan_hard_02,w2_2026_000036,w2,test,hard,employee_address,multiline,"20183 BARNES JUNCTIONS APT. 545
NORTH ERICTON, TX 11194","20183 BARNES JUNCTIONS APT. 545 NORTH ERICTON, TX 11194 f Employee's address and ZIP code",20183 BARNES JUNCTIONS APT 545 NORTH ERICTON TX 11194,20183 BARNES JUNCTIONS APT 545 NORTH ERICTON TX 11194 F EMPLOYEE S ADDRESS AND ZIP CODE,False,75.71,84.53,success,
w2_2026_000036_scan_hard_02,w2_2026_000036,w2,test,hard,wages,money,"48,360.59",59,48360.59,59.00,False,30.77,74.0,success,
w2_2026_000036_scan_hard_02,w2_2026_000036,w2,test,hard,federal_tax_withheld,money,"7,400.81",,7400.81,,False,0.0,0.0,success,
w2_2026_000036_scan_hard_02,w2_2026_000036,w2,test,hard,social_security_wages,money,"48,360.59","48,360.59",48360.59,48360.59,True,100.0,45.0,success,
w2_2026_000036_scan_hard_02,w2_2026_000036,w2,test,hard,social_security_tax_withheld,money,"2,998.36",2998.36,2998.36,2998.36,True,100.0,19.0,success,
w2_2026_000036_scan_hard_02,w2_2026_000036,w2,test,hard,medicare_wages,money,"48,360.59",,48360.59,,False,0.0,0.0,success,
w2_2026_000036_scan_hard_02,w2_2026_000036,w2,test,hard,medicare_tax_withheld,money,701.23,,701.23,,False,0.0,0.0,success,
w2_2026_000036_scan_hard_02,w2_2026_000036,w2,test,hard,state,state,TX,,TX,,False,0.0,0.0,success,
w2_2026_000036_scan_hard_02,w2_2026_000036,w2,test,hard,employer_state_id,identifier,TX-8963715,TS,TX8963715,TS,False,18.18,20.0,success,
w2_2026_000036_scan_hard_02,w2_2026_000036,w2,test,hard,state_wages,money,"48,360.59","48,360.59",48360.59,48360.59,True,100.0,0.0,success,
w2_2026_000036_scan_hard_02,w2_2026_000036,w2,test,hard,state_income_tax,money,"2,519.20","2,519.20",2519.20,2519.20,True,100.0,0.0,success,
w2_2026_000043_scan_mild_01,w2_2026_000043,w2,test,mild,employee_ssn,identifier,000-13-5051,00-13-5051 SACRA,000135051,00135051SACRA,False,72.73,29.0,success,
w2_2026_000043_scan_mild_01,w2_2026_000043,w2,test,mild,employer_ein,identifier,00-4344717,00-4344717 BNANSECOSSENSEACENZEF8ENAEERONEE,004344717,004344717BNANSECOSSENSEACENZEF8ENAEERONEE,False,36.0,2.5,success,
w2_2026_000043_scan_mild_01,w2_2026_000043,w2,test,mild,employer_name_address,multiline,"STRICKLAND-SHAW
39240 SAWYER PLAZA APT. 814
PORT ETHANMOUTH, MH 67787","Spirent ec rs relat’ fate Te tind bevel ithe st Site cine hme ata Satpal peer te ice toe STRICKLAND-SHAW 39240 SAWYER PLAZA APT. 814 PORT ETHANMOUTH, MH 67787",STRICKLAND SHAW 39240 SAWYER PLAZA APT 814 PORT ETHANMOUTH MH 67787,SPIRENT EC RS RELAT FATE TE TIND BEVEL ITHE ST SITE CINE HME ATA SATPAL PEER TE ICE TOE STRICKLAND SHAW 39240 SAWYER PLAZA APT 814 PORT ETHANMOUTH MH 67787,False,60.36,42.17,success,
w2_2026_000043_scan_mild_01,w2_2026_000043,w2,test,mild,control_number,identifier,W2-2026-000043,W2-2026-000043 3,W22026000043,W220260000433,False,96.0,26.0,success,
w2_2026_000043_scan_mild_01,w2_2026_000043,w2,test,mild,employee_first_name,text,STACEY O.,STACEY O.,STACEY O,STACEY O,True,100.0,91.5,success,
w2_2026_000043_scan_mild_01,w2_2026_000043,w2,test,mild,employee_last_name,text,MURRAY,MURRAY,MURRAY,MURRAY,True,100.0,96.0,success,
w2_2026_000043_scan_mild_01,w2_2026_000043,w2,test,mild,employee_address,multiline,"1375 ROBERT LOCKS
JOELAND, MN 29931","1375 ROBERT LOCKS JOELAND, MN 29931 f Employee’s address and ZIP code",1375 ROBERT LOCKS JOELAND MN 29931,1375 ROBERT LOCKS JOELAND MN 29931 F EMPLOYEE S ADDRESS AND ZIP CODE,False,66.67,94.42,success,
w2_2026_000043_scan_mild_01,w2_2026_000043,w2,test,mild,wages,money,"86,713.60",861.6,86713.60,861.60,False,85.71,0.0,success,
w2_2026_000043_scan_mild_01,w2_2026_000043,w2,test,mild,federal_tax_withheld,money,"10,047.99",4004700,10047.99,4004700.00,False,55.56,0.0,success,
w2_2026_000043_scan_mild_01,w2_2026_000043,w2,test,mild,social_security_wages,money,"86,713.60","86,713.60",86713.60,86713.60,True,100.0,66.0,success,
w2_2026_000043_scan_mild_01,w2_2026_000043,w2,test,mild,social_security_tax_withheld,money,"5,376.24","8,)-) 5,376.24",5376.24,8-5376.24,False,87.5,45.5,success,
w2_2026_000043_scan_mild_01,w2_2026_000043,w2,test,mild,medicare_wages,money,"86,713.60","86,713.60",86713.60,86713.60,True,100.0,75.0,success,
w2_2026_000043_scan_mild_01,w2_2026_000043,w2,test,mild,medicare_tax_withheld,money,"1,257.35","1,257.35",1257.35,1257.35,True,100.0,72.0,success,
w2_2026_000043_scan_mild_01,w2_2026_000043,w2,test,mild,state,state,MN,MN,MN,MN,True,100.0,56.0,success,
w2_2026_000043_scan_mild_01,w2_2026_000043,w2,test,mild,employer_state_id,identifier,MN-8945036,MN894503600080,MN8945036,MN894503600080,False,78.26,0.0,success,
w2_2026_000043_scan_mild_01,w2_2026_000043,w2,test,mild,state_wages,money,"86,713.60","86,713.60",86713.60,86713.60,True,100.0,46.0,success,
w2_2026_000043_scan_mild_01,w2_2026_000043,w2,test,mild,state_income_tax,money,386.76,,386.76,,False,0.0,0.0,success,
w2_2026_000043_scan_hard_02,w2_2026_000043,w2,test,hard,employee_ssn,identifier,000-13-5051,000-13-406,000135051,00013406,False,70.59,0.0,success,
w2_2026_000043_scan_hard_02,w2_2026_000043,w2,test,hard,employer_ein,identifier,00-4344717,,004344717,,False,0.0,0.0,success,
w2_2026_000043_scan_hard_02,w2_2026_000043,w2,test,hard,employer_name_address,multiline,"STRICKLAND-SHAW
39240 SAWYER PLAZA APT. 814
PORT ETHANMOUTH, MH 67787","tities eee, Gs ci Coce Se ey STRICKLANO-SHAW 39240 SAWYER PLAZA APT. 814 PORT ETHANMOUTH, MH 67787 ee",STRICKLAND SHAW 39240 SAWYER PLAZA APT 814 PORT ETHANMOUTH MH 67787,TITIES EEE GS CI COCE SE EY STRICKLANO SHAW 39240 SAWYER PLAZA APT 814 PORT ETHANMOUTH MH 67787 EE,False,80.0,57.0,success,
w2_2026_000043_scan_hard_02,w2_2026_000043,w2,test,hard,control_number,identifier,W2-2026-000043,SN,W22026000043,SN,False,0.0,0.0,success,
w2_2026_000043_scan_hard_02,w2_2026_000043,w2,test,hard,employee_first_name,text,STACEY O.,STACEY O. Saha },STACEY O,STACEY O SAHA,False,76.19,44.75,success,
w2_2026_000043_scan_hard_02,w2_2026_000043,w2,test,hard,employee_last_name,text,MURRAY,MURRAY,MURRAY,MURRAY,True,100.0,95.0,success,
w2_2026_000043_scan_hard_02,w2_2026_000043,w2,test,hard,employee_address,multiline,"1375 ROBERT LOCKS
JOELAND, MN 29931","1375 ROBERT LOCKS JOELAND, MN 29931 f Employee's address and ZIP code On. aaa ENNEeEenaseiemenemsssies..s............",1375 ROBERT LOCKS JOELAND MN 29931,1375 ROBERT LOCKS JOELAND MN 29931 F EMPLOYEE S ADDRESS AND ZIP CODE ON AAA ENNEEEENASEIEMENEMSSSIES S,False,50.0,65.13,success,
w2_2026_000043_scan_hard_02,w2_2026_000043,w2,test,hard,wages,money,"86,713.60","86,713.60",86713.60,86713.60,True,100.0,86.0,success,
w2_2026_000043_scan_hard_02,w2_2026_000043,w2,test,hard,federal_tax_withheld,money,"10,047.99",,10047.99,,False,0.0,0.0,success,
w2_2026_000043_scan_hard_02,w2_2026_000043,w2,test,hard,social_security_wages,money,"86,713.60","86,713.60",86713.60,86713.60,True,100.0,66.0,success,
w2_2026_000043_scan_hard_02,w2_2026_000043,w2,test,hard,social_security_tax_withheld,money,"5,376.24",,5376.24,,False,0.0,0.0,success,
w2_2026_000043_scan_hard_02,w2_2026_000043,w2,test,hard,medicare_wages,money,"86,713.60","86,713.60",86713.60,86713.60,True,100.0,48.0,success,
w2_2026_000043_scan_hard_02,w2_2026_000043,w2,test,hard,medicare_tax_withheld,money,"1,257.35","1,257.35",1257.35,1257.35,True,100.0,68.0,success,
w2_2026_000043_scan_hard_02,w2_2026_000043,w2,test,hard,state,state,MN,,MN,,False,0.0,0.0,success,
w2_2026_000043_scan_hard_02,w2_2026_000043,w2,test,hard,employer_state_id,identifier,MN-8945036,,MN8945036,,False,0.0,0.0,success,
w2_2026_000043_scan_hard_02,w2_2026_000043,w2,test,hard,state_wages,money,"86,713.60",8713.60,86713.60,8713.60,False,93.33,9.0,success,
w2_2026_000043_scan_hard_02,w2_2026_000043,w2,test,hard,state_income_tax,money,386.76,98676,386.76,98676.00,False,57.14,46.0,success,
w2_2026_000057_scan_mild_01,w2_2026_000057,w2,test,mild,employee_ssn,identifier,000-38-3441,00-36-3441 VVVVIC,000383441,00363441VVVVIC,False,60.87,18.5,success,
w2_2026_000057_scan_mild_01,w2_2026_000057,w2,test,mild,employer_ein,identifier,00-5456573,DE NONNUMDEFCIN,005456573,DENONNUMDEFCIN,False,0.0,0.0,success,
w2_2026_000057_scan_mild_01,w2_2026_000057,w2,test,mild,employer_name_address,multiline,"HORTON, TAYLOR AND GILBERT
08330 ROBERT STRAVENUE
GARCIABERG, AL 72636","c Employers name, agaress, alla 2ir vuue HORTON, TAYLOR AND GILBERT 08330 ROBERT STRAVENUE GARCIABERG, AL 72636",HORTON TAYLOR AND GILBERT 08330 ROBERT STRAVENUE GARCIABERG AL 72636,C EMPLOYERS NAME AGARESS ALLA 2IR VUUE HORTON TAYLOR AND GILBERT 08330 ROBERT STRAVENUE GARCIABERG AL 72636,False,77.71,80.59,success,
w2_2026_000057_scan_mild_01,w2_2026_000057,w2,test,mild,control_number,identifier,W2-2026-000057,W,W22026000057,W,False,15.38,0.0,success,
w2_2026_000057_scan_mild_01,w2_2026_000057,w2,test,mild,employee_first_name,text,JASON R.,JASON R.,JASON R,JASON R,True,100.0,86.0,success,
w2_2026_000057_scan_mild_01,w2_2026_000057,w2,test,mild,employee_last_name,text,NELSON,NELSON,NELSON,NELSON,True,100.0,96.0,success,
w2_2026_000057_scan_mild_01,w2_2026_000057,w2,test,mild,employee_address,multiline,"7734 MITCHELL CIRCLE
LAKE AUDREYSIDE, WA 95281","7734 MITCHELL CIRCLE LAKE AUDREYSIDE, WA 95281 f Employee’s address and ZIP code",7734 MITCHELL CIRCLE LAKE AUDREYSIDE WA 95281,7734 MITCHELL CIRCLE LAKE AUDREYSIDE WA 95281 F EMPLOYEE S ADDRESS AND ZIP CODE,False,72.58,94.08,success,
w2_2026_000057_scan_mild_01,w2_2026_000057,w2,test,mild,wages,money,"132,867.33",", 432,867.33",132867.33,432867.33,False,88.89,0.0,success,
w2_2026_000057_scan_mild_01,w2_2026_000057,w2,test,mild,federal_tax_withheld,money,"23,167.59",",))- 23,167.59",23167.59,-23167.59,False,94.12,10.0,success,
w2_2026_000057_scan_mild_01,w2_2026_000057,w2,test,mild,social_security_wages,money,"132,867.33",", 32,867.33",132867.33,32867.33,False,94.12,43.5,success,
w2_2026_000057_scan_mild_01,w2_2026_000057,w2,test,mild,social_security_tax_withheld,money,"8,237.77","-, 8,237.77",8237.77,-8237.77,False,93.33,47.0,success,
w2_2026_000057_scan_mild_01,w2_2026_000057,w2,test,mild,medicare_wages,money,"132,867.33","132,867.33",132867.33,132867.33,True,100.0,92.0,success,
w2_2026_000057_scan_mild_01,w2_2026_000057,w2,test,mild,medicare_tax_withheld,money,"1,926.58","1,926.58",1926.58,1926.58,True,100.0,49.0,success,
w2_2026_000057_scan_mild_01,w2_2026_000057,w2,test,mild,state,state,WA,WA,WA,WA,True,100.0,61.0,success,
w2_2026_000057_scan_mild_01,w2_2026_000057,w2,test,mild,employer_state_id,identifier,WA-6160869,9,WA6160869,9,False,20.0,0.0,success,
w2_2026_000057_scan_mild_01,w2_2026_000057,w2,test,mild,state_wages,money,"132,867.33",,132867.33,,False,0.0,0.0,success,
w2_2026_000057_scan_mild_01,w2_2026_000057,w2,test,mild,state_income_tax,money,"6,942.83",,6942.83,,False,0.0,0.0,success,
w2_2026_000057_scan_hard_02,w2_2026_000057,w2,test,hard,employee_ssn,identifier,000-38-3441,-41 2SOCUMYNUMDE,000383441,412SOCUMYNUMDE,False,17.39,0.0,success,
w2_2026_000057_scan_hard_02,w2_2026_000057,w2,test,hard,employer_ein,identifier,00-5456573,EE,005456573,EE,False,0.0,20.0,success,
w2_2026_000057_scan_hard_02,w2_2026_000057,w2,test,hard,employer_name_address,multiline,"HORTON, TAYLOR AND GILBERT
08330 ROBERT STRAVENUE
GARCIABERG, AL 72636","Lin tamer. mS, GUUTOSS, and Zi code ""HORTON, TAYLOR AND GILBERT 08330 ROBERT STRAVENUE GARCIABERG, AL 72696 i. ae ee >",HORTON TAYLOR AND GILBERT 08330 ROBERT STRAVENUE GARCIABERG AL 72636,LIN TAMER MS GUUTOSS AND ZI CODE HORTON TAYLOR AND GILBERT 08330 ROBERT STRAVENUE GARCIABERG AL 72696 I AE EE,False,75.71,57.9,success,
w2_2026_000057_scan_hard_02,w2_2026_000057,w2,test,hard,control_number,identifier,W2-2026-000057,,W22026000057,,False,0.0,0.0,success,
w2_2026_000057_scan_hard_02,w2_2026_000057,w2,test,hard,employee_first_name,text,JASON R.,JASON R. SESS,JASON R,JASON R SESS,False,73.68,62.67,success,
w2_2026_000057_scan_hard_02,w2_2026_000057,w2,test,hard,employee_last_name,text,NELSON,NELSON,NELSON,NELSON,True,100.0,96.0,success,
w2_2026_000057_scan_hard_02,w2_2026_000057,w2,test,hard,employee_address,multiline,"7734 MITCHELL CIRCLE
LAKE AUDREYSIDE, WA 95281","7734 MITCHELL CIRCLE LAKE AUDREYSIDE, WA 95281 ft Employee's address and ZIP code",7734 MITCHELL CIRCLE LAKE AUDREYSIDE WA 95281,7734 MITCHELL CIRCLE LAKE AUDREYSIDE WA 95281 FT EMPLOYEE S ADDRESS AND ZIP CODE,False,72.0,88.69,success,
w2_2026_000057_scan_hard_02,w2_2026_000057,w2,test,hard,wages,money,"132,867.33","132,867.33",132867.33,132867.33,True,100.0,81.0,success,
w2_2026_000057_scan_hard_02,w2_2026_000057,w2,test,hard,federal_tax_withheld,money,"23,167.59",,23167.59,,False,0.0,0.0,success,
w2_2026_000057_scan_hard_02,w2_2026_000057,w2,test,hard,social_security_wages,money,"132,867.33",,132867.33,,False,0.0,0.0,success,
w2_2026_000057_scan_hard_02,w2_2026_000057,w2,test,hard,social_security_tax_withheld,money,"8,237.77",,8237.77,,False,0.0,0.0,success,
w2_2026_000057_scan_hard_02,w2_2026_000057,w2,test,hard,medicare_wages,money,"132,867.33",,132867.33,,False,0.0,0.0,success,
w2_2026_000057_scan_hard_02,w2_2026_000057,w2,test,hard,medicare_tax_withheld,money,"1,926.58",,1926.58,,False,0.0,0.0,success,
w2_2026_000057_scan_hard_02,w2_2026_000057,w2,test,hard,state,state,WA,WA,WA,WA,True,100.0,67.0,success,
w2_2026_000057_scan_hard_02,w2_2026_000057,w2,test,hard,employer_state_id,identifier,WA-6160869,,WA6160869,,False,0.0,0.0,success,
w2_2026_000057_scan_hard_02,w2_2026_000057,w2,test,hard,state_wages,money,"132,867.33","192,867.33",132867.33,192867.33,False,88.89,51.0,success,
w2_2026_000057_scan_hard_02,w2_2026_000057,w2,test,hard,state_income_tax,money,"6,942.83","8,942.83",6942.83,8942.83,False,85.71,45.0,success,
w2_2026_000062_scan_mild_01,w2_2026_000062,w2,test,mild,employee_ssn,identifier,000-56-9167,00-56-9167 OM,000569167,00569167OM,False,84.21,7.5,success,
w2_2026_000062_scan_mild_01,w2_2026_000062,w2,test,mild,employer_ein,identifier,00-8416216,NNUMDECIIN,008416216,NNUMDECIIN,False,0.0,0.0,success,
w2_2026_000062_scan_mild_01,w2_2026_000062,w2,test,mild,employer_name_address,multiline,"ANDERSON, DALTON AND WILSON
230 TIFFANY MOUNTAIN SUITE 863
SOUTH MICHAEL, KY 25205","c Employers name, acaress, anda <ir couse ANDERSON, DALTON AND WILSON 230 TIFFANY MOUNTAIN SUITE 863 SOUTH MICHAEL, KY 25205",ANDERSON DALTON AND WILSON 230 TIFFANY MOUNTAIN SUITE 863 SOUTH MICHAEL KY 25205,C EMPLOYERS NAME ACARESS ANDA IR COUSE ANDERSON DALTON AND WILSON 230 TIFFANY MOUNTAIN SUITE 863 SOUTH MICHAEL KY 25205,False,80.4,81.65,success,
w2_2026_000062_scan_mild_01,w2_2026_000062,w2,test,mild,control_number,identifier,W2-2026-000062,OO,W22026000062,OO,False,0.0,35.0,success,
w2_2026_000062_scan_mild_01,w2_2026_000062,w2,test,mild,employee_first_name,text,NICHOLAS V.,NICHOLAS V.,NICHOLAS V,NICHOLAS V,True,100.0,84.5,success,
w2_2026_000062_scan_mild_01,w2_2026_000062,w2,test,mild,employee_last_name,text,BRANDT,BRANDT,BRANDT,BRANDT,True,100.0,96.0,success,
w2_2026_000062_scan_mild_01,w2_2026_000062,w2,test,mild,employee_address,multiline,"69033 CRAIG BYPASS
HARPERTON, IA 97565","69033 CRAIG BYPASS HARPERTON, IA 97565 f Employee’s address and ZIP code",69033 CRAIG BYPASS HARPERTON IA 97565,69033 CRAIG BYPASS HARPERTON IA 97565 F EMPLOYEE S ADDRESS AND ZIP CODE,False,68.52,93.83,success,
w2_2026_000062_scan_mild_01,w2_2026_000062,w2,test,mild,wages,money,"28,193.11",",, 98.193.11",28193.11,98.19,False,46.15,0.0,success,
w2_2026_000062_scan_mild_01,w2_2026_000062,w2,test,mild,federal_tax_withheld,money,"5,222.09","5,292.09",5222.09,5292.09,False,85.71,28.0,success,
w2_2026_000062_scan_mild_01,w2_2026_000062,w2,test,mild,social_security_wages,money,"28,193.11","28,1 93.1 ,",28193.11,28193.10,False,87.5,74.0,success,
w2_2026_000062_scan_mild_01,w2_2026_000062,w2,test,mild,social_security_tax_withheld,money,"1,747.97","1,747.97",1747.97,1747.97,True,100.0,92.0,success,
w2_2026_000062_scan_mild_01,w2_2026_000062,w2,test,mild,medicare_wages,money,"28,193.11","28,1 93.1 1",28193.11,28193.11,True,100.0,77.0,success,
w2_2026_000062_scan_mild_01,w2_2026_000062,w2,test,mild,medicare_tax_withheld,money,408.80,.)1)) 408.80,408.80,0.14,False,40.0,48.0,success,
w2_2026_000062_scan_mild_01,w2_2026_000062,w2,test,mild,state,state,IA,US,IA,US,False,0.0,3.0,success,
w2_2026_000062_scan_mild_01,w2_2026_000062,w2,test,mild,employer_state_id,identifier,IA-5832327,A,IA5832327,A,False,20.0,0.0,success,
w2_2026_000062_scan_mild_01,w2_2026_000062,w2,test,mild,state_wages,money,"28,193.11",,28193.11,,False,0.0,0.0,success,
w2_2026_000062_scan_mild_01,w2_2026_000062,w2,test,mild,state_income_tax,money,994.33,,994.33,,False,0.0,0.0,success,
w2_2026_000066_scan_mild_01,w2_2026_000066,w2,test,mild,employee_ssn,identifier,000-68-6272,00-68-6272 98OVVICVVWC,000686272,0068627298OVVICVVWC,False,57.14,19.0,success,
w2_2026_000066_scan_mild_01,w2_2026_000066,w2,test,mild,employer_ein,identifier,00-4165061,EIN,004165061,EIN,False,0.0,0.0,success,
w2_2026_000066_scan_mild_01,w2_2026_000066,w2,test,mild,employer_name_address,multiline,"GILL-FLORES
5609 JOYCE BROOK
ANGELASHIRE, OR 94874","c Employer’s name, address, and <ir code GILL-FLORES 5609 JOYCE BROOK ANGELASHIRE, OR 94874 Seren aes errata: foe ee",GILL FLORES 5609 JOYCE BROOK ANGELASHIRE OR 94874,C EMPLOYER S NAME ADDRESS AND IR CODE GILL FLORES 5609 JOYCE BROOK ANGELASHIRE OR 94874 SEREN AES ERRATA FOE EE,False,61.25,68.63,success,
w2_2026_000066_scan_mild_01,w2_2026_000066,w2,test,mild,control_number,identifier,W2-2026-000066,W,W22026000066,W,False,15.38,0.0,success,
w2_2026_000066_scan_mild_01,w2_2026_000066,w2,test,mild,employee_first_name,text,STEVEN Z.,STEVEN z.,STEVEN Z,STEVEN Z,True,100.0,83.5,success,
w2_2026_000066_scan_mild_01,w2_2026_000066,w2,test,mild,employee_last_name,text,ZAVALA,ZAVALA,ZAVALA,ZAVALA,True,100.0,96.0,success,
w2_2026_000066_scan_mild_01,w2_2026_000066,w2,test,mild,employee_address,multiline,"2353 HUDSON GARDENS SUITE 854
LEVYFORT, NH 22551","2353 HUDSON GARDENS SUITE 854 LEVYFORT, NH 22551 f Employee’s address and ZIP code",2353 HUDSON GARDENS SUITE 854 LEVYFORT NH 22551,2353 HUDSON GARDENS SUITE 854 LEVYFORT NH 22551 F EMPLOYEE S ADDRESS AND ZIP CODE,False,73.44,94.64,success,
w2_2026_000066_scan_mild_01,w2_2026_000066,w2,test,mild,wages,money,"102,918.22",",, 402,918.22",102918.22,402918.22,False,88.89,7.0,success,
w2_2026_000066_scan_mild_01,w2_2026_000066,w2,test,mild,federal_tax_withheld,money,"17,102.22","47,102.22",17102.22,47102.22,False,87.5,25.0,success,
w2_2026_000066_scan_mild_01,w2_2026_000066,w2,test,mild,social_security_wages,money,"102,918.22","3 02,918.22",102918.22,302918.22,False,88.89,44.5,success,
w2_2026_000066_scan_mild_01,w2_2026_000066,w2,test,mild,social_security_tax_withheld,money,"6,380.93","6,380.93",6380.93,6380.93,True,100.0,92.0,success,
w2_2026_000066_scan_mild_01,w2_2026_000066,w2,test,mild,medicare_wages,money,"102,918.22","102,918.22",102918.22,102918.22,True,100.0,67.0,success,
w2_2026_000066_scan_mild_01,w2_2026_000066,w2,test,mild,medicare_tax_withheld,money,"1,492.31","1,492.31",1492.31,1492.31,True,100.0,95.0,success,
w2_2026_000066_scan_mild_01,w2_2026_000066,w2,test,mild,state,state,NH,NH,NH,NH,True,100.0,57.0,success,
w2_2026_000066_scan_mild_01,w2_2026_000066,w2,test,mild,employer_state_id,identifier,NH-7891662,N762,NH7891662,N762,False,61.54,0.0,success,
w2_2026_000066_scan_mild_01,w2_2026_000066,w2,test,mild,state_wages,money,"102,918.22","102,918.22",102918.22,102918.22,True,100.0,51.0,success,
w2_2026_000066_scan_mild_01,w2_2026_000066,w2,test,mild,state_income_tax,money,"2,308.77",,2308.77,,False,0.0,0.0,success,
w2_2026_000062_scan_hard_02,w2_2026_000062,w2,test,hard,employee_ssn,identifier,000-56-9167,O0-56-9167 SUV,000569167,O0569167SUV,False,70.0,0.0,success,
w2_2026_000062_scan_hard_02,w2_2026_000062,w2,test,hard,employer_ein,identifier,00-8416216,,008416216,,False,0.0,0.0,success,
w2_2026_000062_scan_hard_02,w2_2026_000062,w2,test,hard,employer_name_address,multiline,"ANDERSON, DALTON AND WILSON
230 TIFFANY MOUNTAIN SUITE 863
SOUTH MICHAEL, KY 25205","c Employer's name, agoress, and <ir cous ANDERSON, DALTON AND WILSON 230 TIFFANY MOUNTAIN SUITE 863 SOUTH MICHAEL, KY 25205",ANDERSON DALTON AND WILSON 230 TIFFANY MOUNTAIN SUITE 863 SOUTH MICHAEL KY 25205,C EMPLOYER S NAME AGORESS AND IR COUS ANDERSON DALTON AND WILSON 230 TIFFANY MOUNTAIN SUITE 863 SOUTH MICHAEL KY 25205,False,80.81,84.3,success,
w2_2026_000062_scan_hard_02,w2_2026_000062,w2,test,hard,control_number,identifier,W2-2026-000062,W COTTRETRRTT,W22026000062,WCOTTRETRRTT,False,8.33,0.0,success,
w2_2026_000062_scan_hard_02,w2_2026_000062,w2,test,hard,employee_first_name,text,NICHOLAS V.,NICHOLAS V.,NICHOLAS V,NICHOLAS V,True,100.0,90.0,success,
w2_2026_000062_scan_hard_02,w2_2026_000062,w2,test,hard,employee_last_name,text,BRANDT,BRANDT,BRANDT,BRANDT,True,100.0,94.0,success,
w2_2026_000062_scan_hard_02,w2_2026_000062,w2,test,hard,employee_address,multiline,"69033 CRAIG BYPASS
HARPERTON, IA 97565","69033 CRAIG BYPASS HARPERTON, IA 97565 f Employee's address and ZIPCOd@",69033 CRAIG BYPASS HARPERTON IA 97565,69033 CRAIG BYPASS HARPERTON IA 97565 F EMPLOYEE S ADDRESS AND ZIPCOD,False,69.81,73.64,success,
w2_2026_000062_scan_hard_02,w2_2026_000062,w2,test,hard,wages,money,"28,193.11",",, 98193.1 1",28193.11,98193.11,False,87.5,21.67,success,
w2_2026_000062_scan_hard_02,w2_2026_000062,w2,test,hard,federal_tax_withheld,money,"5,222.09",$222.09,5222.09,222.09,False,92.31,30.0,success,
w2_2026_000062_scan_hard_02,w2_2026_000062,w2,test,hard,social_security_wages,money,"28,193.11","8 28,193.11",28193.11,828193.11,False,94.12,46.5,success,
w2_2026_000062_scan_hard_02,w2_2026_000062,w2,test,hard,social_security_tax_withheld,money,"1,747.97",- 4747.97,1747.97,-4747.97,False,80.0,15.5,success,
w2_2026_000062_scan_hard_02,w2_2026_000062,w2,test,hard,medicare_wages,money,"28,193.11","2 28,193.11",28193.11,228193.11,False,94.12,37.0,success,
w2_2026_000062_scan_hard_02,w2_2026_000062,w2,test,hard,medicare_tax_withheld,money,408.80,. 408.80,408.80,0.41,False,40.0,48.0,success,
w2_2026_000062_scan_hard_02,w2_2026_000062,w2,test,hard,state,state,IA,,IA,,False,0.0,0.0,success,
w2_2026_000062_scan_hard_02,w2_2026_000062,w2,test,hard,employer_state_id,identifier,IA-5832327,,IA5832327,,False,0.0,0.0,success,
w2_2026_000062_scan_hard_02,w2_2026_000062,w2,test,hard,state_wages,money,"28,193.11",,28193.11,,False,0.0,0.0,success,
w2_2026_000062_scan_hard_02,w2_2026_000062,w2,test,hard,state_income_tax,money,994.33,,994.33,,False,0.0,0.0,success,
w2_2026_000066_scan_hard_02,w2_2026_000066,w2,test,hard,employee_ssn,identifier,000-68-6272,AR,000686272,AR,False,0.0,0.0,success,
w2_2026_000066_scan_hard_02,w2_2026_000066,w2,test,hard,employer_ein,identifier,00-4165061,--,004165061,,False,0.0,0.0,success,
w2_2026_000066_scan_hard_02,w2_2026_000066,w2,test,hard,employer_name_address,multiline,"GILL-FLORES
5609 JOYCE BROOK
ANGELASHIRE, OR 94874","¢ Employer's name, adoress, anc 2"" Cous GAL-FLORES $609 JOYCE BROOK ANGELASHIRE, OR 94874",GILL FLORES 5609 JOYCE BROOK ANGELASHIRE OR 94874,EMPLOYER S NAME ADORESS ANC 2 COUS GAL FLORES 609 JOYCE BROOK ANGELASHIRE OR 94874,False,70.23,73.71,success,
w2_2026_000066_scan_hard_02,w2_2026_000066,w2,test,hard,control_number,identifier,W2-2026-000066,,W22026000066,,False,0.0,0.0,success,
w2_2026_000066_scan_hard_02,w2_2026_000066,w2,test,hard,employee_first_name,text,STEVEN Z.,TEVEN 7. |,STEVEN Z,TEVEN 7,False,80.0,41.0,success,
w2_2026_000066_scan_hard_02,w2_2026_000066,w2,test,hard,employee_last_name,text,ZAVALA,ZAVALA,ZAVALA,ZAVALA,True,100.0,96.0,success,
w2_2026_000066_scan_hard_02,w2_2026_000066,w2,test,hard,employee_address,multiline,"2353 HUDSON GARDENS SUITE 854
LEVYFORT, NH 22551","2353 HUDSON GARDENS SUITE 854 LEVYFORT, NH 22551 { Employes'saddressandZIPcode",2353 HUDSON GARDENS SUITE 854 LEVYFORT NH 22551,2353 HUDSON GARDENS SUITE 854 LEVYFORT NH 22551 EMPLOYES SADDRESSANDZIPCODE,False,77.05,77.4,success,
w2_2026_000066_scan_hard_02,w2_2026_000066,w2,test,hard,wages,money,"102,918.22",,102918.22,,False,0.0,0.0,success,
w2_2026_000066_scan_hard_02,w2_2026_000066,w2,test,hard,federal_tax_withheld,money,"17,102.22",,17102.22,,False,0.0,0.0,success,
w2_2026_000066_scan_hard_02,w2_2026_000066,w2,test,hard,social_security_wages,money,"102,918.22",,102918.22,,False,0.0,0.0,success,
w2_2026_000066_scan_hard_02,w2_2026_000066,w2,test,hard,social_security_tax_withheld,money,"6,380.93",. 93,6380.93,0.93,False,72.73,41.5,success,
w2_2026_000066_scan_hard_02,w2_2026_000066,w2,test,hard,medicare_wages,money,"102,918.22",,102918.22,,False,0.0,0.0,success,
w2_2026_000066_scan_hard_02,w2_2026_000066,w2,test,hard,medicare_tax_withheld,money,"1,492.31",". 1, 1",1492.31,0.11,False,36.36,28.0,success,
w2_2026_000066_scan_hard_02,w2_2026_000066,w2,test,hard,state,state,NH,,NH,,False,0.0,0.0,success,
w2_2026_000066_scan_hard_02,w2_2026_000066,w2,test,hard,employer_state_id,identifier,NH-7891662,,NH7891662,,False,0.0,0.0,success,
w2_2026_000066_scan_hard_02,w2_2026_000066,w2,test,hard,state_wages,money,"102,918.22","102,918",102918.22,102918.00,False,77.78,0.0,success,
w2_2026_000066_scan_hard_02,w2_2026_000066,w2,test,hard,state_income_tax,money,"2,308.77",230877,2308.77,230877.00,False,75.0,33.0,success,
w2_2026_000069_scan_mild_01,w2_2026_000069,w2,test,mild,employee_ssn,identifier,000-79-1588,000-793-1588 VVUICVVR,000791588,0007931588VVUICVVR,False,66.67,0.0,success,
w2_2026_000069_scan_mild_01,w2_2026_000069,w2,test,mild,employer_ein,identifier,00-2147909,EIN,002147909,EIN,False,0.0,0.0,success,
w2_2026_000069_scan_mild_01,w2_2026_000069,w2,test,mild,employer_name_address,multiline,"MADDEN, DICKSON AND JACOBSON
39740 GABRIELLE HARBORS
EAST SARAHMOUTH, AK 27653","c Employer’s name, address, and 2ir code MADDEN, DICKSON AND JACOBSON 39740 GABRIELLE HARBORS EAST SARAHMOUTH, AK 27653 SN of VE a NS TA BP callie nr",MADDEN DICKSON AND JACOBSON 39740 GABRIELLE HARBORS EAST SARAHMOUTH AK 27653,C EMPLOYER S NAME ADDRESS AND 2IR CODE MADDEN DICKSON AND JACOBSON 39740 GABRIELLE HARBORS EAST SARAHMOUTH AK 27653 SN OF VE A NS TA BP CALLIE NR,False,68.78,66.19,success,
w2_2026_000069_scan_mild_01,w2_2026_000069,w2,test,mild,control_number,identifier,W2-2026-000069,SO,W22026000069,SO,False,0.0,0.0,success,
w2_2026_000069_scan_mild_01,w2_2026_000069,w2,test,mild,employee_first_name,text,MEGAN U.,MEGAN U.,MEGAN U,MEGAN U,True,100.0,92.5,success,
w2_2026_000069_scan_mild_01,w2_2026_000069,w2,test,mild,employee_last_name,text,MUELLER,MUELLER,MUELLER,MUELLER,True,100.0,96.0,success,
w2_2026_000069_scan_mild_01,w2_2026_000069,w2,test,mild,employee_address,multiline,"614 ANNE PORT
RHODESSIDE, MA 50812","614 ANNE PORT RHODESSIDE, MA 50812 f Employee’s address and ZIP code",614 ANNE PORT RHODESSIDE MA 50812,614 ANNE PORT RHODESSIDE MA 50812 F EMPLOYEE S ADDRESS AND ZIP CODE,False,66.0,94.5,success,
w2_2026_000069_scan_mild_01,w2_2026_000069,w2,test,mild,wages,money,"117,526.96",",, 417,526.96",117526.96,417526.96,False,88.89,3.5,success,
w2_2026_000069_scan_mild_01,w2_2026_000069,w2,test,mild,federal_tax_withheld,money,"16,547.97","16,547.97",16547.97,16547.97,True,100.0,0.0,success,
w2_2026_000069_scan_mild_01,w2_2026_000069,w2,test,mild,social_security_wages,money,"117,526.96","9 17,526.96",117526.96,917526.96,False,88.89,47.5,success,
w2_2026_000069_scan_mild_01,w2_2026_000069,w2,test,mild,social_security_tax_withheld,money,"7,286.67","7,286.67",7286.67,7286.67,True,100.0,83.0,success,
w2_2026_000069_scan_mild_01,w2_2026_000069,w2,test,mild,medicare_wages,money,"117,526.96","117,526.96",117526.96,117526.96,True,100.0,96.0,success,
w2_2026_000069_scan_mild_01,w2_2026_000069,w2,test,mild,medicare_tax_withheld,money,"1,704.14",1.704.14,1704.14,1.70,False,54.55,83.0,success,
w2_2026_000069_scan_mild_01,w2_2026_000069,w2,test,mild,state,state,MA,MA,MA,MA,True,100.0,70.0,success,
w2_2026_000069_scan_mild_01,w2_2026_000069,w2,test,mild,employer_state_id,identifier,MA-4816586,,MA4816586,,False,0.0,0.0,success,
w2_2026_000069_scan_mild_01,w2_2026_000069,w2,test,mild,state_wages,money,"117,526.96",-,117526.96,-,False,0.0,0.0,success,
w2_2026_000069_scan_mild_01,w2_2026_000069,w2,test,mild,state_income_tax,money,"2,419.05",,2419.05,,False,0.0,0.0,success,
w2_2026_000069_scan_hard_02,w2_2026_000069,w2,test,hard,employee_ssn,identifier,000-79-1588,POOP,000791588,POOP,False,0.0,0.0,success,
w2_2026_000069_scan_hard_02,w2_2026_000069,w2,test,hard,employer_ein,identifier,00-2147909,,002147909,,False,0.0,0.0,success,
w2_2026_000069_scan_hard_02,w2_2026_000069,w2,test,hard,employer_name_address,multiline,"MADDEN, DICKSON AND JACOBSON
39740 GABRIELLE HARBORS
EAST SARAHMOUTH, AK 27653","$C taea paras me et SUTESS, and ZIP code MADDEN, DICKSON AND JACOBSON 40 GABRIELLE HARBORS EAST SARAHMOUTH, AK 27653 PO iy PRON al PRO",MADDEN DICKSON AND JACOBSON 39740 GABRIELLE HARBORS EAST SARAHMOUTH AK 27653,C TAEA PARAS ME ET SUTESS AND ZIP CODE MADDEN DICKSON AND JACOBSON 40 GABRIELLE HARBORS EAST SARAHMOUTH AK 27653 PO IY PRON AL PRO,False,70.87,58.16,success,
w2_2026_000069_scan_hard_02,w2_2026_000069,w2,test,hard,control_number,identifier,W2-2026-000069,RO,W22026000069,RO,False,0.0,0.0,success,
w2_2026_000069_scan_hard_02,w2_2026_000069,w2,test,hard,employee_first_name,text,MEGAN U.,MEGAN U. beet Cli Near,MEGAN U,MEGAN U BEET CLI NEAR,False,50.0,34.4,success,
w2_2026_000069_scan_hard_02,w2_2026_000069,w2,test,hard,employee_last_name,text,MUELLER,MUELLER,MUELLER,MUELLER,True,100.0,96.0,success,
w2_2026_000069_scan_hard_02,w2_2026_000069,w2,test,hard,employee_address,multiline,"614 ANNE PORT
RHODESSIDE, MA 50812","614 ANNE PORT RHODESSIDE, MA 50812 f Employee's address and ZIP code TOR gS Paar ee eS eee eee",614 ANNE PORT RHODESSIDE MA 50812,614 ANNE PORT RHODESSIDE MA 50812 F EMPLOYEE S ADDRESS AND ZIP CODE TOR GS PAAR EE ES EEE EEE,False,52.38,64.63,success,
w2_2026_000069_scan_hard_02,w2_2026_000069,w2,test,hard,wages,money,"117,526.96","17,528.96",117526.96,17528.96,False,82.35,52.0,success,
w2_2026_000069_scan_hard_02,w2_2026_000069,w2,test,hard,federal_tax_withheld,money,"16,547.97",,16547.97,,False,0.0,0.0,success,
w2_2026_000069_scan_hard_02,w2_2026_000069,w2,test,hard,social_security_wages,money,"117,526.96",,117526.96,,False,0.0,0.0,success,
w2_2026_000069_scan_hard_02,w2_2026_000069,w2,test,hard,social_security_tax_withheld,money,"7,286.67",,7286.67,,False,0.0,0.0,success,
w2_2026_000069_scan_hard_02,w2_2026_000069,w2,test,hard,medicare_wages,money,"117,526.96",,117526.96,,False,0.0,0.0,success,
w2_2026_000069_scan_hard_02,w2_2026_000069,w2,test,hard,medicare_tax_withheld,money,"1,704.14",,1704.14,,False,0.0,0.0,success,
w2_2026_000069_scan_hard_02,w2_2026_000069,w2,test,hard,state,state,MA,MA,MA,MA,True,100.0,80.0,success,
w2_2026_000069_scan_hard_02,w2_2026_000069,w2,test,hard,employer_state_id,identifier,MA-4816586,M,MA4816586,M,False,20.0,0.0,success,
w2_2026_000069_scan_hard_02,w2_2026_000069,w2,test,hard,state_wages,money,"117,526.96","117,526.96",117526.96,117526.96,True,100.0,44.0,success,
w2_2026_000069_scan_hard_02,w2_2026_000069,w2,test,hard,state_income_tax,money,"2,419.05",2419.05,2419.05,2419.05,True,100.0,24.0,success,
w2_2026_000093_scan_mild_01,w2_2026_000093,w2,test,mild,employee_ssn,identifier,000-94-7947,00-94-7947 VVVIT,000947947,00947947VVVIT,False,72.73,11.0,success,
w2_2026_000093_scan_mild_01,w2_2026_000093,w2,test,mild,employer_ein,identifier,00-9148051,P NCANNUMDECUN,009148051,PNCANNUMDECUN,False,0.0,0.0,success,
w2_2026_000093_scan_mild_01,w2_2026_000093,w2,test,mild,employer_name_address,multiline,"VAUGHAN, COPELAND AND COCHRAN
427 CHRISTOPHER FORT APT. 087
WEST SAMANTHABOROUGH, AS 17604","c Eempioyers name, aQaress, ally 4iF Vue VAUGHAN, COPELAND AND COCHRAN 427 CHRISTOPHER FORT APT. 087 WEST SAMANTHABOROUGH, AS 17604",VAUGHAN COPELAND AND COCHRAN 427 CHRISTOPHER FORT APT 087 WEST SAMANTHABOROUGH AS 17604,C EEMPIOYERS NAME AQARESS ALLY 4IF VUE VAUGHAN COPELAND AND COCHRAN 427 CHRISTOPHER FORT APT 087 WEST SAMANTHABOROUGH AS 17604,False,81.69,76.5,success,
w2_2026_000093_scan_mild_01,w2_2026_000093,w2,test,mild,control_number,identifier,W2-2026-000093,WEPPMOMIS60SASRPR,W22026000093,WEPPMOMIS60SASRPR,False,20.69,0.0,success,
w2_2026_000093_scan_mild_01,w2_2026_000093,w2,test,mild,employee_first_name,text,MICHAEL S.,MICHAEL S.,MICHAEL S,MICHAEL S,True,100.0,87.0,success,
w2_2026_000093_scan_mild_01,w2_2026_000093,w2,test,mild,employee_last_name,text,ELLIOTT,ELLIOTT,ELLIOTT,ELLIOTT,True,100.0,96.0,success,
w2_2026_000093_scan_mild_01,w2_2026_000093,w2,test,mild,employee_address,multiline,"250 DYLAN SQUARES APT. 185
WEST JANETFURT, OR 13743","250 DYLAN SQUARES APT. 185 WEST JANETFURT, OR 13743 f Employee’s address and ZIP code",250 DYLAN SQUARES APT 185 WEST JANETFURT OR 13743,250 DYLAN SQUARES APT 185 WEST JANETFURT OR 13743 F EMPLOYEE S ADDRESS AND ZIP CODE,False,74.24,94.47,success,
w2_2026_000093_scan_mild_01,w2_2026_000093,w2,test,mild,wages,money,"54,101.97",54.101.97,54101.97,54.10,False,61.54,0.0,success,
w2_2026_000093_scan_mild_01,w2_2026_000093,w2,test,mild,federal_tax_withheld,money,"5,690.75","$8 5,690.75",5690.75,85690.75,False,93.33,41.5,success,
w2_2026_000093_scan_mild_01,w2_2026_000093,w2,test,mild,social_security_wages,money,"54,101.97","54,1 01 97",54101.97,5410197.00,False,77.78,90.67,success,
w2_2026_000093_scan_mild_01,w2_2026_000093,w2,test,mild,social_security_tax_withheld,money,"3,354.32","-, 3,354.32",3354.32,-3354.32,False,93.33,46.5,success,
w2_2026_000093_scan_mild_01,w2_2026_000093,w2,test,mild,medicare_wages,money,"54,101.97","54,101 97",54101.97,5410197.00,False,77.78,82.5,success,
w2_2026_000093_scan_mild_01,w2_2026_000093,w2,test,mild,medicare_tax_withheld,money,784.48,784.48,784.48,784.48,True,100.0,96.0,success,
w2_2026_000093_scan_mild_01,w2_2026_000093,w2,test,mild,state,state,OR,OR,OR,OR,True,100.0,51.0,success,
w2_2026_000093_scan_mild_01,w2_2026_000093,w2,test,mild,employer_state_id,identifier,OR-9595744,O5744,OR9595744,O5744,False,71.43,0.0,success,
w2_2026_000093_scan_mild_01,w2_2026_000093,w2,test,mild,state_wages,money,"54,101.97",.,54101.97,.,False,22.22,0.0,success,
w2_2026_000093_scan_mild_01,w2_2026_000093,w2,test,mild,state_income_tax,money,"2,172.71",,2172.71,,False,0.0,0.0,success,
w2_2026_000093_scan_hard_02,w2_2026_000093,w2,test,hard,employee_ssn,identifier,000-94-7947,--70 VVVSCUUTILYNUMDED,000947947,70VVVSCUUTILYNUMDED,False,7.14,0.0,success,
w2_2026_000093_scan_hard_02,w2_2026_000093,w2,test,hard,employer_ein,identifier,00-9148051,,009148051,,False,0.0,0.0,success,
w2_2026_000093_scan_hard_02,w2_2026_000093,w2,test,hard,employer_name_address,multiline,"VAUGHAN, COPELAND AND COCHRAN
427 CHRISTOPHER FORT APT. 087
WEST SAMANTHABOROUGH, AS 17604","eee INS, GUI CSS, AIG Lir Code VAUGHAN, COPELAND AND COCHRAN 427 CHRISTOPHER FORT APT. 087 WEST SAMANTHABOROUGH, AS 17604 a ee",VAUGHAN COPELAND AND COCHRAN 427 CHRISTOPHER FORT APT 087 WEST SAMANTHABOROUGH AS 17604,EEE INS GUI CSS AIG LIR CODE VAUGHAN COPELAND AND COCHRAN 427 CHRISTOPHER FORT APT 087 WEST SAMANTHABOROUGH AS 17604 A EE,False,83.65,66.86,success,
w2_2026_000093_scan_hard_02,w2_2026_000093,w2,test,hard,control_number,identifier,W2-2026-000093,,W22026000093,,False,0.0,0.0,success,
w2_2026_000093_scan_hard_02,w2_2026_000093,w2,test,hard,employee_first_name,text,MICHAEL S.,"MICHAEL S, Bee =",MICHAEL S,MICHAEL S BEE,False,81.82,45.5,success,
w2_2026_000093_scan_hard_02,w2_2026_000093,w2,test,hard,employee_last_name,text,ELLIOTT,ELLIOTT,ELLIOTT,ELLIOTT,True,100.0,96.0,success,
w2_2026_000093_scan_hard_02,w2_2026_000093,w2,test,hard,employee_address,multiline,"250 DYLAN SQUARES APT. 185
WEST JANETFURT, OR 13743","250 DYLAN SQUARES APT. 185 WEST JANETFURT, OR 13743 f Employee's address and ZIP code",250 DYLAN SQUARES APT 185 WEST JANETFURT OR 13743,250 DYLAN SQUARES APT 185 WEST JANETFURT OR 13743 F EMPLOYEE S ADDRESS AND ZIP CODE,False,74.24,94.4,success,
w2_2026_000093_scan_hard_02,w2_2026_000093,w2,test,hard,wages,money,"54,101.97",-54401.97,54101.97,-54401.97,False,82.35,0.0,success,
w2_2026_000093_scan_hard_02,w2_2026_000093,w2,test,hard,federal_tax_withheld,money,"5,690.75","6 8,690.75",5690.75,68690.75,False,80.0,28.5,success,
w2_2026_000093_scan_hard_02,w2_2026_000093,w2,test,hard,social_security_wages,money,"54,101.97","54,101.97",54101.97,54101.97,True,100.0,92.0,success,
w2_2026_000093_scan_hard_02,w2_2026_000093,w2,test,hard,social_security_tax_withheld,money,"3,354.32",".., 3,354.32",3354.32,0.34,False,36.36,47.5,success,
w2_2026_000093_scan_hard_02,w2_2026_000093,w2,test,hard,medicare_wages,money,"54,101.97",54.101,54101.97,54.10,False,61.54,81.0,success,
w2_2026_000093_scan_hard_02,w2_2026_000093,w2,test,hard,medicare_tax_withheld,money,784.48,8 784.48,784.48,8784.48,False,92.31,47.0,success,
w2_2026_000093_scan_hard_02,w2_2026_000093,w2,test,hard,state,state,OR,OR,OR,OR,True,100.0,7.0,success,
w2_2026_000093_scan_hard_02,w2_2026_000093,w2,test,hard,employer_state_id,identifier,OR-9595744,,OR9595744,,False,0.0,0.0,success,
w2_2026_000093_scan_hard_02,w2_2026_000093,w2,test,hard,state_wages,money,"54,101.97","84,101.97",54101.97,84101.97,False,87.5,49.0,success,
w2_2026_000093_scan_hard_02,w2_2026_000093,w2,test,hard,state_income_tax,money,"2,172.71",,2172.71,,False,0.0,0.0,success,
w2_2026_000116_scan_mild_01,w2_2026_000116,w2,test,mild,employee_ssn,identifier,000-46-6848,N VVMVIALSOSUUIILYHUITIDEPD,000466848,NVVMVIALSOSUUIILYHUITIDEPD,False,0.0,0.0,success,
w2_2026_000116_scan_mild_01,w2_2026_000116,w2,test,mild,employer_ein,identifier,00-1802018,00- EEMEEIMOMINELPIUETHOCTETIN,001802018,00EEMEEIMOMINELPIUETHOCTETIN,False,10.81,46.0,success,
w2_2026_000116_scan_mild_01,w2_2026_000116,w2,test,mild,employer_name_address,multiline,"CHURCH-BROWN
97359 KIMBERLY FIELDS SUITE 721
EAST JILL, DE 49941","EE NOE NEE MSANT ING? AMM COS, GIIU CIF COUGCG CHURCH-BROWN 97359 KIMBERLY FIELDS SUITE 721 EAST JILL, DE 49941",CHURCH BROWN 97359 KIMBERLY FIELDS SUITE 721 EAST JILL DE 49941,EE NOE NEE MSANT ING AMM COS GIIU CIF COUGCG CHURCH BROWN 97359 KIMBERLY FIELDS SUITE 721 EAST JILL DE 49941,False,73.68,57.2,success,
w2_2026_000116_scan_mild_01,w2_2026_000116,w2,test,mild,control_number,identifier,W2-2026-000116,S,W22026000116,S,False,0.0,0.0,success,
w2_2026_000116_scan_mild_01,w2_2026_000116,w2,test,mild,employee_first_name,text,ROBERT Z.,ROBERT Z. |,ROBERT Z,ROBERT Z,True,100.0,85.67,success,
w2_2026_000116_scan_mild_01,w2_2026_000116,w2,test,mild,employee_last_name,text,DAUGHERTY,DAUGHERTY,DAUGHERTY,DAUGHERTY,True,100.0,96.0,success,
w2_2026_000116_scan_mild_01,w2_2026_000116,w2,test,mild,employee_address,multiline,"4842 BRANDY GLENS
WEST STEVENBERG, AZ 20647","4842 BRANDY GLENS WEST STEVENBERG, AZ 20647 f Employee's address and ZIP code",4842 BRANDY GLENS WEST STEVENBERG AZ 20647,4842 BRANDY GLENS WEST STEVENBERG AZ 20647 F EMPLOYEE S ADDRESS AND ZIP CODE,False,71.19,87.54,success,
w2_2026_000116_scan_mild_01,w2_2026_000116,w2,test,mild,wages,money,"114,467.01","114,467.01",114467.01,114467.01,True,100.0,36.0,success,
w2_2026_000116_scan_mild_01,w2_2026_000116,w2,test,mild,federal_tax_withheld,money,"16,450.72","16,450.72",16450.72,16450.72,True,100.0,44.0,success,
w2_2026_000116_scan_mild_01,w2_2026_000116,w2,test,mild,social_security_wages,money,"114,467.01",",,, 14,467.01",114467.01,14467.01,False,94.12,47.0,success,
w2_2026_000116_scan_mild_01,w2_2026_000116,w2,test,mild,social_security_tax_withheld,money,"7,096.95","7,096.95",7096.95,7096.95,True,100.0,16.0,success,
w2_2026_000116_scan_mild_01,w2_2026_000116,w2,test,mild,medicare_wages,money,"114,467.01","114,467.01",114467.01,114467.01,True,100.0,61.0,success,
w2_2026_000116_scan_mild_01,w2_2026_000116,w2,test,mild,medicare_tax_withheld,money,"1,659.77","8 1,659.77",1659.77,81659.77,False,93.33,22.5,success,
w2_2026_000116_scan_mild_01,w2_2026_000116,w2,test,mild,state,state,AZ,A,AZ,A,False,66.67,51.0,success,
w2_2026_000116_scan_mild_01,w2_2026_000116,w2,test,mild,employer_state_id,identifier,AZ-7174337,2,AZ7174337,2,False,0.0,2.0,success,
w2_2026_000116_scan_mild_01,w2_2026_000116,w2,test,mild,state_wages,money,"114,467.01","114,467.01",114467.01,114467.01,True,100.0,61.0,success,
w2_2026_000116_scan_mild_01,w2_2026_000116,w2,test,mild,state_income_tax,money,"6,066.91",5066.91,6066.91,5066.91,False,85.71,0.0,success,
w2_2026_000116_scan_hard_02,w2_2026_000116,w2,test,hard,employee_ssn,identifier,000-46-6848,46-6848,000466848,466848,False,80.0,68.0,success,
w2_2026_000116_scan_hard_02,w2_2026_000116,w2,test,hard,employer_ein,identifier,00-1802018,00-1802018 I,001802018,001802018I,False,94.74,1.5,success,
w2_2026_000116_scan_hard_02,w2_2026_000116,w2,test,hard,employer_name_address,multiline,"CHURCH-BROWN
97359 KIMBERLY FIELDS SUITE 721
EAST JILL, DE 49941","BB Sel Qew ya Sa EINE aE eae CHURCH-BROWN 97359 KIMBERLY FIELOS SUITE 721 EAST JILL, DE 49941",CHURCH BROWN 97359 KIMBERLY FIELDS SUITE 721 EAST JILL DE 49941,BB SEL QEW YA SA EINE AE EAE CHURCH BROWN 97359 KIMBERLY FIELOS SUITE 721 EAST JILL DE 49941,False,80.0,60.39,success,
w2_2026_000116_scan_hard_02,w2_2026_000116,w2,test,hard,control_number,identifier,W2-2026-000116,W2-2026-0 0116 7,W22026000116,W22026001167,False,91.67,35.67,success,
w2_2026_000116_scan_hard_02,w2_2026_000116,w2,test,hard,employee_first_name,text,ROBERT Z.,ROBERT Z.,ROBERT Z,ROBERT Z,True,100.0,89.0,success,
w2_2026_000116_scan_hard_02,w2_2026_000116,w2,test,hard,employee_last_name,text,DAUGHERTY,DAUGHERTY,DAUGHERTY,DAUGHERTY,True,100.0,96.0,success,
w2_2026_000116_scan_hard_02,w2_2026_000116,w2,test,hard,employee_address,multiline,"4842 BRANDY GLENS
WEST STEVENBERG, AZ 20647","4842 BRANDY GLENS WEST STEVENBERG, AZ 20647 f Employee's address and ZIP code Ned",4842 BRANDY GLENS WEST STEVENBERG AZ 20647,4842 BRANDY GLENS WEST STEVENBERG AZ 20647 F EMPLOYEE S ADDRESS AND ZIP CODE NED,False,68.85,85.43,success,
w2_2026_000116_scan_hard_02,w2_2026_000116,w2,test,hard,wages,money,"114,467.01","994,467.01",114467.01,994467.01,False,77.78,43.0,success,
w2_2026_000116_scan_hard_02,w2_2026_000116,w2,test,hard,federal_tax_withheld,money,"16,450.72",",.",16450.72,.,False,22.22,0.0,success,
w2_2026_000116_scan_hard_02,w2_2026_000116,w2,test,hard,social_security_wages,money,"114,467.01","114,467.01",114467.01,114467.01,True,100.0,88.0,success,
w2_2026_000116_scan_hard_02,w2_2026_000116,w2,test,hard,social_security_tax_withheld,money,"7,096.95",-7.0 95,7096.95,-7.10,False,33.33,50.5,success,
w2_2026_000116_scan_hard_02,w2_2026_000116,w2,test,hard,medicare_wages,money,"114,467.01",2,114467.01,2.00,False,30.77,0.0,success,
w2_2026_000116_scan_hard_02,w2_2026_000116,w2,test,hard,medicare_tax_withheld,money,"1,659.77",") 1,688.77",1659.77,1688.77,False,71.43,34.5,success,
w2_2026_000116_scan_hard_02,w2_2026_000116,w2,test,hard,state,state,AZ,,AZ,,False,0.0,0.0,success,
w2_2026_000116_scan_hard_02,w2_2026_000116,w2,test,hard,employer_state_id,identifier,AZ-7174337,ARTO,AZ7174337,ARTO,False,15.38,34.0,success,
w2_2026_000116_scan_hard_02,w2_2026_000116,w2,test,hard,state_wages,money,"114,467.01","194,467.01",114467.01,194467.01,False,88.89,22.0,success,
w2_2026_000116_scan_hard_02,w2_2026_000116,w2,test,hard,state_income_tax,money,"6,066.91",. 066.91,6066.91,0.07,False,36.36,47.5,success,
w2_2026_000120_scan_mild_01,w2_2026_000120,w2,test,mild,employee_ssn,identifier,000-40-7001,000-40-7001- ONE S I,000407001,000407001ONESI,False,78.26,6.75,success,
w2_2026_000120_scan_mild_01,w2_2026_000120,w2,test,mild,employer_ein,identifier,00-7075878,00-7075878- PEPOTECNESEFNS SN A,007075878,007075878PEPOTECNESEFNSSNA,False,51.43,0.0,success,
w2_2026_000120_scan_mild_01,w2_2026_000120,w2,test,mild,employer_name_address,multiline,"JAMES-SHORT
2832 ROBLES VISTA
SUSANBERG, ME 89274","JAMES SHORT 2 2832 ROBLES VISTA SUSANBERG, ME 89274",JAMES SHORT 2832 ROBLES VISTA SUSANBERG ME 89274,JAMES SHORT 2 2832 ROBLES VISTA SUSANBERG ME 89274,False,97.96,75.0,success,
w2_2026_000120_scan_mild_01,w2_2026_000120,w2,test,mild,control_number,identifier,W2-2026-000120,W2-2026-000120-,W22026000120,W22026000120,True,100.0,0.0,success,
w2_2026_000120_scan_mild_01,w2_2026_000120,w2,test,mild,employee_first_name,text,KEVIN C.,KEVIN C.,KEVIN C,KEVIN C,True,100.0,92.5,success,
w2_2026_000120_scan_mild_01,w2_2026_000120,w2,test,mild,employee_last_name,text,CAMPBELL,CAMPBELL,CAMPBELL,CAMPBELL,True,100.0,96.0,success,
w2_2026_000120_scan_mild_01,w2_2026_000120,w2,test,mild,employee_address,multiline,"88210 ASHLEY LOCK APT. 435
SOUTH REBECCA, PR 67682","88210 ASHLEY LOCK APT. 435 SOUTH REBECCA, PR 67682 f Employee’s address and ZIP code",88210 ASHLEY LOCK APT 435 SOUTH REBECCA PR 67682,88210 ASHLEY LOCK APT 435 SOUTH REBECCA PR 67682 F EMPLOYEE S ADDRESS AND ZIP CODE,False,73.85,94.93,success,
w2_2026_000120_scan_mild_01,w2_2026_000120,w2,test,mild,wages,money,"51,954.41",,51954.41,,False,0.0,0.0,success,
w2_2026_000120_scan_mild_01,w2_2026_000120,w2,test,mild,federal_tax_withheld,money,"11,211.09",", 44,211 09",11211.09,4421109.00,False,55.56,49.0,success,
w2_2026_000120_scan_mild_01,w2_2026_000120,w2,test,mild,social_security_wages,money,"51,954.41",,51954.41,,False,0.0,0.0,success,
w2_2026_000120_scan_mild_01,w2_2026_000120,w2,test,mild,social_security_tax_withheld,money,"3,221.17","3,221.17",3221.17,3221.17,True,100.0,28.0,success,
w2_2026_000120_scan_mild_01,w2_2026_000120,w2,test,mild,medicare_wages,money,"51,954.41","51,954.41",51954.41,51954.41,True,100.0,90.0,success,
w2_2026_000120_scan_mild_01,w2_2026_000120,w2,test,mild,medicare_tax_withheld,money,753.34,753.34,753.34,753.34,True,100.0,94.0,success,
w2_2026_000120_scan_mild_01,w2_2026_000120,w2,test,mild,state,state,PR,PR,PR,PR,True,100.0,0.0,success,
w2_2026_000120_scan_mild_01,w2_2026_000120,w2,test,mild,employer_state_id,identifier,PR-8548448,PRE,PR8548448,PRE,False,33.33,6.0,success,
w2_2026_000120_scan_mild_01,w2_2026_000120,w2,test,mild,state_wages,money,"51,954.41",,51954.41,,False,0.0,0.0,success,
w2_2026_000120_scan_mild_01,w2_2026_000120,w2,test,mild,state_income_tax,money,"2,289.93",2289.93,2289.93,2289.93,True,100.0,56.0,success,
w2_2026_000120_scan_hard_02,w2_2026_000120,w2,test,hard,employee_ssn,identifier,000-40-7001,BA SOCISVUEE,000407001,BASOCISVUEE,False,0.0,10.0,success,
w2_2026_000120_scan_hard_02,w2_2026_000120,w2,test,hard,employer_ein,identifier,00-7075878,,007075878,,False,0.0,0.0,success,
w2_2026_000120_scan_hard_02,w2_2026_000120,w2,test,hard,employer_name_address,multiline,"JAMES-SHORT
2832 ROBLES VISTA
SUSANBERG, ME 89274","Os ee c Employer's name, address, and ZIP code JAMES-SHORT 2832 ROBLES VISTA SUSANBERG, ME 89274 | oe ee ee ere",JAMES SHORT 2832 ROBLES VISTA SUSANBERG ME 89274,OS EE C EMPLOYER S NAME ADDRESS AND ZIP CODE JAMES SHORT 2832 ROBLES VISTA SUSANBERG ME 89274 OE EE EE ERE,False,62.34,69.86,success,
w2_2026_000120_scan_hard_02,w2_2026_000120,w2,test,hard,control_number,identifier,W2-2026-000120,SL,W22026000120,SL,False,0.0,0.0,success,
w2_2026_000120_scan_hard_02,w2_2026_000120,w2,test,hard,employee_first_name,text,KEVIN C.,KEVNG.,KEVIN C,KEVNG,False,66.67,36.0,success,
w2_2026_000120_scan_hard_02,w2_2026_000120,w2,test,hard,employee_last_name,text,CAMPBELL,CAMPBELL,CAMPBELL,CAMPBELL,True,100.0,78.0,success,
w2_2026_000120_scan_hard_02,w2_2026_000120,w2,test,hard,employee_address,multiline,"88210 ASHLEY LOCK APT. 435
SOUTH REBECCA, PR 67682","88210 ASHLEY LOCK APT. 435 SOUTH REBECCA, PR 67682 f Employee’s address and ZIP code ——— ew tine atc.| 17 State inco",88210 ASHLEY LOCK APT 435 SOUTH REBECCA PR 67682,88210 ASHLEY LOCK APT 435 SOUTH REBECCA PR 67682 F EMPLOYEE S ADDRESS AND ZIP CODE EW TINE ATC 17 STATE INCO,False,61.54,82.0,success,
w2_2026_000120_scan_hard_02,w2_2026_000120,w2,test,hard,wages,money,"51,954.41","1,, 4954.41",51954.41,14954.41,False,87.5,0.0,success,
w2_2026_000120_scan_hard_02,w2_2026_000120,w2,test,hard,federal_tax_withheld,money,"11,211.09",2. 44.24 09,11211.09,2.44,False,33.33,42.33,success,
w2_2026_000120_scan_hard_02,w2_2026_000120,w2,test,hard,social_security_wages,money,"51,954.41",,51954.41,,False,0.0,0.0,success,
w2_2026_000120_scan_hard_02,w2_2026_000120,w2,test,hard,social_security_tax_withheld,money,"3,221.17",,3221.17,,False,0.0,0.0,success,
w2_2026_000120_scan_hard_02,w2_2026_000120,w2,test,hard,medicare_wages,money,"51,954.41",,51954.41,,False,0.0,0.0,success,
w2_2026_000120_scan_hard_02,w2_2026_000120,w2,test,hard,medicare_tax_withheld,money,753.34,,753.34,,False,0.0,0.0,success,
w2_2026_000120_scan_hard_02,w2_2026_000120,w2,test,hard,state,state,PR,,PR,,False,0.0,0.0,success,
w2_2026_000120_scan_hard_02,w2_2026_000120,w2,test,hard,employer_state_id,identifier,PR-8548448,P,PR8548448,P,False,20.0,0.0,success,
w2_2026_000120_scan_hard_02,w2_2026_000120,w2,test,hard,state_wages,money,"51,954.41",,51954.41,,False,0.0,0.0,success,
w2_2026_000120_scan_hard_02,w2_2026_000120,w2,test,hard,state_income_tax,money,"2,289.93",2,2289.93,2.00,False,36.36,0.0,success,
w2_2026_000121_scan_mild_01,w2_2026_000121,w2,test,mild,employee_ssn,identifier,000-50-5566,00050-5566 NESAMEERYPEMTETLIOE,000505566,000505566NESAMEERYPEMTETLIOE,False,48.65,0.0,success,
w2_2026_000121_scan_mild_01,w2_2026_000121,w2,test,mild,employer_ein,identifier,00-5187788,00-5187788 V,005187788,005187788V,False,94.74,20.0,success,
w2_2026_000121_scan_mild_01,w2_2026_000121,w2,test,mild,employer_name_address,multiline,"LEE-WHITE
781 POWERS GLEN
EAST JESSICAFORT, MA 47311","LEE-WHITE : 781 POWERS GLEN EAST JESSICAFORT, MA 47311",LEE WHITE 781 POWERS GLEN EAST JESSICAFORT MA 47311,LEE WHITE 781 POWERS GLEN EAST JESSICAFORT MA 47311,True,100.0,79.22,success,
w2_2026_000121_scan_mild_01,w2_2026_000121,w2,test,mild,control_number,identifier,W2-2026-000121,W2-2026-000121,W22026000121,W22026000121,True,100.0,5.0,success,
w2_2026_000121_scan_mild_01,w2_2026_000121,w2,test,mild,employee_first_name,text,DOUGLAS F.,DOUGLAS F.,DOUGLAS F,DOUGLAS F,True,100.0,92.5,success,
w2_2026_000121_scan_mild_01,w2_2026_000121,w2,test,mild,employee_last_name,text,WALKER,WALKER,WALKER,WALKER,True,100.0,96.0,success,
w2_2026_000121_scan_mild_01,w2_2026_000121,w2,test,mild,employee_address,multiline,"314 RACHEL ISLAND
HAYESPORT, UT 77069","314 RACHEL ISLAND HAYESPORT, UT 77069 f Employee’s address and ZIP code .",314 RACHEL ISLAND HAYESPORT UT 77069,314 RACHEL ISLAND HAYESPORT UT 77069 F EMPLOYEE S ADDRESS AND ZIP CODE,False,67.92,88.62,success,
w2_2026_000121_scan_mild_01,w2_2026_000121,w2,test,mild,wages,money,"90,413.48","90,413.48",90413.48,90413.48,True,100.0,13.0,success,
w2_2026_000121_scan_mild_01,w2_2026_000121,w2,test,mild,federal_tax_withheld,money,"13,655.17","- )8 13,655.17",13655.17,-813655.17,False,88.89,16.67,success,
w2_2026_000121_scan_mild_01,w2_2026_000121,w2,test,mild,social_security_wages,money,"90,413.48","5 90,41 3.48",90413.48,590413.48,False,94.12,65.67,success,
w2_2026_000121_scan_mild_01,w2_2026_000121,w2,test,mild,social_security_tax_withheld,money,"5,605.64",". 5,605.64",5605.64,0.56,False,54.55,46.0,success,
w2_2026_000121_scan_mild_01,w2_2026_000121,w2,test,mild,medicare_wages,money,"90,413.48",,90413.48,,False,0.0,0.0,success,
w2_2026_000121_scan_mild_01,w2_2026_000121,w2,test,mild,medicare_tax_withheld,money,"1,311.00","1,311.00",1311.00,1311.00,True,100.0,95.0,success,
w2_2026_000121_scan_mild_01,w2_2026_000121,w2,test,mild,state,state,UT,U,UT,U,False,66.67,0.0,success,
w2_2026_000121_scan_mild_01,w2_2026_000121,w2,test,mild,employer_state_id,identifier,UT-9686324,T,UT9686324,T,False,20.0,0.0,success,
w2_2026_000121_scan_mild_01,w2_2026_000121,w2,test,mild,state_wages,money,"90,413.48",,90413.48,,False,0.0,0.0,success,
w2_2026_000121_scan_mild_01,w2_2026_000121,w2,test,mild,state_income_tax,money,451.85,1,451.85,1.00,False,40.0,0.0,success,
w2_2026_000121_scan_hard_02,w2_2026_000121,w2,test,hard,employee_ssn,identifier,000-50-5566,0-S0-008 ES,000505566,0S0008ES,False,47.06,14.0,success,
w2_2026_000121_scan_hard_02,w2_2026_000121,w2,test,hard,employer_ein,identifier,00-5187788,,005187788,,False,0.0,0.0,success,
w2_2026_000121_scan_hard_02,w2_2026_000121,w2,test,hard,employer_name_address,multiline,"LEE-WHITE
781 POWERS GLEN
EAST JESSICAFORT, MA 47311","OE ee ewe, See a IAA LEE-WHITE 781 POWERS GLEN EAST JESSICAFORT, MA 47311",LEE WHITE 781 POWERS GLEN EAST JESSICAFORT MA 47311,OE EE EWE SEE A IAA LEE WHITE 781 POWERS GLEN EAST JESSICAFORT MA 47311,False,83.61,68.07,success,
w2_2026_000121_scan_hard_02,w2_2026_000121,w2,test,hard,control_number,identifier,W2-2026-000121,,W22026000121,,False,0.0,0.0,success,
w2_2026_000121_scan_hard_02,w2_2026_000121,w2,test,hard,employee_first_name,text,DOUGLAS F.,DOUGLAS F.,DOUGLAS F,DOUGLAS F,True,100.0,70.5,success,
w2_2026_000121_scan_hard_02,w2_2026_000121,w2,test,hard,employee_last_name,text,WALKER,WALKER,WALKER,WALKER,True,100.0,96.0,success,
w2_2026_000121_scan_hard_02,w2_2026_000121,w2,test,hard,employee_address,multiline,"314 RACHEL ISLAND
HAYESPORT, UT 77069","314 RACHEL ISLAND HAYESPORT, UT 77069 f Employee's address and ZIP code , Sc ee",314 RACHEL ISLAND HAYESPORT UT 77069,314 RACHEL ISLAND HAYESPORT UT 77069 F EMPLOYEE S ADDRESS AND ZIP CODE SC EE,False,64.29,71.67,success,
w2_2026_000121_scan_hard_02,w2_2026_000121,w2,test,hard,wages,money,"90,413.48",,90413.48,,False,0.0,0.0,success,
w2_2026_000121_scan_hard_02,w2_2026_000121,w2,test,hard,federal_tax_withheld,money,"13,655.17",,13655.17,,False,0.0,0.0,success,
w2_2026_000121_scan_hard_02,w2_2026_000121,w2,test,hard,social_security_wages,money,"90,413.48","4 , 90,413.48",90413.48,490413.48,False,94.12,34.67,success,
w2_2026_000121_scan_hard_02,w2_2026_000121,w2,test,hard,social_security_tax_withheld,money,"5,605.64","5,608.84",5605.64,5608.84,False,71.43,26.0,success,
w2_2026_000121_scan_hard_02,w2_2026_000121,w2,test,hard,medicare_wages,money,"90,413.48","90,413.48",90413.48,90413.48,True,100.0,67.0,success,
w2_2026_000121_scan_hard_02,w2_2026_000121,w2,test,hard,medicare_tax_withheld,money,"1,311.00",. 1.00,1311.00,0.10,False,36.36,47.5,success,
w2_2026_000121_scan_hard_02,w2_2026_000121,w2,test,hard,state,state,UT,,UT,,False,0.0,0.0,success,
w2_2026_000121_scan_hard_02,w2_2026_000121,w2,test,hard,employer_state_id,identifier,UT-9686324,,UT9686324,,False,0.0,0.0,success,
w2_2026_000121_scan_hard_02,w2_2026_000121,w2,test,hard,state_wages,money,"90,413.48",,90413.48,,False,0.0,0.0,success,
w2_2026_000121_scan_hard_02,w2_2026_000121,w2,test,hard,state_income_tax,money,451.85,"481.85,",451.85,481.85,False,83.33,35.0,success,
w2_2026_000123_scan_mild_01,w2_2026_000123,w2,test,mild,employee_ssn,identifier,000-95-6692,00-96-6692 SMMMIAEOSYUEILYPIUTIIOE,000956692,00966692SMMMIAEOSYUEILYPIUTIIOE,False,35.0,16.0,success,
w2_2026_000123_scan_mild_01,w2_2026_000123,w2,test,mild,employer_ein,identifier,00-2089496,00-2089496 SEPAEPENPSASINOESBUNAECURNELELUEND,002089496,002089496SEPAEPENPSASINOESBUNAECURNELELUEND,False,34.62,10.5,success,
w2_2026_000123_scan_mild_01,w2_2026_000123,w2,test,mild,employer_name_address,multiline,"SHANNON, FERNANDEZ AND VALDEZ
6394 STEVEN PASS
SOUTH MICHAELTOWN, TN 31811","es pa Seth ide de hh ee AA SHANNON, FERNANDEZ AND VALDEZ 6394 STEVEN PASS SOUTH MICHAELTOWN, TN 31811",SHANNON FERNANDEZ AND VALDEZ 6394 STEVEN PASS SOUTH MICHAELTOWN TN 31811,ES PA SETH IDE DE HH EE AA SHANNON FERNANDEZ AND VALDEZ 6394 STEVEN PASS SOUTH MICHAELTOWN TN 31811,False,84.21,65.26,success,
w2_2026_000123_scan_mild_01,w2_2026_000123,w2,test,mild,control_number,identifier,W2-2026-000123,W2-2026-000123,W22026000123,W22026000123,True,100.0,0.0,success,
w2_2026_000123_scan_mild_01,w2_2026_000123,w2,test,mild,employee_first_name,text,JASON B.,JASON B.,JASON B,JASON B,True,100.0,91.0,success,
w2_2026_000123_scan_mild_01,w2_2026_000123,w2,test,mild,employee_last_name,text,ARNOLD,ARNOLD,ARNOLD,ARNOLD,True,100.0,96.0,success,
w2_2026_000123_scan_mild_01,w2_2026_000123,w2,test,mild,employee_address,multiline,"272 ASHLEY PORT
LAKE JESSICA, MI 05798","272 ASHLEY PORT LAKE JESSICA, MI 05798 f Employee’s address and ZIP code Sa ee Shiai Ste ethan etest ete Sod St Se ta Sen ee, (Son",272 ASHLEY PORT LAKE JESSICA MI 05798,272 ASHLEY PORT LAKE JESSICA MI 05798 F EMPLOYEE S ADDRESS AND ZIP CODE SA EE SHIAI STE ETHAN ETEST ETE SOD ST SE TA SEN EE SON,False,45.12,57.41,success,
w2_2026_000123_scan_mild_01,w2_2026_000123,w2,test,mild,wages,money,"102,677.26","7 102,677.26",102677.26,7102677.26,False,94.74,0.0,success,
w2_2026_000123_scan_mild_01,w2_2026_000123,w2,test,mild,federal_tax_withheld,money,"24,597.57","08 24,597.57",24597.57,824597.57,False,94.12,0.0,success,
w2_2026_000123_scan_mild_01,w2_2026_000123,w2,test,mild,social_security_wages,money,"102,677.26",02.677.26,102677.26,2.68,False,46.15,86.0,success,
w2_2026_000123_scan_mild_01,w2_2026_000123,w2,test,mild,social_security_tax_withheld,money,"6,365.99",", , 6,365.99",6365.99,6365.99,True,100.0,31.67,success,
w2_2026_000123_scan_mild_01,w2_2026_000123,w2,test,mild,medicare_wages,money,"102,677.26","102,677.26",102677.26,102677.26,True,100.0,26.0,success,
w2_2026_000123_scan_mild_01,w2_2026_000123,w2,test,mild,medicare_tax_withheld,money,"1,488.82",488.82,1488.82,488.82,False,92.31,76.0,success,
w2_2026_000123_scan_mild_01,w2_2026_000123,w2,test,mild,state,state,MI,,MI,,False,0.0,0.0,success,
w2_2026_000123_scan_mild_01,w2_2026_000123,w2,test,mild,employer_state_id,identifier,MI-3642499,MG,MI3642499,MG,False,18.18,0.0,success,
w2_2026_000123_scan_mild_01,w2_2026_000123,w2,test,mild,state_wages,money,"102,677.26","102,677.26",102677.26,102677.26,True,100.0,0.0,success,
w2_2026_000123_scan_mild_01,w2_2026_000123,w2,test,mild,state_income_tax,money,"5,409.38",9409.38,5409.38,9409.38,False,85.71,26.0,success,
w2_2026_000123_scan_hard_02,w2_2026_000123,w2,test,hard,employee_ssn,identifier,000-95-6692,00-95-6692 B SS,000956692,00956692BSS,False,80.0,9.67,success,
w2_2026_000123_scan_hard_02,w2_2026_000123,w2,test,hard,employer_ein,identifier,00-2089496,S VEO F,002089496,SVEOF,False,0.0,5.33,success,
w2_2026_000123_scan_hard_02,w2_2026_000123,w2,test,hard,employer_name_address,multiline,"SHANNON, FERNANDEZ AND VALDEZ
6394 STEVEN PASS
SOUTH MICHAELTOWN, TN 31811","oy ANNON, F -RNANDEZAND VALDEZ —_#w 6394 STEVEN PASS SOUTH MICHAELTOWN, TN 31811",SHANNON FERNANDEZ AND VALDEZ 6394 STEVEN PASS SOUTH MICHAELTOWN TN 31811,OY ANNON F RNANDEZAND VALDEZ W 6394 STEVEN PASS SOUTH MICHAELTOWN TN 31811,False,93.15,67.08,success,
w2_2026_000123_scan_hard_02,w2_2026_000123,w2,test,hard,control_number,identifier,W2-2026-000123,W2-2026 YY 0123,W22026000123,W22026YY0123,False,83.33,51.0,success,
w2_2026_000123_scan_hard_02,w2_2026_000123,w2,test,hard,employee_first_name,text,JASON B.,JASON B.,JASON B,JASON B,True,100.0,92.5,success,
w2_2026_000123_scan_hard_02,w2_2026_000123,w2,test,hard,employee_last_name,text,ARNOLD,ARNOLD,ARNOLD,ARNOLD,True,100.0,96.0,success,
w2_2026_000123_scan_hard_02,w2_2026_000123,w2,test,hard,employee_address,multiline,"272 ASHLEY PORT
LAKE JESSICA, MI 05798","272 ASHLEY PORT LAKE JESSICA, MI 05798 f Employee’s address and ZIP code",272 ASHLEY PORT LAKE JESSICA MI 05798,272 ASHLEY PORT LAKE JESSICA MI 05798 F EMPLOYEE S ADDRESS AND ZIP CODE,False,68.52,93.23,success,
w2_2026_000123_scan_hard_02,w2_2026_000123,w2,test,hard,wages,money,"102,677.26","402,677.26",102677.26,402677.26,False,88.89,51.0,success,
w2_2026_000123_scan_hard_02,w2_2026_000123,w2,test,hard,federal_tax_withheld,money,"24,597.57","24,597.57",24597.57,24597.57,True,100.0,20.0,success,
w2_2026_000123_scan_hard_02,w2_2026_000123,w2,test,hard,social_security_wages,money,"102,677.26","102,677.26",102677.26,102677.26,True,100.0,28.0,success,
w2_2026_000123_scan_hard_02,w2_2026_000123,w2,test,hard,social_security_tax_withheld,money,"6,365.99","6,365.99",6365.99,6365.99,True,100.0,43.0,success,
w2_2026_000123_scan_hard_02,w2_2026_000123,w2,test,hard,medicare_wages,money,"102,677.26","402,677.26",102677.26,402677.26,False,88.89,32.0,success,
w2_2026_000123_scan_hard_02,w2_2026_000123,w2,test,hard,medicare_tax_withheld,money,"1,488.82","1,488.82",1488.82,1488.82,True,100.0,95.0,success,
w2_2026_000123_scan_hard_02,w2_2026_000123,w2,test,hard,state,state,MI,M,MI,M,False,66.67,36.0,success,
w2_2026_000123_scan_hard_02,w2_2026_000123,w2,test,hard,employer_state_id,identifier,MI-3642499,,MI3642499,,False,0.0,0.0,success,
w2_2026_000123_scan_hard_02,w2_2026_000123,w2,test,hard,state_wages,money,"102,677.26","102,677.26",102677.26,102677.26,True,100.0,0.0,success,
w2_2026_000123_scan_hard_02,w2_2026_000123,w2,test,hard,state_income_tax,money,"5,409.38","5,409.38",5409.38,5409.38,True,100.0,0.0,success,
w2_2026_000132_scan_mild_01,w2_2026_000132,w2,test,mild,employee_ssn,identifier,000-30-9163,00-30-9163 FINESSE,000309163,00309163FINESSE,False,66.67,4.0,success,
w2_2026_000132_scan_mild_01,w2_2026_000132,w2,test,mild,employer_ein,identifier,00-9635649,00-9635649- BRANSEPREEERSCAREUIEEEIRAEEERNELOE,009635649,009635649BRANSEPREEERSCAREUIEEEIRAEEERNELOE,False,34.62,0.0,success,
w2_2026_000132_scan_mild_01,w2_2026_000132,w2,test,mild,employer_name_address,multiline,"BLACK-SMITH
41651 THOMAS KNOLL APT. 942
SOUTH JILLIAN, IA 96895","WS Be CURE Ye we FA iw, Se ews Se eee eee BLACK-SMITH 41651 THOMAS KNOLL APT. 942 SOUTH JILLIAN, IA 96895",BLACK SMITH 41651 THOMAS KNOLL APT 942 SOUTH JILLIAN IA 96895,WS BE CURE YE WE FA IW SE EWS SE EEE EEE BLACK SMITH 41651 THOMAS KNOLL APT 942 SOUTH JILLIAN IA 96895,False,74.85,57.5,success,
w2_2026_000132_scan_mild_01,w2_2026_000132,w2,test,mild,control_number,identifier,W2-2026-000132,W2-2026-000132,W22026000132,W22026000132,True,100.0,26.0,success,
w2_2026_000132_scan_mild_01,w2_2026_000132,w2,test,mild,employee_first_name,text,JERRY K.,JERRY K.,JERRY K,JERRY K,True,100.0,90.0,success,
w2_2026_000132_scan_mild_01,w2_2026_000132,w2,test,mild,employee_last_name,text,GUTIERREZ,GUTIERREZ,GUTIERREZ,GUTIERREZ,True,100.0,95.0,success,
w2_2026_000132_scan_mild_01,w2_2026_000132,w2,test,mild,employee_address,multiline,"3333 MOORE COVES
NORTH EMMAFORT, RI 01369","3333 MOORE COVES NORTH EMMAFORT, RI 01369 f Employee's address and ZIP code",3333 MOORE COVES NORTH EMMAFORT RI 01369,3333 MOORE COVES NORTH EMMAFORT RI 01369 F EMPLOYEE S ADDRESS AND ZIP CODE,False,70.18,90.15,success,
w2_2026_000132_scan_mild_01,w2_2026_000132,w2,test,mild,wages,money,"54,793.15",5 64.793.1 5,54793.15,564.79,False,57.14,35.33,success,
w2_2026_000132_scan_mild_01,w2_2026_000132,w2,test,mild,federal_tax_withheld,money,"11,515.13",,11515.13,,False,0.0,0.0,success,
w2_2026_000132_scan_mild_01,w2_2026_000132,w2,test,mild,social_security_wages,money,"54,793.15","54,793.15",54793.15,54793.15,True,100.0,0.0,success,
w2_2026_000132_scan_mild_01,w2_2026_000132,w2,test,mild,social_security_tax_withheld,money,"3,397.18","3,397.18",3397.18,3397.18,True,100.0,49.0,success,
w2_2026_000132_scan_mild_01,w2_2026_000132,w2,test,mild,medicare_wages,money,"54,793.15",4793.15,54793.15,4793.15,False,93.33,14.0,success,
w2_2026_000132_scan_mild_01,w2_2026_000132,w2,test,mild,medicare_tax_withheld,money,794.50,794.50,794.50,794.50,True,100.0,96.0,success,
w2_2026_000132_scan_mild_01,w2_2026_000132,w2,test,mild,state,state,RI,RE,RI,RE,False,50.0,0.0,success,
w2_2026_000132_scan_mild_01,w2_2026_000132,w2,test,mild,employer_state_id,identifier,RI-2510773,2807300,RI2510773,2807300,False,50.0,21.0,success,
w2_2026_000132_scan_mild_01,w2_2026_000132,w2,test,mild,state_wages,money,"54,793.15","54,798.15",54793.15,54798.15,False,87.5,39.0,success,
w2_2026_000132_scan_mild_01,w2_2026_000132,w2,test,mild,state_income_tax,money,"3,325.61","8,825.61",3325.61,8825.61,False,71.43,28.0,success,
w2_2026_000132_scan_hard_02,w2_2026_000132,w2,test,hard,employee_ssn,identifier,000-30-9163,,000309163,,False,0.0,0.0,success,
w2_2026_000132_scan_hard_02,w2_2026_000132,w2,test,hard,employer_ein,identifier,00-9635649,SERE,009635649,SERE,False,0.0,0.0,success,
w2_2026_000132_scan_hard_02,w2_2026_000132,w2,test,hard,employer_name_address,multiline,"BLACK-SMITH
41651 THOMAS KNOLL APT. 942
SOUTH JILLIAN, IA 96895","c Employer's name, accress, anc cir Cove BLACK-SMITH 41651 THOMAS KNOLL APT. 942 SOUTH JILLIAN, 1A 96895",BLACK SMITH 41651 THOMAS KNOLL APT 942 SOUTH JILLIAN IA 96895,C EMPLOYER S NAME ACCRESS ANC CIR COVE BLACK SMITH 41651 THOMAS KNOLL APT 942 SOUTH JILLIAN 1A 96895,False,74.53,79.0,success,
w2_2026_000132_scan_hard_02,w2_2026_000132,w2,test,hard,control_number,identifier,W2-2026-000132,02 SETSEESS,W22026000132,02SETSEESS,False,18.18,25.5,success,
w2_2026_000132_scan_hard_02,w2_2026_000132,w2,test,hard,employee_first_name,text,JERRY K.,JERRY K.,JERRY K,JERRY K,True,100.0,67.5,success,
w2_2026_000132_scan_hard_02,w2_2026_000132,w2,test,hard,employee_last_name,text,GUTIERREZ,GUTIERREZ,GUTIERREZ,GUTIERREZ,True,100.0,96.0,success,
w2_2026_000132_scan_hard_02,w2_2026_000132,w2,test,hard,employee_address,multiline,"3333 MOORE COVES
NORTH EMMAFORT, RI 01369","3333 MOORE COVES NORTH EMMAFORT, Ri 01369 _ f Employee’saddressand ZIP code.",3333 MOORE COVES NORTH EMMAFORT RI 01369,3333 MOORE COVES NORTH EMMAFORT RI 01369 F EMPLOYEE SADDRESSAND ZIP CODE,False,71.43,70.25,success,
w2_2026_000132_scan_hard_02,w2_2026_000132,w2,test,hard,wages,money,"54,793.15","5, 4793.15",54793.15,54793.15,True,100.0,0.0,success,
w2_2026_000132_scan_hard_02,w2_2026_000132,w2,test,hard,federal_tax_withheld,money,"11,515.13","11,515.13",11515.13,11515.13,True,100.0,4.0,success,
w2_2026_000132_scan_hard_02,w2_2026_000132,w2,test,hard,social_security_wages,money,"54,793.15",") 54,793.15",54793.15,54793.15,True,100.0,37.5,success,
w2_2026_000132_scan_hard_02,w2_2026_000132,w2,test,hard,social_security_tax_withheld,money,"3,397.18",),3397.18,,False,0.0,0.0,success,
w2_2026_000132_scan_hard_02,w2_2026_000132,w2,test,hard,medicare_wages,money,"54,793.15","2 54,793.15",54793.15,254793.15,False,94.12,30.0,success,
w2_2026_000132_scan_hard_02,w2_2026_000132,w2,test,hard,medicare_tax_withheld,money,794.50,. 794.50,794.50,0.79,False,40.0,49.5,success,
w2_2026_000132_scan_hard_02,w2_2026_000132,w2,test,hard,state,state,RI,A,RI,A,False,0.0,68.0,success,
w2_2026_000132_scan_hard_02,w2_2026_000132,w2,test,hard,employer_state_id,identifier,RI-2510773,,RI2510773,,False,0.0,0.0,success,
w2_2026_000132_scan_hard_02,w2_2026_000132,w2,test,hard,state_wages,money,"54,793.15","-...2 4,793.15",54793.15,-0.25,False,30.77,24.5,success,
w2_2026_000132_scan_hard_02,w2_2026_000132,w2,test,hard,state_income_tax,money,"3,325.61","8,825.61",3325.61,8825.61,False,71.43,17.0,success,
w2_2026_000133_scan_mild_01,w2_2026_000133,w2,test,mild,employee_ssn,identifier,000-46-9108,1000-46-9108,000469108,1000469108,False,94.74,0.0,success,
w2_2026_000133_scan_mild_01,w2_2026_000133,w2,test,mild,employer_ein,identifier,00-8895137,00-8895137 EO,008895137,008895137EO,False,90.0,6.5,success,
w2_2026_000133_scan_mild_01,w2_2026_000133,w2,test,mild,employer_name_address,multiline,"WATSON-STEWART
2846 KAREN CROSSROAD APT. 867
NEW MICHAELBURGH, NH 16277","WATSON-STEWART 2846 KAREN CROSSROAD APT. 867 NEW MICHAELBURGH, NH 16277",WATSON STEWART 2846 KAREN CROSSROAD APT 867 NEW MICHAELBURGH NH 16277,WATSON STEWART 2846 KAREN CROSSROAD APT 867 NEW MICHAELBURGH NH 16277,True,100.0,89.8,success,
w2_2026_000133_scan_mild_01,w2_2026_000133,w2,test,mild,control_number,identifier,W2-2026-000133,W2-2026-000133,W22026000133,W22026000133,True,100.0,19.0,success,
w2_2026_000133_scan_mild_01,w2_2026_000133,w2,test,mild,employee_first_name,text,KATHRYN R.,KATHRYN R.,KATHRYN R,KATHRYN R,True,100.0,91.5,success,
w2_2026_000133_scan_mild_01,w2_2026_000133,w2,test,mild,employee_last_name,text,RUBIO,RUBIO,RUBIO,RUBIO,True,100.0,96.0,success,
w2_2026_000133_scan_mild_01,w2_2026_000133,w2,test,mild,employee_address,multiline,"0036 MARK RIDGE SUITE 284
WEST THOMAS, RI 45471","0036 MARK RIDGE SUITE 284 WEST THOMAS, RI 45471 f Employee’s address and ZIP code",0036 MARK RIDGE SUITE 284 WEST THOMAS RI 45471,0036 MARK RIDGE SUITE 284 WEST THOMAS RI 45471 F EMPLOYEE S ADDRESS AND ZIP CODE,False,73.02,92.6,success,
w2_2026_000133_scan_mild_01,w2_2026_000133,w2,test,mild,wages,money,"112,799.50","412,799.50",112799.50,412799.50,False,88.89,46.0,success,
w2_2026_000133_scan_mild_01,w2_2026_000133,w2,test,mild,federal_tax_withheld,money,"17,276.02","4 7,276.02",17276.02,47276.02,False,87.5,82.5,success,
w2_2026_000133_scan_mild_01,w2_2026_000133,w2,test,mild,social_security_wages,money,"112,799.50","412,799.50",112799.50,412799.50,False,88.89,24.0,success,
w2_2026_000133_scan_mild_01,w2_2026_000133,w2,test,mild,social_security_tax_withheld,money,"6,993.57","20, 6,99 3.57",6993.57,206993.57,False,87.5,40.67,success,
w2_2026_000133_scan_mild_01,w2_2026_000133,w2,test,mild,medicare_wages,money,"112,799.50",,112799.50,,False,0.0,0.0,success,
w2_2026_000133_scan_mild_01,w2_2026_000133,w2,test,mild,medicare_tax_withheld,money,"1,635.59","1,635.59",1635.59,1635.59,True,100.0,95.0,success,
w2_2026_000133_scan_mild_01,w2_2026_000133,w2,test,mild,state,state,RI,,RI,,False,0.0,0.0,success,
w2_2026_000133_scan_mild_01,w2_2026_000133,w2,test,mild,employer_state_id,identifier,RI-3247055,RES247055,RI3247055,RES247055,False,77.78,3.0,success,
w2_2026_000133_scan_mild_01,w2_2026_000133,w2,test,mild,state_wages,money,"112,799.50","112,799.50",112799.50,112799.50,True,100.0,53.0,success,
w2_2026_000133_scan_mild_01,w2_2026_000133,w2,test,mild,state_income_tax,money,"1,765.01","1,765.01",1765.01,1765.01,True,100.0,12.0,success,
w2_2026_000133_scan_hard_02,w2_2026_000133,w2,test,hard,employee_ssn,identifier,000-46-9108,YTANTIOS,000469108,YTANTIOS,False,0.0,0.0,success,
w2_2026_000133_scan_hard_02,w2_2026_000133,w2,test,hard,employer_ein,identifier,00-8895137,,008895137,,False,0.0,0.0,success,
w2_2026_000133_scan_hard_02,w2_2026_000133,w2,test,hard,employer_name_address,multiline,"WATSON-STEWART
2846 KAREN CROSSROAD APT. 867
NEW MICHAELBURGH, NH 16277","I a UAT Cras weet aUTesS, and ZIP code ase Ane aan ar, 0 NEW MICHAELBURGH, NH 16277 Ak Pen en anna esinatinnitembe asc ca i= 2 fi SS?",WATSON STEWART 2846 KAREN CROSSROAD APT 867 NEW MICHAELBURGH NH 16277,I A UAT CRAS WEET AUTESS AND ZIP CODE ASE ANE AAN AR 0 NEW MICHAELBURGH NH 16277 AK PEN EN ANNA ESINATINNITEMBE ASC CA I 2 FI SS,False,44.67,31.24,success,
w2_2026_000133_scan_hard_02,w2_2026_000133,w2,test,hard,control_number,identifier,W2-2026-000133,MES,W22026000133,MES,False,0.0,0.0,success,
w2_2026_000133_scan_hard_02,w2_2026_000133,w2,test,hard,employee_first_name,text,KATHRYN R.,KATHRYN R. Sue eee |,KATHRYN R,KATHRYN R SUE EEE,False,69.23,51.8,success,
w2_2026_000133_scan_hard_02,w2_2026_000133,w2,test,hard,employee_last_name,text,RUBIO,RUBIO,RUBIO,RUBIO,True,100.0,96.0,success,
w2_2026_000133_scan_hard_02,w2_2026_000133,w2,test,hard,employee_address,multiline,"0036 MARK RIDGE SUITE 284
WEST THOMAS, RI 45471","0036 MARK RIDGE SUITE 284 WEST THOMAS, Ri 45471 f Employee's address and ZIP code Tg ee rego rpar er my —ngeerane te age ee ee en I lee eee",0036 MARK RIDGE SUITE 284 WEST THOMAS RI 45471,0036 MARK RIDGE SUITE 284 WEST THOMAS RI 45471 F EMPLOYEE S ADDRESS AND ZIP CODE TG EE REGO RPAR ER MY NGEERANE TE AGE EE EE EN I LEE EEE,False,50.27,52.17,success,
w2_2026_000133_scan_hard_02,w2_2026_000133,w2,test,hard,wages,money,"112,799.50","5, 130",112799.50,5130.00,False,37.5,0.0,success,
w2_2026_000133_scan_hard_02,w2_2026_000133,w2,test,hard,federal_tax_withheld,money,"17,276.02","17,276.02",17276.02,17276.02,True,100.0,0.0,success,
w2_2026_000133_scan_hard_02,w2_2026_000133,w2,test,hard,social_security_wages,money,"112,799.50",,112799.50,,False,0.0,0.0,success,
w2_2026_000133_scan_hard_02,w2_2026_000133,w2,test,hard,social_security_tax_withheld,money,"6,993.57",,6993.57,,False,0.0,0.0,success,
w2_2026_000133_scan_hard_02,w2_2026_000133,w2,test,hard,medicare_wages,money,"112,799.50",,112799.50,,False,0.0,0.0,success,
w2_2026_000133_scan_hard_02,w2_2026_000133,w2,test,hard,medicare_tax_withheld,money,"1,635.59",,1635.59,,False,0.0,0.0,success,
w2_2026_000133_scan_hard_02,w2_2026_000133,w2,test,hard,state,state,RI,A,RI,A,False,0.0,68.0,success,
w2_2026_000133_scan_hard_02,w2_2026_000133,w2,test,hard,employer_state_id,identifier,RI-3247055,E,RI3247055,E,False,0.0,0.0,success,
w2_2026_000133_scan_hard_02,w2_2026_000133,w2,test,hard,state_wages,money,"112,799.50","112,799.50",112799.50,112799.50,True,100.0,28.0,success,
w2_2026_000133_scan_hard_02,w2_2026_000133,w2,test,hard,state_income_tax,money,"1,765.01","1,785.01",1765.01,1785.01,False,85.71,19.0,success,
w2_2026_000134_scan_mild_01,w2_2026_000134,w2,test,mild,employee_ssn,identifier,000-80-5728,C-0-8728 VVMMICOSUUIERYHUIDGT,000805728,C08728VVMMICOSUUIERYHUIDGT,False,28.57,0.0,success,
w2_2026_000134_scan_mild_01,w2_2026_000134,w2,test,mild,employer_ein,identifier,00-2233658,J PANGEPSEEENSCARINOEYCEUEETOIOTLCUIN,002233658,JPANGEPSEEENSCARINOEYCEUEETOIOTLCUIN,False,0.0,0.0,success,
w2_2026_000134_scan_mild_01,w2_2026_000134,w2,test,mild,employer_name_address,multiline,"HAYNES-WATSON
7292 LISA STRAVENUE SUITE 386
GONZALEZBERG, NJ 01777","PE EN RENAE EEN s CVI VO, GIN CIF VUUC HAYNES-WATSON 7292 LISA STRAVENUE SUITE 386 GONZALEZBERG, NJ 01777",HAYNES WATSON 7292 LISA STRAVENUE SUITE 386 GONZALEZBERG NJ 01777,PE EN RENAE EEN S CVI VO GIN CIF VUUC HAYNES WATSON 7292 LISA STRAVENUE SUITE 386 GONZALEZBERG NJ 01777,False,77.38,57.32,success,
w2_2026_000134_scan_mild_01,w2_2026_000134,w2,test,mild,control_number,identifier,W2-2026-000134,OO,W22026000134,OO,False,0.0,2.0,success,
w2_2026_000134_scan_mild_01,w2_2026_000134,w2,test,mild,employee_first_name,text,MICHAEL P.,MICHAEL P.,MICHAEL P,MICHAEL P,True,100.0,90.0,success,
w2_2026_000134_scan_mild_01,w2_2026_000134,w2,test,mild,employee_last_name,text,COLEMAN,COLEMAN,COLEMAN,COLEMAN,True,100.0,96.0,success,
w2_2026_000134_scan_mild_01,w2_2026_000134,w2,test,mild,employee_address,multiline,"7288 FLOYD HILLS
ANNASHIRE, AR 52720","7288 FLOYD HILLS ANNASHIRE, AR 52720 f Employee’s address and ZIP code FES Sa LS SS eee eee",7288 FLOYD HILLS ANNASHIRE AR 52720,7288 FLOYD HILLS ANNASHIRE AR 52720 F EMPLOYEE S ADDRESS AND ZIP CODE FES SA LS SS EEE EEE,False,56.0,72.78,success,
w2_2026_000134_scan_mild_01,w2_2026_000134,w2,test,mild,wages,money,"89,367.30",89.367.30,89367.30,89.37,False,61.54,0.0,success,
w2_2026_000134_scan_mild_01,w2_2026_000134,w2,test,mild,federal_tax_withheld,money,"18,071.59",(1 18.071 59,18071.59,118.07,False,57.14,37.33,success,
w2_2026_000134_scan_mild_01,w2_2026_000134,w2,test,mild,social_security_wages,money,"89,367.30",)6,89367.30,6.00,False,50.0,0.0,success,
w2_2026_000134_scan_mild_01,w2_2026_000134,w2,test,mild,social_security_tax_withheld,money,"5,540.77",8540.77,5540.77,8540.77,False,85.71,23.0,success,
w2_2026_000134_scan_mild_01,w2_2026_000134,w2,test,mild,medicare_wages,money,"89,367.30","89,367.30",89367.30,89367.30,True,100.0,55.0,success,
w2_2026_000134_scan_mild_01,w2_2026_000134,w2,test,mild,medicare_tax_withheld,money,"1,295.83",8 295.83,1295.83,8295.83,False,85.71,44.0,success,
w2_2026_000134_scan_mild_01,w2_2026_000134,w2,test,mild,state,state,AR,AR,AR,AR,True,100.0,76.0,success,
w2_2026_000134_scan_mild_01,w2_2026_000134,w2,test,mild,employer_state_id,identifier,AR-2993318,R2,AR2993318,R2,False,36.36,0.0,success,
w2_2026_000134_scan_mild_01,w2_2026_000134,w2,test,mild,state_wages,money,"89,367.30","89,367.30",89367.30,89367.30,True,100.0,37.0,success,
w2_2026_000134_scan_mild_01,w2_2026_000134,w2,test,mild,state_income_tax,money,"2,125.68",2125.68,2125.68,2125.68,True,100.0,0.0,success,
w2_2026_000134_scan_hard_02,w2_2026_000134,w2,test,hard,employee_ssn,identifier,000-80-5728,E,000805728,E,False,0.0,0.0,success,
w2_2026_000134_scan_hard_02,w2_2026_000134,w2,test,hard,employer_ein,identifier,00-2233658,,002233658,,False,0.0,0.0,success,
w2_2026_000134_scan_hard_02,w2_2026_000134,w2,test,hard,employer_name_address,multiline,"HAYNES-WATSON
7292 LISA STRAVENUE SUITE 386
GONZALEZBERG, NJ 01777","ee SRN, SUI SSS, aid Li’ Code rast ica ir VENUE SUITE 386 GONZALEZBERG, NJ 01777 I en rr es eee",HAYNES WATSON 7292 LISA STRAVENUE SUITE 386 GONZALEZBERG NJ 01777,EE SRN SUI SSS AID LI CODE RAST ICA IR VENUE SUITE 386 GONZALEZBERG NJ 01777 I EN RR ES EEE,False,62.82,45.24,success,
w2_2026_000134_scan_hard_02,w2_2026_000134,w2,test,hard,control_number,identifier,W2-2026-000134,,W22026000134,,False,0.0,0.0,success,
w2_2026_000134_scan_hard_02,w2_2026_000134,w2,test,hard,employee_first_name,text,MICHAEL P.,"MICHAEL P. Ents,",MICHAEL P,MICHAEL P ENTS,False,78.26,72.0,success,
w2_2026_000134_scan_hard_02,w2_2026_000134,w2,test,hard,employee_last_name,text,COLEMAN,COLEMAN,COLEMAN,COLEMAN,True,100.0,96.0,success,
w2_2026_000134_scan_hard_02,w2_2026_000134,w2,test,hard,employee_address,multiline,"7288 FLOYD HILLS
ANNASHIRE, AR 52720","7288 FLOYD HILLS ANNASHIRE, AR 52720 f Employee's address and ZIP code SO a nana natninnentnGatiaigninbinsibeinaionmainica <a. sess ee",7288 FLOYD HILLS ANNASHIRE AR 52720,7288 FLOYD HILLS ANNASHIRE AR 52720 F EMPLOYEE S ADDRESS AND ZIP CODE SO A NANA NATNINNENTNGATIAIGNINBINSIBEINAIONMAINICA A SESS EE,False,42.17,58.37,success,
w2_2026_000134_scan_hard_02,w2_2026_000134,w2,test,hard,wages,money,"89,367.30",8670,89367.30,8670.00,False,66.67,0.0,success,
w2_2026_000134_scan_hard_02,w2_2026_000134,w2,test,hard,federal_tax_withheld,money,"18,071.59",59,18071.59,59.00,False,30.77,94.0,success,
w2_2026_000134_scan_hard_02,w2_2026_000134,w2,test,hard,social_security_wages,money,"89,367.30","89,367.30",89367.30,89367.30,True,100.0,24.0,success,
w2_2026_000134_scan_hard_02,w2_2026_000134,w2,test,hard,social_security_tax_withheld,money,"5,540.77",5540.77,5540.77,5540.77,True,100.0,0.0,success,
w2_2026_000134_scan_hard_02,w2_2026_000134,w2,test,hard,medicare_wages,money,"89,367.30",,89367.30,,False,0.0,0.0,success,
w2_2026_000134_scan_hard_02,w2_2026_000134,w2,test,hard,medicare_tax_withheld,money,"1,295.83",8 1205.89,1295.83,81205.89,False,66.67,11.5,success,
w2_2026_000134_scan_hard_02,w2_2026_000134,w2,test,hard,state,state,AR,,AR,,False,0.0,0.0,success,
w2_2026_000134_scan_hard_02,w2_2026_000134,w2,test,hard,employer_state_id,identifier,AR-2993318,,AR2993318,,False,0.0,0.0,success,
w2_2026_000134_scan_hard_02,w2_2026_000134,w2,test,hard,state_wages,money,"89,367.30","89,367.90",89367.30,89367.90,False,87.5,45.0,success,
w2_2026_000134_scan_hard_02,w2_2026_000134,w2,test,hard,state_income_tax,money,"2,125.68",,2125.68,,False,0.0,0.0,success,
w2_2026_000147_scan_mild_01,w2_2026_000147,w2,test,mild,employee_ssn,identifier,000-46-8444,00-46-8444 VVVVICVWP,000468444,00468444VVVVICVWP,False,61.54,0.0,success,
w2_2026_000147_scan_mild_01,w2_2026_000147,w2,test,mild,employer_ein,identifier,00-9796605,NCAINNUMDEFCHN,009796605,NCAINNUMDEFCHN,False,0.0,0.0,success,
w2_2026_000147_scan_mild_01,w2_2026_000147,w2,test,mild,employer_name_address,multiline,"DUNCAN PLC
157 TRACY SPURS
NEW DAWNTON, VA 76035","c Employers name, address, alia 2ir Glue DUNCAN PLC 157 TRACY SPURS NEW DAWNTON, VA 76035",DUNCAN PLC 157 TRACY SPURS NEW DAWNTON VA 76035,C EMPLOYERS NAME ADDRESS ALIA 2IR GLUE DUNCAN PLC 157 TRACY SPURS NEW DAWNTON VA 76035,False,70.68,82.25,success,
w2_2026_000147_scan_mild_01,w2_2026_000147,w2,test,mild,control_number,identifier,W2-2026-000147,WEEOMATHS5102RN,W22026000147,WEEOMATHS5102RN,False,22.22,0.0,success,
w2_2026_000147_scan_mild_01,w2_2026_000147,w2,test,mild,employee_first_name,text,JOHN I.,JOHN L,JOHN I,JOHN L,False,83.33,57.0,success,
w2_2026_000147_scan_mild_01,w2_2026_000147,w2,test,mild,employee_last_name,text,SHEPHERD,SHEPHERD,SHEPHERD,SHEPHERD,True,100.0,95.0,success,
w2_2026_000147_scan_mild_01,w2_2026_000147,w2,test,mild,employee_address,multiline,"05566 MOLLY FORKS APT. 604
WEST AMBERBERG, MD 66351","05566 MOLLY FORKS APT. 604 WEST AMBERBERG, MD 66351 f Employee’s address and ZIP code",05566 MOLLY FORKS APT 604 WEST AMBERBERG MD 66351,05566 MOLLY FORKS APT 604 WEST AMBERBERG MD 66351 F EMPLOYEE S ADDRESS AND ZIP CODE,False,74.24,94.33,success,
w2_2026_000147_scan_mild_01,w2_2026_000147,w2,test,mild,wages,money,"29,554.77",",, 99,554.77",29554.77,99554.77,False,87.5,13.0,success,
w2_2026_000147_scan_mild_01,w2_2026_000147,w2,test,mild,federal_tax_withheld,money,"3,775.41","$084 3,775.41",3775.41,843775.41,False,87.5,37.0,success,
w2_2026_000147_scan_mild_01,w2_2026_000147,w2,test,mild,social_security_wages,money,"29,554.77","2 29,554.77",29554.77,229554.77,False,94.12,27.5,success,
w2_2026_000147_scan_mild_01,w2_2026_000147,w2,test,mild,social_security_tax_withheld,money,"1,832.40","1,832.40",1832.40,1832.40,True,100.0,96.0,success,
w2_2026_000147_scan_mild_01,w2_2026_000147,w2,test,mild,medicare_wages,money,"29,554.77","29,554.77",29554.77,29554.77,True,100.0,55.0,success,
w2_2026_000147_scan_mild_01,w2_2026_000147,w2,test,mild,medicare_tax_withheld,money,428.54,428.54,428.54,428.54,True,100.0,93.0,success,
w2_2026_000147_scan_mild_01,w2_2026_000147,w2,test,mild,state,state,MD,D,MD,D,False,66.67,0.0,success,
w2_2026_000147_scan_mild_01,w2_2026_000147,w2,test,mild,employer_state_id,identifier,MD-8852085,M52005,MD8852085,M52005,False,66.67,0.0,success,
w2_2026_000147_scan_mild_01,w2_2026_000147,w2,test,mild,state_wages,money,"29,554.77","29,854.77",29554.77,29854.77,False,87.5,48.0,success,
w2_2026_000147_scan_mild_01,w2_2026_000147,w2,test,mild,state_income_tax,money,"1,157.98",1187.98,1157.98,1187.98,False,85.71,51.0,success,
w2_2026_000147_scan_hard_02,w2_2026_000147,w2,test,hard,employee_ssn,identifier,000-46-8444,0-464 SN,000468444,0464SN,False,53.33,2.5,success,
w2_2026_000147_scan_hard_02,w2_2026_000147,w2,test,hard,employer_ein,identifier,00-9796605,-,009796605,,False,0.0,0.0,success,
w2_2026_000147_scan_hard_02,w2_2026_000147,w2,test,hard,employer_name_address,multiline,"DUNCAN PLC
157 TRACY SPURS
NEW DAWNTON, VA 76035","c Employer's name, address, and ZIP code DUNCAN PLC 157 TRACY SPURS NEW DAWNTON. VA 76035 et ig te en een",DUNCAN PLC 157 TRACY SPURS NEW DAWNTON VA 76035,C EMPLOYER S NAME ADDRESS AND ZIP CODE DUNCAN PLC 157 TRACY SPURS NEW DAWNTON VA 76035 ET IG TE EN EEN,False,63.09,68.38,success,
w2_2026_000147_scan_hard_02,w2_2026_000147,w2,test,hard,control_number,identifier,W2-2026-000147,,W22026000147,,False,0.0,0.0,success,
w2_2026_000147_scan_hard_02,w2_2026_000147,w2,test,hard,employee_first_name,text,JOHN I.,Rl ieee oe,JOHN I,RL IEEE OE,False,25.0,12.0,success,
w2_2026_000147_scan_hard_02,w2_2026_000147,w2,test,hard,employee_last_name,text,SHEPHERD,ee,SHEPHERD,EE,False,40.0,32.0,success,
w2_2026_000147_scan_hard_02,w2_2026_000147,w2,test,hard,employee_address,multiline,"05566 MOLLY FORKS APT. 604
WEST AMBERBERG, MD 66351",APT. 604 05586 MOLLY FORKS APT. 604 { Employee's address and ZIP code a,05566 MOLLY FORKS APT 604 WEST AMBERBERG MD 66351,APT 604 05586 MOLLY FORKS APT 604 EMPLOYEE S ADDRESS AND ZIP CODE A,False,58.62,80.86,success,
w2_2026_000147_scan_hard_02,w2_2026_000147,w2,test,hard,wages,money,"29,554.77","5,, 99.554.77",29554.77,599.55,False,42.86,0.0,success,
w2_2026_000147_scan_hard_02,w2_2026_000147,w2,test,hard,federal_tax_withheld,money,"3,775.41",,3775.41,,False,0.0,0.0,success,
w2_2026_000147_scan_hard_02,w2_2026_000147,w2,test,hard,social_security_wages,money,"29,554.77",8,29554.77,8.00,False,16.67,0.0,success,
w2_2026_000147_scan_hard_02,w2_2026_000147,w2,test,hard,social_security_tax_withheld,money,"1,832.40",4 - 4832.40,1832.40,4-4832.40,False,75.0,25.33,success,
w2_2026_000147_scan_hard_02,w2_2026_000147,w2,test,hard,medicare_wages,money,"29,554.77",,29554.77,,False,0.0,0.0,success,
w2_2026_000147_scan_hard_02,w2_2026_000147,w2,test,hard,medicare_tax_withheld,money,428.54,,428.54,,False,0.0,0.0,success,
w2_2026_000147_scan_hard_02,w2_2026_000147,w2,test,hard,state,state,MD,MO,MD,MO,False,50.0,17.0,success,
w2_2026_000147_scan_hard_02,w2_2026_000147,w2,test,hard,employer_state_id,identifier,MD-8852085,,MD8852085,,False,0.0,0.0,success,
w2_2026_000147_scan_hard_02,w2_2026_000147,w2,test,hard,state_wages,money,"29,554.77",,29554.77,,False,0.0,0.0,success,
w2_2026_000147_scan_hard_02,w2_2026_000147,w2,test,hard,state_income_tax,money,"1,157.98",118798,1157.98,118798.00,False,62.5,39.0,success,
w2_2026_000174_scan_mild_01,w2_2026_000174,w2,test,mild,employee_ssn,identifier,000-96-9856,000-96-9856 NSVSVCEER,000969856,000969856NSVSVCEER,False,66.67,0.0,success,
w2_2026_000174_scan_mild_01,w2_2026_000174,w2,test,mild,employer_ein,identifier,00-6565503,00-6565503 PNPRSEPNPRSEFE JJ,006565503,006565503PNPRSEPNPRSEFEJJ,False,52.94,5.0,success,
w2_2026_000174_scan_mild_01,w2_2026_000174,w2,test,mild,employer_name_address,multiline,"SMITH-JIMENEZ
64256 ZACHARY TRAIL
MENDOZAFURT, PR 95890","SMITH-JIMENEZ , 64256 ZACHARY TRAIL MENDOZAFURT, PR 95890",SMITH JIMENEZ 64256 ZACHARY TRAIL MENDOZAFURT PR 95890,SMITH JIMENEZ 64256 ZACHARY TRAIL MENDOZAFURT PR 95890,True,100.0,84.0,success,
w2_2026_000174_scan_mild_01,w2_2026_000174,w2,test,mild,control_number,identifier,W2-2026-000174,W2-2026-000174,W22026000174,W22026000174,True,100.0,0.0,success,
w2_2026_000174_scan_mild_01,w2_2026_000174,w2,test,mild,employee_first_name,text,CHAD X.,CHAD X.,CHAD X,CHAD X,True,100.0,90.0,success,
w2_2026_000174_scan_mild_01,w2_2026_000174,w2,test,mild,employee_last_name,text,KING,KING,KING,KING,True,100.0,96.0,success,
w2_2026_000174_scan_mild_01,w2_2026_000174,w2,test,mild,employee_address,multiline,"306 MARTINEZ PLAIN
MATHEWPORT, MO 07735","306 MARTINEZ PLAIN MATHEWPORT, MO 07735 f Employee’s address and ZIP code",306 MARTINEZ PLAIN MATHEWPORT MO 07735,306 MARTINEZ PLAIN MATHEWPORT MO 07735 F EMPLOYEE S ADDRESS AND ZIP CODE,False,69.09,93.92,success,
w2_2026_000174_scan_mild_01,w2_2026_000174,w2,test,mild,wages,money,"78,210.33",8. 78.210.33,78210.33,8.78,False,33.33,0.5,success,
w2_2026_000174_scan_mild_01,w2_2026_000174,w2,test,mild,federal_tax_withheld,money,"8,289.67",,8289.67,,False,0.0,0.0,success,
w2_2026_000174_scan_mild_01,w2_2026_000174,w2,test,mild,social_security_wages,money,"78,210.33","- 78,21 0.33",78210.33,-78210.33,False,94.12,58.0,success,
w2_2026_000174_scan_mild_01,w2_2026_000174,w2,test,mild,social_security_tax_withheld,money,"4,849.04","4,849.04",4849.04,4849.04,True,100.0,63.0,success,
w2_2026_000174_scan_mild_01,w2_2026_000174,w2,test,mild,medicare_wages,money,"78,210.33","$-2) 78,210.33",78210.33,-278210.33,False,88.89,38.5,success,
w2_2026_000174_scan_mild_01,w2_2026_000174,w2,test,mild,medicare_tax_withheld,money,"1,134.05","- 1,134.05",1134.05,-1134.05,False,93.33,36.5,success,
w2_2026_000174_scan_mild_01,w2_2026_000174,w2,test,mild,state,state,MO,MO,MO,MO,True,100.0,58.0,success,
w2_2026_000174_scan_mild_01,w2_2026_000174,w2,test,mild,employer_state_id,identifier,MO-2315798,MOIS,MO2315798,MOIS,False,30.77,0.0,success,
w2_2026_000174_scan_mild_01,w2_2026_000174,w2,test,mild,state_wages,money,"78,210.33","78,210.33",78210.33,78210.33,True,100.0,54.0,success,
w2_2026_000174_scan_mild_01,w2_2026_000174,w2,test,mild,state_income_tax,money,"1,222.48","1,222.48",1222.48,1222.48,True,100.0,40.0,success,
w2_2026_000174_scan_hard_02,w2_2026_000174,w2,test,hard,employee_ssn,identifier,000-96-9856,00-96-9856,000969856,00969856,False,94.12,21.0,success,
w2_2026_000174_scan_hard_02,w2_2026_000174,w2,test,hard,employer_ein,identifier,00-6565503,06S,006565503,06S,False,33.33,27.0,success,
w2_2026_000174_scan_hard_02,w2_2026_000174,w2,test,hard,employer_name_address,multiline,"SMITH-JIMENEZ
64256 ZACHARY TRAIL
MENDOZAFURT, PR 95890","CS CNRnUye 5 kein, AA Ues, ONen ew” SMITH-JIMENEZ 64256 ZACHARY TRAIL MENDOZAFURT, PR 95890",SMITH JIMENEZ 64256 ZACHARY TRAIL MENDOZAFURT PR 95890,CS CNRNUYE 5 KEIN AA UES ONEN EW SMITH JIMENEZ 64256 ZACHARY TRAIL MENDOZAFURT PR 95890,False,76.6,51.2,success,
w2_2026_000174_scan_hard_02,w2_2026_000174,w2,test,hard,control_number,identifier,W2-2026-000174,W2-2028-0001 74,W22026000174,W22028000174,False,91.67,47.5,success,
w2_2026_000174_scan_hard_02,w2_2026_000174,w2,test,hard,employee_first_name,text,CHAD X.,CHAD X.,CHAD X,CHAD X,True,100.0,69.0,success,
w2_2026_000174_scan_hard_02,w2_2026_000174,w2,test,hard,employee_last_name,text,KING,KING,KING,KING,True,100.0,96.0,success,
w2_2026_000174_scan_hard_02,w2_2026_000174,w2,test,hard,employee_address,multiline,"306 MARTINEZ PLAIN
MATHEWPORT, MO 07735","306 MARTINEZ PLAIN MATHEWPORT, MO 07735 { Employee's address and ZIP code",306 MARTINEZ PLAIN MATHEWPORT MO 07735,306 MARTINEZ PLAIN MATHEWPORT MO 07735 EMPLOYEE S ADDRESS AND ZIP CODE,False,70.37,84.25,success,
w2_2026_000174_scan_hard_02,w2_2026_000174,w2,test,hard,wages,money,"78,210.33","78,210.33",78210.33,78210.33,True,100.0,56.0,success,
w2_2026_000174_scan_hard_02,w2_2026_000174,w2,test,hard,federal_tax_withheld,money,"8,289.67",87,8289.67,87.00,False,33.33,74.0,success,
w2_2026_000174_scan_hard_02,w2_2026_000174,w2,test,hard,social_security_wages,money,"78,210.33","78,210.33",78210.33,78210.33,True,100.0,92.0,success,
w2_2026_000174_scan_hard_02,w2_2026_000174,w2,test,hard,social_security_tax_withheld,money,"4,849.04","4,849.04",4849.04,4849.04,True,100.0,35.0,success,
w2_2026_000174_scan_hard_02,w2_2026_000174,w2,test,hard,medicare_wages,money,"78,210.33",,78210.33,,False,0.0,0.0,success,
w2_2026_000174_scan_hard_02,w2_2026_000174,w2,test,hard,medicare_tax_withheld,money,"1,134.05","- 1,134.05",1134.05,-1134.05,False,93.33,42.0,success,
w2_2026_000174_scan_hard_02,w2_2026_000174,w2,test,hard,state,state,MO,MO,MO,MO,True,100.0,46.0,success,
w2_2026_000174_scan_hard_02,w2_2026_000174,w2,test,hard,employer_state_id,identifier,MO-2315798,M76,MO2315798,M76,False,33.33,0.0,success,
w2_2026_000174_scan_hard_02,w2_2026_000174,w2,test,hard,state_wages,money,"78,210.33","78,210.33",78210.33,78210.33,True,100.0,44.0,success,
w2_2026_000174_scan_hard_02,w2_2026_000174,w2,test,hard,state_income_tax,money,"1,222.48",2.48,1222.48,2.48,False,72.73,88.0,success,
w2_2026_000186_scan_mild_01,w2_2026_000186,w2,test,mild,employee_ssn,identifier,000-75-9499,00-75-0499 BGWWWWEE,000759499,00750499BGWWWWEE,False,56.0,0.0,success,
w2_2026_000186_scan_mild_01,w2_2026_000186,w2,test,mild,employer_ein,identifier,00-4708297,IGENUNAONNUMDELCUN,004708297,IGENUNAONNUMDELCUN,False,0.0,0.0,success,
w2_2026_000186_scan_mild_01,w2_2026_000186,w2,test,mild,employer_name_address,multiline,"MONTGOMERY AND SONS
22231 VICTORIA PORTS APT. 745
EAST ANNA, AZ 87736","Cc employer S Malle, aUUlese, aly 2IF UUs MONTGOMERY AND SONS 22231 VICTORIA PORTS APT. 745 EAST ANNA, AZ 87736",MONTGOMERY AND SONS 22231 VICTORIA PORTS APT 745 EAST ANNA AZ 87736,CC EMPLOYER S MALLE AUULESE ALY 2IF UUS MONTGOMERY AND SONS 22231 VICTORIA PORTS APT 745 EAST ANNA AZ 87736,False,77.01,70.65,success,
w2_2026_000186_scan_mild_01,w2_2026_000186,w2,test,mild,control_number,identifier,W2-2026-000186,WESPO,W22026000186,WESPO,False,11.76,0.0,success,
w2_2026_000186_scan_mild_01,w2_2026_000186,w2,test,mild,employee_first_name,text,EDDIE J.,EDDIE J. |,EDDIE J,EDDIE J,True,100.0,79.67,success,
w2_2026_000186_scan_mild_01,w2_2026_000186,w2,test,mild,employee_last_name,text,BRYANT,BRYANT,BRYANT,BRYANT,True,100.0,96.0,success,
w2_2026_000186_scan_mild_01,w2_2026_000186,w2,test,mild,employee_address,multiline,"2578 AMANDA CROSSING APT. 672
REILLYBERG, AL 97297","2578 AMANDA CROSSING APT. 672 REILLYBERG, AL 97297 f Employee’s address and ZIP code",2578 AMANDA CROSSING APT 672 REILLYBERG AL 97297,2578 AMANDA CROSSING APT 672 REILLYBERG AL 97297 F EMPLOYEE S ADDRESS AND ZIP CODE,False,73.85,94.57,success,
w2_2026_000186_scan_mild_01,w2_2026_000186,w2,test,mild,wages,money,"83,632.69","83,632.69",83632.69,83632.69,True,100.0,0.0,success,
w2_2026_000186_scan_mild_01,w2_2026_000186,w2,test,mild,federal_tax_withheld,money,"19,613.09","49,613.09",19613.09,49613.09,False,87.5,38.0,success,
w2_2026_000186_scan_mild_01,w2_2026_000186,w2,test,mild,social_security_wages,money,"83,632.69","83,632.69",83632.69,83632.69,True,100.0,96.0,success,
w2_2026_000186_scan_mild_01,w2_2026_000186,w2,test,mild,social_security_tax_withheld,money,"5,185.23","5,185.23",5185.23,5185.23,True,100.0,93.0,success,
w2_2026_000186_scan_mild_01,w2_2026_000186,w2,test,mild,medicare_wages,money,"83,632.69","83,632.69",83632.69,83632.69,True,100.0,85.0,success,
w2_2026_000186_scan_mild_01,w2_2026_000186,w2,test,mild,medicare_tax_withheld,money,"1,212.67",", 2 267",1212.67,2267.00,False,57.14,50.0,success,
w2_2026_000186_scan_mild_01,w2_2026_000186,w2,test,mild,state,state,AL,A,AL,A,False,66.67,68.0,success,
w2_2026_000186_scan_mild_01,w2_2026_000186,w2,test,mild,employer_state_id,identifier,AL-9396422,OO,AL9396422,OO,False,0.0,0.0,success,
w2_2026_000186_scan_mild_01,w2_2026_000186,w2,test,mild,state_wages,money,"83,632.69","88,682.69",83632.69,88682.69,False,75.0,31.0,success,
w2_2026_000186_scan_mild_01,w2_2026_000186,w2,test,mild,state_income_tax,money,"2,340.01",5,2340.01,5.00,False,36.36,0.0,success,
w2_2026_000186_scan_hard_02,w2_2026_000186,w2,test,hard,employee_ssn,identifier,000-75-9499,MO,000759499,MO,False,0.0,0.0,success,
w2_2026_000186_scan_hard_02,w2_2026_000186,w2,test,hard,employer_ein,identifier,00-4708297,A,004708297,A,False,0.0,0.0,success,
w2_2026_000186_scan_hard_02,w2_2026_000186,w2,test,hard,employer_name_address,multiline,"MONTGOMERY AND SONS
22231 VICTORIA PORTS APT. 745
EAST ANNA, AZ 87736","bmw ee GUT SSS, and Zi’ code | MONTGOMERY AND SONS 22231 VICTORIA PORTS APT. 745 EAST ANNA, AZ 87736 ee Ri ee oe ,y _—_",MONTGOMERY AND SONS 22231 VICTORIA PORTS APT 745 EAST ANNA AZ 87736,BMW EE GUT SSS AND ZI CODE MONTGOMERY AND SONS 22231 VICTORIA PORTS APT 745 EAST ANNA AZ 87736 EE RI EE OE Y,False,76.57,58.15,success,
w2_2026_000186_scan_hard_02,w2_2026_000186,w2,test,hard,control_number,identifier,W2-2026-000186,S,W22026000186,S,False,0.0,0.0,success,
w2_2026_000186_scan_hard_02,w2_2026_000186,w2,test,hard,employee_first_name,text,EDDIE J.,EDDIE J. Tae :,EDDIE J,EDDIE J TAE,False,77.78,57.25,success,
w2_2026_000186_scan_hard_02,w2_2026_000186,w2,test,hard,employee_last_name,text,BRYANT,BRYANT,BRYANT,BRYANT,True,100.0,96.0,success,
w2_2026_000186_scan_hard_02,w2_2026_000186,w2,test,hard,employee_address,multiline,"2578 AMANDA CROSSING APT. 672
REILLYBERG, AL 97297",2578 AMANDA CROSS! RELL Yee IOSSING APT. 672 f Employee's address and ZIP code Sk aka ea arr,2578 AMANDA CROSSING APT 672 REILLYBERG AL 97297,2578 AMANDA CROSS RELL YEE IOSSING APT 672 F EMPLOYEE S ADDRESS AND ZIP CODE SK AKA EA ARR,False,53.62,57.61,success,
w2_2026_000186_scan_hard_02,w2_2026_000186,w2,test,hard,wages,money,"83,632.69",", 85",83632.69,85.00,False,30.77,0.0,success,
w2_2026_000186_scan_hard_02,w2_2026_000186,w2,test,hard,federal_tax_withheld,money,"19,613.09",,19613.09,,False,0.0,0.0,success,
w2_2026_000186_scan_hard_02,w2_2026_000186,w2,test,hard,social_security_wages,money,"83,632.69",,83632.69,,False,0.0,0.0,success,
w2_2026_000186_scan_hard_02,w2_2026_000186,w2,test,hard,social_security_tax_withheld,money,"5,185.23",,5185.23,,False,0.0,0.0,success,
w2_2026_000186_scan_hard_02,w2_2026_000186,w2,test,hard,medicare_wages,money,"83,632.69",,83632.69,,False,0.0,0.0,success,
w2_2026_000186_scan_hard_02,w2_2026_000186,w2,test,hard,medicare_tax_withheld,money,"1,212.67",,1212.67,,False,0.0,0.0,success,
w2_2026_000186_scan_hard_02,w2_2026_000186,w2,test,hard,state,state,AL,,AL,,False,0.0,0.0,success,
w2_2026_000186_scan_hard_02,w2_2026_000186,w2,test,hard,employer_state_id,identifier,AL-9396422,,AL9396422,,False,0.0,0.0,success,
w2_2026_000186_scan_hard_02,w2_2026_000186,w2,test,hard,state_wages,money,"83,632.69","88,632.69",83632.69,88632.69,False,87.5,57.0,success,
w2_2026_000186_scan_hard_02,w2_2026_000186,w2,test,hard,state_income_tax,money,"2,340.01",2840.01,2340.01,2840.01,False,85.71,44.0,success,
w2_2026_000199_scan_mild_01,w2_2026_000199,w2,test,mild,employee_ssn,identifier,000-28-6277,00-26-6277 VVUMICEOOUUILYHULTIDET,000286277,00266277VVUMICEOOUUILYHULTIDET,False,35.9,22.0,success,
w2_2026_000199_scan_mild_01,w2_2026_000199,w2,test,mild,employer_ein,identifier,00-5153279,ENEEREEENACARINAEEEECAEEIMICTUIN,005153279,ENEEREEENACARINAEEEECAEEIMICTUIN,False,0.0,0.0,success,
w2_2026_000199_scan_mild_01,w2_2026_000199,w2,test,mild,employer_name_address,multiline,"EVANS, MONTES AND HARRIS
344 KENNETH PORTS
BALLARDLAND, VT 76285","EE EEE NE ENAR TENG? MMMIVVY, AIIM GIF UUUS EVANS, MONTES AND HARRIS 344 KENNETH PORTS BALLARDLAND, VT 76285",EVANS MONTES AND HARRIS 344 KENNETH PORTS BALLARDLAND VT 76285,EE EEE NE ENAR TENG MMMIVVY AIIM GIF UUUS EVANS MONTES AND HARRIS 344 KENNETH PORTS BALLARDLAND VT 76285,False,74.7,63.63,success,
w2_2026_000199_scan_mild_01,w2_2026_000199,w2,test,mild,control_number,identifier,W2-2026-000199,H,W22026000199,H,False,0.0,0.0,success,
w2_2026_000199_scan_mild_01,w2_2026_000199,w2,test,mild,employee_first_name,text,LISA V.,LISA V.,LISA V,LISA V,True,100.0,91.5,success,
w2_2026_000199_scan_mild_01,w2_2026_000199,w2,test,mild,employee_last_name,text,MORGAN,MORGAN,MORGAN,MORGAN,True,100.0,96.0,success,
w2_2026_000199_scan_mild_01,w2_2026_000199,w2,test,mild,employee_address,multiline,"541 SIMMONS KEY
LAKE MADISONHAVEN, AS 39810","541 SIMMONS KEY LAKE MADISONHAVEN, AS 39810 f Employee’s address and ZIP code",541 SIMMONS KEY LAKE MADISONHAVEN AS 39810,541 SIMMONS KEY LAKE MADISONHAVEN AS 39810 F EMPLOYEE S ADDRESS AND ZIP CODE,False,71.19,92.54,success,
w2_2026_000199_scan_mild_01,w2_2026_000199,w2,test,mild,wages,money,"74,527.16",74.5274 6,74527.16,74.53,False,46.15,41.5,success,
w2_2026_000199_scan_mild_01,w2_2026_000199,w2,test,mild,federal_tax_withheld,money,"16,301.15",",1 16.301 45",16301.15,116.30,False,57.14,31.33,success,
w2_2026_000199_scan_mild_01,w2_2026_000199,w2,test,mild,social_security_wages,money,"74,527.16","74,527.16",74527.16,74527.16,True,100.0,92.0,success,
w2_2026_000199_scan_mild_01,w2_2026_000199,w2,test,mild,social_security_tax_withheld,money,"4,620.68","8 4,620.68",4620.68,84620.68,False,93.33,21.0,success,
w2_2026_000199_scan_mild_01,w2_2026_000199,w2,test,mild,medicare_wages,money,"74,527.16","74,527.16",74527.16,74527.16,True,100.0,71.0,success,
w2_2026_000199_scan_mild_01,w2_2026_000199,w2,test,mild,medicare_tax_withheld,money,"1,080.64",)) 080.64,1080.64,80.64,False,83.33,43.5,success,
w2_2026_000199_scan_mild_01,w2_2026_000199,w2,test,mild,state,state,AS,AS,AS,AS,True,100.0,49.0,success,
w2_2026_000199_scan_mild_01,w2_2026_000199,w2,test,mild,employer_state_id,identifier,AS-5508325,FP,AS5508325,FP,False,0.0,0.0,success,
w2_2026_000199_scan_mild_01,w2_2026_000199,w2,test,mild,state_wages,money,"74,527.16","74,527.16",74527.16,74527.16,True,100.0,28.0,success,
w2_2026_000199_scan_mild_01,w2_2026_000199,w2,test,mild,state_income_tax,money,614.68,814.68,614.68,814.68,False,83.33,63.0,success,
w2_2026_000199_scan_hard_02,w2_2026_000199,w2,test,hard,employee_ssn,identifier,000-28-6277,000-28-6277 ONE,000286277,000286277ONE,False,85.71,14.5,success,
w2_2026_000199_scan_hard_02,w2_2026_000199,w2,test,hard,employer_ein,identifier,00-5153279,00-5153279 I,005153279,005153279I,False,94.74,25.0,success,
w2_2026_000199_scan_hard_02,w2_2026_000199,w2,test,hard,employer_name_address,multiline,"EVANS, MONTES AND HARRIS
344 KENNETH PORTS
BALLARDLAND, VT 76285","~ Sees OR SS ees er Oe EVANS, MONTES AND HARRIS 344 KENNETH PORTS BALLARDLAND, VT 76285",EVANS MONTES AND HARRIS 344 KENNETH PORTS BALLARDLAND VT 76285,SEES OR SS EES ER OE EVANS MONTES AND HARRIS 344 KENNETH PORTS BALLARDLAND VT 76285,False,85.52,66.76,success,
w2_2026_000199_scan_hard_02,w2_2026_000199,w2,test,hard,control_number,identifier,W2-2026-000199,W2-2026-0 0199 B,W22026000199,W2202600199B,False,91.67,22.67,success,
w2_2026_000199_scan_hard_02,w2_2026_000199,w2,test,hard,employee_first_name,text,LISA V.,LISA V.,LISA V,LISA V,True,100.0,89.5,success,
w2_2026_000199_scan_hard_02,w2_2026_000199,w2,test,hard,employee_last_name,text,MORGAN,MORGAN,MORGAN,MORGAN,True,100.0,96.0,success,
w2_2026_000199_scan_hard_02,w2_2026_000199,w2,test,hard,employee_address,multiline,"541 SIMMONS KEY
LAKE MADISONHAVEN, AS 39810","541 SIMMONS KEY LAKE MADISONHAVEN, AS 39810 f Employee's address and ZIP code NS Ge Sa ae ee ea",541 SIMMONS KEY LAKE MADISONHAVEN AS 39810,541 SIMMONS KEY LAKE MADISONHAVEN AS 39810 F EMPLOYEE S ADDRESS AND ZIP CODE NS GE SA AE EE EA,False,61.76,62.0,success,
w2_2026_000199_scan_hard_02,w2_2026_000199,w2,test,hard,wages,money,"74,527.16",.,74527.16,.,False,22.22,0.0,success,
w2_2026_000199_scan_hard_02,w2_2026_000199,w2,test,hard,federal_tax_withheld,money,"16,301.15","$8,901.18)",16301.15,8901.18,False,53.33,0.0,success,
w2_2026_000199_scan_hard_02,w2_2026_000199,w2,test,hard,social_security_wages,money,"74,527.16",", 74,527.16",74527.16,74527.16,True,100.0,46.0,success,
w2_2026_000199_scan_hard_02,w2_2026_000199,w2,test,hard,social_security_tax_withheld,money,"4,620.68","4,620.68",4620.68,4620.68,True,100.0,53.0,success,
w2_2026_000199_scan_hard_02,w2_2026_000199,w2,test,hard,medicare_wages,money,"74,527.16","74,527.16",74527.16,74527.16,True,100.0,65.0,success,
w2_2026_000199_scan_hard_02,w2_2026_000199,w2,test,hard,medicare_tax_withheld,money,"1,080.64","1,080.64",1080.64,1080.64,True,100.0,93.0,success,
w2_2026_000199_scan_hard_02,w2_2026_000199,w2,test,hard,state,state,AS,,AS,,False,0.0,0.0,success,
w2_2026_000199_scan_hard_02,w2_2026_000199,w2,test,hard,employer_state_id,identifier,AS-5508325,AS ---2882OOOO,AS5508325,AS2882OOOO,False,42.11,23.5,success,
w2_2026_000199_scan_hard_02,w2_2026_000199,w2,test,hard,state_wages,money,"74,527.16","74,527.16",74527.16,74527.16,True,100.0,27.0,success,
w2_2026_000199_scan_hard_02,w2_2026_000199,w2,test,hard,state_income_tax,money,614.68,,614.68,,False,0.0,0.0,success,
w2_2026_000220_scan_mild_01,w2_2026_000220,w2,test,mild,employee_ssn,identifier,000-62-7102,-7102 VVMMMVICOSVUUEILYPUIVDET,000627102,7102VVMMMVICOSVUUEILYPUIVDET,False,21.62,0.0,success,
w2_2026_000220_scan_mild_01,w2_2026_000220,w2,test,mild,employer_ein,identifier,00-8691649,00 PNAINAEEAEEENSARINITEPIMATETOCTUCUIN,008691649,00PNAINAEEAEEENSARINITEPIMATETOCTUCUIN,False,8.51,47.5,success,
w2_2026_000220_scan_mild_01,w2_2026_000220,w2,test,mild,employer_name_address,multiline,"BENITEZ-RODRIGUEZ
4851 KATHERINE CROSSING
EVANSTOWN, NH 44931","EE ERASE Ey COMES VOU, GI CIF VUUS BENITEZ-RODRIGUEZ 4851 KATHERINE CROSSING EVANSTOWN, NH 44931",BENITEZ RODRIGUEZ 4851 KATHERINE CROSSING EVANSTOWN NH 44931,EE ERASE EY COMES VOU GI CIF VUUS BENITEZ RODRIGUEZ 4851 KATHERINE CROSSING EVANSTOWN NH 44931,False,77.92,61.33,success,
w2_2026_000220_scan_mild_01,w2_2026_000220,w2,test,mild,control_number,identifier,W2-2026-000220,,W22026000220,,False,0.0,0.0,success,
w2_2026_000220_scan_mild_01,w2_2026_000220,w2,test,mild,employee_first_name,text,JOHN Y.,JOHN Y.,JOHN Y,JOHN Y,True,100.0,91.5,success,
w2_2026_000220_scan_mild_01,w2_2026_000220,w2,test,mild,employee_last_name,text,TORRES,TORRES,TORRES,TORRES,True,100.0,96.0,success,
w2_2026_000220_scan_mild_01,w2_2026_000220,w2,test,mild,employee_address,multiline,"998 MICHAEL HAVEN
LAKE NICHOLAS, WA 32958","998 MICHAEL HAVEN LAKE NICHOLAS, WA 32958 f Employee's address and ZIP code So rue ere rn ees egy areseetee, oe EN SSS eee ee",998 MICHAEL HAVEN LAKE NICHOLAS WA 32958,998 MICHAEL HAVEN LAKE NICHOLAS WA 32958 F EMPLOYEE S ADDRESS AND ZIP CODE SO RUE ERE RN EES EGY ARESEETEE OE EN SSS EEE EE,False,49.08,57.4,success,
w2_2026_000220_scan_mild_01,w2_2026_000220,w2,test,mild,wages,money,"51,886.30",) -51-886.30,51886.30,-51-886.30,False,88.89,0.0,success,
w2_2026_000220_scan_mild_01,w2_2026_000220,w2,test,mild,federal_tax_withheld,money,"10,058.91",84 10.058.91,10058.91,8410.06,False,40.0,0.0,success,
w2_2026_000220_scan_mild_01,w2_2026_000220,w2,test,mild,social_security_wages,money,"51,886.30",,51886.30,,False,0.0,0.0,success,
w2_2026_000220_scan_mild_01,w2_2026_000220,w2,test,mild,social_security_tax_withheld,money,"3,216.95",304 6.95,3216.95,3046.95,False,71.43,58.0,success,
w2_2026_000220_scan_mild_01,w2_2026_000220,w2,test,mild,medicare_wages,money,"51,886.30",,51886.30,,False,0.0,0.0,success,
w2_2026_000220_scan_mild_01,w2_2026_000220,w2,test,mild,medicare_tax_withheld,money,752.35,- )) 752.35,752.35,-752.35,False,92.31,27.67,success,
w2_2026_000220_scan_mild_01,w2_2026_000220,w2,test,mild,state,state,WA,WA,WA,WA,True,100.0,47.0,success,
w2_2026_000220_scan_mild_01,w2_2026_000220,w2,test,mild,employer_state_id,identifier,WA-3239990,,WA3239990,,False,0.0,0.0,success,
w2_2026_000220_scan_mild_01,w2_2026_000220,w2,test,mild,state_wages,money,"51,886.30","81,886.30",51886.30,81886.30,False,87.5,41.0,success,
w2_2026_000220_scan_mild_01,w2_2026_000220,w2,test,mild,state_income_tax,money,313.74,4,313.74,4.00,False,20.0,0.0,success,
w2_2026_000220_scan_hard_02,w2_2026_000220,w2,test,hard,employee_ssn,identifier,000-62-7102,62-7102 LR,000627102,627102LR,False,70.59,0.0,success,
w2_2026_000220_scan_hard_02,w2_2026_000220,w2,test,hard,employer_ein,identifier,00-8691649,8691649 EEE,008691649,8691649EEE,False,73.68,33.5,success,
w2_2026_000220_scan_hard_02,w2_2026_000220,w2,test,hard,employer_name_address,multiline,"BENITEZ-RODRIGUEZ
4851 KATHERINE CROSSING
EVANSTOWN, NH 44931","Saf bey parts Mee Ae esa pre See ew ier tt i oe 8 cor 4851 KATHERINE CROSSING EVANSTOWN, NH 44931",BENITEZ RODRIGUEZ 4851 KATHERINE CROSSING EVANSTOWN NH 44931,SAF BEY PARTS MEE AE ESA PRE SEE EW IER TT I OE 8 COR 4851 KATHERINE CROSSING EVANSTOWN NH 44931,False,66.67,50.71,success,
w2_2026_000220_scan_hard_02,w2_2026_000220,w2,test,hard,control_number,identifier,W2-2026-000220,W2-2026-000220,W22026000220,W22026000220,True,100.0,0.0,success,
w2_2026_000220_scan_hard_02,w2_2026_000220,w2,test,hard,employee_first_name,text,JOHN Y.,JOHN Y.,JOHN Y,JOHN Y,True,100.0,92.5,success,
w2_2026_000220_scan_hard_02,w2_2026_000220,w2,test,hard,employee_last_name,text,TORRES,TORRES,TORRES,TORRES,True,100.0,96.0,success,
w2_2026_000220_scan_hard_02,w2_2026_000220,w2,test,hard,employee_address,multiline,"998 MICHAEL HAVEN
LAKE NICHOLAS, WA 32958","998 MICHAEL HAVEN LAKE NICHOLAS, WA 32958 f Employee's address and ZiP code",998 MICHAEL HAVEN LAKE NICHOLAS WA 32958,998 MICHAEL HAVEN LAKE NICHOLAS WA 32958 F EMPLOYEE S ADDRESS AND ZIP CODE,False,70.18,88.15,success,
w2_2026_000220_scan_hard_02,w2_2026_000220,w2,test,hard,wages,money,"51,886.30","81,886.30",51886.30,81886.30,False,87.5,48.0,success,
w2_2026_000220_scan_hard_02,w2_2026_000220,w2,test,hard,federal_tax_withheld,money,"10,058.91",,10058.91,,False,0.0,0.0,success,
w2_2026_000220_scan_hard_02,w2_2026_000220,w2,test,hard,social_security_wages,money,"51,886.30","51,886.30",51886.30,51886.30,True,100.0,28.0,success,
w2_2026_000220_scan_hard_02,w2_2026_000220,w2,test,hard,social_security_tax_withheld,money,"3,216.95",,3216.95,,False,0.0,0.0,success,
w2_2026_000220_scan_hard_02,w2_2026_000220,w2,test,hard,medicare_wages,money,"51,886.30","51,886.30",51886.30,51886.30,True,100.0,39.0,success,
w2_2026_000220_scan_hard_02,w2_2026_000220,w2,test,hard,medicare_tax_withheld,money,752.35,27 752.35,752.35,27752.35,False,85.71,29.5,success,
w2_2026_000220_scan_hard_02,w2_2026_000220,w2,test,hard,state,state,WA,WA,WA,WA,True,100.0,57.0,success,
w2_2026_000220_scan_hard_02,w2_2026_000220,w2,test,hard,employer_state_id,identifier,WA-3239990,WA323999000,WA3239990,WA323999000,False,90.0,0.0,success,
w2_2026_000220_scan_hard_02,w2_2026_000220,w2,test,hard,state_wages,money,"51,886.30","1,886.30",51886.30,1886.30,False,93.33,0.0,success,
w2_2026_000220_scan_hard_02,w2_2026_000220,w2,test,hard,state_income_tax,money,313.74,,313.74,,False,0.0,0.0,success,
w2_2026_000244_scan_mild_01,w2_2026_000244,w2,test,mild,employee_ssn,identifier,000-67-3832,00-67-3892 NESADONONNAEERYEERSEEERINE,000673832,00673892NESADONONNAEERYEERSEEERINE,False,32.56,4.0,success,
w2_2026_000244_scan_mild_01,w2_2026_000244,w2,test,mild,employer_ein,identifier,00-3804559,,003804559,,False,0.0,0.0,success,
w2_2026_000244_scan_mild_01,w2_2026_000244,w2,test,mild,employer_name_address,multiline,"MARSHALL, MURRAY AND MILLER
727 SKINNER EXTENSION
NEW CRAIGPORT, DE 70579","eee eee ND SNE rg SHEEN CLI WW MARSHALL, MURRAY AND MILLER 727 SKINNER EXTENSION NEW CRAIGPORT, DE 70579",MARSHALL MURRAY AND MILLER 727 SKINNER EXTENSION NEW CRAIGPORT DE 70579,EEE EEE ND SNE RG SHEEN CLI WW MARSHALL MURRAY AND MILLER 727 SKINNER EXTENSION NEW CRAIGPORT DE 70579,False,82.08,69.37,success,
w2_2026_000244_scan_mild_01,w2_2026_000244,w2,test,mild,control_number,identifier,W2-2026-000244,W2-2026-000244,W22026000244,W22026000244,True,100.0,0.0,success,
w2_2026_000244_scan_mild_01,w2_2026_000244,w2,test,mild,employee_first_name,text,JENNA E.,JENNA E.,JENNA E,JENNA E,True,100.0,88.0,success,
w2_2026_000244_scan_mild_01,w2_2026_000244,w2,test,mild,employee_last_name,text,MURPHY,MURPHY,MURPHY,MURPHY,True,100.0,96.0,success,
w2_2026_000244_scan_mild_01,w2_2026_000244,w2,test,mild,employee_address,multiline,"10427 THOMPSON STATION APT. 837
PORT CYNTHIAHAVEN, SD 87341","10427 THOMPSON STATION APT. 837 PORT CYNTHIAHAVEN, SD 87341 f Employee’s address and ZIP code",10427 THOMPSON STATION APT 837 PORT CYNTHIAHAVEN SD 87341,10427 THOMPSON STATION APT 837 PORT CYNTHIAHAVEN SD 87341 F EMPLOYEE S ADDRESS AND ZIP CODE,False,77.03,94.07,success,
w2_2026_000244_scan_mild_01,w2_2026_000244,w2,test,mild,wages,money,"147,840.61","147,840.61",147840.61,147840.61,True,100.0,86.0,success,
w2_2026_000244_scan_mild_01,w2_2026_000244,w2,test,mild,federal_tax_withheld,money,"12,648.73",-12.648.73,12648.73,-12.65,False,42.86,0.0,success,
w2_2026_000244_scan_mild_01,w2_2026_000244,w2,test,mild,social_security_wages,money,"147,840.61","4 47,840.61",147840.61,447840.61,False,88.89,80.0,success,
w2_2026_000244_scan_mild_01,w2_2026_000244,w2,test,mild,social_security_tax_withheld,money,"9,166.12","9,166.1 3",9166.12,9166.13,False,85.71,41.0,success,
w2_2026_000244_scan_mild_01,w2_2026_000244,w2,test,mild,medicare_wages,money,"147,840.61","147,840.61",147840.61,147840.61,True,100.0,7.0,success,
w2_2026_000244_scan_mild_01,w2_2026_000244,w2,test,mild,medicare_tax_withheld,money,"2,143.69",. 2143.69,2143.69,0.21,False,36.36,5.0,success,
w2_2026_000244_scan_mild_01,w2_2026_000244,w2,test,mild,state,state,SD,SD,SD,SD,True,100.0,0.0,success,
w2_2026_000244_scan_mild_01,w2_2026_000244,w2,test,mild,employer_state_id,identifier,SD-8103052,S-109052,SD8103052,S109052,False,75.0,0.0,success,
w2_2026_000244_scan_mild_01,w2_2026_000244,w2,test,mild,state_wages,money,"147,840.61","147,840.61",147840.61,147840.61,True,100.0,36.0,success,
w2_2026_000244_scan_mild_01,w2_2026_000244,w2,test,mild,state_income_tax,money,"5,489.22",22,5489.22,22.00,False,33.33,0.0,success,
w2_2026_000244_scan_hard_02,w2_2026_000244,w2,test,hard,employee_ssn,identifier,000-67-3832,-67-3832 PVIVV,000673832,673832PVIVV,False,60.0,0.0,success,
w2_2026_000244_scan_hard_02,w2_2026_000244,w2,test,hard,employer_ein,identifier,00-3804559,SS,003804559,SS,False,0.0,11.0,success,
w2_2026_000244_scan_hard_02,w2_2026_000244,w2,test,hard,employer_name_address,multiline,"MARSHALL, MURRAY AND MILLER
727 SKINNER EXTENSION
NEW CRAIGPORT, DE 70579","¢ Employers name, acoress, anu air vue MARSHALL, MURRAY AND MILLER 727 SKINNER EXTENSION NEW CRAIGPORT, DE 70579",MARSHALL MURRAY AND MILLER 727 SKINNER EXTENSION NEW CRAIGPORT DE 70579,EMPLOYERS NAME ACORESS ANU AIR VUE MARSHALL MURRAY AND MILLER 727 SKINNER EXTENSION NEW CRAIGPORT DE 70579,False,80.23,76.5,success,
w2_2026_000244_scan_hard_02,w2_2026_000244,w2,test,hard,control_number,identifier,W2-2026-000244,W BN,W22026000244,WBN,False,13.33,0.0,success,
w2_2026_000244_scan_hard_02,w2_2026_000244,w2,test,hard,employee_first_name,text,JENNA E.,JENNA E.,JENNA E,JENNA E,True,100.0,84.5,success,
w2_2026_000244_scan_hard_02,w2_2026_000244,w2,test,hard,employee_last_name,text,MURPHY,MURPHY,MURPHY,MURPHY,True,100.0,95.0,success,
w2_2026_000244_scan_hard_02,w2_2026_000244,w2,test,hard,employee_address,multiline,"10427 THOMPSON STATION APT. 837
PORT CYNTHIAHAVEN, SD 87341","10427 THOMPSON STATION APT. 837 PORT CYNTHIAHAVEN, SD 87341 f Employee’saddressandZIPcode",10427 THOMPSON STATION APT 837 PORT CYNTHIAHAVEN SD 87341,10427 THOMPSON STATION APT 837 PORT CYNTHIAHAVEN SD 87341 F EMPLOYEE SADDRESSANDZIPCODE,False,79.17,90.55,success,
w2_2026_000244_scan_hard_02,w2_2026_000244,w2,test,hard,wages,money,"147,840.61","5, 447,840.61",147840.61,5447840.61,False,84.21,5.5,success,
w2_2026_000244_scan_hard_02,w2_2026_000244,w2,test,hard,federal_tax_withheld,money,"12,648.73",", 42,648.73",12648.73,42648.73,False,87.5,10.0,success,
w2_2026_000244_scan_hard_02,w2_2026_000244,w2,test,hard,social_security_wages,money,"147,840.61","447,840.61",147840.61,447840.61,False,88.89,43.0,success,
w2_2026_000244_scan_hard_02,w2_2026_000244,w2,test,hard,social_security_tax_withheld,money,"9,166.12","9,166.12",9166.12,9166.12,True,100.0,0.0,success,
w2_2026_000244_scan_hard_02,w2_2026_000244,w2,test,hard,medicare_wages,money,"147,840.61","447,840.61",147840.61,447840.61,False,88.89,22.0,success,
w2_2026_000244_scan_hard_02,w2_2026_000244,w2,test,hard,medicare_tax_withheld,money,"2,143.69",7 2143.69,2143.69,72143.69,False,93.33,11.5,success,
w2_2026_000244_scan_hard_02,w2_2026_000244,w2,test,hard,state,state,SD,,SD,,False,0.0,0.0,success,
w2_2026_000244_scan_hard_02,w2_2026_000244,w2,test,hard,employer_state_id,identifier,SD-8103052,,SD8103052,,False,0.0,0.0,success,
w2_2026_000244_scan_hard_02,w2_2026_000244,w2,test,hard,state_wages,money,"147,840.61","147,840.61",147840.61,147840.61,True,100.0,45.0,success,
w2_2026_000244_scan_hard_02,w2_2026_000244,w2,test,hard,state_income_tax,money,"5,489.22","5,469.22",5489.22,5469.22,False,85.71,0.0,success,
w2_2026_000247_scan_mild_01,w2_2026_000247,w2,test,mild,employee_ssn,identifier,000-62-5327,-02-6927 VVMMICEEOSYVUUILYPUIDCT,000625327,026927VVMMICEEOSYVUUILYPUIDCT,False,21.05,0.0,success,
w2_2026_000247_scan_mild_01,w2_2026_000247,w2,test,mild,employer_ein,identifier,00-7426403,00-7426403- CNAEESEEENZOASINATEPUMATEIMOEVLIND,007426403,007426403CNAEESEEENZOASINATEPUMATEIMOEVLIND,False,34.62,0.0,success,
w2_2026_000247_scan_mild_01,w2_2026_000247,w2,test,mild,employer_name_address,multiline,"STEWART, YORK AND OLSON
99768 WESLEY SQUARES APT. 309
WEST JOELCHESTER, WV 32423","PE NN NE RENAE EEN MMIMIWVY, GAH GIF UVUS STEWART, YORK AND OLSON 99768 WESLEY SQUARES APT. 309 WEST JOELCHESTER, WV 32423",STEWART YORK AND OLSON 99768 WESLEY SQUARES APT 309 WEST JOELCHESTER WV 32423,PE NN NE RENAE EEN MMIMIWVY GAH GIF UVUS STEWART YORK AND OLSON 99768 WESLEY SQUARES APT 309 WEST JOELCHESTER WV 32423,False,78.97,69.59,success,
w2_2026_000247_scan_mild_01,w2_2026_000247,w2,test,mild,control_number,identifier,W2-2026-000247,EE,W22026000247,EE,False,0.0,0.0,success,
w2_2026_000247_scan_mild_01,w2_2026_000247,w2,test,mild,employee_first_name,text,DEAN F.,DEAN F.,DEAN F,DEAN F,True,100.0,92.5,success,
w2_2026_000247_scan_mild_01,w2_2026_000247,w2,test,mild,employee_last_name,text,REID,REID,REID,REID,True,100.0,96.0,success,
w2_2026_000247_scan_mild_01,w2_2026_000247,w2,test,mild,employee_address,multiline,"25743 NICHOLAS ROW
EAST SANDRAMOUTH, WA 43583","25743 NICHOLAS ROW EAST SANDRAMOUTH, WA 43583 f Employee’s address and ZIP code a este Sis ats Goa grated is ga yy eee I La eee PROS PEST TE",25743 NICHOLAS ROW EAST SANDRAMOUTH WA 43583,25743 NICHOLAS ROW EAST SANDRAMOUTH WA 43583 F EMPLOYEE S ADDRESS AND ZIP CODE A ESTE SIS ATS GOA GRATED IS GA YY EEE I LA EEE PROS PEST TE,False,48.09,54.03,success,
w2_2026_000247_scan_mild_01,w2_2026_000247,w2,test,mild,wages,money,"122,402.66",", 122,402.66",122402.66,122402.66,True,100.0,9.0,success,
w2_2026_000247_scan_mild_01,w2_2026_000247,w2,test,mild,federal_tax_withheld,money,"25,059.15","4, 25,059.15",25059.15,425059.15,False,94.12,0.0,success,
w2_2026_000247_scan_mild_01,w2_2026_000247,w2,test,mild,social_security_wages,money,"122,402.66",188666,122402.66,188666.00,False,33.33,0.0,success,
w2_2026_000247_scan_mild_01,w2_2026_000247,w2,test,mild,social_security_tax_withheld,money,"7,588.96","7,588.96",7588.96,7588.96,True,100.0,16.0,success,
w2_2026_000247_scan_mild_01,w2_2026_000247,w2,test,mild,medicare_wages,money,"122,402.66","122,402.66",122402.66,122402.66,True,100.0,47.0,success,
w2_2026_000247_scan_mild_01,w2_2026_000247,w2,test,mild,medicare_tax_withheld,money,"1,774.84",) ) 774.84,1774.84,774.84,False,92.31,27.33,success,
w2_2026_000247_scan_mild_01,w2_2026_000247,w2,test,mild,state,state,WA,WA,WA,WA,True,100.0,65.0,success,
w2_2026_000247_scan_mild_01,w2_2026_000247,w2,test,mild,employer_state_id,identifier,WA-3889032,WSS,WA3889032,WSS,False,16.67,0.0,success,
w2_2026_000247_scan_mild_01,w2_2026_000247,w2,test,mild,state_wages,money,"122,402.66","122,402.66",122402.66,122402.66,True,100.0,48.0,success,
w2_2026_000247_scan_mild_01,w2_2026_000247,w2,test,mild,state_income_tax,money,"6,251.53","8,251.53",6251.53,8251.53,False,85.71,20.0,success,
w2_2026_000247_scan_hard_02,w2_2026_000247,w2,test,hard,employee_ssn,identifier,000-62-5327,000625327 BUS,000625327,000625327BUS,False,85.71,1.5,success,
w2_2026_000247_scan_hard_02,w2_2026_000247,w2,test,hard,employer_ein,identifier,00-7426403,CS,007426403,CS,False,0.0,0.0,success,
w2_2026_000247_scan_hard_02,w2_2026_000247,w2,test,hard,employer_name_address,multiline,"STEWART, YORK AND OLSON
99768 WESLEY SQUARES APT. 309
WEST JOELCHESTER, WV 32423","c Employer's name, address, and cir coue STEWART, YORK AND OLSON 99768 WESLEY SQUARES APT. 309 WEST JOELCHESTER, WV 32423",STEWART YORK AND OLSON 99768 WESLEY SQUARES APT 309 WEST JOELCHESTER WV 32423,C EMPLOYER S NAME ADDRESS AND CIR COUE STEWART YORK AND OLSON 99768 WESLEY SQUARES APT 309 WEST JOELCHESTER WV 32423,False,79.79,88.45,success,
w2_2026_000247_scan_hard_02,w2_2026_000247,w2,test,hard,control_number,identifier,W2-2026-000247,CS,W22026000247,CS,False,0.0,0.0,success,
w2_2026_000247_scan_hard_02,w2_2026_000247,w2,test,hard,employee_first_name,text,DEAN F.,DEANF.,DEAN F,DEANF,False,90.91,51.0,success,
w2_2026_000247_scan_hard_02,w2_2026_000247,w2,test,hard,employee_last_name,text,REID,REID,REID,REID,True,100.0,95.0,success,
w2_2026_000247_scan_hard_02,w2_2026_000247,w2,test,hard,employee_address,multiline,"25743 NICHOLAS ROW
EAST SANDRAMOUTH, WA 43583","25743 NICHOLAS ROW EAST SANDRAMOUTH, WA 43583 f Employee’s address and ZIP COod@",25743 NICHOLAS ROW EAST SANDRAMOUTH WA 43583,25743 NICHOLAS ROW EAST SANDRAMOUTH WA 43583 F EMPLOYEE S ADDRESS AND ZIP COOD,False,72.13,71.54,success,
w2_2026_000247_scan_hard_02,w2_2026_000247,w2,test,hard,wages,money,"122,402.66",",, -499.402.66",122402.66,-499.40,False,25.0,0.0,success,
w2_2026_000247_scan_hard_02,w2_2026_000247,w2,test,hard,federal_tax_withheld,money,"25,059.15","25,059.15.",25059.15,25059.15,True,100.0,65.0,success,
w2_2026_000247_scan_hard_02,w2_2026_000247,w2,test,hard,social_security_wages,money,"122,402.66","22,402.66",122402.66,22402.66,False,94.12,95.0,success,
w2_2026_000247_scan_hard_02,w2_2026_000247,w2,test,hard,social_security_tax_withheld,money,"7,588.96","7,588.96",7588.96,7588.96,True,100.0,43.0,success,
w2_2026_000247_scan_hard_02,w2_2026_000247,w2,test,hard,medicare_wages,money,"122,402.66","$22,402.66",122402.66,22402.66,False,94.12,0.0,success,
w2_2026_000247_scan_hard_02,w2_2026_000247,w2,test,hard,medicare_tax_withheld,money,"1,774.84","1,774.84",1774.84,1774.84,True,100.0,78.0,success,
w2_2026_000247_scan_hard_02,w2_2026_000247,w2,test,hard,state,state,WA,WA,WA,WA,True,100.0,66.0,success,
w2_2026_000247_scan_hard_02,w2_2026_000247,w2,test,hard,employer_state_id,identifier,WA-3889032,,WA3889032,,False,0.0,0.0,success,
w2_2026_000247_scan_hard_02,w2_2026_000247,w2,test,hard,state_wages,money,"122,402.66",,122402.66,,False,0.0,0.0,success,
w2_2026_000247_scan_hard_02,w2_2026_000247,w2,test,hard,state_income_tax,money,"6,251.53","6,251.53",6251.53,6251.53,True,100.0,0.0,success,
1099_nec_2026_000004_scan_mild_01,1099_nec_2026_000004,1099_nec,test,mild,payer_name,text,"WALTON, WRIGHT AND HAYES","WALTON, WRIGHT AND HAYES",WALTON WRIGHT AND HAYES,WALTON WRIGHT AND HAYES,True,100.0,95.75,success,
1099_nec_2026_000004_scan_mild_01,1099_nec_2026_000004,1099_nec,test,mild,payer_street,text,630 SMITH LAKE APT. 573,630 SMITH LAKE APT. 573,630 SMITH LAKE APT 573,630 SMITH LAKE APT 573,True,100.0,95.8,success,
1099_nec_2026_000004_scan_mild_01,1099_nec_2026_000004,1099_nec,test,mild,payer_city,text,ROSSLAND,ROSSLAND,ROSSLAND,ROSSLAND,True,100.0,62.0,success,
1099_nec_2026_000004_scan_mild_01,1099_nec_2026_000004,1099_nec,test,mild,payer_state,state,MI,MI PS,MI,MIPS,False,66.67,27.5,success,
1099_nec_2026_000004_scan_mild_01,1099_nec_2026_000004,1099_nec,test,mild,payer_zip,text,56588,56588 RAN ante i 2 nde din Beis.,56588,56588 RAN ANTE I 2 NDE DIN BEIS,False,27.78,31.25,success,
1099_nec_2026_000004_scan_mild_01,1099_nec_2026_000004,1099_nec,test,mild,payer_tin,identifier,00-1149283,00-1149283,001149283,001149283,True,100.0,92.0,success,
1099_nec_2026_000004_scan_mild_01,1099_nec_2026_000004,1099_nec,test,mild,recipient_tin,identifier,000-70-3167,000-70-3167,000703167,000703167,True,100.0,92.0,success,
1099_nec_2026_000004_scan_mild_01,1099_nec_2026_000004,1099_nec,test,mild,recipient_name,text,TERESA ALVAREZ,TERESA ALVAREZ,TERESA ALVAREZ,TERESA ALVAREZ,True,100.0,96.0,success,
1099_nec_2026_000004_scan_mild_01,1099_nec_2026_000004,1099_nec,test,mild,recipient_street,text,649 JENNIFER WAYS,649 JENNIFER WAYS,649 JENNIFER WAYS,649 JENNIFER WAYS,True,100.0,96.0,success,
1099_nec_2026_000004_scan_mild_01,1099_nec_2026_000004,1099_nec,test,mild,recipient_city,text,EAST TYLERLAND,EAST TYLERLAND,EAST TYLERLAND,EAST TYLERLAND,True,100.0,92.5,success,
1099_nec_2026_000004_scan_mild_01,1099_nec_2026_000004,1099_nec,test,mild,recipient_state,state,ME,ME SSSS,ME,MESSSS,False,50.0,28.5,success,
1099_nec_2026_000004_scan_mild_01,1099_nec_2026_000004,1099_nec,test,mild,recipient_zip,text,88720,ic eee,88720,IC EEE,False,0.0,31.5,success,
1099_nec_2026_000004_scan_mild_01,1099_nec_2026_000004,1099_nec,test,mild,nonemployee_compensation,money,"111,612.32","$ 111,612.32",111612.32,111612.32,True,100.0,48.0,success,
1099_nec_2026_000004_scan_mild_01,1099_nec_2026_000004,1099_nec,test,mild,federal_income_tax_withheld,text,"3,461.06",": 3,461.06",3 461 06,3 461 06,True,100.0,55.0,success,
1099_nec_2026_000004_scan_mild_01,1099_nec_2026_000004,1099_nec,test,mild,account_number,identifier,NEC-2026-000004,NEC-2026-000004,NEC2026000004,NEC2026000004,True,100.0,39.0,success,
1099_nec_2026_000004_scan_mild_01,1099_nec_2026_000004,1099_nec,test,mild,state_tax_withheld,money,0.00,,0.00,,False,0.0,0.0,success,
1099_nec_2026_000004_scan_mild_01,1099_nec_2026_000004,1099_nec,test,mild,state_payer_number,identifier,ME-1141997,ME114199700,ME1141997,ME114199700,False,90.0,0.0,success,
1099_nec_2026_000004_scan_mild_01,1099_nec_2026_000004,1099_nec,test,mild,state_income,money,"111,612.32","$-111,612.32",111612.32,-111612.32,False,94.74,0.0,success,
1099_nec_2026_000004_scan_hard_02,1099_nec_2026_000004,1099_nec,test,hard,payer_name,text,"WALTON, WRIGHT AND HAYES",,WALTON WRIGHT AND HAYES,,False,0.0,0.0,success,
1099_nec_2026_000004_scan_hard_02,1099_nec_2026_000004,1099_nec,test,hard,payer_street,text,630 SMITH LAKE APT. 573,,630 SMITH LAKE APT 573,,False,0.0,0.0,success,
1099_nec_2026_000004_scan_hard_02,1099_nec_2026_000004,1099_nec,test,hard,payer_city,text,ROSSLAND,,ROSSLAND,,False,0.0,0.0,success,
1099_nec_2026_000004_scan_hard_02,1099_nec_2026_000004,1099_nec,test,hard,payer_state,state,MI,SS,MI,SS,False,0.0,12.0,success,
1099_nec_2026_000004_scan_hard_02,1099_nec_2026_000004,1099_nec,test,hard,payer_zip,text,56588,56588 0) Um BMStal COUe,56588,56588 0 UM BMSTAL COUE,False,37.04,20.8,success,
1099_nec_2026_000004_scan_hard_02,1099_nec_2026_000004,1099_nec,test,hard,payer_tin,identifier,00-1149283,00-1149283,001149283,001149283,True,100.0,59.0,success,
1099_nec_2026_000004_scan_hard_02,1099_nec_2026_000004,1099_nec,test,hard,recipient_tin,identifier,000-70-3167,,000703167,,False,0.0,0.0,success,
1099_nec_2026_000004_scan_hard_02,1099_nec_2026_000004,1099_nec,test,hard,recipient_name,text,TERESA ALVAREZ,,TERESA ALVAREZ,,False,0.0,0.0,success,
1099_nec_2026_000004_scan_hard_02,1099_nec_2026_000004,1099_nec,test,hard,recipient_street,text,649 JENNIFER WAYS,,649 JENNIFER WAYS,,False,0.0,0.0,success,
1099_nec_2026_000004_scan_hard_02,1099_nec_2026_000004,1099_nec,test,hard,recipient_city,text,EAST TYLERLAND,00 Coca,EAST TYLERLAND,00 COCA,False,19.05,26.5,success,
1099_nec_2026_000004_scan_hard_02,1099_nec_2026_000004,1099_nec,test,hard,recipient_state,state,ME,ME PV,ME,MEPV,False,66.67,11.5,success,
1099_nec_2026_000004_scan_hard_02,1099_nec_2026_000004,1099_nec,test,hard,recipient_zip,text,88720,PN ae,88720,PN AE,False,0.0,28.0,success,
1099_nec_2026_000004_scan_hard_02,1099_nec_2026_000004,1099_nec,test,hard,nonemployee_compensation,money,"111,612.32",,111612.32,,False,0.0,0.0,success,
1099_nec_2026_000004_scan_hard_02,1099_nec_2026_000004,1099_nec,test,hard,federal_income_tax_withheld,text,"3,461.06",,3 461 06,,False,0.0,0.0,success,
1099_nec_2026_000004_scan_hard_02,1099_nec_2026_000004,1099_nec,test,hard,account_number,identifier,NEC-2026-000004,2,NEC2026000004,2,False,14.29,29.0,success,
1099_nec_2026_000004_scan_hard_02,1099_nec_2026_000004,1099_nec,test,hard,state_tax_withheld,money,0.00,..,0.00,.,False,40.0,0.0,success,
1099_nec_2026_000004_scan_hard_02,1099_nec_2026_000004,1099_nec,test,hard,state_payer_number,identifier,ME-1141997,ME,ME1141997,ME,False,36.36,0.0,success,
1099_nec_2026_000004_scan_hard_02,1099_nec_2026_000004,1099_nec,test,hard,state_income,money,"111,612.32","$111,612.92",111612.32,111612.92,False,88.89,21.0,success,
1099_nec_2026_000007_scan_mild_01,1099_nec_2026_000007,1099_nec,test,mild,payer_name,text,JOYCE-HOPKINS,JOYCE-HOPKINS 2,JOYCE HOPKINS,JOYCE HOPKINS 2,False,92.86,68.0,success,
1099_nec_2026_000007_scan_mild_01,1099_nec_2026_000007,1099_nec,test,mild,payer_street,text,86567 TODD LOCK,86567 TODD LOCK,86567 TODD LOCK,86567 TODD LOCK,True,100.0,93.67,success,
1099_nec_2026_000007_scan_mild_01,1099_nec_2026_000007,1099_nec,test,mild,payer_city,text,NEW JESSICAPORT,NEW JESSICAPORT ee,NEW JESSICAPORT,NEW JESSICAPORT EE,False,90.91,71.67,success,
1099_nec_2026_000007_scan_mild_01,1099_nec_2026_000007,1099_nec,test,mild,payer_state,state,UT,W,UT,W,False,0.0,0.0,success,
1099_nec_2026_000007_scan_mild_01,1099_nec_2026_000007,1099_nec,test,mild,payer_zip,text,26072,26072 De ee ace,26072,26072 DE EE ACE,False,50.0,37.25,success,
1099_nec_2026_000007_scan_mild_01,1099_nec_2026_000007,1099_nec,test,mild,payer_tin,identifier,00-6012883,00-6012883,006012883,006012883,True,100.0,92.0,success,
1099_nec_2026_000007_scan_mild_01,1099_nec_2026_000007,1099_nec,test,mild,recipient_tin,identifier,000-34-3456,000-34-3456,000343456,000343456,True,100.0,91.0,success,
1099_nec_2026_000007_scan_mild_01,1099_nec_2026_000007,1099_nec,test,mild,recipient_name,text,KIMBERLY DAVIS,KIMBERLY DAVIS,KIMBERLY DAVIS,KIMBERLY DAVIS,True,100.0,71.5,success,
1099_nec_2026_000007_scan_mild_01,1099_nec_2026_000007,1099_nec,test,mild,recipient_street,text,047 BARBARA MILLS SUITE 423,047 BARBARA | MILLS SUITE 423 :,047 BARBARA MILLS SUITE 423,047 BARBARA MILLS SUITE 423,True,100.0,90.86,success,
1099_nec_2026_000007_scan_mild_01,1099_nec_2026_000007,1099_nec,test,mild,recipient_city,text,PORT KAITLIN,PORT KAITLIN,PORT KAITLIN,PORT KAITLIN,True,100.0,95.5,success,
1099_nec_2026_000007_scan_mild_01,1099_nec_2026_000007,1099_nec,test,mild,recipient_state,state,WA,WA BR VF,WA,WABRVF,False,50.0,0.0,success,
1099_nec_2026_000007_scan_mild_01,1099_nec_2026_000007,1099_nec,test,mild,recipient_zip,text,85860,"85860 Mie ante, athe) iret asec ak Pa hs Chai roe",85860,85860 MIE ANTE ATHE IRET ASEC AK PA HS CHAI ROE,False,19.23,23.09,success,
1099_nec_2026_000007_scan_mild_01,1099_nec_2026_000007,1099_nec,test,mild,nonemployee_compensation,money,"110,473.96",", 0,473.96",110473.96,473.96,False,80.0,48.0,success,
1099_nec_2026_000007_scan_mild_01,1099_nec_2026_000007,1099_nec,test,mild,federal_income_tax_withheld,text,"4,588.29",": Cg 4,588.29",4 588 29,CG 4 588 29,False,84.21,39.33,success,
1099_nec_2026_000007_scan_mild_01,1099_nec_2026_000007,1099_nec,test,mild,account_number,identifier,NEC-2026-000007,NEC-2026-000007,NEC2026000007,NEC2026000007,True,100.0,2.0,success,
1099_nec_2026_000007_scan_mild_01,1099_nec_2026_000007,1099_nec,test,mild,state_tax_withheld,money,0.00,,0.00,,False,0.0,0.0,success,
1099_nec_2026_000007_scan_mild_01,1099_nec_2026_000007,1099_nec,test,mild,state_payer_number,identifier,WA-1952520,,WA1952520,,False,0.0,0.0,success,
1099_nec_2026_000007_scan_mild_01,1099_nec_2026_000007,1099_nec,test,mild,state_income,money,"110,473.96","$-110,473.96",110473.96,-110473.96,False,94.74,0.0,success,
1099_nec_2026_000007_scan_hard_02,1099_nec_2026_000007,1099_nec,test,hard,payer_name,text,JOYCE-HOPKINS,ee,JOYCE HOPKINS,EE,False,13.33,24.0,success,
1099_nec_2026_000007_scan_hard_02,1099_nec_2026_000007,1099_nec,test,hard,payer_street,text,86567 TODD LOCK,86567 TODD LOCK,86567 TODD LOCK,86567 TODD LOCK,True,100.0,94.0,success,
1099_nec_2026_000007_scan_hard_02,1099_nec_2026_000007,1099_nec,test,hard,payer_city,text,NEW JESSICAPORT,,NEW JESSICAPORT,,False,0.0,0.0,success,
1099_nec_2026_000007_scan_hard_02,1099_nec_2026_000007,1099_nec,test,hard,payer_state,state,UT,UT,UT,UT,True,100.0,63.0,success,
1099_nec_2026_000007_scan_hard_02,1099_nec_2026_000007,1099_nec,test,hard,payer_zip,text,26072,26072 ee ee,26072,26072 EE EE,False,62.5,33.67,success,
1099_nec_2026_000007_scan_hard_02,1099_nec_2026_000007,1099_nec,test,hard,payer_tin,identifier,00-6012883,00-6012883,006012883,006012883,True,100.0,92.0,success,
1099_nec_2026_000007_scan_hard_02,1099_nec_2026_000007,1099_nec,test,hard,recipient_tin,identifier,000-34-3456,000-34-3456,000343456,000343456,True,100.0,92.0,success,
1099_nec_2026_000007_scan_hard_02,1099_nec_2026_000007,1099_nec,test,hard,recipient_name,text,KIMBERLY DAVIS,ee rs,KIMBERLY DAVIS,EE RS,False,31.58,31.0,success,
1099_nec_2026_000007_scan_hard_02,1099_nec_2026_000007,1099_nec,test,hard,recipient_street,text,047 BARBARA MILLS SUITE 423,,047 BARBARA MILLS SUITE 423,,False,0.0,0.0,success,
1099_nec_2026_000007_scan_hard_02,1099_nec_2026_000007,1099_nec,test,hard,recipient_city,text,PORT KAITLIN,poke aailariye Gear On OU ers Oe .,PORT KAITLIN,POKE AAILARIYE GEAR ON OU ERS OE,False,36.36,15.75,success,
1099_nec_2026_000007_scan_hard_02,1099_nec_2026_000007,1099_nec,test,hard,recipient_state,state,WA,WA TP,WA,WATP,False,66.67,20.5,success,
1099_nec_2026_000007_scan_hard_02,1099_nec_2026_000007,1099_nec,test,hard,recipient_zip,text,85860,ES BONNE VIS,85860,ES BONNE VIS,False,0.0,33.67,success,
1099_nec_2026_000007_scan_hard_02,1099_nec_2026_000007,1099_nec,test,hard,nonemployee_compensation,money,"110,473.96","5 110,473.96",110473.96,5110473.96,False,94.74,48.0,success,
1099_nec_2026_000007_scan_hard_02,1099_nec_2026_000007,1099_nec,test,hard,federal_income_tax_withheld,text,"4,588.29",ee ee eh et ee TTT | enn ae Oy tere potas,4 588 29,EE EE EH ET EE TTT ENN AE OY TERE POTAS,False,8.51,21.5,success,
1099_nec_2026_000007_scan_hard_02,1099_nec_2026_000007,1099_nec,test,hard,account_number,identifier,NEC-2026-000007,S,NEC2026000007,S,False,0.0,0.0,success,
1099_nec_2026_000007_scan_hard_02,1099_nec_2026_000007,1099_nec,test,hard,state_tax_withheld,money,0.00,,0.00,,False,0.0,0.0,success,
1099_nec_2026_000007_scan_hard_02,1099_nec_2026_000007,1099_nec,test,hard,state_payer_number,identifier,WA-1952520,WA-195252000,WA1952520,WA195252000,False,90.0,2.0,success,
1099_nec_2026_000007_scan_hard_02,1099_nec_2026_000007,1099_nec,test,hard,state_income,money,"110,473.96","$-110,473.96",110473.96,-110473.96,False,94.74,0.0,success,
1099_nec_2026_000029_scan_mild_01,1099_nec_2026_000029,1099_nec,test,mild,payer_name,text,CARROLL-HUERTA,CARROLL-HUERTA SS,CARROLL HUERTA,CARROLL HUERTA SS,False,90.32,49.5,success,
1099_nec_2026_000029_scan_mild_01,1099_nec_2026_000029,1099_nec,test,mild,payer_street,text,56730 MIRANDA TRACE SUITE 442,56730 MIRANDA TRACE SUITE 442,56730 MIRANDA TRACE SUITE 442,56730 MIRANDA TRACE SUITE 442,True,100.0,93.6,success,
1099_nec_2026_000029_scan_mild_01,1099_nec_2026_000029,1099_nec,test,mild,payer_city,text,EAST CHADFURT,EAST CHADFU RT,EAST CHADFURT,EAST CHADFU RT,False,96.3,93.67,success,
1099_nec_2026_000029_scan_mild_01,1099_nec_2026_000029,1099_nec,test,mild,payer_state,state,CO,CO UVIVUVEIVY,CO,COUVIVUVEIVY,False,28.57,32.0,success,
1099_nec_2026_000029_scan_mild_01,1099_nec_2026_000029,1099_nec,test,mild,payer_zip,text,39604,39604 Cre wrasse aes,39604,39604 CRE WRASSE AES,False,40.0,30.75,success,
1099_nec_2026_000029_scan_mild_01,1099_nec_2026_000029,1099_nec,test,mild,payer_tin,identifier,00-4736395,00-4736395,004736395,004736395,True,100.0,76.0,success,
1099_nec_2026_000029_scan_mild_01,1099_nec_2026_000029,1099_nec,test,mild,recipient_tin,identifier,000-80-7203,00-80-7203,000807203,00807203,False,94.12,34.0,success,
1099_nec_2026_000029_scan_mild_01,1099_nec_2026_000029,1099_nec,test,mild,recipient_name,text,JOCELYN BARNES,JOCELYN BARNES.,JOCELYN BARNES,JOCELYN BARNES,True,100.0,68.0,success,
1099_nec_2026_000029_scan_mild_01,1099_nec_2026_000029,1099_nec,test,mild,recipient_street,text,420 PATTY MEADOW,M2PATIVMEADOW,420 PATTY MEADOW,M2PATIVMEADOW,False,68.97,7.0,success,
1099_nec_2026_000029_scan_mild_01,1099_nec_2026_000029,1099_nec,test,mild,recipient_city,text,TABITHAPORT,TARTHAPORT.,TABITHAPORT,TARTHAPORT,False,85.71,0.0,success,
1099_nec_2026_000029_scan_mild_01,1099_nec_2026_000029,1099_nec,test,mild,recipient_state,state,GA,SA VIVVVV,GA,SAVIVVVV,False,20.0,17.5,success,
1099_nec_2026_000029_scan_mild_01,1099_nec_2026_000029,1099_nec,test,mild,recipient_zip,text,26532,26532 owes ete oe,26532,26532 OWES ETE OE,False,45.45,38.75,success,
1099_nec_2026_000029_scan_mild_01,1099_nec_2026_000029,1099_nec,test,mild,nonemployee_compensation,money,"148,863.73",,148863.73,,False,0.0,0.0,success,
1099_nec_2026_000029_scan_mild_01,1099_nec_2026_000029,1099_nec,test,mild,federal_income_tax_withheld,text,"16,779.10",POUCA IVI Se eee ieee,16 779 10,POUCA IVI SE EEE IEEE,False,13.33,7.8,success,
1099_nec_2026_000029_scan_mild_01,1099_nec_2026_000029,1099_nec,test,mild,account_number,identifier,NEC-2026-000029,NEC-2026-000029S,NEC2026000029,NEC2026000029S,False,96.3,0.0,success,
1099_nec_2026_000029_scan_mild_01,1099_nec_2026_000029,1099_nec,test,mild,state_tax_withheld,money,"2,955.49",$88.48,2955.49,88.48,False,33.33,0.0,success,
1099_nec_2026_000029_scan_mild_01,1099_nec_2026_000029,1099_nec,test,mild,state_payer_number,identifier,GA-8702329,GA702329,GA8702329,GA702329,False,94.12,0.0,success,
1099_nec_2026_000029_scan_mild_01,1099_nec_2026_000029,1099_nec,test,mild,state_income,money,"148,863.73",$78,148863.73,78.00,False,28.57,0.0,success,
1099_nec_2026_000047_scan_mild_01,1099_nec_2026_000047,1099_nec,test,mild,payer_name,text,REYNOLDS LTD,,REYNOLDS LTD,,False,0.0,0.0,success,
1099_nec_2026_000047_scan_mild_01,1099_nec_2026_000047,1099_nec,test,mild,payer_street,text,23288 THOMAS HIGHWAY,23288 THOMAS HIGHWAY,23288 THOMAS HIGHWAY,23288 THOMAS HIGHWAY,True,100.0,95.67,success,
1099_nec_2026_000047_scan_mild_01,1099_nec_2026_000047,1099_nec,test,mild,payer_city,text,ELIZABETHSHIRE,ELIZABETHSHIRE,ELIZABETHSHIRE,ELIZABETHSHIRE,True,100.0,92.0,success,
1099_nec_2026_000047_scan_mild_01,1099_nec_2026_000047,1099_nec,test,mild,payer_state,state,NM,NM MEV,NM,NMMEV,False,57.14,38.5,success,
1099_nec_2026_000047_scan_mild_01,1099_nec_2026_000047,1099_nec,test,mild,payer_zip,text,48648,48648 ———S Eevee VUVUS,48648,48648 S EEVEE VUVUS,False,41.67,30.25,success,
1099_nec_2026_000047_scan_mild_01,1099_nec_2026_000047,1099_nec,test,mild,payer_tin,identifier,00-4579482,00-4579482,004579482,004579482,True,100.0,91.0,success,
1099_nec_2026_000047_scan_mild_01,1099_nec_2026_000047,1099_nec,test,mild,recipient_tin,identifier,000-94-6437,000-94-6437,000946437,000946437,True,100.0,92.0,success,
1099_nec_2026_000047_scan_mild_01,1099_nec_2026_000047,1099_nec,test,mild,recipient_name,text,JEANNE WOLFE,mae ae ale te,JEANNE WOLFE,MAE AE ALE TE,False,48.0,26.0,success,
1099_nec_2026_000047_scan_mild_01,1099_nec_2026_000047,1099_nec,test,mild,recipient_street,text,6620 BRYANT PORT,,6620 BRYANT PORT,,False,0.0,0.0,success,
1099_nec_2026_000047_scan_mild_01,1099_nec_2026_000047,1099_nec,test,mild,recipient_city,text,SMITHPORT,,SMITHPORT,,False,0.0,0.0,success,
1099_nec_2026_000047_scan_mild_01,1099_nec_2026_000047,1099_nec,test,mild,recipient_state,state,AZ,PEE,AZ,PEE,False,0.0,23.0,success,
1099_nec_2026_000047_scan_mild_01,1099_nec_2026_000047,1099_nec,test,mild,recipient_zip,text,85056,85056 SF evveie VVUS,85056,85056 SF EVVEIE VVUS,False,40.0,25.25,success,
1099_nec_2026_000047_scan_mild_01,1099_nec_2026_000047,1099_nec,test,mild,nonemployee_compensation,money,"90,343.24","90,343.24",90343.24,90343.24,True,100.0,96.0,success,
1099_nec_2026_000047_scan_mild_01,1099_nec_2026_000047,1099_nec,test,mild,federal_income_tax_withheld,text,"6,845.40",", ag tS alae po era Seen te See ee rer",6 845 40,AG TS ALAE PO ERA SEEN TE SEE EE RER,False,9.09,13.91,success,
1099_nec_2026_000047_scan_mild_01,1099_nec_2026_000047,1099_nec,test,mild,account_number,identifier,NEC-2026-000047,,NEC2026000047,,False,0.0,0.0,success,
1099_nec_2026_000047_scan_mild_01,1099_nec_2026_000047,1099_nec,test,mild,state_tax_withheld,money,"2,911.05",911.05,2911.05,911.05,False,92.31,0.0,success,
1099_nec_2026_000047_scan_mild_01,1099_nec_2026_000047,1099_nec,test,mild,state_payer_number,identifier,AZ-9900294,AZ-0284,AZ9900294,AZ0284,False,66.67,0.0,success,
1099_nec_2026_000047_scan_mild_01,1099_nec_2026_000047,1099_nec,test,mild,state_income,money,"90,343.24","$-90,343.24",90343.24,-90343.24,False,94.12,0.0,success,
1099_nec_2026_000029_scan_hard_02,1099_nec_2026_000029,1099_nec,test,hard,payer_name,text,CARROLL-HUERTA,ee,CARROLL HUERTA,EE,False,12.5,37.0,success,
1099_nec_2026_000029_scan_hard_02,1099_nec_2026_000029,1099_nec,test,hard,payer_street,text,56730 MIRANDA TRACE SUITE 442,‘56730 MIRANDA TRACE SUITE 442,56730 MIRANDA TRACE SUITE 442,56730 MIRANDA TRACE SUITE 442,True,100.0,81.4,success,
1099_nec_2026_000029_scan_hard_02,1099_nec_2026_000029,1099_nec,test,hard,payer_city,text,EAST CHADFURT,EAST CHADFURT,EAST CHADFURT,EAST CHADFURT,True,100.0,92.5,success,
1099_nec_2026_000029_scan_hard_02,1099_nec_2026_000029,1099_nec,test,hard,payer_state,state,CO,CO,CO,CO,True,100.0,0.0,success,
1099_nec_2026_000029_scan_hard_02,1099_nec_2026_000029,1099_nec,test,hard,payer_zip,text,39604,39 — ern”. le ee ewww,39604,39 ERN LE EE EWWW,False,18.18,39.33,success,
1099_nec_2026_000029_scan_hard_02,1099_nec_2026_000029,1099_nec,test,hard,payer_tin,identifier,00-4736395,00-4736395,004736395,004736395,True,100.0,91.0,success,
1099_nec_2026_000029_scan_hard_02,1099_nec_2026_000029,1099_nec,test,hard,recipient_tin,identifier,000-80-7203,000-80-7203,000807203,000807203,True,100.0,91.0,success,
1099_nec_2026_000029_scan_hard_02,1099_nec_2026_000029,1099_nec,test,hard,recipient_name,text,JOCELYN BARNES,ee =,JOCELYN BARNES,EE,False,25.0,34.0,success,
1099_nec_2026_000029_scan_hard_02,1099_nec_2026_000029,1099_nec,test,hard,recipient_street,text,420 PATTY MEADOW,420 PATTY MEADOW :,420 PATTY MEADOW,420 PATTY MEADOW,True,100.0,81.5,success,
1099_nec_2026_000029_scan_hard_02,1099_nec_2026_000029,1099_nec,test,hard,recipient_city,text,TABITHAPORT,,TABITHAPORT,,False,0.0,0.0,success,
1099_nec_2026_000029_scan_hard_02,1099_nec_2026_000029,1099_nec,test,hard,recipient_state,state,GA,A,GA,A,False,66.67,24.0,success,
1099_nec_2026_000029_scan_hard_02,1099_nec_2026_000029,1099_nec,test,hard,recipient_zip,text,26532,288 Se ee ee ee,26532,288 SE EE EE EE,False,10.0,43.2,success,
1099_nec_2026_000029_scan_hard_02,1099_nec_2026_000029,1099_nec,test,hard,nonemployee_compensation,money,"148,863.73","$ 148,863.73",148863.73,148863.73,True,100.0,48.0,success,
1099_nec_2026_000029_scan_hard_02,1099_nec_2026_000029,1099_nec,test,hard,federal_income_tax_withheld,text,"16,779.10","< See er oe Ui y= 16,779.10",16 779 10,SEE ER OE UI Y 16 779 10,False,54.55,21.43,success,
1099_nec_2026_000029_scan_hard_02,1099_nec_2026_000029,1099_nec,test,hard,account_number,identifier,NEC-2026-000029,,NEC2026000029,,False,0.0,0.0,success,
1099_nec_2026_000029_scan_hard_02,1099_nec_2026_000029,1099_nec,test,hard,state_tax_withheld,money,"2,955.49",$2855.49,2955.49,2855.49,False,85.71,0.0,success,
1099_nec_2026_000029_scan_hard_02,1099_nec_2026_000029,1099_nec,test,hard,state_payer_number,identifier,GA-8702329,,GA8702329,,False,0.0,0.0,success,
1099_nec_2026_000029_scan_hard_02,1099_nec_2026_000029,1099_nec,test,hard,state_income,money,"148,863.73","$148,863.73",148863.73,148863.73,True,100.0,0.0,success,
1099_nec_2026_000047_scan_hard_02,1099_nec_2026_000047,1099_nec,test,hard,payer_name,text,REYNOLDS LTD,So,REYNOLDS LTD,SO,False,14.29,7.0,success,
1099_nec_2026_000047_scan_hard_02,1099_nec_2026_000047,1099_nec,test,hard,payer_street,text,23288 THOMAS HIGHWAY,23288 THOMAS HIGHWAY :,23288 THOMAS HIGHWAY,23288 THOMAS HIGHWAY,True,100.0,81.25,success,
1099_nec_2026_000047_scan_hard_02,1099_nec_2026_000047,1099_nec,test,hard,payer_city,text,ELIZABETHSHIRE,,ELIZABETHSHIRE,,False,0.0,0.0,success,
1099_nec_2026_000047_scan_hard_02,1099_nec_2026_000047,1099_nec,test,hard,payer_state,state,NM,NM PWT,NM,NMPWT,False,57.14,21.5,success,
1099_nec_2026_000047_scan_hard_02,1099_nec_2026_000047,1099_nec,test,hard,payer_zip,text,48648,bia Joes,48648,BIA JOES,False,0.0,46.5,success,
1099_nec_2026_000047_scan_hard_02,1099_nec_2026_000047,1099_nec,test,hard,payer_tin,identifier,00-4579482,C,004579482,C,False,0.0,0.0,success,
1099_nec_2026_000047_scan_hard_02,1099_nec_2026_000047,1099_nec,test,hard,recipient_tin,identifier,000-94-6437,000-94-6437,000946437,000946437,True,100.0,90.0,success,
1099_nec_2026_000047_scan_hard_02,1099_nec_2026_000047,1099_nec,test,hard,recipient_name,text,JEANNE WOLFE,ere,JEANNE WOLFE,ERE,False,26.67,37.0,success,
1099_nec_2026_000047_scan_hard_02,1099_nec_2026_000047,1099_nec,test,hard,recipient_street,text,6620 BRYANT PORT,,6620 BRYANT PORT,,False,0.0,0.0,success,
1099_nec_2026_000047_scan_hard_02,1099_nec_2026_000047,1099_nec,test,hard,recipient_city,text,SMITHPORT,a,SMITHPORT,A,False,0.0,16.0,success,
1099_nec_2026_000047_scan_hard_02,1099_nec_2026_000047,1099_nec,test,hard,recipient_state,state,AZ,SW,AZ,SW,False,0.0,0.0,success,
1099_nec_2026_000047_scan_hard_02,1099_nec_2026_000047,1099_nec,test,hard,recipient_zip,text,85056,eS wee Vo,85056,ES WEE VO,False,0.0,34.33,success,
1099_nec_2026_000047_scan_hard_02,1099_nec_2026_000047,1099_nec,test,hard,nonemployee_compensation,money,"90,343.24","90,343.24",90343.24,90343.24,True,100.0,94.0,success,
1099_nec_2026_000047_scan_hard_02,1099_nec_2026_000047,1099_nec,test,hard,federal_income_tax_withheld,text,"6,845.40",Site ee an hs Le gt eet Oe ee a ee beik ac,6 845 40,SITE EE AN HS LE GT EET OE EE A EE BEIK AC,False,8.0,22.46,success,
1099_nec_2026_000047_scan_hard_02,1099_nec_2026_000047,1099_nec,test,hard,account_number,identifier,NEC-2026-000047,,NEC2026000047,,False,0.0,0.0,success,
1099_nec_2026_000047_scan_hard_02,1099_nec_2026_000047,1099_nec,test,hard,state_tax_withheld,money,"2,911.05",$2811.05,2911.05,2811.05,False,85.71,51.0,success,
1099_nec_2026_000047_scan_hard_02,1099_nec_2026_000047,1099_nec,test,hard,state_payer_number,identifier,AZ-9900294,AZ2,AZ9900294,AZ2,False,50.0,0.0,success,
1099_nec_2026_000047_scan_hard_02,1099_nec_2026_000047,1099_nec,test,hard,state_income,money,"90,343.24","$90,343.24",90343.24,90343.24,True,100.0,0.0,success,
1099_nec_2026_000049_scan_mild_01,1099_nec_2026_000049,1099_nec,test,mild,payer_name,text,BROWN LLC,BROWN LLC,BROWN LLC,BROWN LLC,True,100.0,3.0,success,
1099_nec_2026_000049_scan_mild_01,1099_nec_2026_000049,1099_nec,test,mild,payer_street,text,17590 MANUEL SQUARE,17590 MANUEL SQUARE,17590 MANUEL SQUARE,17590 MANUEL SQUARE,True,100.0,96.0,success,
1099_nec_2026_000049_scan_mild_01,1099_nec_2026_000049,1099_nec,test,mild,payer_city,text,GRAYSHIRE,GRAYSHIRE,GRAYSHIRE,GRAYSHIRE,True,100.0,91.0,success,
1099_nec_2026_000049_scan_mild_01,1099_nec_2026_000049,1099_nec,test,mild,payer_state,state,OH,OH VVV,OH,OHVVV,False,57.14,10.5,success,
1099_nec_2026_000049_scan_mild_01,1099_nec_2026_000049,1099_nec,test,mild,payer_zip,text,26680,26680 CES ee ae,26680,26680 CES EE AE,False,50.0,37.5,success,
1099_nec_2026_000049_scan_mild_01,1099_nec_2026_000049,1099_nec,test,mild,payer_tin,identifier,00-5745083,00-5745083,005745083,005745083,True,100.0,92.0,success,
1099_nec_2026_000049_scan_mild_01,1099_nec_2026_000049,1099_nec,test,mild,recipient_tin,identifier,000-13-9468,000-13-9468,000139468,000139468,True,100.0,92.0,success,
1099_nec_2026_000049_scan_mild_01,1099_nec_2026_000049,1099_nec,test,mild,recipient_name,text,JOHN SHELTON,JOHN SHELTON,JOHN SHELTON,JOHN SHELTON,True,100.0,72.5,success,
1099_nec_2026_000049_scan_mild_01,1099_nec_2026_000049,1099_nec,test,mild,recipient_street,text,26831 CRYSTAL SKYWAY,26831 CRYSTAL SKYWAY,26831 CRYSTAL SKYWAY,26831 CRYSTAL SKYWAY,True,100.0,94.33,success,
1099_nec_2026_000049_scan_mild_01,1099_nec_2026_000049,1099_nec,test,mild,recipient_city,text,EAST ARTHURBERG,EAST ARTHU BEEN MS ba ae ee ete cee A,EAST ARTHURBERG,EAST ARTHU BEEN MS BA AE EE ETE CEE A,False,46.15,35.4,success,
1099_nec_2026_000049_scan_mild_01,1099_nec_2026_000049,1099_nec,test,mild,recipient_state,state,MH,MH WER,MH,MHWER,False,57.14,41.0,success,
1099_nec_2026_000049_scan_mild_01,1099_nec_2026_000049,1099_nec,test,mild,recipient_zip,text,01187,onte7 ow beet lind Be a aa ene ae are,01187,ONTE7 OW BEET LIND BE A AA ENE AE ARE,False,4.76,24.5,success,
1099_nec_2026_000049_scan_mild_01,1099_nec_2026_000049,1099_nec,test,mild,nonemployee_compensation,money,"117,513.11","117,513.11",117513.11,117513.11,True,100.0,96.0,success,
1099_nec_2026_000049_scan_mild_01,1099_nec_2026_000049,1099_nec,test,mild,federal_income_tax_withheld,text,0.00,(ia). 8 ie A AB Se Dee eee 0.00,0 00,IA 8 IE A AB SE DEE EEE 0 00,False,25.0,30.78,success,
1099_nec_2026_000049_scan_mild_01,1099_nec_2026_000049,1099_nec,test,mild,account_number,identifier,NEC-2026-000049,NEC-2026-000089,NEC2026000049,NEC2026000089,False,92.31,12.0,success,
1099_nec_2026_000049_scan_mild_01,1099_nec_2026_000049,1099_nec,test,mild,state_tax_withheld,money,"5,613.88",,5613.88,,False,0.0,0.0,success,
1099_nec_2026_000049_scan_mild_01,1099_nec_2026_000049,1099_nec,test,mild,state_payer_number,identifier,MH-9535166,MH9595166,MH9535166,MH9595166,False,88.89,0.0,success,
1099_nec_2026_000049_scan_mild_01,1099_nec_2026_000049,1099_nec,test,mild,state_income,money,"117,513.11",0),117513.11,0.00,False,15.38,0.0,success,
1099_nec_2026_000049_scan_hard_02,1099_nec_2026_000049,1099_nec,test,hard,payer_name,text,BROWN LLC,ee,BROWN LLC,EE,False,0.0,1.0,success,
1099_nec_2026_000049_scan_hard_02,1099_nec_2026_000049,1099_nec,test,hard,payer_street,text,17590 MANUEL SQUARE,17590 MANUEL SQUARE,17590 MANUEL SQUARE,17590 MANUEL SQUARE,True,100.0,96.0,success,
1099_nec_2026_000049_scan_hard_02,1099_nec_2026_000049,1099_nec,test,hard,payer_city,text,GRAYSHIRE,GRAYSHIRE 3,GRAYSHIRE,GRAYSHIRE 3,False,90.0,54.5,success,
1099_nec_2026_000049_scan_hard_02,1099_nec_2026_000049,1099_nec,test,hard,payer_state,state,OH,,OH,,False,0.0,0.0,success,
1099_nec_2026_000049_scan_hard_02,1099_nec_2026_000049,1099_nec,test,hard,payer_zip,text,26680,266 — eee ewe www,26680,266 EEE EWE WWW,False,30.0,32.0,success,
1099_nec_2026_000049_scan_hard_02,1099_nec_2026_000049,1099_nec,test,hard,payer_tin,identifier,00-5745083,00-5745083,005745083,005745083,True,100.0,90.0,success,
1099_nec_2026_000049_scan_hard_02,1099_nec_2026_000049,1099_nec,test,hard,recipient_tin,identifier,000-13-9468,000-13-9468,000139468,000139468,True,100.0,92.0,success,
1099_nec_2026_000049_scan_hard_02,1099_nec_2026_000049,1099_nec,test,hard,recipient_name,text,JOHN SHELTON,JOHN SHELTON,JOHN SHELTON,JOHN SHELTON,True,100.0,95.5,success,
1099_nec_2026_000049_scan_hard_02,1099_nec_2026_000049,1099_nec,test,hard,recipient_street,text,26831 CRYSTAL SKYWAY,26831 CRYSTAL SKYWAY,26831 CRYSTAL SKYWAY,26831 CRYSTAL SKYWAY,True,100.0,96.0,success,
1099_nec_2026_000049_scan_hard_02,1099_nec_2026_000049,1099_nec,test,hard,recipient_city,text,EAST ARTHURBERG,EAST ARTHURBERG,EAST ARTHURBERG,EAST ARTHURBERG,True,100.0,92.5,success,
1099_nec_2026_000049_scan_hard_02,1099_nec_2026_000049,1099_nec,test,hard,recipient_state,state,MH,ME,MH,ME,False,50.0,33.0,success,
1099_nec_2026_000049_scan_hard_02,1099_nec_2026_000049,1099_nec,test,hard,recipient_zip,text,01187,o1187 7 ae UT ee ewww,01187,O1187 7 AE UT EE EWWW,False,30.77,18.67,success,
1099_nec_2026_000049_scan_hard_02,1099_nec_2026_000049,1099_nec,test,hard,nonemployee_compensation,money,"117,513.11","$ 117,513.11",117513.11,117513.11,True,100.0,47.5,success,
1099_nec_2026_000049_scan_hard_02,1099_nec_2026_000049,1099_nec,test,hard,federal_income_tax_withheld,text,0.00,Shere Poy net 0.00,0 00,SHERE POY NET 0 00,False,36.36,35.25,success,
1099_nec_2026_000049_scan_hard_02,1099_nec_2026_000049,1099_nec,test,hard,account_number,identifier,NEC-2026-000049,NEC-2026-000049 S,NEC2026000049,NEC2026000049S,False,96.3,12.5,success,
1099_nec_2026_000049_scan_hard_02,1099_nec_2026_000049,1099_nec,test,hard,state_tax_withheld,money,"5,613.88",$613.88,5613.88,613.88,False,92.31,0.0,success,
1099_nec_2026_000049_scan_hard_02,1099_nec_2026_000049,1099_nec,test,hard,state_payer_number,identifier,MH-9535166,,MH9535166,,False,0.0,0.0,success,
1099_nec_2026_000049_scan_hard_02,1099_nec_2026_000049,1099_nec,test,hard,state_income,money,"117,513.11","$117,513.11",117513.11,117513.11,True,100.0,22.0,success,
1099_nec_2026_000075_scan_mild_01,1099_nec_2026_000075,1099_nec,test,mild,payer_name,text,ELLIS-MARTIN,ELLIS-MARTIN,ELLIS MARTIN,ELLIS MARTIN,True,100.0,90.0,success,
1099_nec_2026_000075_scan_mild_01,1099_nec_2026_000075,1099_nec,test,mild,payer_street,text,232 PARKER FERRY,292 PARKER FERRY,232 PARKER FERRY,292 PARKER FERRY,False,93.75,88.67,success,
1099_nec_2026_000075_scan_mild_01,1099_nec_2026_000075,1099_nec,test,mild,payer_city,text,PORT JAMES,PORT JAMES,PORT JAMES,PORT JAMES,True,100.0,96.0,success,
1099_nec_2026_000075_scan_mild_01,1099_nec_2026_000075,1099_nec,test,mild,payer_state,state,CO,CO,CO,CO,True,100.0,75.0,success,
1099_nec_2026_000075_scan_mild_01,1099_nec_2026_000075,1099_nec,test,mild,payer_zip,text,95414,95414 eae ane,95414,95414 EAE ANE,False,55.56,28.67,success,
1099_nec_2026_000075_scan_mild_01,1099_nec_2026_000075,1099_nec,test,mild,payer_tin,identifier,00-9888846,00-9888846,009888846,009888846,True,100.0,91.0,success,
1099_nec_2026_000075_scan_mild_01,1099_nec_2026_000075,1099_nec,test,mild,recipient_tin,identifier,000-64-4759,000-64-4759,000644759,000644759,True,100.0,92.0,success,
1099_nec_2026_000075_scan_mild_01,1099_nec_2026_000075,1099_nec,test,mild,recipient_name,text,MICHAEL SINGLETON,MICHAEL SINGLETON,MICHAEL SINGLETON,MICHAEL SINGLETON,True,100.0,96.0,success,
1099_nec_2026_000075_scan_mild_01,1099_nec_2026_000075,1099_nec,test,mild,recipient_street,text,72517 HALE MOUNTAINS SUITE 731,72517 HALE MOUNTAINS SUITE 731,72517 HALE MOUNTAINS SUITE 731,72517 HALE MOUNTAINS SUITE 731,True,100.0,96.2,success,
1099_nec_2026_000075_scan_mild_01,1099_nec_2026_000075,1099_nec,test,mild,recipient_city,text,ANDERSONBERG,ANDERSONBERG,ANDERSONBERG,ANDERSONBERG,True,100.0,92.0,success,
1099_nec_2026_000075_scan_mild_01,1099_nec_2026_000075,1099_nec,test,mild,recipient_state,state,MO,MO R,MO,MOR,False,80.0,2.0,success,
1099_nec_2026_000075_scan_mild_01,1099_nec_2026_000075,1099_nec,test,mild,recipient_zip,text,43376,ASSPE sy et,43376,ASSPE SY ET,False,0.0,14.33,success,
1099_nec_2026_000075_scan_mild_01,1099_nec_2026_000075,1099_nec,test,mild,nonemployee_compensation,money,"133,001.68","$ 133,001.68",133001.68,133001.68,True,100.0,79.5,success,
1099_nec_2026_000075_scan_mild_01,1099_nec_2026_000075,1099_nec,test,mild,federal_income_tax_withheld,text,0.00,. eee 0.00,0 00,EEE 0 00,False,66.67,40.33,success,
1099_nec_2026_000075_scan_mild_01,1099_nec_2026_000075,1099_nec,test,mild,account_number,identifier,NEC-2026-000075,NEC-2026-000075,NEC2026000075,NEC2026000075,True,100.0,91.0,success,
1099_nec_2026_000075_scan_mild_01,1099_nec_2026_000075,1099_nec,test,mild,state_tax_withheld,money,"3,357.10","$8,857.10",3357.10,8857.10,False,71.43,0.0,success,
1099_nec_2026_000075_scan_mild_01,1099_nec_2026_000075,1099_nec,test,mild,state_payer_number,identifier,MO-7396087,M0-7396087,MO7396087,M07396087,False,88.89,0.0,success,
1099_nec_2026_000075_scan_mild_01,1099_nec_2026_000075,1099_nec,test,mild,state_income,money,"133,001.68","$-133,001.68",133001.68,-133001.68,False,94.74,0.0,success,
1099_nec_2026_000082_scan_mild_01,1099_nec_2026_000082,1099_nec,test,mild,payer_name,text,"ORTIZ, JOHNSON AND BISHOP","ORTIZ, JOHNSON AND BISHOP",ORTIZ JOHNSON AND BISHOP,ORTIZ JOHNSON AND BISHOP,True,100.0,96.0,success,
1099_nec_2026_000082_scan_mild_01,1099_nec_2026_000082,1099_nec,test,mild,payer_street,text,715 JULIA TURNPIKE,715 JULIA TURNPIKE,715 JULIA TURNPIKE,715 JULIA TURNPIKE,True,100.0,96.0,success,
1099_nec_2026_000082_scan_mild_01,1099_nec_2026_000082,1099_nec,test,mild,payer_city,text,ARNOLDBOROUGH,ARNOLDBOROUGH,ARNOLDBOROUGH,ARNOLDBOROUGH,True,100.0,40.0,success,
1099_nec_2026_000082_scan_mild_01,1099_nec_2026_000082,1099_nec,test,mild,payer_state,state,PR,PR SS,PR,PRSS,False,66.67,29.5,success,
1099_nec_2026_000082_scan_mild_01,1099_nec_2026_000082,1099_nec,test,mild,payer_zip,text,21653,21653 ee SN OU,21653,21653 EE SN OU,False,52.63,40.5,success,
1099_nec_2026_000082_scan_mild_01,1099_nec_2026_000082,1099_nec,test,mild,payer_tin,identifier,00-1964069,00-1964069,001964069,001964069,True,100.0,91.0,success,
1099_nec_2026_000082_scan_mild_01,1099_nec_2026_000082,1099_nec,test,mild,recipient_tin,identifier,000-32-9099,000-32-9099,000329099,000329099,True,100.0,92.0,success,
1099_nec_2026_000082_scan_mild_01,1099_nec_2026_000082,1099_nec,test,mild,recipient_name,text,NATHAN ALLEN,NATHAN ALLEN,NATHAN ALLEN,NATHAN ALLEN,True,100.0,96.0,success,
1099_nec_2026_000082_scan_mild_01,1099_nec_2026_000082,1099_nec,test,mild,recipient_street,text,352 BROWN BURGS APT. 977,352 BROWN BURGS APT. 977,352 BROWN BURGS APT 977,352 BROWN BURGS APT 977,True,100.0,94.4,success,
1099_nec_2026_000082_scan_mild_01,1099_nec_2026_000082,1099_nec,test,mild,recipient_city,text,LAKE CARRIE,LAKE CARRIE,LAKE CARRIE,LAKE CARRIE,True,100.0,96.0,success,
1099_nec_2026_000082_scan_mild_01,1099_nec_2026_000082,1099_nec,test,mild,recipient_state,state,IA,A TP,IA,ATP,False,40.0,0.0,success,
1099_nec_2026_000082_scan_mild_01,1099_nec_2026_000082,1099_nec,test,mild,recipient_zip,text,23684,23684 Te MO Tee Oe | ne ae,23684,23684 TE MO TEE OE NE AE,False,34.48,30.12,success,
1099_nec_2026_000082_scan_mild_01,1099_nec_2026_000082,1099_nec,test,mild,nonemployee_compensation,money,"70,217.05","$ 70,217.05",70217.05,70217.05,True,100.0,86.0,success,
1099_nec_2026_000082_scan_mild_01,1099_nec_2026_000082,1099_nec,test,mild,federal_income_tax_withheld,text,0.00,: Tai oe 0.00,0 00,TAI OE 0 00,False,53.33,44.25,success,
1099_nec_2026_000082_scan_mild_01,1099_nec_2026_000082,1099_nec,test,mild,account_number,identifier,NEC-2026-000082,NEC-2026-000082,NEC2026000082,NEC2026000082,True,100.0,15.0,success,
1099_nec_2026_000082_scan_mild_01,1099_nec_2026_000082,1099_nec,test,mild,state_tax_withheld,money,0.00,,0.00,,False,0.0,0.0,success,
1099_nec_2026_000082_scan_mild_01,1099_nec_2026_000082,1099_nec,test,mild,state_payer_number,identifier,IA-9693169,1496931690,IA9693169,1496931690,False,73.68,40.0,success,
1099_nec_2026_000082_scan_mild_01,1099_nec_2026_000082,1099_nec,test,mild,state_income,money,"70,217.05","$70,217.05",70217.05,70217.05,True,100.0,5.0,success,
1099_nec_2026_000075_scan_hard_02,1099_nec_2026_000075,1099_nec,test,hard,payer_name,text,ELLIS-MARTIN,,ELLIS MARTIN,,False,0.0,0.0,success,
1099_nec_2026_000075_scan_hard_02,1099_nec_2026_000075,1099_nec,test,hard,payer_street,text,232 PARKER FERRY,I2PARKER FERRY,232 PARKER FERRY,I2PARKER FERRY,False,86.67,0.5,success,
1099_nec_2026_000075_scan_hard_02,1099_nec_2026_000075,1099_nec,test,hard,payer_city,text,PORT JAMES,mae,PORT JAMES,MAE,False,30.77,46.0,success,
1099_nec_2026_000075_scan_hard_02,1099_nec_2026_000075,1099_nec,test,hard,payer_state,state,CO,CO OS,CO,COOS,False,66.67,30.0,success,
1099_nec_2026_000075_scan_hard_02,1099_nec_2026_000075,1099_nec,test,hard,payer_zip,text,95414,ee,95414,EE,False,0.0,44.0,success,
1099_nec_2026_000075_scan_hard_02,1099_nec_2026_000075,1099_nec,test,hard,payer_tin,identifier,00-9888846,VY,009888846,VY,False,0.0,0.0,success,
1099_nec_2026_000075_scan_hard_02,1099_nec_2026_000075,1099_nec,test,hard,recipient_tin,identifier,000-64-4759,00-64-4759,000644759,00644759,False,94.12,46.0,success,
1099_nec_2026_000075_scan_hard_02,1099_nec_2026_000075,1099_nec,test,hard,recipient_name,text,MICHAEL SINGLETON,SS ria,MICHAEL SINGLETON,SS RIA,False,17.39,36.5,success,
1099_nec_2026_000075_scan_hard_02,1099_nec_2026_000075,1099_nec,test,hard,recipient_street,text,72517 HALE MOUNTAINS SUITE 731,TASNTMALEMOUNTANS SUTE 731,72517 HALE MOUNTAINS SUITE 731,TASNTMALEMOUNTANS SUTE 731,False,71.43,0.0,success,
1099_nec_2026_000075_scan_hard_02,1099_nec_2026_000075,1099_nec,test,hard,recipient_city,text,ANDERSONBERG,,ANDERSONBERG,,False,0.0,0.0,success,
1099_nec_2026_000075_scan_hard_02,1099_nec_2026_000075,1099_nec,test,hard,recipient_state,state,MO,S,MO,S,False,0.0,0.0,success,
1099_nec_2026_000075_scan_hard_02,1099_nec_2026_000075,1099_nec,test,hard,recipient_zip,text,43376,ee,43376,EE,False,0.0,8.0,success,
1099_nec_2026_000075_scan_hard_02,1099_nec_2026_000075,1099_nec,test,hard,nonemployee_compensation,money,"133,001.68",,133001.68,,False,0.0,0.0,success,
1099_nec_2026_000075_scan_hard_02,1099_nec_2026_000075,1099_nec,test,hard,federal_income_tax_withheld,text,0.00,Federal income tar withttom 9.00,0 00,FEDERAL INCOME TAR WITHTTOM 9 00,False,16.67,71.6,success,
1099_nec_2026_000075_scan_hard_02,1099_nec_2026_000075,1099_nec,test,hard,account_number,identifier,NEC-2026-000075,,NEC2026000075,,False,0.0,0.0,success,
1099_nec_2026_000075_scan_hard_02,1099_nec_2026_000075,1099_nec,test,hard,state_tax_withheld,money,"3,357.10",$8887.10,3357.10,8887.10,False,57.14,30.0,success,
1099_nec_2026_000075_scan_hard_02,1099_nec_2026_000075,1099_nec,test,hard,state_payer_number,identifier,MO-7396087,M-7996087,MO7396087,M7996087,False,82.35,0.0,success,
1099_nec_2026_000075_scan_hard_02,1099_nec_2026_000075,1099_nec,test,hard,state_income,money,"133,001.68","$133,001.68",133001.68,133001.68,True,100.0,0.0,success,
1099_nec_2026_000095_scan_mild_01,1099_nec_2026_000095,1099_nec,test,mild,payer_name,text,"FERNANDEZ, KRUEGER AND BARNETT","FERNANDEZ, KRUEGER AND BARNETT",FERNANDEZ KRUEGER AND BARNETT,FERNANDEZ KRUEGER AND BARNETT,True,100.0,96.0,success,
1099_nec_2026_000095_scan_mild_01,1099_nec_2026_000095,1099_nec,test,mild,payer_street,text,7932 ZACHARY VALLEY,7932 ZACHARY VALLEY,7932 ZACHARY VALLEY,7932 ZACHARY VALLEY,True,100.0,95.33,success,
1099_nec_2026_000095_scan_mild_01,1099_nec_2026_000095,1099_nec,test,mild,payer_city,text,EAST DONNA,EAST DONNA,EAST DONNA,EAST DONNA,True,100.0,93.5,success,
1099_nec_2026_000095_scan_mild_01,1099_nec_2026_000095,1099_nec,test,mild,payer_state,state,WA,WA G,WA,WAG,False,80.0,1.5,success,
1099_nec_2026_000095_scan_mild_01,1099_nec_2026_000095,1099_nec,test,mild,payer_zip,text,12925,"12925 — ww"" | tet ret henh and ww We",12925,12925 WW TET RET HENH AND WW WE,False,27.78,30.0,success,
1099_nec_2026_000095_scan_mild_01,1099_nec_2026_000095,1099_nec,test,mild,payer_tin,identifier,00-4834713,00-4834713,004834713,004834713,True,100.0,91.0,success,
1099_nec_2026_000095_scan_mild_01,1099_nec_2026_000095,1099_nec,test,mild,recipient_tin,identifier,000-22-5422,000-22-5422,000225422,000225422,True,100.0,92.0,success,
1099_nec_2026_000095_scan_mild_01,1099_nec_2026_000095,1099_nec,test,mild,recipient_name,text,DIANE GILBERT,DIANE GILBERT 3,DIANE GILBERT,DIANE GILBERT 3,False,92.86,78.67,success,
1099_nec_2026_000095_scan_mild_01,1099_nec_2026_000095,1099_nec,test,mild,recipient_street,text,42457 WOLF CURVE,42457 WOLF CURVE,42457 WOLF CURVE,42457 WOLF CURVE,True,100.0,96.0,success,
1099_nec_2026_000095_scan_mild_01,1099_nec_2026_000095,1099_nec,test,mild,recipient_city,text,ROBERTBERG,ROBERTBERG,ROBERTBERG,ROBERTBERG,True,100.0,92.0,success,
1099_nec_2026_000095_scan_mild_01,1099_nec_2026_000095,1099_nec,test,mild,recipient_state,state,OR,OR CB,OR,ORCB,False,66.67,14.5,success,
1099_nec_2026_000095_scan_mild_01,1099_nec_2026_000095,1099_nec,test,mild,recipient_zip,text,97023,97023 Mahl tet. - LANE et eh cel iat ali ee,97023,97023 MAHL TET LANE ET EH CEL IAT ALI EE,False,22.22,30.45,success,
1099_nec_2026_000095_scan_mild_01,1099_nec_2026_000095,1099_nec,test,mild,nonemployee_compensation,money,"49,914.05","$ 49,914.05",49914.05,49914.05,True,100.0,48.0,success,
1099_nec_2026_000095_scan_mild_01,1099_nec_2026_000095,1099_nec,test,mild,federal_income_tax_withheld,text,0.00,RS a a 0.00,0 00,RS A A 0 00,False,53.33,41.0,success,
1099_nec_2026_000095_scan_mild_01,1099_nec_2026_000095,1099_nec,test,mild,account_number,identifier,NEC-2026-000095,NEC-2026-000095,NEC2026000095,NEC2026000095,True,100.0,91.0,success,
1099_nec_2026_000095_scan_mild_01,1099_nec_2026_000095,1099_nec,test,mild,state_tax_withheld,money,0.00,,0.00,,False,0.0,0.0,success,
1099_nec_2026_000095_scan_mild_01,1099_nec_2026_000095,1099_nec,test,mild,state_payer_number,identifier,OR-7390162,OR-73901620,OR7390162,OR73901620,False,94.74,0.0,success,
1099_nec_2026_000095_scan_mild_01,1099_nec_2026_000095,1099_nec,test,mild,state_income,money,"49,914.05","$49,914.05",49914.05,49914.05,True,100.0,0.0,success,
1099_nec_2026_000082_scan_hard_02,1099_nec_2026_000082,1099_nec,test,hard,payer_name,text,"ORTIZ, JOHNSON AND BISHOP","ORTIZ, JOHNSON AND BISHOP",ORTIZ JOHNSON AND BISHOP,ORTIZ JOHNSON AND BISHOP,True,100.0,89.25,success,
1099_nec_2026_000082_scan_hard_02,1099_nec_2026_000082,1099_nec,test,hard,payer_street,text,715 JULIA TURNPIKE,715 JULIA TURNPIKE,715 JULIA TURNPIKE,715 JULIA TURNPIKE,True,100.0,91.33,success,
1099_nec_2026_000082_scan_hard_02,1099_nec_2026_000082,1099_nec,test,hard,payer_city,text,ARNOLDBOROUGH,P=,ARNOLDBOROUGH,P,False,0.0,42.0,success,
1099_nec_2026_000082_scan_hard_02,1099_nec_2026_000082,1099_nec,test,hard,payer_state,state,PR,RR,PR,RR,False,50.0,0.0,success,
1099_nec_2026_000082_scan_hard_02,1099_nec_2026_000082,1099_nec,test,hard,payer_zip,text,21653,283,21653,283,False,50.0,59.0,success,
1099_nec_2026_000082_scan_hard_02,1099_nec_2026_000082,1099_nec,test,hard,payer_tin,identifier,00-1964069,00-1964069,001964069,001964069,True,100.0,78.0,success,
1099_nec_2026_000082_scan_hard_02,1099_nec_2026_000082,1099_nec,test,hard,recipient_tin,identifier,000-32-9099,,000329099,,False,0.0,0.0,success,
1099_nec_2026_000082_scan_hard_02,1099_nec_2026_000082,1099_nec,test,hard,recipient_name,text,NATHAN ALLEN,e SS,NATHAN ALLEN,E SS,False,12.5,5.0,success,
1099_nec_2026_000082_scan_hard_02,1099_nec_2026_000082,1099_nec,test,hard,recipient_street,text,352 BROWN BURGS APT. 977,352 BROWN BURGS APT. 977,352 BROWN BURGS APT 977,352 BROWN BURGS APT 977,True,100.0,92.0,success,
1099_nec_2026_000082_scan_hard_02,1099_nec_2026_000082,1099_nec,test,hard,recipient_city,text,LAKE CARRIE,De Glep.Adeses 2h ts. Ost» | eee,LAKE CARRIE,DE GLEP ADESES 2H TS OST EEE,False,25.64,28.43,success,
1099_nec_2026_000082_scan_hard_02,1099_nec_2026_000082,1099_nec,test,hard,recipient_state,state,IA,A,IA,A,False,66.67,49.0,success,
1099_nec_2026_000082_scan_hard_02,1099_nec_2026_000082,1099_nec,test,hard,recipient_zip,text,23684,23 8S Eee oe ee ee,23684,23 8S EEE OE EE EE,False,26.09,29.83,success,
1099_nec_2026_000082_scan_hard_02,1099_nec_2026_000082,1099_nec,test,hard,nonemployee_compensation,money,"70,217.05","$ 70,217.05",70217.05,70217.05,True,100.0,47.0,success,
1099_nec_2026_000082_scan_hard_02,1099_nec_2026_000082,1099_nec,test,hard,federal_income_tax_withheld,text,0.00,,0 00,,False,0.0,0.0,success,
1099_nec_2026_000082_scan_hard_02,1099_nec_2026_000082,1099_nec,test,hard,account_number,identifier,NEC-2026-000082,NEC-2026-000082,NEC2026000082,NEC2026000082,True,100.0,68.0,success,
1099_nec_2026_000082_scan_hard_02,1099_nec_2026_000082,1099_nec,test,hard,state_tax_withheld,money,0.00,,0.00,,False,0.0,0.0,success,
1099_nec_2026_000082_scan_hard_02,1099_nec_2026_000082,1099_nec,test,hard,state_payer_number,identifier,IA-9693169,-- MO,IA9693169,MO,False,0.0,10.0,success,
1099_nec_2026_000082_scan_hard_02,1099_nec_2026_000082,1099_nec,test,hard,state_income,money,"70,217.05","$.-70,217.05",70217.05,.-7021705,False,82.35,0.0,success,
1099_nec_2026_000104_scan_mild_01,1099_nec_2026_000104,1099_nec,test,mild,payer_name,text,FLEMING INC,FLEMING INC,FLEMING INC,FLEMING INC,True,100.0,96.0,success,
1099_nec_2026_000104_scan_mild_01,1099_nec_2026_000104,1099_nec,test,mild,payer_street,text,409 JORDAN TRACK APT. 637,409 JORDAN TRACK APT. 637,409 JORDAN TRACK APT 637,409 JORDAN TRACK APT 637,True,100.0,96.0,success,
1099_nec_2026_000104_scan_mild_01,1099_nec_2026_000104,1099_nec,test,mild,payer_city,text,AMANDAPORT,AMANDAPORT,AMANDAPORT,AMANDAPORT,True,100.0,93.0,success,
1099_nec_2026_000104_scan_mild_01,1099_nec_2026_000104,1099_nec,test,mild,payer_state,state,MA,MA SNADL,MA,MASNADL,False,44.44,22.0,success,
1099_nec_2026_000104_scan_mild_01,1099_nec_2026_000104,1099_nec,test,mild,payer_zip,text,30983,30983 Aryxe iets - SAVE salad star antl ae neat ink,30983,30983 ARYXE IETS SAVE SALAD STAR ANTL AE NEAT INK,False,18.52,21.82,success,
1099_nec_2026_000104_scan_mild_01,1099_nec_2026_000104,1099_nec,test,mild,payer_tin,identifier,00-5570355,00-5570355,005570355,005570355,True,100.0,92.0,success,
1099_nec_2026_000104_scan_mild_01,1099_nec_2026_000104,1099_nec,test,mild,recipient_tin,identifier,000-80-8288,000-80-8288,000808288,000808288,True,100.0,91.0,success,
1099_nec_2026_000104_scan_mild_01,1099_nec_2026_000104,1099_nec,test,mild,recipient_name,text,SHERRI SHAH,SHERRI SHAH,SHERRI SHAH,SHERRI SHAH,True,100.0,95.0,success,
1099_nec_2026_000104_scan_mild_01,1099_nec_2026_000104,1099_nec,test,mild,recipient_street,text,950 JENNIFER KNOLLS,950 JENNIFER KNOLLS,950 JENNIFER KNOLLS,950 JENNIFER KNOLLS,True,100.0,96.0,success,
1099_nec_2026_000104_scan_mild_01,1099_nec_2026_000104,1099_nec,test,mild,recipient_city,text,PORT TIFFANYLAND,PORT TIFFANYLAND,PORT TIFFANYLAND,PORT TIFFANYLAND,True,100.0,92.0,success,
1099_nec_2026_000104_scan_mild_01,1099_nec_2026_000104,1099_nec,test,mild,recipient_state,state,NC,M,NC,M,False,0.0,0.0,success,
1099_nec_2026_000104_scan_mild_01,1099_nec_2026_000104,1099_nec,test,mild,recipient_zip,text,54726,54726 Are SO — CNY) 1 Pend food <i ie tnt,54726,54726 ARE SO CNY 1 PEND FOOD I IE TNT,False,23.81,27.55,success,
1099_nec_2026_000104_scan_mild_01,1099_nec_2026_000104,1099_nec,test,mild,nonemployee_compensation,money,"57,559.72","$ 57,559.72",57559.72,57559.72,True,100.0,47.5,success,
1099_nec_2026_000104_scan_mild_01,1099_nec_2026_000104,1099_nec,test,mild,federal_income_tax_withheld,text,0.00,; 0.00,0 00,0 00,True,100.0,67.0,success,
1099_nec_2026_000104_scan_mild_01,1099_nec_2026_000104,1099_nec,test,mild,account_number,identifier,NEC-2026-000104,NEC-2026-000104,NEC2026000104,NEC2026000104,True,100.0,92.0,success,
1099_nec_2026_000104_scan_mild_01,1099_nec_2026_000104,1099_nec,test,mild,state_tax_withheld,money,0.00,,0.00,,False,0.0,0.0,success,
1099_nec_2026_000104_scan_mild_01,1099_nec_2026_000104,1099_nec,test,mild,state_payer_number,identifier,NC-8659527,NC-86595270,NC8659527,NC86595270,False,94.74,0.0,success,
1099_nec_2026_000104_scan_mild_01,1099_nec_2026_000104,1099_nec,test,mild,state_income,money,"57,559.72","$87,559.72",57559.72,87559.72,False,87.5,0.0,success,
1099_nec_2026_000095_scan_hard_02,1099_nec_2026_000095,1099_nec,test,hard,payer_name,text,"FERNANDEZ, KRUEGER AND BARNETT",ome,FERNANDEZ KRUEGER AND BARNETT,OME,False,6.25,36.0,success,
1099_nec_2026_000095_scan_hard_02,1099_nec_2026_000095,1099_nec,test,hard,payer_street,text,7932 ZACHARY VALLEY,7932 ZACHARY VALLEY,7932 ZACHARY VALLEY,7932 ZACHARY VALLEY,True,100.0,96.33,success,
1099_nec_2026_000095_scan_hard_02,1099_nec_2026_000095,1099_nec,test,hard,payer_city,text,EAST DONNA,— se = Pewee,EAST DONNA,SE PEWEE,False,22.22,52.5,success,
1099_nec_2026_000095_scan_hard_02,1099_nec_2026_000095,1099_nec,test,hard,payer_state,state,WA,,WA,,False,0.0,0.0,success,
1099_nec_2026_000095_scan_hard_02,1099_nec_2026_000095,1099_nec,test,hard,payer_zip,text,12925,jragectaleme eee,12925,JRAGECTALEME EEE,False,0.0,0.0,success,
1099_nec_2026_000095_scan_hard_02,1099_nec_2026_000095,1099_nec,test,hard,payer_tin,identifier,00-4834713,00-4834713,004834713,004834713,True,100.0,0.0,success,
1099_nec_2026_000095_scan_hard_02,1099_nec_2026_000095,1099_nec,test,hard,recipient_tin,identifier,000-22-5422,VASURKSSL,000225422,VASURKSSL,False,0.0,0.0,success,
1099_nec_2026_000095_scan_hard_02,1099_nec_2026_000095,1099_nec,test,hard,recipient_name,text,DIANE GILBERT,a,DIANE GILBERT,A,False,14.29,26.0,success,
1099_nec_2026_000095_scan_hard_02,1099_nec_2026_000095,1099_nec,test,hard,recipient_street,text,42457 WOLF CURVE,Satmatronnnantonss eee ne ee,42457 WOLF CURVE,SATMATRONNNANTONSS EEE NE EE,False,13.64,11.75,success,
1099_nec_2026_000095_scan_hard_02,1099_nec_2026_000095,1099_nec,test,hard,recipient_city,text,ROBERTBERG,,ROBERTBERG,,False,0.0,0.0,success,
1099_nec_2026_000095_scan_hard_02,1099_nec_2026_000095,1099_nec,test,hard,recipient_state,state,OR,OO,OR,OO,False,50.0,0.0,success,
1099_nec_2026_000095_scan_hard_02,1099_nec_2026_000095,1099_nec,test,hard,recipient_zip,text,97023,‘stn es,97023,STN ES,False,0.0,15.5,success,
1099_nec_2026_000095_scan_hard_02,1099_nec_2026_000095,1099_nec,test,hard,nonemployee_compensation,money,"49,914.05",,49914.05,,False,0.0,0.0,success,
1099_nec_2026_000095_scan_hard_02,1099_nec_2026_000095,1099_nec,test,hard,federal_income_tax_withheld,text,0.00,: soi ae agg OU NE Ge 0.00,0 00,SOI AE AGG OU NE GE 0 00,False,28.57,23.12,success,
1099_nec_2026_000095_scan_hard_02,1099_nec_2026_000095,1099_nec,test,hard,account_number,identifier,NEC-2026-000095,OE,NEC2026000095,OE,False,13.33,13.0,success,
1099_nec_2026_000095_scan_hard_02,1099_nec_2026_000095,1099_nec,test,hard,state_tax_withheld,money,0.00,,0.00,,False,0.0,0.0,success,
1099_nec_2026_000095_scan_hard_02,1099_nec_2026_000095,1099_nec,test,hard,state_payer_number,identifier,OR-7390162,,OR7390162,,False,0.0,0.0,success,
1099_nec_2026_000095_scan_hard_02,1099_nec_2026_000095,1099_nec,test,hard,state_income,money,"49,914.05",,49914.05,,False,0.0,0.0,success,
1099_nec_2026_000107_scan_mild_01,1099_nec_2026_000107,1099_nec,test,mild,payer_name,text,SHERMAN-DAY,SHERMAN-DAY,SHERMAN DAY,SHERMAN DAY,True,100.0,92.0,success,
1099_nec_2026_000107_scan_mild_01,1099_nec_2026_000107,1099_nec,test,mild,payer_street,text,2734 POWELL LANE APT. 707,2734 POWELL LANE APT. 707,2734 POWELL LANE APT 707,2734 POWELL LANE APT 707,True,100.0,95.6,success,
1099_nec_2026_000107_scan_mild_01,1099_nec_2026_000107,1099_nec,test,mild,payer_city,text,WEST ANNAFURT,WEST ANNAFURT,WEST ANNAFURT,WEST ANNAFURT,True,100.0,92.0,success,
1099_nec_2026_000107_scan_mild_01,1099_nec_2026_000107,1099_nec,test,mild,payer_state,state,ME,ME,ME,ME,True,100.0,39.0,success,
1099_nec_2026_000107_scan_mild_01,1099_nec_2026_000107,1099_nec,test,mild,payer_zip,text,65724,65724 Ne Pie ee EP ee COT oe ee,65724,65724 NE PIE EE EP EE COT OE EE,False,27.78,27.11,success,
1099_nec_2026_000107_scan_mild_01,1099_nec_2026_000107,1099_nec,test,mild,payer_tin,identifier,00-1121097,00-1121097,001121097,001121097,True,100.0,91.0,success,
1099_nec_2026_000107_scan_mild_01,1099_nec_2026_000107,1099_nec,test,mild,recipient_tin,identifier,000-80-7121,000-80-7121,000807121,000807121,True,100.0,92.0,success,
1099_nec_2026_000107_scan_mild_01,1099_nec_2026_000107,1099_nec,test,mild,recipient_name,text,PATRICIA TOWNSEND DDS,PATRICIA TOWNSEND DDS,PATRICIA TOWNSEND DDS,PATRICIA TOWNSEND DDS,True,100.0,95.67,success,
1099_nec_2026_000107_scan_mild_01,1099_nec_2026_000107,1099_nec,test,mild,recipient_street,text,14998 DANIELLE STREETS,14998 DANIELLE STREETS,14998 DANIELLE STREETS,14998 DANIELLE STREETS,True,100.0,94.33,success,
1099_nec_2026_000107_scan_mild_01,1099_nec_2026_000107,1099_nec,test,mild,recipient_city,text,NEW ANTHONYPORT,NEW ANTHONYPORT,NEW ANTHONYPORT,NEW ANTHONYPORT,True,100.0,92.5,success,
1099_nec_2026_000107_scan_mild_01,1099_nec_2026_000107,1099_nec,test,mild,recipient_state,state,MS,MOSS,MS,MOSS,False,66.67,0.0,success,
1099_nec_2026_000107_scan_mild_01,1099_nec_2026_000107,1099_nec,test,mild,recipient_zip,text,25173,251 73 react ces - Ae errs alan tne a od Wer ator od > a,25173,251 73 REACT CES AE ERRS ALAN TNE A OD WER ATOR OD A,False,17.54,31.12,success,
1099_nec_2026_000107_scan_mild_01,1099_nec_2026_000107,1099_nec,test,mild,nonemployee_compensation,money,"83,038.57","$ 83,038.57",83038.57,83038.57,True,100.0,76.5,success,
1099_nec_2026_000107_scan_mild_01,1099_nec_2026_000107,1099_nec,test,mild,federal_income_tax_withheld,text,"9,539.50","— ae ges: 9,539.50",9 539 50,AE GES 9 539 50,False,69.57,45.25,success,
1099_nec_2026_000107_scan_mild_01,1099_nec_2026_000107,1099_nec,test,mild,account_number,identifier,NEC-2026-000107,NEC-2026-000107,NEC2026000107,NEC2026000107,True,100.0,18.0,success,
1099_nec_2026_000107_scan_mild_01,1099_nec_2026_000107,1099_nec,test,mild,state_tax_withheld,money,0.00,,0.00,,False,0.0,0.0,success,
1099_nec_2026_000107_scan_mild_01,1099_nec_2026_000107,1099_nec,test,mild,state_payer_number,identifier,MS-5192561,M92561,MS5192561,M92561,False,80.0,0.0,success,
1099_nec_2026_000107_scan_mild_01,1099_nec_2026_000107,1099_nec,test,mild,state_income,money,"83,038.57","$83,038.57",83038.57,83038.57,True,100.0,0.0,success,
1099_nec_2026_000104_scan_hard_02,1099_nec_2026_000104,1099_nec,test,hard,payer_name,text,FLEMING INC,7 FV Sew aa :,FLEMING INC,7 FV SEW AA,False,27.27,30.0,success,
1099_nec_2026_000104_scan_hard_02,1099_nec_2026_000104,1099_nec,test,hard,payer_street,text,409 JORDAN TRACK APT. 637,409 JORDAN TRACK APT. 637 ie,409 JORDAN TRACK APT 637,409 JORDAN TRACK APT 637 IE,False,94.12,82.0,success,
1099_nec_2026_000104_scan_hard_02,1099_nec_2026_000104,1099_nec,test,hard,payer_city,text,AMANDAPORT,wey wr Seer |,AMANDAPORT,WEY WR SEER,False,9.52,34.5,success,
1099_nec_2026_000104_scan_hard_02,1099_nec_2026_000104,1099_nec,test,hard,payer_state,state,MA,ESP,MA,ESP,False,0.0,0.0,success,
1099_nec_2026_000104_scan_hard_02,1099_nec_2026_000104,1099_nec,test,hard,payer_zip,text,30983,308 belt ch alt inl,30983,308 BELT CH ALT INL,False,25.0,39.0,success,
1099_nec_2026_000104_scan_hard_02,1099_nec_2026_000104,1099_nec,test,hard,payer_tin,identifier,00-5570355,00-5570355,005570355,005570355,True,100.0,91.0,success,
1099_nec_2026_000104_scan_hard_02,1099_nec_2026_000104,1099_nec,test,hard,recipient_tin,identifier,000-80-8288,,000808288,,False,0.0,0.0,success,
1099_nec_2026_000104_scan_hard_02,1099_nec_2026_000104,1099_nec,test,hard,recipient_name,text,SHERRI SHAH,"Se, ee ee eee |",SHERRI SHAH,SE EE EE EEE,False,26.09,35.8,success,
1099_nec_2026_000104_scan_hard_02,1099_nec_2026_000104,1099_nec,test,hard,recipient_street,text,950 JENNIFER KNOLLS,950 JE owe Vew,950 JENNIFER KNOLLS,950 JE OWE VEW,False,48.48,62.5,success,
1099_nec_2026_000104_scan_hard_02,1099_nec_2026_000104,1099_nec,test,hard,recipient_city,text,PORT TIFFANYLAND,wey T TIFFAI Meigen Peeee pa tat acl,PORT TIFFANYLAND,WEY T TIFFAI MEIGEN PEEEE PA TAT ACL,False,34.62,28.38,success,
1099_nec_2026_000104_scan_hard_02,1099_nec_2026_000104,1099_nec,test,hard,recipient_state,state,NC,NC,NC,NC,True,100.0,62.0,success,
1099_nec_2026_000104_scan_hard_02,1099_nec_2026_000104,1099_nec,test,hard,recipient_zip,text,54726,OMS,54726,OMS,False,0.0,13.0,success,
1099_nec_2026_000104_scan_hard_02,1099_nec_2026_000104,1099_nec,test,hard,nonemployee_compensation,money,"57,559.72",", 57,559.72",57559.72,57559.72,True,100.0,42.5,success,
1099_nec_2026_000104_scan_hard_02,1099_nec_2026_000104,1099_nec,test,hard,federal_income_tax_withheld,text,0.00,"A Bi, dh ee eee ee ets",0 00,A BI DH EE EEE EE ETS,False,8.0,27.57,success,
1099_nec_2026_000104_scan_hard_02,1099_nec_2026_000104,1099_nec,test,hard,account_number,identifier,NEC-2026-000104,NEC-2026-000106,NEC2026000104,NEC2026000106,False,92.31,0.0,success,
1099_nec_2026_000104_scan_hard_02,1099_nec_2026_000104,1099_nec,test,hard,state_tax_withheld,money,0.00,2,0.00,2.00,False,75.0,0.0,success,
1099_nec_2026_000104_scan_hard_02,1099_nec_2026_000104,1099_nec,test,hard,state_payer_number,identifier,NC-8659527,,NC8659527,,False,0.0,0.0,success,
1099_nec_2026_000104_scan_hard_02,1099_nec_2026_000104,1099_nec,test,hard,state_income,money,"57,559.72",,57559.72,,False,0.0,0.0,success,
1099_nec_2026_000107_scan_hard_02,1099_nec_2026_000107,1099_nec,test,hard,payer_name,text,SHERMAN-DAY,SHERMAN-DAY,SHERMAN DAY,SHERMAN DAY,True,100.0,92.0,success,
1099_nec_2026_000107_scan_hard_02,1099_nec_2026_000107,1099_nec,test,hard,payer_street,text,2734 POWELL LANE APT. 707,2734 POWELL LANE APT. 707,2734 POWELL LANE APT 707,2734 POWELL LANE APT 707,True,100.0,95.4,success,
1099_nec_2026_000107_scan_hard_02,1099_nec_2026_000107,1099_nec,test,hard,payer_city,text,WEST ANNAFURT,—— eve,WEST ANNAFURT,EVE,False,12.5,0.0,success,
1099_nec_2026_000107_scan_hard_02,1099_nec_2026_000107,1099_nec,test,hard,payer_state,state,ME,Y,ME,Y,False,0.0,0.0,success,
1099_nec_2026_000107_scan_hard_02,1099_nec_2026_000107,1099_nec,test,hard,payer_zip,text,65724,6s) —— wr eel,65724,6S WR EEL,False,14.29,37.25,success,
1099_nec_2026_000107_scan_hard_02,1099_nec_2026_000107,1099_nec,test,hard,payer_tin,identifier,00-1121097,00-1121097,001121097,001121097,True,100.0,85.0,success,
1099_nec_2026_000107_scan_hard_02,1099_nec_2026_000107,1099_nec,test,hard,recipient_tin,identifier,000-80-7121,000-860-7121,000807121,0008607121,False,94.74,52.0,success,
1099_nec_2026_000107_scan_hard_02,1099_nec_2026_000107,1099_nec,test,hard,recipient_name,text,PATRICIA TOWNSEND DDS,PATRICIA TOWNSEND OOS,PATRICIA TOWNSEND DDS,PATRICIA TOWNSEND OOS,False,90.48,81.33,success,
1099_nec_2026_000107_scan_hard_02,1099_nec_2026_000107,1099_nec,test,hard,recipient_street,text,14998 DANIELLE STREETS,14998 ll tll,14998 DANIELLE STREETS,14998 LL TLL,False,58.82,46.0,success,
1099_nec_2026_000107_scan_hard_02,1099_nec_2026_000107,1099_nec,test,hard,recipient_city,text,NEW ANTHONYPORT,"0 ae, ene Pale reg pat",NEW ANTHONYPORT,0 AE ENE PALE REG PAT,False,33.33,23.5,success,
1099_nec_2026_000107_scan_hard_02,1099_nec_2026_000107,1099_nec,test,hard,recipient_state,state,MS,MS,MS,MS,True,100.0,31.0,success,
1099_nec_2026_000107_scan_hard_02,1099_nec_2026_000107,1099_nec,test,hard,recipient_zip,text,25173,OE See,25173,OE SEE,False,0.0,19.5,success,
1099_nec_2026_000107_scan_hard_02,1099_nec_2026_000107,1099_nec,test,hard,nonemployee_compensation,money,"83,038.57","83,038.57",83038.57,83038.57,True,100.0,92.0,success,
1099_nec_2026_000107_scan_hard_02,1099_nec_2026_000107,1099_nec,test,hard,federal_income_tax_withheld,text,"9,539.50","= ER = 9,539.50",9 539 50,ER 9 539 50,False,84.21,39.0,success,
1099_nec_2026_000107_scan_hard_02,1099_nec_2026_000107,1099_nec,test,hard,account_number,identifier,NEC-2026-000107,NEC-2026-000107,NEC2026000107,NEC2026000107,True,100.0,86.0,success,
1099_nec_2026_000107_scan_hard_02,1099_nec_2026_000107,1099_nec,test,hard,state_tax_withheld,money,0.00,,0.00,,False,0.0,0.0,success,
1099_nec_2026_000107_scan_hard_02,1099_nec_2026_000107,1099_nec,test,hard,state_payer_number,identifier,MS-5192561,S11,MS5192561,S11,False,50.0,0.0,success,
1099_nec_2026_000107_scan_hard_02,1099_nec_2026_000107,1099_nec,test,hard,state_income,money,"83,038.57","$83,036.57",83038.57,83036.57,False,87.5,0.0,success,
1099_nec_2026_000126_scan_mild_01,1099_nec_2026_000126,1099_nec,test,mild,payer_name,text,HOLLAND AND SONS,HOLLAND AND SONS,HOLLAND AND SONS,HOLLAND AND SONS,True,100.0,96.0,success,
1099_nec_2026_000126_scan_mild_01,1099_nec_2026_000126,1099_nec,test,mild,payer_street,text,80403 MICHELLE FORD SUITE 657,80403 MICHELLE FORD SUITE 657,80403 MICHELLE FORD SUITE 657,80403 MICHELLE FORD SUITE 657,True,100.0,96.0,success,
1099_nec_2026_000126_scan_mild_01,1099_nec_2026_000126,1099_nec,test,mild,payer_city,text,GUZMANBURGH,GUZMANBURGH,GUZMANBURGH,GUZMANBURGH,True,100.0,91.0,success,
1099_nec_2026_000126_scan_mild_01,1099_nec_2026_000126,1099_nec,test,mild,payer_state,state,PW,PW RE,PW,PWRE,False,66.67,33.0,success,
1099_nec_2026_000126_scan_mild_01,1099_nec_2026_000126,1099_nec,test,mild,payer_zip,text,64946,64946 eee OE VU,64946,64946 EEE OE VU,False,50.0,35.75,success,
1099_nec_2026_000126_scan_mild_01,1099_nec_2026_000126,1099_nec,test,mild,payer_tin,identifier,00-3653760,00-3653760,003653760,003653760,True,100.0,92.0,success,
1099_nec_2026_000126_scan_mild_01,1099_nec_2026_000126,1099_nec,test,mild,recipient_tin,identifier,000-78-8258,000-78-8258,000788258,000788258,True,100.0,91.0,success,
1099_nec_2026_000126_scan_mild_01,1099_nec_2026_000126,1099_nec,test,mild,recipient_name,text,KYLE NORTON,es,KYLE NORTON,ES,False,15.38,32.0,success,
1099_nec_2026_000126_scan_mild_01,1099_nec_2026_000126,1099_nec,test,mild,recipient_street,text,91009 MERCEDES HARBOR,91009 MERCEDES HARBOR,91009 MERCEDES HARBOR,91009 MERCEDES HARBOR,True,100.0,96.0,success,
1099_nec_2026_000126_scan_mild_01,1099_nec_2026_000126,1099_nec,test,mild,recipient_city,text,WEST SEANSHIRE,WEST SEANSHIRE,WEST SEANSHIRE,WEST SEANSHIRE,True,100.0,92.5,success,
1099_nec_2026_000126_scan_mild_01,1099_nec_2026_000126,1099_nec,test,mild,recipient_state,state,GA,GA SS P VF,GA,GASSPVF,False,44.44,4.5,success,
1099_nec_2026_000126_scan_mild_01,1099_nec_2026_000126,1099_nec,test,mild,recipient_zip,text,13245,13245 ee a ee ee ee ON ae ar,13245,13245 EE A EE EE EE ON AE AR,False,30.3,30.0,success,
1099_nec_2026_000126_scan_mild_01,1099_nec_2026_000126,1099_nec,test,mild,nonemployee_compensation,money,"30,985.95","$ 30,985.95",30985.95,30985.95,True,100.0,89.5,success,
1099_nec_2026_000126_scan_mild_01,1099_nec_2026_000126,1099_nec,test,mild,federal_income_tax_withheld,text,0.00,‘ Bley es 0 0.00,0 00,BLEY ES 0 0 00,False,44.44,35.0,success,
1099_nec_2026_000126_scan_mild_01,1099_nec_2026_000126,1099_nec,test,mild,account_number,identifier,NEC-2026-000126,NEC-2026-000126,NEC2026000126,NEC2026000126,True,100.0,52.0,success,
1099_nec_2026_000126_scan_mild_01,1099_nec_2026_000126,1099_nec,test,mild,state_tax_withheld,money,0.00,,0.00,,False,0.0,0.0,success,
1099_nec_2026_000126_scan_mild_01,1099_nec_2026_000126,1099_nec,test,mild,state_payer_number,identifier,GA-6446792,GA7920,GA6446792,GA7920,False,66.67,0.0,success,
1099_nec_2026_000126_scan_mild_01,1099_nec_2026_000126,1099_nec,test,mild,state_income,money,"30,985.95","$30,985.95",30985.95,30985.95,True,100.0,0.0,success,
1099_nec_2026_000141_scan_mild_01,1099_nec_2026_000141,1099_nec,test,mild,payer_name,text,HALL INC,HALLING ee ert gece hoe,HALL INC,HALLING EE ERT GECE HOE,False,45.16,28.8,success,
1099_nec_2026_000141_scan_mild_01,1099_nec_2026_000141,1099_nec,test,mild,payer_street,text,248 MCMAHON EXPRESSWAY,248 MCMAHON EXPRESSWAY,248 MCMAHON EXPRESSWAY,248 MCMAHON EXPRESSWAY,True,100.0,85.33,success,
1099_nec_2026_000141_scan_mild_01,1099_nec_2026_000141,1099_nec,test,mild,payer_city,text,NORTH LINDSEY,NORTH LINDSEY,NORTH LINDSEY,NORTH LINDSEY,True,100.0,95.5,success,
1099_nec_2026_000141_scan_mild_01,1099_nec_2026_000141,1099_nec,test,mild,payer_state,state,ID,D UIVIVUVIIS,ID,DUIVIVUVIIS,False,15.38,21.0,success,
1099_nec_2026_000141_scan_mild_01,1099_nec_2026_000141,1099_nec,test,mild,payer_zip,text,79489,70489 Be eS Qe eee eee,79489,70489 BE ES QE EEE EEE,False,29.63,30.0,success,
1099_nec_2026_000141_scan_mild_01,1099_nec_2026_000141,1099_nec,test,mild,payer_tin,identifier,00-2671072,00-2671072,002671072,002671072,True,100.0,87.0,success,
1099_nec_2026_000141_scan_mild_01,1099_nec_2026_000141,1099_nec,test,mild,recipient_tin,identifier,000-50-8940,000-50-8940,000508940,000508940,True,100.0,87.0,success,
1099_nec_2026_000141_scan_mild_01,1099_nec_2026_000141,1099_nec,test,mild,recipient_name,text,ANDREA GARCIA,ANDREA GARCIA,ANDREA GARCIA,ANDREA GARCIA,True,100.0,37.0,success,
1099_nec_2026_000141_scan_mild_01,1099_nec_2026_000141,1099_nec,test,mild,recipient_street,text,178 CUMMINGS DRIVES,178 CUMMINGS DRIVES,178 CUMMINGS DRIVES,178 CUMMINGS DRIVES,True,100.0,94.33,success,
1099_nec_2026_000141_scan_mild_01,1099_nec_2026_000141,1099_nec,test,mild,recipient_city,text,EAST KRISTIN,STINE 08) 4 ee of oye lee,EAST KRISTIN,STINE 08 4 EE OF OYE LEE,False,22.22,17.43,success,
1099_nec_2026_000141_scan_mild_01,1099_nec_2026_000141,1099_nec,test,mild,recipient_state,state,MD,MD VIYVMVVV,MD,MDVIYVMVVV,False,33.33,28.5,success,
1099_nec_2026_000141_scan_mild_01,1099_nec_2026_000141,1099_nec,test,mild,recipient_zip,text,23018,208,23018,208,False,75.0,64.0,success,
1099_nec_2026_000141_scan_mild_01,1099_nec_2026_000141,1099_nec,test,mild,nonemployee_compensation,money,"6,200.81",,6200.81,,False,0.0,0.0,success,
1099_nec_2026_000141_scan_mild_01,1099_nec_2026_000141,1099_nec,test,mild,federal_income_tax_withheld,text,821.67,; PCM AE HIE Nee ee he,821 67,PCM AE HIE NEE EE HE,False,7.69,10.0,success,
1099_nec_2026_000141_scan_mild_01,1099_nec_2026_000141,1099_nec,test,mild,account_number,identifier,NEC-2026-000141,NEC-2026-000141,NEC2026000141,NEC2026000141,True,100.0,27.0,success,
1099_nec_2026_000141_scan_mild_01,1099_nec_2026_000141,1099_nec,test,mild,state_tax_withheld,money,364.53,6-.,364.53,6-.,False,44.44,0.0,success,
1099_nec_2026_000141_scan_mild_01,1099_nec_2026_000141,1099_nec,test,mild,state_payer_number,identifier,MD-4127564,MD-412756400,MD4127564,MD412756400,False,90.0,0.0,success,
1099_nec_2026_000141_scan_mild_01,1099_nec_2026_000141,1099_nec,test,mild,state_income,money,"6,200.81",$6200.81,6200.81,6200.81,True,100.0,0.0,success,
1099_nec_2026_000126_scan_hard_02,1099_nec_2026_000126,1099_nec,test,hard,payer_name,text,HOLLAND AND SONS,Eee i a oe,HOLLAND AND SONS,EEE I A OE,False,30.77,22.25,success,
1099_nec_2026_000126_scan_hard_02,1099_nec_2026_000126,1099_nec,test,hard,payer_street,text,80403 MICHELLE FORD SUITE 657,,80403 MICHELLE FORD SUITE 657,,False,0.0,0.0,success,
1099_nec_2026_000126_scan_hard_02,1099_nec_2026_000126,1099_nec,test,hard,payer_city,text,GUZMANBURGH,,GUZMANBURGH,,False,0.0,0.0,success,
1099_nec_2026_000126_scan_hard_02,1099_nec_2026_000126,1099_nec,test,hard,payer_state,state,PW,P,PW,P,False,66.67,0.0,success,
1099_nec_2026_000126_scan_hard_02,1099_nec_2026_000126,1099_nec,test,hard,payer_zip,text,64946,eAoee ee! PMO VOUS,64946,EAOEE EE PMO VOUS,False,0.0,30.0,success,
1099_nec_2026_000126_scan_hard_02,1099_nec_2026_000126,1099_nec,test,hard,payer_tin,identifier,00-3653760,00-3653760,003653760,003653760,True,100.0,90.0,success,
1099_nec_2026_000126_scan_hard_02,1099_nec_2026_000126,1099_nec,test,hard,recipient_tin,identifier,000-78-8258,00-78-8258,000788258,00788258,False,94.12,0.0,success,
1099_nec_2026_000126_scan_hard_02,1099_nec_2026_000126,1099_nec,test,hard,recipient_name,text,KYLE NORTON,a,KYLE NORTON,A,False,0.0,6.0,success,
1099_nec_2026_000126_scan_hard_02,1099_nec_2026_000126,1099_nec,test,hard,recipient_street,text,91009 MERCEDES HARBOR,,91009 MERCEDES HARBOR,,False,0.0,0.0,success,
1099_nec_2026_000126_scan_hard_02,1099_nec_2026_000126,1099_nec,test,hard,recipient_city,text,WEST SEANSHIRE,ee es ee,WEST SEANSHIRE,EE ES EE,False,45.45,27.0,success,
1099_nec_2026_000126_scan_hard_02,1099_nec_2026_000126,1099_nec,test,hard,recipient_state,state,GA,SP,GA,SP,False,0.0,35.0,success,
1099_nec_2026_000126_scan_hard_02,1099_nec_2026_000126,1099_nec,test,hard,recipient_zip,text,13245,13245 ee POM LAPS,13245,13245 EE POM LAPS,False,45.45,47.25,success,
1099_nec_2026_000126_scan_hard_02,1099_nec_2026_000126,1099_nec,test,hard,nonemployee_compensation,money,"30,985.95",,30985.95,,False,0.0,0.0,success,
1099_nec_2026_000126_scan_hard_02,1099_nec_2026_000126,1099_nec,test,hard,federal_income_tax_withheld,text,0.00,", eo. 2, ee ee Tee n> Geary Vara ae",0 00,EO 2 EE EE TEE N GEARY VARA AE,False,5.88,18.5,success,
1099_nec_2026_000126_scan_hard_02,1099_nec_2026_000126,1099_nec,test,hard,account_number,identifier,NEC-2026-000126,S EC,NEC2026000126,SEC,False,25.0,0.0,success,
1099_nec_2026_000126_scan_hard_02,1099_nec_2026_000126,1099_nec,test,hard,state_tax_withheld,money,0.00,,0.00,,False,0.0,0.0,success,
1099_nec_2026_000126_scan_hard_02,1099_nec_2026_000126,1099_nec,test,hard,state_payer_number,identifier,GA-6446792,G,GA6446792,G,False,20.0,0.0,success,
1099_nec_2026_000126_scan_hard_02,1099_nec_2026_000126,1099_nec,test,hard,state_income,money,"30,985.95",,30985.95,,False,0.0,0.0,success,
1099_nec_2026_000144_scan_mild_01,1099_nec_2026_000144,1099_nec,test,mild,payer_name,text,THOMAS LTD,bas LTD,THOMAS LTD,BAS LTD,False,70.59,65.5,success,
1099_nec_2026_000144_scan_mild_01,1099_nec_2026_000144,1099_nec,test,mild,payer_street,text,08385 SHANE ISLE SUITE 595,08385 SHANE ISLE SUITE 595,08385 SHANE ISLE SUITE 595,08385 SHANE ISLE SUITE 595,True,100.0,95.4,success,
1099_nec_2026_000144_scan_mild_01,1099_nec_2026_000144,1099_nec,test,mild,payer_city,text,MICHEALHAVEN,MICHEALHAVEN,MICHEALHAVEN,MICHEALHAVEN,True,100.0,91.0,success,
1099_nec_2026_000144_scan_mild_01,1099_nec_2026_000144,1099_nec,test,mild,payer_state,state,OR,OR W P TF,OR,ORWPTF,False,50.0,0.0,success,
1099_nec_2026_000144_scan_mild_01,1099_nec_2026_000144,1099_nec,test,mild,payer_zip,text,16661,16661 Oe RE NI,16661,16661 OE RE NI,False,52.63,39.75,success,
1099_nec_2026_000144_scan_mild_01,1099_nec_2026_000144,1099_nec,test,mild,payer_tin,identifier,00-9736195,00-9736195,009736195,009736195,True,100.0,92.0,success,
1099_nec_2026_000144_scan_mild_01,1099_nec_2026_000144,1099_nec,test,mild,recipient_tin,identifier,000-96-4726,000-96-4726,000964726,000964726,True,100.0,92.0,success,
1099_nec_2026_000144_scan_mild_01,1099_nec_2026_000144,1099_nec,test,mild,recipient_name,text,OLIVIA HAMILTON,OLIVIA HAMILTON,OLIVIA HAMILTON,OLIVIA HAMILTON,True,100.0,96.0,success,
1099_nec_2026_000144_scan_mild_01,1099_nec_2026_000144,1099_nec,test,mild,recipient_street,text,898 YOLANDA DRIVES,898 YOLANDA DRIVES,898 YOLANDA DRIVES,898 YOLANDA DRIVES,True,100.0,96.0,success,
1099_nec_2026_000144_scan_mild_01,1099_nec_2026_000144,1099_nec,test,mild,recipient_city,text,RIVERAMOUTH,RIVERAMOUTH |,RIVERAMOUTH,RIVERAMOUTH,True,100.0,77.5,success,
1099_nec_2026_000144_scan_mild_01,1099_nec_2026_000144,1099_nec,test,mild,recipient_state,state,VA,VA SSS,VA,VASSS,False,57.14,38.0,success,
1099_nec_2026_000144_scan_mild_01,1099_nec_2026_000144,1099_nec,test,mild,recipient_zip,text,95206,esate got vane,95206,ESATE GOT VANE,False,0.0,16.33,success,
1099_nec_2026_000144_scan_mild_01,1099_nec_2026_000144,1099_nec,test,mild,nonemployee_compensation,money,"50,008.72","$ 50,008.72",50008.72,50008.72,True,100.0,79.0,success,
1099_nec_2026_000144_scan_mild_01,1099_nec_2026_000144,1099_nec,test,mild,federal_income_tax_withheld,text,"2,563.84","‘ Dias eae 2,563.84",2 563 84,DIAS EAE 2 563 84,False,64.0,38.5,success,
1099_nec_2026_000144_scan_mild_01,1099_nec_2026_000144,1099_nec,test,mild,account_number,identifier,NEC-2026-000144,NEC-2026-000144,NEC2026000144,NEC2026000144,True,100.0,54.0,success,
1099_nec_2026_000144_scan_mild_01,1099_nec_2026_000144,1099_nec,test,mild,state_tax_withheld,money,411.85,8,411.85,8.00,False,20.0,0.0,success,
1099_nec_2026_000144_scan_mild_01,1099_nec_2026_000144,1099_nec,test,mild,state_payer_number,identifier,VA-8154895,EOS,VA8154895,EOS,False,0.0,0.0,success,
1099_nec_2026_000144_scan_mild_01,1099_nec_2026_000144,1099_nec,test,mild,state_income,money,"50,008.72","$-50,008.72",50008.72,-50008.72,False,94.12,0.0,success,
1099_nec_2026_000141_scan_hard_02,1099_nec_2026_000141,1099_nec,test,hard,payer_name,text,HALL INC,HALLING eas,HALL INC,HALLING EAS,False,63.16,39.0,success,
1099_nec_2026_000141_scan_hard_02,1099_nec_2026_000141,1099_nec,test,hard,payer_street,text,248 MCMAHON EXPRESSWAY,248 MCMAHON EXPRESSWAY,248 MCMAHON EXPRESSWAY,248 MCMAHON EXPRESSWAY,True,100.0,95.0,success,
1099_nec_2026_000141_scan_hard_02,1099_nec_2026_000141,1099_nec,test,hard,payer_city,text,NORTH LINDSEY,NORTH LINDSEY,NORTH LINDSEY,NORTH LINDSEY,True,100.0,95.5,success,
1099_nec_2026_000141_scan_hard_02,1099_nec_2026_000141,1099_nec,test,hard,payer_state,state,ID,D WEPV,ID,DWEPV,False,28.57,27.5,success,
1099_nec_2026_000141_scan_hard_02,1099_nec_2026_000141,1099_nec,test,hard,payer_zip,text,79489,789,79489,789,False,75.0,35.0,success,
1099_nec_2026_000141_scan_hard_02,1099_nec_2026_000141,1099_nec,test,hard,payer_tin,identifier,00-2671072,00-2671072,002671072,002671072,True,100.0,90.0,success,
1099_nec_2026_000141_scan_hard_02,1099_nec_2026_000141,1099_nec,test,hard,recipient_tin,identifier,000-50-8940,00-50-8940 7,000508940,005089407,False,88.89,43.5,success,
1099_nec_2026_000141_scan_hard_02,1099_nec_2026_000141,1099_nec,test,hard,recipient_name,text,ANDREA GARCIA,Pe en ie ae,ANDREA GARCIA,PE EN IE AE,False,33.33,22.25,success,
1099_nec_2026_000141_scan_hard_02,1099_nec_2026_000141,1099_nec,test,hard,recipient_street,text,178 CUMMINGS DRIVES,178 CUMMINGS DRIVES,178 CUMMINGS DRIVES,178 CUMMINGS DRIVES,True,100.0,95.67,success,
1099_nec_2026_000141_scan_hard_02,1099_nec_2026_000141,1099_nec,test,hard,recipient_city,text,EAST KRISTIN,,EAST KRISTIN,,False,0.0,0.0,success,
1099_nec_2026_000141_scan_hard_02,1099_nec_2026_000141,1099_nec,test,hard,recipient_state,state,MD,MD WP,MD,MDWP,False,66.67,38.0,success,
1099_nec_2026_000141_scan_hard_02,1099_nec_2026_000141,1099_nec,test,hard,recipient_zip,text,23018,[ eeailicreeeacs,23018,EEAILICREEEACS,False,0.0,0.0,success,
1099_nec_2026_000141_scan_hard_02,1099_nec_2026_000141,1099_nec,test,hard,nonemployee_compensation,money,"6,200.81","6,200.81",6200.81,6200.81,True,100.0,96.0,success,
1099_nec_2026_000141_scan_hard_02,1099_nec_2026_000141,1099_nec,test,hard,federal_income_tax_withheld,text,821.67,"5 Vues Get Pewee eer eer , 821 67",821 67,5 VUES GET PEWEE EER EER 821 67,False,32.43,40.11,success,
1099_nec_2026_000141_scan_hard_02,1099_nec_2026_000141,1099_nec,test,hard,account_number,identifier,NEC-2026-000141,NEC-2026-00041,NEC2026000141,NEC202600041,False,96.0,0.0,success,
1099_nec_2026_000141_scan_hard_02,1099_nec_2026_000141,1099_nec,test,hard,state_tax_withheld,money,364.53,,364.53,,False,0.0,0.0,success,
1099_nec_2026_000141_scan_hard_02,1099_nec_2026_000141,1099_nec,test,hard,state_payer_number,identifier,MD-4127564,,MD4127564,,False,0.0,0.0,success,
1099_nec_2026_000141_scan_hard_02,1099_nec_2026_000141,1099_nec,test,hard,state_income,money,"6,200.81",$6200.61,6200.81,6200.61,False,85.71,26.0,success,
1099_nec_2026_000144_scan_hard_02,1099_nec_2026_000144,1099_nec,test,hard,payer_name,text,THOMAS LTD,ryt aes SLD. :,THOMAS LTD,RYT AES SLD,False,57.14,27.25,success,
1099_nec_2026_000144_scan_hard_02,1099_nec_2026_000144,1099_nec,test,hard,payer_street,text,08385 SHANE ISLE SUITE 595,,08385 SHANE ISLE SUITE 595,,False,0.0,0.0,success,
1099_nec_2026_000144_scan_hard_02,1099_nec_2026_000144,1099_nec,test,hard,payer_city,text,MICHEALHAVEN,MICHEALHAVEN,MICHEALHAVEN,MICHEALHAVEN,True,100.0,56.0,success,
1099_nec_2026_000144_scan_hard_02,1099_nec_2026_000144,1099_nec,test,hard,payer_state,state,OR,OR PV,OR,ORPV,False,66.67,13.0,success,
1099_nec_2026_000144_scan_hard_02,1099_nec_2026_000144,1099_nec,test,hard,payer_zip,text,16661,16661 ees) tenet,16661,16661 EES TENET,False,50.0,36.33,success,
1099_nec_2026_000144_scan_hard_02,1099_nec_2026_000144,1099_nec,test,hard,payer_tin,identifier,00-9736195,00-9736195,009736195,009736195,True,100.0,91.0,success,
1099_nec_2026_000144_scan_hard_02,1099_nec_2026_000144,1099_nec,test,hard,recipient_tin,identifier,000-96-4726,,000964726,,False,0.0,0.0,success,
1099_nec_2026_000144_scan_hard_02,1099_nec_2026_000144,1099_nec,test,hard,recipient_name,text,OLIVIA HAMILTON,Fee SPF Fae YF LTON,OLIVIA HAMILTON,FEE SPF FAE YF LTON,False,35.29,23.2,success,
1099_nec_2026_000144_scan_hard_02,1099_nec_2026_000144,1099_nec,test,hard,recipient_street,text,898 YOLANDA DRIVES,age YOLANDA DRIVES,898 YOLANDA DRIVES,AGE YOLANDA DRIVES,False,83.33,88.0,success,
1099_nec_2026_000144_scan_hard_02,1099_nec_2026_000144,1099_nec,test,hard,recipient_city,text,RIVERAMOUTH,Vly OF low |,RIVERAMOUTH,VLY OF LOW,False,19.05,44.75,success,
1099_nec_2026_000144_scan_hard_02,1099_nec_2026_000144,1099_nec,test,hard,recipient_state,state,VA,VA W P,VA,VAWP,False,66.67,22.0,success,
1099_nec_2026_000144_scan_hard_02,1099_nec_2026_000144,1099_nec,test,hard,recipient_zip,text,95206,— ww ier sneae,95206,WW IER SNEAE,False,0.0,20.75,success,
1099_nec_2026_000144_scan_hard_02,1099_nec_2026_000144,1099_nec,test,hard,nonemployee_compensation,money,"50,008.72","50,008.72",50008.72,50008.72,True,100.0,4.0,success,
1099_nec_2026_000144_scan_hard_02,1099_nec_2026_000144,1099_nec,test,hard,federal_income_tax_withheld,text,"2,563.84",re Parwiees See eer 2.563.84,2 563 84,RE PARWIEES SEE EER 2 563 84,False,44.44,36.4,success,
1099_nec_2026_000144_scan_hard_02,1099_nec_2026_000144,1099_nec,test,hard,account_number,identifier,NEC-2026-000144,203 DF,NEC2026000144,203DF,False,22.22,0.0,success,
1099_nec_2026_000144_scan_hard_02,1099_nec_2026_000144,1099_nec,test,hard,state_tax_withheld,money,411.85,,411.85,,False,0.0,0.0,success,
1099_nec_2026_000144_scan_hard_02,1099_nec_2026_000144,1099_nec,test,hard,state_payer_number,identifier,VA-8154895,VASIS4895,VA8154895,VASIS4895,False,66.67,0.0,success,
1099_nec_2026_000144_scan_hard_02,1099_nec_2026_000144,1099_nec,test,hard,state_income,money,"50,008.72","$50,008.72",50008.72,50008.72,True,100.0,0.0,success,
1099_nec_2026_000145_scan_mild_01,1099_nec_2026_000145,1099_nec,test,mild,payer_name,text,WILLIAMS INC,WILLIAMS INC,WILLIAMS INC,WILLIAMS INC,True,100.0,96.0,success,
1099_nec_2026_000145_scan_mild_01,1099_nec_2026_000145,1099_nec,test,mild,payer_street,text,69362 PAYNE GLENS,69362 PAYNE GLENS,69362 PAYNE GLENS,69362 PAYNE GLENS,True,100.0,96.0,success,
1099_nec_2026_000145_scan_mild_01,1099_nec_2026_000145,1099_nec,test,mild,payer_city,text,NORTH VICKIE,NORTH VICKIE,NORTH VICKIE,NORTH VICKIE,True,100.0,93.0,success,
1099_nec_2026_000145_scan_mild_01,1099_nec_2026_000145,1099_nec,test,mild,payer_state,state,GA,GAT FOO,GA,GATFOO,False,50.0,5.0,success,
1099_nec_2026_000145_scan_mild_01,1099_nec_2026_000145,1099_nec,test,mild,payer_zip,text,05411,osa11 ower ee,05411,OSA11 OWER EE,False,22.22,24.33,success,
1099_nec_2026_000145_scan_mild_01,1099_nec_2026_000145,1099_nec,test,mild,payer_tin,identifier,00-4394202,00-4394202,004394202,004394202,True,100.0,91.0,success,
1099_nec_2026_000145_scan_mild_01,1099_nec_2026_000145,1099_nec,test,mild,recipient_tin,identifier,000-27-6062,000-27-6062,000276062,000276062,True,100.0,91.0,success,
1099_nec_2026_000145_scan_mild_01,1099_nec_2026_000145,1099_nec,test,mild,recipient_name,text,JOHN JONES,JOHN JONES,JOHN JONES,JOHN JONES,True,100.0,96.0,success,
1099_nec_2026_000145_scan_mild_01,1099_nec_2026_000145,1099_nec,test,mild,recipient_street,text,71175 JEFFERSON GREEN SUITE 582,71175 JEFFERSON GREEN SUITE 582,71175 JEFFERSON GREEN SUITE 582,71175 JEFFERSON GREEN SUITE 582,True,100.0,95.6,success,
1099_nec_2026_000145_scan_mild_01,1099_nec_2026_000145,1099_nec,test,mild,recipient_city,text,LINDABURY,LINDABURY,LINDABURY,LINDABURY,True,100.0,92.0,success,
1099_nec_2026_000145_scan_mild_01,1099_nec_2026_000145,1099_nec,test,mild,recipient_state,state,IN,IN OO,IN,INOO,False,66.67,33.5,success,
1099_nec_2026_000145_scan_mild_01,1099_nec_2026_000145,1099_nec,test,mild,recipient_zip,text,03414,03414 Gee ee ee re ee,03414,03414 GEE EE EE RE EE,False,38.46,35.83,success,
1099_nec_2026_000145_scan_mild_01,1099_nec_2026_000145,1099_nec,test,mild,nonemployee_compensation,money,"155,628.27","$ 155,628.27",155628.27,155628.27,True,100.0,66.0,success,
1099_nec_2026_000145_scan_mild_01,1099_nec_2026_000145,1099_nec,test,mild,federal_income_tax_withheld,text,0.00,", WO cae we 0.00",0 00,WO CAE WE 0 00,False,44.44,32.8,success,
1099_nec_2026_000145_scan_mild_01,1099_nec_2026_000145,1099_nec,test,mild,account_number,identifier,NEC-2026-000145,NEC-2026-000145,NEC2026000145,NEC2026000145,True,100.0,33.0,success,
1099_nec_2026_000145_scan_mild_01,1099_nec_2026_000145,1099_nec,test,mild,state_tax_withheld,money,"1,230.45","$,230.45,",1230.45,230.45,False,92.31,0.0,success,
1099_nec_2026_000145_scan_mild_01,1099_nec_2026_000145,1099_nec,test,mild,state_payer_number,identifier,IN-3269160,IN32691600,IN3269160,IN32691600,False,94.74,0.0,success,
1099_nec_2026_000145_scan_mild_01,1099_nec_2026_000145,1099_nec,test,mild,state_income,money,"155,628.27","$-155,628.27",155628.27,-155628.27,False,94.74,0.0,success,
1099_nec_2026_000157_scan_mild_01,1099_nec_2026_000157,1099_nec,test,mild,payer_name,text,RODRIGUEZ-CLARK,RODRIGUEZ-CLARK |,RODRIGUEZ CLARK,RODRIGUEZ CLARK,True,100.0,77.5,success,
1099_nec_2026_000157_scan_mild_01,1099_nec_2026_000157,1099_nec,test,mild,payer_street,text,15566 RAMOS FLATS,15566 RAMOS FLATS,15566 RAMOS FLATS,15566 RAMOS FLATS,True,100.0,92.0,success,
1099_nec_2026_000157_scan_mild_01,1099_nec_2026_000157,1099_nec,test,mild,payer_city,text,EAST PAUL,EAST PAUL,EAST PAUL,EAST PAUL,True,100.0,92.0,success,
1099_nec_2026_000157_scan_mild_01,1099_nec_2026_000157,1099_nec,test,mild,payer_state,state,ID,ID WT,ID,IDWT,False,66.67,25.0,success,
1099_nec_2026_000157_scan_mild_01,1099_nec_2026_000157,1099_nec,test,mild,payer_zip,text,87776,87776 way: eee,87776,87776 WAY EEE,False,55.56,38.33,success,
1099_nec_2026_000157_scan_mild_01,1099_nec_2026_000157,1099_nec,test,mild,payer_tin,identifier,00-4000886,00-4000886,004000886,004000886,True,100.0,91.0,success,
1099_nec_2026_000157_scan_mild_01,1099_nec_2026_000157,1099_nec,test,mild,recipient_tin,identifier,000-16-7874,000-16-7874,000167874,000167874,True,100.0,91.0,success,
1099_nec_2026_000157_scan_mild_01,1099_nec_2026_000157,1099_nec,test,mild,recipient_name,text,MARY BURNS,MARY BURNS,MARY BURNS,MARY BURNS,True,100.0,44.0,success,
1099_nec_2026_000157_scan_mild_01,1099_nec_2026_000157,1099_nec,test,mild,recipient_street,text,0406 MOORE TUNNEL APT. 784,0406 MOORE TUNNEL APT. 784,0406 MOORE TUNNEL APT 784,0406 MOORE TUNNEL APT 784,True,100.0,95.2,success,
1099_nec_2026_000157_scan_mild_01,1099_nec_2026_000157,1099_nec,test,mild,recipient_city,text,SOUTH DANIEL,SOUTH DANIEL,SOUTH DANIEL,SOUTH DANIEL,True,100.0,96.0,success,
1099_nec_2026_000157_scan_mild_01,1099_nec_2026_000157,1099_nec,test,mild,recipient_state,state,LA,WW,LA,WW,False,0.0,0.0,success,
1099_nec_2026_000157_scan_mild_01,1099_nec_2026_000157,1099_nec,test,mild,recipient_zip,text,18942,soma Se,18942,SOMA SE,False,0.0,15.5,success,
1099_nec_2026_000157_scan_mild_01,1099_nec_2026_000157,1099_nec,test,mild,nonemployee_compensation,money,"97,873.74","97,873.74",97873.74,97873.74,True,100.0,95.0,success,
1099_nec_2026_000157_scan_mild_01,1099_nec_2026_000157,1099_nec,test,mild,federal_income_tax_withheld,text,0.00,aE a a ta ne tat eth be EN ale sl Nin corih he) tr te SS 7,0 00,AE A A TA NE TAT ETH BE EN ALE SL NIN CORIH HE TR TE SS 7,False,3.28,20.17,success,
1099_nec_2026_000157_scan_mild_01,1099_nec_2026_000157,1099_nec,test,mild,account_number,identifier,NEC-2026-000157,NEC-2026-000157,NEC2026000157,NEC2026000157,True,100.0,21.0,success,
1099_nec_2026_000157_scan_mild_01,1099_nec_2026_000157,1099_nec,test,mild,state_tax_withheld,money,0.00,,0.00,,False,0.0,0.0,success,
1099_nec_2026_000157_scan_mild_01,1099_nec_2026_000157,1099_nec,test,mild,state_payer_number,identifier,LA-8486970,,LA8486970,,False,0.0,0.0,success,
1099_nec_2026_000157_scan_mild_01,1099_nec_2026_000157,1099_nec,test,mild,state_income,money,"97,873.74","$97,873.74",97873.74,97873.74,True,100.0,0.0,success,
1099_nec_2026_000145_scan_hard_02,1099_nec_2026_000145,1099_nec,test,hard,payer_name,text,WILLIAMS INC,,WILLIAMS INC,,False,0.0,0.0,success,
1099_nec_2026_000145_scan_hard_02,1099_nec_2026_000145,1099_nec,test,hard,payer_street,text,69362 PAYNE GLENS,soe PAYNE GERI | <i ie) eee,69362 PAYNE GLENS,SOE PAYNE GERI I IE EEE,False,45.0,33.71,success,
1099_nec_2026_000145_scan_hard_02,1099_nec_2026_000145,1099_nec,test,hard,payer_city,text,NORTH VICKIE,,NORTH VICKIE,,False,0.0,0.0,success,
1099_nec_2026_000145_scan_hard_02,1099_nec_2026_000145,1099_nec,test,hard,payer_state,state,GA,,GA,,False,0.0,0.0,success,
1099_nec_2026_000145_scan_hard_02,1099_nec_2026_000145,1099_nec,test,hard,payer_zip,text,05411,ose ee,05411,OSE EE,False,0.0,14.0,success,
1099_nec_2026_000145_scan_hard_02,1099_nec_2026_000145,1099_nec,test,hard,payer_tin,identifier,00-4394202,- -,004394202,,False,0.0,7.0,success,
1099_nec_2026_000145_scan_hard_02,1099_nec_2026_000145,1099_nec,test,hard,recipient_tin,identifier,000-27-6062,,000276062,,False,0.0,0.0,success,
1099_nec_2026_000145_scan_hard_02,1099_nec_2026_000145,1099_nec,test,hard,recipient_name,text,JOHN JONES,,JOHN JONES,,False,0.0,0.0,success,
1099_nec_2026_000145_scan_hard_02,1099_nec_2026_000145,1099_nec,test,hard,recipient_street,text,71175 JEFFERSON GREEN SUITE 582,ma 175 JEFFERSON GREEN SUITE 582,71175 JEFFERSON GREEN SUITE 582,MA 175 JEFFERSON GREEN SUITE 582,False,92.06,87.83,success,
1099_nec_2026_000145_scan_hard_02,1099_nec_2026_000145,1099_nec,test,hard,recipient_city,text,LINDABURY,,LINDABURY,,False,0.0,0.0,success,
1099_nec_2026_000145_scan_hard_02,1099_nec_2026_000145,1099_nec,test,hard,recipient_state,state,IN,UFPIUVES,IN,UFPIUVES,False,20.0,0.0,success,
1099_nec_2026_000145_scan_hard_02,1099_nec_2026_000145,1099_nec,test,hard,recipient_zip,text,03414,seta ee ee,03414,SETA EE EE,False,0.0,23.33,success,
1099_nec_2026_000145_scan_hard_02,1099_nec_2026_000145,1099_nec,test,hard,nonemployee_compensation,money,"155,628.27",,155628.27,,False,0.0,0.0,success,
1099_nec_2026_000145_scan_hard_02,1099_nec_2026_000145,1099_nec,test,hard,federal_income_tax_withheld,text,0.00,", rece;©ral INCOM Lad Winn 9.00",0 00,RECE RAL INCOM LAD WINN 9 00,False,18.75,43.17,success,
1099_nec_2026_000145_scan_hard_02,1099_nec_2026_000145,1099_nec,test,hard,account_number,identifier,NEC-2026-000145,SO,NEC2026000145,SO,False,0.0,0.0,success,
1099_nec_2026_000145_scan_hard_02,1099_nec_2026_000145,1099_nec,test,hard,state_tax_withheld,money,"1,230.45",$180.45,1230.45,180.45,False,76.92,47.0,success,
1099_nec_2026_000145_scan_hard_02,1099_nec_2026_000145,1099_nec,test,hard,state_payer_number,identifier,IN-3269160,,IN3269160,,False,0.0,0.0,success,
1099_nec_2026_000145_scan_hard_02,1099_nec_2026_000145,1099_nec,test,hard,state_income,money,"155,628.27","$185,628.27",155628.27,185628.27,False,88.89,0.0,success,
1099_nec_2026_000172_scan_mild_01,1099_nec_2026_000172,1099_nec,test,mild,payer_name,text,KAISER-CARPENTER,KAISER-CARPENTER,KAISER CARPENTER,KAISER CARPENTER,True,100.0,92.0,success,
1099_nec_2026_000172_scan_mild_01,1099_nec_2026_000172,1099_nec,test,mild,payer_street,text,4920 BRAUN PRAIRIE,4920 BRAUN PRAIRIE,4920 BRAUN PRAIRIE,4920 BRAUN PRAIRIE,True,100.0,96.0,success,
1099_nec_2026_000172_scan_mild_01,1099_nec_2026_000172,1099_nec,test,mild,payer_city,text,SOUTH KATELYN,SOUTH KATELYN,SOUTH KATELYN,SOUTH KATELYN,True,100.0,92.0,success,
1099_nec_2026_000172_scan_mild_01,1099_nec_2026_000172,1099_nec,test,mild,payer_state,state,VT,W,VT,W,False,0.0,0.0,success,
1099_nec_2026_000172_scan_mild_01,1099_nec_2026_000172,1099_nec,test,mild,payer_zip,text,75577,75577,75577,75577,True,100.0,52.0,success,
1099_nec_2026_000172_scan_mild_01,1099_nec_2026_000172,1099_nec,test,mild,payer_tin,identifier,00-6491819,00-6491819,006491819,006491819,True,100.0,91.0,success,
1099_nec_2026_000172_scan_mild_01,1099_nec_2026_000172,1099_nec,test,mild,recipient_tin,identifier,000-28-2609,000-28-2609,000282609,000282609,True,100.0,92.0,success,
1099_nec_2026_000172_scan_mild_01,1099_nec_2026_000172,1099_nec,test,mild,recipient_name,text,LORI WANG,LORI WANG,LORI WANG,LORI WANG,True,100.0,96.0,success,
1099_nec_2026_000172_scan_mild_01,1099_nec_2026_000172,1099_nec,test,mild,recipient_street,text,489 DAVIS PIKE SUITE 285,489 DAVIS PIKE SUITE 285,489 DAVIS PIKE SUITE 285,489 DAVIS PIKE SUITE 285,True,100.0,91.2,success,
1099_nec_2026_000172_scan_mild_01,1099_nec_2026_000172,1099_nec,test,mild,recipient_city,text,WALSHSHIRE,WALSHSHIRE,WALSHSHIRE,WALSHSHIRE,True,100.0,91.0,success,
1099_nec_2026_000172_scan_mild_01,1099_nec_2026_000172,1099_nec,test,mild,recipient_state,state,IA,A EE,IA,AEE,False,40.0,16.0,success,
1099_nec_2026_000172_scan_mild_01,1099_nec_2026_000172,1099_nec,test,mild,recipient_zip,text,19759,19759 heed - abetN tale rte er te,19759,19759 HEED ABETN TALE RTE ER TE,False,27.78,22.75,success,
1099_nec_2026_000172_scan_mild_01,1099_nec_2026_000172,1099_nec,test,mild,nonemployee_compensation,money,"28,849.96","$ 28,849.96",28849.96,28849.96,True,100.0,48.0,success,
1099_nec_2026_000172_scan_mild_01,1099_nec_2026_000172,1099_nec,test,mild,federal_income_tax_withheld,text,"3,997.03",": pea Pen ea os NT ea 3,997.03",3 997 03,PEA PEN EA OS NT EA 3 997 03,False,44.44,27.0,success,
1099_nec_2026_000172_scan_mild_01,1099_nec_2026_000172,1099_nec,test,mild,account_number,identifier,NEC-2026-000172,NEC-2026-000172,NEC2026000172,NEC2026000172,True,100.0,92.0,success,
1099_nec_2026_000172_scan_mild_01,1099_nec_2026_000172,1099_nec,test,mild,state_tax_withheld,money,0.00,,0.00,,False,0.0,0.0,success,
1099_nec_2026_000172_scan_mild_01,1099_nec_2026_000172,1099_nec,test,mild,state_payer_number,identifier,IA-3226624,1032266240,IA3226624,1032266240,False,73.68,27.0,success,
1099_nec_2026_000172_scan_mild_01,1099_nec_2026_000172,1099_nec,test,mild,state_income,money,"28,849.96","$-28,849.96",28849.96,-28849.96,False,94.12,0.0,success,
1099_nec_2026_000157_scan_hard_02,1099_nec_2026_000157,1099_nec,test,hard,payer_name,text,RODRIGUEZ-CLARK,eee.,RODRIGUEZ CLARK,EEE,False,11.11,26.0,success,
1099_nec_2026_000157_scan_hard_02,1099_nec_2026_000157,1099_nec,test,hard,payer_street,text,15566 RAMOS FLATS,18566 RAMOS FLATS,15566 RAMOS FLATS,18566 RAMOS FLATS,False,94.12,84.0,success,
1099_nec_2026_000157_scan_hard_02,1099_nec_2026_000157,1099_nec,test,hard,payer_city,text,EAST PAUL,EAST PAUL,EAST PAUL,EAST PAUL,True,100.0,84.5,success,
1099_nec_2026_000157_scan_hard_02,1099_nec_2026_000157,1099_nec,test,hard,payer_state,state,ID,O,ID,O,False,0.0,0.0,success,
1099_nec_2026_000157_scan_hard_02,1099_nec_2026_000157,1099_nec,test,hard,payer_zip,text,87776,vehi dee oe,87776,VEHI DEE OE,False,0.0,14.0,success,
1099_nec_2026_000157_scan_hard_02,1099_nec_2026_000157,1099_nec,test,hard,payer_tin,identifier,00-4000886,D -4000686 6,004000886,D40006866,False,66.67,0.0,success,
1099_nec_2026_000157_scan_hard_02,1099_nec_2026_000157,1099_nec,test,hard,recipient_tin,identifier,000-16-7874,00-16-7874,000167874,00167874,False,94.12,0.0,success,
1099_nec_2026_000157_scan_hard_02,1099_nec_2026_000157,1099_nec,test,hard,recipient_name,text,MARY BURNS,ee §,MARY BURNS,EE,False,0.0,15.0,success,
1099_nec_2026_000157_scan_hard_02,1099_nec_2026_000157,1099_nec,test,hard,recipient_street,text,0406 MOORE TUNNEL APT. 784,(0406 MOORE TUNNEL APT. 784,0406 MOORE TUNNEL APT 784,0406 MOORE TUNNEL APT 784,True,100.0,93.6,success,
1099_nec_2026_000157_scan_hard_02,1099_nec_2026_000157,1099_nec,test,hard,recipient_city,text,SOUTH DANIEL,SOUTHDANEL Cee F) -_,SOUTH DANIEL,SOUTHDANEL CEE F,False,71.43,12.0,success,
1099_nec_2026_000157_scan_hard_02,1099_nec_2026_000157,1099_nec,test,hard,recipient_state,state,LA,MK,LA,MK,False,0.0,1.0,success,
1099_nec_2026_000157_scan_hard_02,1099_nec_2026_000157,1099_nec,test,hard,recipient_zip,text,18942,188 ee ee,18942,188 EE EE,False,28.57,44.0,success,
1099_nec_2026_000157_scan_hard_02,1099_nec_2026_000157,1099_nec,test,hard,nonemployee_compensation,money,"97,873.74","97,873.74",97873.74,97873.74,True,100.0,91.0,success,
1099_nec_2026_000157_scan_hard_02,1099_nec_2026_000157,1099_nec,test,hard,federal_income_tax_withheld,text,0.00,; eens | 0.00,0 00,EENS 0 00,False,61.54,50.75,success,
1099_nec_2026_000157_scan_hard_02,1099_nec_2026_000157,1099_nec,test,hard,account_number,identifier,NEC-2026-000157,4,NEC2026000157,4,False,0.0,60.0,success,
1099_nec_2026_000157_scan_hard_02,1099_nec_2026_000157,1099_nec,test,hard,state_tax_withheld,money,0.00,,0.00,,False,0.0,0.0,success,
1099_nec_2026_000157_scan_hard_02,1099_nec_2026_000157,1099_nec,test,hard,state_payer_number,identifier,LA-8486970,A-2486970 CC,LA8486970,A2486970CC,False,73.68,9.0,success,
1099_nec_2026_000157_scan_hard_02,1099_nec_2026_000157,1099_nec,test,hard,state_income,money,"97,873.74","$97,873.74",97873.74,97873.74,True,100.0,0.0,success,
1099_nec_2026_000186_scan_mild_01,1099_nec_2026_000186,1099_nec,test,mild,payer_name,text,WATSON-HALL,WATSON-HALL,WATSON HALL,WATSON HALL,True,100.0,91.0,success,
1099_nec_2026_000186_scan_mild_01,1099_nec_2026_000186,1099_nec,test,mild,payer_street,text,32155 JARED ISLANDS,32155 JARED ISLANDS,32155 JARED ISLANDS,32155 JARED ISLANDS,True,100.0,95.33,success,
1099_nec_2026_000186_scan_mild_01,1099_nec_2026_000186,1099_nec,test,mild,payer_city,text,TIMOTHYHAVEN,TIMOTHYHAVEN,TIMOTHYHAVEN,TIMOTHYHAVEN,True,100.0,55.0,success,
1099_nec_2026_000186_scan_mild_01,1099_nec_2026_000186,1099_nec,test,mild,payer_state,state,IL,WV,IL,WV,False,0.0,6.0,success,
1099_nec_2026_000186_scan_mild_01,1099_nec_2026_000186,1099_nec,test,mild,payer_zip,text,83524,89624 Oye eee.,83524,89624 OYE EEE,False,33.33,26.67,success,
1099_nec_2026_000186_scan_mild_01,1099_nec_2026_000186,1099_nec,test,mild,payer_tin,identifier,00-1891328,00-1891328,001891328,001891328,True,100.0,92.0,success,
1099_nec_2026_000186_scan_mild_01,1099_nec_2026_000186,1099_nec,test,mild,recipient_tin,identifier,000-10-6885,000-10-6885,000106885,000106885,True,100.0,91.0,success,
1099_nec_2026_000186_scan_mild_01,1099_nec_2026_000186,1099_nec,test,mild,recipient_name,text,KRISTI WHITE,KRISTIWHITE,KRISTI WHITE,KRISTIWHITE,False,95.65,63.0,success,
1099_nec_2026_000186_scan_mild_01,1099_nec_2026_000186,1099_nec,test,mild,recipient_street,text,4488 CRUZ RIVER,,4488 CRUZ RIVER,,False,0.0,0.0,success,
1099_nec_2026_000186_scan_mild_01,1099_nec_2026_000186,1099_nec,test,mild,recipient_city,text,THOMASBURY,,THOMASBURY,,False,0.0,0.0,success,
1099_nec_2026_000186_scan_mild_01,1099_nec_2026_000186,1099_nec,test,mild,recipient_state,state,NE,NE W SN,NE,NEWSN,False,57.14,14.0,success,
1099_nec_2026_000186_scan_mild_01,1099_nec_2026_000186,1099_nec,test,mild,recipient_zip,text,59352,59952 teats — Stet wet tian nine et etal,59352,59952 TEATS STET WET TIAN NINE ET ETAL,False,18.6,13.22,success,
1099_nec_2026_000186_scan_mild_01,1099_nec_2026_000186,1099_nec,test,mild,nonemployee_compensation,money,"100,765.36",", 100,765.36",100765.36,100765.36,True,100.0,48.0,success,
1099_nec_2026_000186_scan_mild_01,1099_nec_2026_000186,1099_nec,test,mild,federal_income_tax_withheld,text,"14,909.57",areata a cxeab that baveutoi eine Rasclee aa ge,14 909 57,AREATA A CXEAB THAT BAVEUTOI EINE RASCLEE AA GE,False,7.14,8.89,success,
1099_nec_2026_000186_scan_mild_01,1099_nec_2026_000186,1099_nec,test,mild,account_number,identifier,NEC-2026-000186,,NEC2026000186,,False,0.0,0.0,success,
1099_nec_2026_000186_scan_mild_01,1099_nec_2026_000186,1099_nec,test,mild,state_tax_withheld,money,771.19,,771.19,,False,0.0,0.0,success,
1099_nec_2026_000186_scan_mild_01,1099_nec_2026_000186,1099_nec,test,mild,state_payer_number,identifier,NE-4946691,NE441,NE4946691,NE441,False,71.43,0.0,success,
1099_nec_2026_000186_scan_mild_01,1099_nec_2026_000186,1099_nec,test,mild,state_income,money,"100,765.36","$100,765.36",100765.36,100765.36,True,100.0,0.0,success,
1099_nec_2026_000172_scan_hard_02,1099_nec_2026_000172,1099_nec,test,hard,payer_name,text,KAISER-CARPENTER,PAYER o haine —,KAISER CARPENTER,PAYER O HAINE,False,48.28,53.5,success,
1099_nec_2026_000172_scan_hard_02,1099_nec_2026_000172,1099_nec,test,hard,payer_street,text,4920 BRAUN PRAIRIE,4920 BRAUN PRAIRIE,4920 BRAUN PRAIRIE,4920 BRAUN PRAIRIE,True,100.0,95.33,success,
1099_nec_2026_000172_scan_hard_02,1099_nec_2026_000172,1099_nec,test,hard,payer_city,text,SOUTH KATELYN,SOUTH pacer,SOUTH KATELYN,SOUTH PACER,False,66.67,50.0,success,
1099_nec_2026_000172_scan_hard_02,1099_nec_2026_000172,1099_nec,test,hard,payer_state,state,VT,,VT,,False,0.0,0.0,success,
1099_nec_2026_000172_scan_hard_02,1099_nec_2026_000172,1099_nec,test,hard,payer_zip,text,75577,16877 Re. eeeEE,75577,16877 RE EEEEE,False,21.05,10.67,success,
1099_nec_2026_000172_scan_hard_02,1099_nec_2026_000172,1099_nec,test,hard,payer_tin,identifier,00-6491819,00-6491819,006491819,006491819,True,100.0,0.0,success,
1099_nec_2026_000172_scan_hard_02,1099_nec_2026_000172,1099_nec,test,hard,recipient_tin,identifier,000-28-2609,F 2609 -,000282609,F2609,False,57.14,30.0,success,
1099_nec_2026_000172_scan_hard_02,1099_nec_2026_000172,1099_nec,test,hard,recipient_name,text,LORI WANG,,LORI WANG,,False,0.0,0.0,success,
1099_nec_2026_000172_scan_hard_02,1099_nec_2026_000172,1099_nec,test,hard,recipient_street,text,489 DAVIS PIKE SUITE 285,B9DAVISPIKESUTE25,489 DAVIS PIKE SUITE 285,B9DAVISPIKESUTE25,False,78.05,0.0,success,
1099_nec_2026_000172_scan_hard_02,1099_nec_2026_000172,1099_nec,test,hard,recipient_city,text,WALSHSHIRE,,WALSHSHIRE,,False,0.0,0.0,success,
1099_nec_2026_000172_scan_hard_02,1099_nec_2026_000172,1099_nec,test,hard,recipient_state,state,IA,VV,IA,VV,False,0.0,0.0,success,
1099_nec_2026_000172_scan_hard_02,1099_nec_2026_000172,1099_nec,test,hard,recipient_zip,text,19759,"197 aS: e.mTS.C..,TS,-,rtCSSsSS",19759,197 AS E MTS C TS RTCSSSSS,False,19.35,34.0,success,
1099_nec_2026_000172_scan_hard_02,1099_nec_2026_000172,1099_nec,test,hard,nonemployee_compensation,money,"28,849.96",,28849.96,,False,0.0,0.0,success,
1099_nec_2026_000172_scan_hard_02,1099_nec_2026_000172,1099_nec,test,hard,federal_income_tax_withheld,text,"3,997.03","PUG al WAAATIS aA TEM hem 3,997.03",3 997 03,PUG AL WAAATIS AA TEM HEM 3 997 03,False,38.1,33.86,success,
1099_nec_2026_000172_scan_hard_02,1099_nec_2026_000172,1099_nec,test,hard,account_number,identifier,NEC-2026-000172,NEC-2026-000172 CC,NEC2026000172,NEC2026000172CC,False,92.86,1.5,success,
1099_nec_2026_000172_scan_hard_02,1099_nec_2026_000172,1099_nec,test,hard,state_tax_withheld,money,0.00,8,0.00,8.00,False,75.0,0.0,success,
1099_nec_2026_000172_scan_hard_02,1099_nec_2026_000172,1099_nec,test,hard,state_payer_number,identifier,IA-3226624,6,IA3226624,6,False,20.0,0.0,success,
1099_nec_2026_000172_scan_hard_02,1099_nec_2026_000172,1099_nec,test,hard,state_income,money,"28,849.96","$-28,849.96",28849.96,-28849.96,False,94.12,0.0,success,
1099_nec_2026_000186_scan_hard_02,1099_nec_2026_000186,1099_nec,test,hard,payer_name,text,WATSON-HALL,WATSON-HALL,WATSON HALL,WATSON HALL,True,100.0,90.0,success,
1099_nec_2026_000186_scan_hard_02,1099_nec_2026_000186,1099_nec,test,hard,payer_street,text,32155 JARED ISLANDS,32155 JARED ISLANDS,32155 JARED ISLANDS,32155 JARED ISLANDS,True,100.0,89.0,success,
1099_nec_2026_000186_scan_hard_02,1099_nec_2026_000186,1099_nec,test,hard,payer_city,text,TIMOTHYHAVEN,ast cated 1VHAVEN,TIMOTHYHAVEN,AST CATED 1VHAVEN,False,48.28,11.67,success,
1099_nec_2026_000186_scan_hard_02,1099_nec_2026_000186,1099_nec,test,hard,payer_state,state,IL,L PT,IL,LPT,False,40.0,29.0,success,
1099_nec_2026_000186_scan_hard_02,1099_nec_2026_000186,1099_nec,test,hard,payer_zip,text,83524,838 4 Oe ae ee oe ee,83524,838 4 OE AE EE OE EE,False,24.0,39.57,success,
1099_nec_2026_000186_scan_hard_02,1099_nec_2026_000186,1099_nec,test,hard,payer_tin,identifier,00-1891328,00-1891328,001891328,001891328,True,100.0,91.0,success,
1099_nec_2026_000186_scan_hard_02,1099_nec_2026_000186,1099_nec,test,hard,recipient_tin,identifier,000-10-6885,000-10-6885,000106885,000106885,True,100.0,91.0,success,
1099_nec_2026_000186_scan_hard_02,1099_nec_2026_000186,1099_nec,test,hard,recipient_name,text,KRISTI WHITE,KRISTI WHITE,KRISTI WHITE,KRISTI WHITE,True,100.0,90.0,success,
1099_nec_2026_000186_scan_hard_02,1099_nec_2026_000186,1099_nec,test,hard,recipient_street,text,4488 CRUZ RIVER,4488 CRUZ RIVER,4488 CRUZ RIVER,4488 CRUZ RIVER,True,100.0,94.0,success,
1099_nec_2026_000186_scan_hard_02,1099_nec_2026_000186,1099_nec,test,hard,recipient_city,text,THOMASBURY,"ae ae a ©,",THOMASBURY,AE AE A,False,11.76,17.75,success,
1099_nec_2026_000186_scan_hard_02,1099_nec_2026_000186,1099_nec,test,hard,recipient_state,state,NE,WE,NE,WE,False,50.0,15.0,success,
1099_nec_2026_000186_scan_hard_02,1099_nec_2026_000186,1099_nec,test,hard,recipient_zip,text,59352,ee ee ee ee Se ee ST Te ae eee,59352,EE EE EE EE SE EE ST TE AE EEE,False,0.0,26.8,success,
1099_nec_2026_000186_scan_hard_02,1099_nec_2026_000186,1099_nec,test,hard,nonemployee_compensation,money,"100,765.36","$ 100,765.36",100765.36,100765.36,True,100.0,55.5,success,
1099_nec_2026_000186_scan_hard_02,1099_nec_2026_000186,1099_nec,test,hard,federal_income_tax_withheld,text,"14,909.57",": 14,909.57",14 909 57,14 909 57,True,100.0,64.0,success,
1099_nec_2026_000186_scan_hard_02,1099_nec_2026_000186,1099_nec,test,hard,account_number,identifier,NEC-2026-000186,NEC-2026-000186,NEC2026000186,NEC2026000186,True,100.0,42.0,success,
1099_nec_2026_000186_scan_hard_02,1099_nec_2026_000186,1099_nec,test,hard,state_tax_withheld,money,771.19,,771.19,,False,0.0,0.0,success,
1099_nec_2026_000186_scan_hard_02,1099_nec_2026_000186,1099_nec,test,hard,state_payer_number,identifier,NE-4946691,,NE4946691,,False,0.0,0.0,success,
1099_nec_2026_000186_scan_hard_02,1099_nec_2026_000186,1099_nec,test,hard,state_income,money,"100,765.36","$-100,765.36",100765.36,-100765.36,False,94.74,0.0,success,
1099_nec_2026_000193_scan_mild_01,1099_nec_2026_000193,1099_nec,test,mild,payer_name,text,"VEGA, GARRETT AND TAYLOR",Veoh. GARRETT AND TAYLOR,VEGA GARRETT AND TAYLOR,VEOH GARRETT AND TAYLOR,False,91.3,78.25,success,
1099_nec_2026_000193_scan_mild_01,1099_nec_2026_000193,1099_nec,test,mild,payer_street,text,95229 BENNETT BROOK APT. 556,95229 BENNETT BROOK APT. 556,95229 BENNETT BROOK APT 556,95229 BENNETT BROOK APT 556,True,100.0,94.8,success,
1099_nec_2026_000193_scan_mild_01,1099_nec_2026_000193,1099_nec,test,mild,payer_city,text,PORT JUDYTOWN,PORT JUDYTOWN,PORT JUDYTOWN,PORT JUDYTOWN,True,100.0,92.0,success,
1099_nec_2026_000193_scan_mild_01,1099_nec_2026_000193,1099_nec,test,mild,payer_state,state,AS,UVIVUVVY,AS,UVIVUVVY,False,0.0,0.0,success,
1099_nec_2026_000193_scan_mild_01,1099_nec_2026_000193,1099_nec,test,mild,payer_zip,text,28631,22631 CPR SE. ee,28631,22631 CPR SE EE,False,40.0,25.0,success,
1099_nec_2026_000193_scan_mild_01,1099_nec_2026_000193,1099_nec,test,mild,payer_tin,identifier,00-8872413,00-8872413,008872413,008872413,True,100.0,35.0,success,
1099_nec_2026_000193_scan_mild_01,1099_nec_2026_000193,1099_nec,test,mild,recipient_tin,identifier,000-83-6431,00-89-6431,000836431,00896431,False,82.35,59.0,success,
1099_nec_2026_000193_scan_mild_01,1099_nec_2026_000193,1099_nec,test,mild,recipient_name,text,LAURA REED,LAURAREED,LAURA REED,LAURAREED,False,94.74,36.0,success,
1099_nec_2026_000193_scan_mild_01,1099_nec_2026_000193,1099_nec,test,mild,recipient_street,text,13712 LEE KNOLLS SUITE 856,13712 LEE KNOLLS SUITE 856,13712 LEE KNOLLS SUITE 856,13712 LEE KNOLLS SUITE 856,True,100.0,91.4,success,
1099_nec_2026_000193_scan_mild_01,1099_nec_2026_000193,1099_nec,test,mild,recipient_city,text,KATHRYNBERG,ore ee ys,KATHRYNBERG,ORE EE YS,False,20.0,16.0,success,
1099_nec_2026_000193_scan_mild_01,1099_nec_2026_000193,1099_nec,test,mild,recipient_state,state,IL,NES UPUV,IL,NESUPUV,False,0.0,0.0,success,
1099_nec_2026_000193_scan_mild_01,1099_nec_2026_000193,1099_nec,test,mild,recipient_zip,text,04045,04045 Ue Eg ee ee,04045,04045 UE EG EE EE,False,45.45,34.6,success,
1099_nec_2026_000193_scan_mild_01,1099_nec_2026_000193,1099_nec,test,mild,nonemployee_compensation,money,"92,763.68",,92763.68,,False,0.0,0.0,success,
1099_nec_2026_000193_scan_mild_01,1099_nec_2026_000193,1099_nec,test,mild,federal_income_tax_withheld,text,0.00,TCUCSI A MIME COA EVERETT Deh 0.00,0 00,TCUCSI A MIME COA EVERETT DEH 0 00,False,21.05,43.0,success,
1099_nec_2026_000193_scan_mild_01,1099_nec_2026_000193,1099_nec,test,mild,account_number,identifier,NEC-2026-000193,SC 0ES,NEC2026000193,SC0ES,False,22.22,0.0,success,
1099_nec_2026_000193_scan_mild_01,1099_nec_2026_000193,1099_nec,test,mild,state_tax_withheld,money,0.00,,0.00,,False,0.0,0.0,success,
1099_nec_2026_000193_scan_mild_01,1099_nec_2026_000193,1099_nec,test,mild,state_payer_number,identifier,IL-5942868,,IL5942868,,False,0.0,0.0,success,
1099_nec_2026_000193_scan_mild_01,1099_nec_2026_000193,1099_nec,test,mild,state_income,money,"92,763.68","$92,763.68",92763.68,92763.68,True,100.0,0.0,success,
1099_nec_2026_000193_scan_hard_02,1099_nec_2026_000193,1099_nec,test,hard,payer_name,text,"VEGA, GARRETT AND TAYLOR",,VEGA GARRETT AND TAYLOR,,False,0.0,0.0,success,
1099_nec_2026_000193_scan_hard_02,1099_nec_2026_000193,1099_nec,test,hard,payer_street,text,95229 BENNETT BROOK APT. 556,,95229 BENNETT BROOK APT 556,,False,0.0,0.0,success,
1099_nec_2026_000193_scan_hard_02,1099_nec_2026_000193,1099_nec,test,hard,payer_city,text,PORT JUDYTOWN,,PORT JUDYTOWN,,False,0.0,0.0,success,
1099_nec_2026_000193_scan_hard_02,1099_nec_2026_000193,1099_nec,test,hard,payer_state,state,AS,,AS,,False,0.0,0.0,success,
1099_nec_2026_000193_scan_hard_02,1099_nec_2026_000193,1099_nec,test,hard,payer_zip,text,28631,Seve 4 rer! Vota COUP,28631,SEVE 4 RER VOTA COUP,False,0.0,37.2,success,
1099_nec_2026_000193_scan_hard_02,1099_nec_2026_000193,1099_nec,test,hard,payer_tin,identifier,00-8872413,00-8872413,008872413,008872413,True,100.0,91.0,success,
1099_nec_2026_000193_scan_hard_02,1099_nec_2026_000193,1099_nec,test,hard,recipient_tin,identifier,000-83-6431,S,000836431,S,False,0.0,0.0,success,
1099_nec_2026_000193_scan_hard_02,1099_nec_2026_000193,1099_nec,test,hard,recipient_name,text,LAURA REED,,LAURA REED,,False,0.0,0.0,success,
1099_nec_2026_000193_scan_hard_02,1099_nec_2026_000193,1099_nec,test,hard,recipient_street,text,13712 LEE KNOLLS SUITE 856,,13712 LEE KNOLLS SUITE 856,,False,0.0,0.0,success,
1099_nec_2026_000193_scan_hard_02,1099_nec_2026_000193,1099_nec,test,hard,recipient_city,text,KATHRYNBERG,oe,KATHRYNBERG,OE,False,15.38,39.0,success,
1099_nec_2026_000193_scan_hard_02,1099_nec_2026_000193,1099_nec,test,hard,recipient_state,state,IL,,IL,,False,0.0,0.0,success,
1099_nec_2026_000193_scan_hard_02,1099_nec_2026_000193,1099_nec,test,hard,recipient_zip,text,04045,"SaaS en, ee eee",04045,SAAS EN EE EEE,False,0.0,10.25,success,
1099_nec_2026_000193_scan_hard_02,1099_nec_2026_000193,1099_nec,test,hard,nonemployee_compensation,money,"92,763.68",,92763.68,,False,0.0,0.0,success,
1099_nec_2026_000193_scan_hard_02,1099_nec_2026_000193,1099_nec,test,hard,federal_income_tax_withheld,text,0.00,"| t,t e ) e, T Oe we Cree",0 00,T T E E T OE WE CREE,False,8.33,14.11,success,
1099_nec_2026_000193_scan_hard_02,1099_nec_2026_000193,1099_nec,test,hard,account_number,identifier,NEC-2026-000193,,NEC2026000193,,False,0.0,0.0,success,
1099_nec_2026_000193_scan_hard_02,1099_nec_2026_000193,1099_nec,test,hard,state_tax_withheld,money,0.00,.8,0.00,0.80,False,75.0,0.0,success,
1099_nec_2026_000193_scan_hard_02,1099_nec_2026_000193,1099_nec,test,hard,state_payer_number,identifier,IL-5942868,W,IL5942868,W,False,0.0,0.0,success,
1099_nec_2026_000193_scan_hard_02,1099_nec_2026_000193,1099_nec,test,hard,state_income,money,"92,763.68","$92,763.68",92763.68,92763.68,True,100.0,0.0,success,
1099_nec_2026_000200_scan_mild_01,1099_nec_2026_000200,1099_nec,test,mild,payer_name,text,"HO, DUNCAN AND ALEXANDER","HO, DUNCAN AND ALEXANDER",HO DUNCAN AND ALEXANDER,HO DUNCAN AND ALEXANDER,True,100.0,96.0,success,
1099_nec_2026_000200_scan_mild_01,1099_nec_2026_000200,1099_nec,test,mild,payer_street,text,0820 JORDAN CAPE SUITE 757,0820 JORDAN CAPE SUITE 757,0820 JORDAN CAPE SUITE 757,0820 JORDAN CAPE SUITE 757,True,100.0,96.0,success,
1099_nec_2026_000200_scan_mild_01,1099_nec_2026_000200,1099_nec,test,mild,payer_city,text,PORT MEGANBOROUGH,PORT MEGANBOROUGH,PORT MEGANBOROUGH,PORT MEGANBOROUGH,True,100.0,92.0,success,
1099_nec_2026_000200_scan_mild_01,1099_nec_2026_000200,1099_nec,test,mild,payer_state,state,MS,MS W,MS,MSW,False,80.0,0.0,success,
1099_nec_2026_000200_scan_mild_01,1099_nec_2026_000200,1099_nec,test,mild,payer_zip,text,74350,74350 wees ewes Vv,74350,74350 WEES EWES VV,False,43.48,39.75,success,
1099_nec_2026_000200_scan_mild_01,1099_nec_2026_000200,1099_nec,test,mild,payer_tin,identifier,00-8244164,00-8244164,008244164,008244164,True,100.0,92.0,success,
1099_nec_2026_000200_scan_mild_01,1099_nec_2026_000200,1099_nec,test,mild,recipient_tin,identifier,000-88-5466,000-88-5466,000885466,000885466,True,100.0,92.0,success,
1099_nec_2026_000200_scan_mild_01,1099_nec_2026_000200,1099_nec,test,mild,recipient_name,text,KYLE DAVIS,KYLE DAVIS,KYLE DAVIS,KYLE DAVIS,True,100.0,96.0,success,
1099_nec_2026_000200_scan_mild_01,1099_nec_2026_000200,1099_nec,test,mild,recipient_street,text,87942 CASTRO PARKWAYS,87942 CASTRO PARKWAYS,87942 CASTRO PARKWAYS,87942 CASTRO PARKWAYS,True,100.0,94.0,success,
1099_nec_2026_000200_scan_mild_01,1099_nec_2026_000200,1099_nec,test,mild,recipient_city,text,SOUTH JESSICA,SOUTH JESSICA,SOUTH JESSICA,SOUTH JESSICA,True,100.0,95.0,success,
1099_nec_2026_000200_scan_mild_01,1099_nec_2026_000200,1099_nec,test,mild,recipient_state,state,MO,MO WVEC,MO,MOWVEC,False,50.0,20.0,success,
1099_nec_2026_000200_scan_mild_01,1099_nec_2026_000200,1099_nec,test,mild,recipient_zip,text,76338,76338 EW AS,76338,76338 EW AS,False,62.5,51.0,success,
1099_nec_2026_000200_scan_mild_01,1099_nec_2026_000200,1099_nec,test,mild,nonemployee_compensation,money,"117,567.63","$ , 117,567.63",117567.63,117567.63,True,100.0,55.33,success,
1099_nec_2026_000200_scan_mild_01,1099_nec_2026_000200,1099_nec,test,mild,federal_income_tax_withheld,text,0.00,‘ a A a hee 0.00,0 00,A A A HEE 0 00,False,44.44,27.67,success,
1099_nec_2026_000200_scan_mild_01,1099_nec_2026_000200,1099_nec,test,mild,account_number,identifier,NEC-2026-000200,NEC-2026-000200,NEC2026000200,NEC2026000200,True,100.0,92.0,success,
1099_nec_2026_000200_scan_mild_01,1099_nec_2026_000200,1099_nec,test,mild,state_tax_withheld,money,"3,747.77","8,747.77",3747.77,8747.77,False,85.71,0.0,success,
1099_nec_2026_000200_scan_mild_01,1099_nec_2026_000200,1099_nec,test,mild,state_payer_number,identifier,MO-5283960,MO-5283960,MO5283960,MO5283960,True,100.0,14.0,success,
1099_nec_2026_000200_scan_mild_01,1099_nec_2026_000200,1099_nec,test,mild,state_income,money,"117,567.63","$117,567.63",117567.63,117567.63,True,100.0,0.0,success,
1099_nec_2026_000200_scan_hard_02,1099_nec_2026_000200,1099_nec,test,hard,payer_name,text,"HO, DUNCAN AND ALEXANDER",,HO DUNCAN AND ALEXANDER,,False,0.0,0.0,success,
1099_nec_2026_000200_scan_hard_02,1099_nec_2026_000200,1099_nec,test,hard,payer_street,text,0820 JORDAN CAPE SUITE 757,9620 J JORDAN CAPE SUITE 757,0820 JORDAN CAPE SUITE 757,9620 J JORDAN CAPE SUITE 757,False,88.89,78.17,success,
1099_nec_2026_000200_scan_hard_02,1099_nec_2026_000200,1099_nec,test,hard,payer_city,text,PORT MEGANBOROUGH,PORTMEGANBOROUGH,PORT MEGANBOROUGH,PORTMEGANBOROUGH,False,96.97,44.0,success,
1099_nec_2026_000200_scan_hard_02,1099_nec_2026_000200,1099_nec,test,hard,payer_state,state,MS,,MS,,False,0.0,0.0,success,
1099_nec_2026_000200_scan_hard_02,1099_nec_2026_000200,1099_nec,test,hard,payer_zip,text,74350,Lc ene,74350,LC ENE,False,0.0,21.0,success,
1099_nec_2026_000200_scan_hard_02,1099_nec_2026_000200,1099_nec,test,hard,payer_tin,identifier,00-8244164,00-8244164,008244164,008244164,True,100.0,33.0,success,
1099_nec_2026_000200_scan_hard_02,1099_nec_2026_000200,1099_nec,test,hard,recipient_tin,identifier,000-88-5466,SPP,000885466,SPP,False,0.0,10.0,success,
1099_nec_2026_000200_scan_hard_02,1099_nec_2026_000200,1099_nec,test,hard,recipient_name,text,KYLE DAVIS,,KYLE DAVIS,,False,0.0,0.0,success,
1099_nec_2026_000200_scan_hard_02,1099_nec_2026_000200,1099_nec,test,hard,recipient_street,text,87942 CASTRO PARKWAYS,gTuCASTROPARWAYS,87942 CASTRO PARKWAYS,GTUCASTROPARWAYS,False,70.27,0.0,success,
1099_nec_2026_000200_scan_hard_02,1099_nec_2026_000200,1099_nec,test,hard,recipient_city,text,SOUTH JESSICA,,SOUTH JESSICA,,False,0.0,0.0,success,
1099_nec_2026_000200_scan_hard_02,1099_nec_2026_000200,1099_nec,test,hard,recipient_state,state,MO,WG,MO,WG,False,0.0,0.0,success,
1099_nec_2026_000200_scan_hard_02,1099_nec_2026_000200,1099_nec,test,hard,recipient_zip,text,76338,763 WV MV eEeoae,76338,763 WV MV EEEOAE,False,28.57,34.0,success,
1099_nec_2026_000200_scan_hard_02,1099_nec_2026_000200,1099_nec,test,hard,nonemployee_compensation,money,"117,567.63",,117567.63,,False,0.0,0.0,success,
1099_nec_2026_000200_scan_hard_02,1099_nec_2026_000200,1099_nec,test,hard,federal_income_tax_withheld,text,0.00,Federal Income tar Within 0.00,0 00,FEDERAL INCOME TAR WITHIN 0 00,False,23.53,56.4,success,
1099_nec_2026_000200_scan_hard_02,1099_nec_2026_000200,1099_nec,test,hard,account_number,identifier,NEC-2026-000200,,NEC2026000200,,False,0.0,0.0,success,
1099_nec_2026_000200_scan_hard_02,1099_nec_2026_000200,1099_nec,test,hard,state_tax_withheld,money,"3,747.77",$87.7,3747.77,87.70,False,50.0,0.0,success,
1099_nec_2026_000200_scan_hard_02,1099_nec_2026_000200,1099_nec,test,hard,state_payer_number,identifier,MO-5283960,M60,MO5283960,M60,False,50.0,0.0,success,
1099_nec_2026_000200_scan_hard_02,1099_nec_2026_000200,1099_nec,test,hard,state_income,money,"117,567.63","$117,567.63",117567.63,117567.63,True,100.0,0.0,success,
1099_nec_2026_000204_scan_mild_01,1099_nec_2026_000204,1099_nec,test,mild,payer_name,text,"HUBER, BLAIR AND CLINE","HUBER, BLAIR AND CLINE",HUBER BLAIR AND CLINE,HUBER BLAIR AND CLINE,True,100.0,95.5,success,
1099_nec_2026_000204_scan_mild_01,1099_nec_2026_000204,1099_nec,test,mild,payer_street,text,214 SCOTT LOOP APT. 359,214 SCOTT LOOP APT. 359,214 SCOTT LOOP APT 359,214 SCOTT LOOP APT 359,True,100.0,96.0,success,
1099_nec_2026_000204_scan_mild_01,1099_nec_2026_000204,1099_nec,test,mild,payer_city,text,SOUTH COURTNEY,SOUTH COURTNEY,SOUTH COURTNEY,SOUTH COURTNEY,True,100.0,96.0,success,
1099_nec_2026_000204_scan_mild_01,1099_nec_2026_000204,1099_nec,test,mild,payer_state,state,KS,KS B,KS,KSB,False,80.0,0.0,success,
1099_nec_2026_000204_scan_mild_01,1099_nec_2026_000204,1099_nec,test,mild,payer_zip,text,72055,72085 ower Danted - plted | rattle Apeinend www,72055,72085 OWER DANTED PLTED RATTLE APEINEND WWW,False,16.67,26.67,success,
1099_nec_2026_000204_scan_mild_01,1099_nec_2026_000204,1099_nec,test,mild,payer_tin,identifier,00-5636946,00-5636946,005636946,005636946,True,100.0,92.0,success,
1099_nec_2026_000204_scan_mild_01,1099_nec_2026_000204,1099_nec,test,mild,recipient_tin,identifier,000-64-6298,000-64-6298,000646298,000646298,True,100.0,92.0,success,
1099_nec_2026_000204_scan_mild_01,1099_nec_2026_000204,1099_nec,test,mild,recipient_name,text,MATTHEW WILLIAMSON,MATTHEW WILLIAMSON,MATTHEW WILLIAMSON,MATTHEW WILLIAMSON,True,100.0,96.0,success,
1099_nec_2026_000204_scan_mild_01,1099_nec_2026_000204,1099_nec,test,mild,recipient_street,text,969 COLLINS PARKWAYS,969 COLLINS PARKWAYS,969 COLLINS PARKWAYS,969 COLLINS PARKWAYS,True,100.0,94.0,success,
1099_nec_2026_000204_scan_mild_01,1099_nec_2026_000204,1099_nec,test,mild,recipient_city,text,BRADLEYLAND,BRADLEYLAND,BRADLEYLAND,BRADLEYLAND,True,100.0,92.0,success,
1099_nec_2026_000204_scan_mild_01,1099_nec_2026_000204,1099_nec,test,mild,recipient_state,state,MD,MD ER,MD,MDER,False,66.67,0.0,success,
1099_nec_2026_000204_scan_mild_01,1099_nec_2026_000204,1099_nec,test,mild,recipient_zip,text,45102,451 02 Dprsteitnctey thet van Apt te gant Ltr Min oft,45102,451 02 DPRSTEITNCTEY THET VAN APT TE GANT LTR MIN OFT,False,17.24,27.18,success,
1099_nec_2026_000204_scan_mild_01,1099_nec_2026_000204,1099_nec,test,mild,nonemployee_compensation,money,"119,711.31","$ 119,711.31",119711.31,119711.31,True,100.0,48.0,success,
1099_nec_2026_000204_scan_mild_01,1099_nec_2026_000204,1099_nec,test,mild,federal_income_tax_withheld,text,"5,289.48",". ee 5,289.48",5 289 48,EE 5 289 48,False,84.21,32.0,success,
1099_nec_2026_000204_scan_mild_01,1099_nec_2026_000204,1099_nec,test,mild,account_number,identifier,NEC-2026-000204,NEC-2026-000204,NEC2026000204,NEC2026000204,True,100.0,66.0,success,
1099_nec_2026_000204_scan_mild_01,1099_nec_2026_000204,1099_nec,test,mild,state_tax_withheld,money,0.00,,0.00,,False,0.0,0.0,success,
1099_nec_2026_000204_scan_mild_01,1099_nec_2026_000204,1099_nec,test,mild,state_payer_number,identifier,MD-2046686,MD-20466860,MD2046686,MD20466860,False,94.74,0.0,success,
1099_nec_2026_000204_scan_mild_01,1099_nec_2026_000204,1099_nec,test,mild,state_income,money,"119,711.31","$119,711.31",119711.31,119711.31,True,100.0,5.0,success,
1099_nec_2026_000207_scan_mild_01,1099_nec_2026_000207,1099_nec,test,mild,payer_name,text,BENSON-WELLS,BENSON-WELLS,BENSON WELLS,BENSON WELLS,True,100.0,91.0,success,
1099_nec_2026_000207_scan_mild_01,1099_nec_2026_000207,1099_nec,test,mild,payer_street,text,59160 CHRISTIAN HARBORS APT. 158,59160 CHRISTIAN HARBORS APT. 158,59160 CHRISTIAN HARBORS APT 158,59160 CHRISTIAN HARBORS APT 158,True,100.0,96.0,success,
1099_nec_2026_000207_scan_mild_01,1099_nec_2026_000207,1099_nec,test,mild,payer_city,text,AMANDAHAVEN,AMANDAHAVEN,AMANDAHAVEN,AMANDAHAVEN,True,100.0,93.0,success,
1099_nec_2026_000207_scan_mild_01,1099_nec_2026_000207,1099_nec,test,mild,payer_state,state,SC,SC DR,SC,SCDR,False,66.67,35.0,success,
1099_nec_2026_000207_scan_mild_01,1099_nec_2026_000207,1099_nec,test,mild,payer_zip,text,51389,51389 s—F we ge ewe Sen wwe wee,51389,51389 S F WE GE EWE SEN WWE WEE,False,27.78,33.25,success,
1099_nec_2026_000207_scan_mild_01,1099_nec_2026_000207,1099_nec,test,mild,payer_tin,identifier,00-9646691,00-9646691,009646691,009646691,True,100.0,91.0,success,
1099_nec_2026_000207_scan_mild_01,1099_nec_2026_000207,1099_nec,test,mild,recipient_tin,identifier,000-72-8833,000-72-8833,000728833,000728833,True,100.0,92.0,success,
1099_nec_2026_000207_scan_mild_01,1099_nec_2026_000207,1099_nec,test,mild,recipient_name,text,ABIGAIL STRONG DDS,ABIGAIL STRONG DDS,ABIGAIL STRONG DDS,ABIGAIL STRONG DDS,True,100.0,96.0,success,
1099_nec_2026_000207_scan_mild_01,1099_nec_2026_000207,1099_nec,test,mild,recipient_street,text,9867 FREY CROSSROAD,9867 FREY CROSSROAD,9867 FREY CROSSROAD,9867 FREY CROSSROAD,True,100.0,96.0,success,
1099_nec_2026_000207_scan_mild_01,1099_nec_2026_000207,1099_nec,test,mild,recipient_city,text,PORT CHRISTIAN,PORT CHRISTIAN,PORT CHRISTIAN,PORT CHRISTIAN,True,100.0,96.0,success,
1099_nec_2026_000207_scan_mild_01,1099_nec_2026_000207,1099_nec,test,mild,recipient_state,state,OK,OK ORA,OK,OKORA,False,57.14,28.0,success,
1099_nec_2026_000207_scan_mild_01,1099_nec_2026_000207,1099_nec,test,mild,recipient_zip,text,78557,78557 Dice Ninf Cd) we bend be feted me Prema ol,78557,78557 DICE NINF CD WE BEND BE FETED ME PREMA OL,False,19.23,22.09,success,
1099_nec_2026_000207_scan_mild_01,1099_nec_2026_000207,1099_nec,test,mild,nonemployee_compensation,money,"114,502.35","$ 114,502.35",114502.35,114502.35,True,100.0,48.0,success,
1099_nec_2026_000207_scan_mild_01,1099_nec_2026_000207,1099_nec,test,mild,federal_income_tax_withheld,text,0.00,: sities eri 0.00,0 00,SITIES ERI 0 00,False,42.11,48.75,success,
1099_nec_2026_000207_scan_mild_01,1099_nec_2026_000207,1099_nec,test,mild,account_number,identifier,NEC-2026-000207,NEC-2026-000207,NEC2026000207,NEC2026000207,True,100.0,44.0,success,
1099_nec_2026_000207_scan_mild_01,1099_nec_2026_000207,1099_nec,test,mild,state_tax_withheld,money,"2,265.98","52,265.98",2265.98,52265.98,False,93.33,0.0,success,
1099_nec_2026_000207_scan_mild_01,1099_nec_2026_000207,1099_nec,test,mild,state_payer_number,identifier,OK-2176077,OK2176077,OK2176077,OK2176077,True,100.0,3.0,success,
1099_nec_2026_000207_scan_mild_01,1099_nec_2026_000207,1099_nec,test,mild,state_income,money,"114,502.35","$-114,502.35",114502.35,-114502.35,False,94.74,0.0,success,
1099_nec_2026_000204_scan_hard_02,1099_nec_2026_000204,1099_nec,test,hard,payer_name,text,"HUBER, BLAIR AND CLINE",——,HUBER BLAIR AND CLINE,,False,0.0,16.0,success,
1099_nec_2026_000204_scan_hard_02,1099_nec_2026_000204,1099_nec,test,hard,payer_street,text,214 SCOTT LOOP APT. 359,214 SCOTT LOOP APT. 359,214 SCOTT LOOP APT 359,214 SCOTT LOOP APT 359,True,100.0,95.4,success,
1099_nec_2026_000204_scan_hard_02,1099_nec_2026_000204,1099_nec,test,hard,payer_city,text,SOUTH COURTNEY,ae Os oe |,SOUTH COURTNEY,AE OS OE,False,36.36,34.25,success,
1099_nec_2026_000204_scan_hard_02,1099_nec_2026_000204,1099_nec,test,hard,payer_state,state,KS,WO,KS,WO,False,0.0,0.0,success,
1099_nec_2026_000204_scan_hard_02,1099_nec_2026_000204,1099_nec,test,hard,payer_zip,text,72055,,72055,,False,0.0,0.0,success,
1099_nec_2026_000204_scan_hard_02,1099_nec_2026_000204,1099_nec,test,hard,payer_tin,identifier,00-5636946,,005636946,,False,0.0,0.0,success,
1099_nec_2026_000204_scan_hard_02,1099_nec_2026_000204,1099_nec,test,hard,recipient_tin,identifier,000-64-6298,SES,000646298,SES,False,0.0,0.0,success,
1099_nec_2026_000204_scan_hard_02,1099_nec_2026_000204,1099_nec,test,hard,recipient_name,text,MATTHEW WILLIAMSON,et,MATTHEW WILLIAMSON,ET,False,10.0,40.0,success,
1099_nec_2026_000204_scan_hard_02,1099_nec_2026_000204,1099_nec,test,hard,recipient_street,text,969 COLLINS PARKWAYS,,969 COLLINS PARKWAYS,,False,0.0,0.0,success,
1099_nec_2026_000204_scan_hard_02,1099_nec_2026_000204,1099_nec,test,hard,recipient_city,text,BRADLEYLAND,OOMNO eee,BRADLEYLAND,OOMNO EEE,False,10.0,17.5,success,
1099_nec_2026_000204_scan_hard_02,1099_nec_2026_000204,1099_nec,test,hard,recipient_state,state,MD,,MD,,False,0.0,0.0,success,
1099_nec_2026_000204_scan_hard_02,1099_nec_2026_000204,1099_nec,test,hard,recipient_zip,text,45102,45102 a) Pee Vee,45102,45102 A PEE VEE,False,50.0,38.0,success,
1099_nec_2026_000204_scan_hard_02,1099_nec_2026_000204,1099_nec,test,hard,nonemployee_compensation,money,"119,711.31","$ 119,711.31",119711.31,119711.31,True,100.0,47.5,success,
1099_nec_2026_000204_scan_hard_02,1099_nec_2026_000204,1099_nec,test,hard,federal_income_tax_withheld,text,"5,289.48",": i, ce ee 5,289.48",5 289 48,I CE EE 5 289 48,False,66.67,37.6,success,
1099_nec_2026_000204_scan_hard_02,1099_nec_2026_000204,1099_nec,test,hard,account_number,identifier,NEC-2026-000204,,NEC2026000204,,False,0.0,0.0,success,
1099_nec_2026_000204_scan_hard_02,1099_nec_2026_000204,1099_nec,test,hard,state_tax_withheld,money,0.00,,0.00,,False,0.0,0.0,success,
1099_nec_2026_000204_scan_hard_02,1099_nec_2026_000204,1099_nec,test,hard,state_payer_number,identifier,MD-2046686,M-2006686,MD2046686,M2006686,False,82.35,0.0,success,
1099_nec_2026_000204_scan_hard_02,1099_nec_2026_000204,1099_nec,test,hard,state_income,money,"119,711.31","$149,711.31",119711.31,149711.31,False,88.89,5.0,success,
1099_nec_2026_000207_scan_hard_02,1099_nec_2026_000207,1099_nec,test,hard,payer_name,text,BENSON-WELLS,BO PA OLR 2,BENSON WELLS,BO PA OLR 2,False,34.78,34.25,success,
1099_nec_2026_000207_scan_hard_02,1099_nec_2026_000207,1099_nec,test,hard,payer_street,text,59160 CHRISTIAN HARBORS APT. 158,59160 CHRISTIAN HARBORS APT. 158,59160 CHRISTIAN HARBORS APT 158,59160 CHRISTIAN HARBORS APT 158,True,100.0,94.0,success,
1099_nec_2026_000207_scan_hard_02,1099_nec_2026_000207,1099_nec,test,hard,payer_city,text,AMANDAHAVEN,ss AHAVEN .,AMANDAHAVEN,SS AHAVEN,False,60.0,30.67,success,
1099_nec_2026_000207_scan_hard_02,1099_nec_2026_000207,1099_nec,test,hard,payer_state,state,SC,SC,SC,SC,True,100.0,0.0,success,
1099_nec_2026_000207_scan_hard_02,1099_nec_2026_000207,1099_nec,test,hard,payer_zip,text,51389,51389 — a” Pewee Ves,51389,51389 A PEWEE VES,False,45.45,23.4,success,
1099_nec_2026_000207_scan_hard_02,1099_nec_2026_000207,1099_nec,test,hard,payer_tin,identifier,00-9646691,00-9646691,009646691,009646691,True,100.0,90.0,success,
1099_nec_2026_000207_scan_hard_02,1099_nec_2026_000207,1099_nec,test,hard,recipient_tin,identifier,000-72-8833,000-72-8833,000728833,000728833,True,100.0,91.0,success,
1099_nec_2026_000207_scan_hard_02,1099_nec_2026_000207,1099_nec,test,hard,recipient_name,text,ABIGAIL STRONG DDS,ABIGAIL STRONG DDS :,ABIGAIL STRONG DDS,ABIGAIL STRONG DDS,True,100.0,71.75,success,
1099_nec_2026_000207_scan_hard_02,1099_nec_2026_000207,1099_nec,test,hard,recipient_street,text,9867 FREY CROSSROAD,SS ee eee,9867 FREY CROSSROAD,SS EE EEE,False,21.43,24.0,success,
1099_nec_2026_000207_scan_hard_02,1099_nec_2026_000207,1099_nec,test,hard,recipient_city,text,PORT CHRISTIAN,PORT CHRISTIAN .,PORT CHRISTIAN,PORT CHRISTIAN,True,100.0,64.0,success,
1099_nec_2026_000207_scan_hard_02,1099_nec_2026_000207,1099_nec,test,hard,recipient_state,state,OK,MOC,OK,MOC,False,40.0,15.0,success,
1099_nec_2026_000207_scan_hard_02,1099_nec_2026_000207,1099_nec,test,hard,recipient_zip,text,78557,788 So eee ew,78557,788 SO EEE EW,False,22.22,41.0,success,
1099_nec_2026_000207_scan_hard_02,1099_nec_2026_000207,1099_nec,test,hard,nonemployee_compensation,money,"114,502.35","$ 114,502.35",114502.35,114502.35,True,100.0,89.5,success,
1099_nec_2026_000207_scan_hard_02,1099_nec_2026_000207,1099_nec,test,hard,federal_income_tax_withheld,text,0.00,Day ee 0.00,0 00,DAY EE 0 00,False,53.33,44.33,success,
1099_nec_2026_000207_scan_hard_02,1099_nec_2026_000207,1099_nec,test,hard,account_number,identifier,NEC-2026-000207,7 230,NEC2026000207,7230,False,23.53,22.5,success,
1099_nec_2026_000207_scan_hard_02,1099_nec_2026_000207,1099_nec,test,hard,state_tax_withheld,money,"2,265.98",$2265.98,2265.98,2265.98,True,100.0,0.0,success,
1099_nec_2026_000207_scan_hard_02,1099_nec_2026_000207,1099_nec,test,hard,state_payer_number,identifier,OK-2176077,OK276077,OK2176077,OK276077,False,94.12,29.0,success,
1099_nec_2026_000207_scan_hard_02,1099_nec_2026_000207,1099_nec,test,hard,state_income,money,"114,502.35","$114,502.35",114502.35,114502.35,True,100.0,0.0,success,
1099_nec_2026_000212_scan_mild_01,1099_nec_2026_000212,1099_nec,test,mild,payer_name,text,"WONG, VARGAS AND MARTIN","WONG, VARGAS AND MARTIN :",WONG VARGAS AND MARTIN,WONG VARGAS AND MARTIN,True,100.0,76.8,success,
1099_nec_2026_000212_scan_mild_01,1099_nec_2026_000212,1099_nec,test,mild,payer_street,text,91218 JOHNSON VIADUCT,91218 JOHNSON VIADUCT,91218 JOHNSON VIADUCT,91218 JOHNSON VIADUCT,True,100.0,93.67,success,
1099_nec_2026_000212_scan_mild_01,1099_nec_2026_000212,1099_nec,test,mild,payer_city,text,NEW JASON,NEW JASON,NEW JASON,NEW JASON,True,100.0,95.0,success,
1099_nec_2026_000212_scan_mild_01,1099_nec_2026_000212,1099_nec,test,mild,payer_state,state,HI,H FY,HI,HFY,False,40.0,0.0,success,
1099_nec_2026_000212_scan_mild_01,1099_nec_2026_000212,1099_nec,test,mild,payer_zip,text,68275,68275 www Pee Vw,68275,68275 WWW PEE VW,False,47.62,36.25,success,
1099_nec_2026_000212_scan_mild_01,1099_nec_2026_000212,1099_nec,test,mild,payer_tin,identifier,00-4551370,00-4551370,004551370,004551370,True,100.0,90.0,success,
1099_nec_2026_000212_scan_mild_01,1099_nec_2026_000212,1099_nec,test,mild,recipient_tin,identifier,000-93-9570,000-93-9570,000939570,000939570,True,100.0,91.0,success,
1099_nec_2026_000212_scan_mild_01,1099_nec_2026_000212,1099_nec,test,mild,recipient_name,text,TAMMY JOSEPH,"TAMMY JOSEPH ,",TAMMY JOSEPH,TAMMY JOSEPH,True,100.0,64.0,success,
1099_nec_2026_000212_scan_mild_01,1099_nec_2026_000212,1099_nec,test,mild,recipient_street,text,21010 JERRY ALLEY,21010 JERRY ALLEY,21010 JERRY ALLEY,21010 JERRY ALLEY,True,100.0,96.33,success,
1099_nec_2026_000212_scan_mild_01,1099_nec_2026_000212,1099_nec,test,mild,recipient_city,text,NORTH HEATHERFURT,NORTH HEATHERFURT,NORTH HEATHERFURT,NORTH HEATHERFURT,True,100.0,94.0,success,
1099_nec_2026_000212_scan_mild_01,1099_nec_2026_000212,1099_nec,test,mild,recipient_state,state,NH,NH RB,NH,NHRB,False,66.67,6.5,success,
1099_nec_2026_000212_scan_mild_01,1099_nec_2026_000212,1099_nec,test,mild,recipient_zip,text,57382,57382 SR Se Oa SZ STS Core ed,57382,57382 SR SE OA SZ STS CORE ED,False,29.41,23.75,success,
1099_nec_2026_000212_scan_mild_01,1099_nec_2026_000212,1099_nec,test,mild,nonemployee_compensation,money,"5,754.53","$ 5,754.53",5754.53,5754.53,True,100.0,88.5,success,
1099_nec_2026_000212_scan_mild_01,1099_nec_2026_000212,1099_nec,test,mild,federal_income_tax_withheld,text,48.39,. ine es 48.39,48 39,INE ES 48 39,False,58.82,36.75,success,
1099_nec_2026_000212_scan_mild_01,1099_nec_2026_000212,1099_nec,test,mild,account_number,identifier,NEC-2026-000212,NEC-2026-000212,NEC2026000212,NEC2026000212,True,100.0,20.0,success,
1099_nec_2026_000212_scan_mild_01,1099_nec_2026_000212,1099_nec,test,mild,state_tax_withheld,money,0.00,,0.00,,False,0.0,0.0,success,
1099_nec_2026_000212_scan_mild_01,1099_nec_2026_000212,1099_nec,test,mild,state_payer_number,identifier,NH-3499027,NH-349902700,NH3499027,NH349902700,False,90.0,0.0,success,
1099_nec_2026_000212_scan_mild_01,1099_nec_2026_000212,1099_nec,test,mild,state_income,money,"5,754.53","$5,754.53",5754.53,5754.53,True,100.0,0.0,success,
1099_nec_2026_000220_scan_mild_01,1099_nec_2026_000220,1099_nec,test,mild,payer_name,text,SCOTT-GALLAGHER,SCOTT-GALLAGHER,SCOTT GALLAGHER,SCOTT GALLAGHER,True,100.0,92.0,success,
1099_nec_2026_000220_scan_mild_01,1099_nec_2026_000220,1099_nec,test,mild,payer_street,text,2680 ATKINS PLAINS,2680 ATKINS PLAINS,2680 ATKINS PLAINS,2680 ATKINS PLAINS,True,100.0,88.0,success,
1099_nec_2026_000220_scan_mild_01,1099_nec_2026_000220,1099_nec,test,mild,payer_city,text,WILLIAMSCHESTER,WILLIAMSCHESTER,WILLIAMSCHESTER,WILLIAMSCHESTER,True,100.0,83.0,success,
1099_nec_2026_000220_scan_mild_01,1099_nec_2026_000220,1099_nec,test,mild,payer_state,state,NV,NV VV,NV,NVVV,False,66.67,33.5,success,
1099_nec_2026_000220_scan_mild_01,1099_nec_2026_000220,1099_nec,test,mild,payer_zip,text,25897,28897 ~~ wi * | le atl at natn areata beot,25897,28897 WI LE ATL AT NATN AREATA BEOT,False,20.0,28.64,success,
1099_nec_2026_000220_scan_mild_01,1099_nec_2026_000220,1099_nec,test,mild,payer_tin,identifier,00-4678843,00-4678843,004678843,004678843,True,100.0,91.0,success,
1099_nec_2026_000220_scan_mild_01,1099_nec_2026_000220,1099_nec,test,mild,recipient_tin,identifier,000-69-4409,000-69-4409,000694409,000694409,True,100.0,92.0,success,
1099_nec_2026_000220_scan_mild_01,1099_nec_2026_000220,1099_nec,test,mild,recipient_name,text,COLLEEN ROBBINS,COLLEEN ROBBINS,COLLEEN ROBBINS,COLLEEN ROBBINS,True,100.0,94.5,success,
1099_nec_2026_000220_scan_mild_01,1099_nec_2026_000220,1099_nec,test,mild,recipient_street,text,8838 PONCE ISLAND APT. 646,8838 PONCE ISLAND APT. 646,8838 PONCE ISLAND APT 646,8838 PONCE ISLAND APT 646,True,100.0,95.2,success,
1099_nec_2026_000220_scan_mild_01,1099_nec_2026_000220,1099_nec,test,mild,recipient_city,text,NEW BRANDON,NEW BRANDON,NEW BRANDON,NEW BRANDON,True,100.0,96.0,success,
1099_nec_2026_000220_scan_mild_01,1099_nec_2026_000220,1099_nec,test,mild,recipient_state,state,MA,WVV,MA,WVV,False,0.0,0.0,success,
1099_nec_2026_000220_scan_mild_01,1099_nec_2026_000220,1099_nec,test,mild,recipient_zip,text,07457,re awe ae,07457,RE AWE AE,False,0.0,10.0,success,
1099_nec_2026_000220_scan_mild_01,1099_nec_2026_000220,1099_nec,test,mild,nonemployee_compensation,money,"106,837.70","106,837.70",106837.70,106837.70,True,100.0,96.0,success,
1099_nec_2026_000220_scan_mild_01,1099_nec_2026_000220,1099_nec,test,mild,federal_income_tax_withheld,text,0.00,BS Weil CAS FE ONE ew SN eee 0.00,0 00,BS WEIL CAS FE ONE EW SN EEE 0 00,False,21.62,32.33,success,
1099_nec_2026_000220_scan_mild_01,1099_nec_2026_000220,1099_nec,test,mild,account_number,identifier,NEC-2026-000220,NEC-2026-000220,NEC2026000220,NEC2026000220,True,100.0,0.0,success,
1099_nec_2026_000220_scan_mild_01,1099_nec_2026_000220,1099_nec,test,mild,state_tax_withheld,money,0.00,,0.00,,False,0.0,0.0,success,
1099_nec_2026_000220_scan_mild_01,1099_nec_2026_000220,1099_nec,test,mild,state_payer_number,identifier,MA-3503452,MA-3503452000,MA3503452,MA3503452000,False,85.71,0.0,success,
1099_nec_2026_000220_scan_mild_01,1099_nec_2026_000220,1099_nec,test,mild,state_income,money,"106,837.70",,106837.70,,False,0.0,0.0,success,
1099_nec_2026_000212_scan_hard_02,1099_nec_2026_000212,1099_nec,test,hard,payer_name,text,"WONG, VARGAS AND MARTIN",WONG. VARGAS AND TIN,WONG VARGAS AND MARTIN,WONG VARGAS AND TIN,False,92.68,76.5,success,
1099_nec_2026_000212_scan_hard_02,1099_nec_2026_000212,1099_nec,test,hard,payer_street,text,91218 JOHNSON VIADUCT,91218 JOHNSON bist,91218 JOHNSON VIADUCT,91218 JOHNSON BIST,False,82.05,62.67,success,
1099_nec_2026_000212_scan_hard_02,1099_nec_2026_000212,1099_nec,test,hard,payer_city,text,NEW JASON,NEW Ji Wevert 3,NEW JASON,NEW JI WEVERT 3,False,41.67,63.75,success,
1099_nec_2026_000212_scan_hard_02,1099_nec_2026_000212,1099_nec,test,hard,payer_state,state,HI,WIV,HI,WIV,False,40.0,9.0,success,
1099_nec_2026_000212_scan_hard_02,1099_nec_2026_000212,1099_nec,test,hard,payer_zip,text,68275,827s w=’ sr...”,68275,827S W SR,False,42.86,20.0,success,
1099_nec_2026_000212_scan_hard_02,1099_nec_2026_000212,1099_nec,test,hard,payer_tin,identifier,00-4551370,00-4551370 S,004551370,004551370S,False,94.74,45.0,success,
1099_nec_2026_000212_scan_hard_02,1099_nec_2026_000212,1099_nec,test,hard,recipient_tin,identifier,000-93-9570,00-83-9570,000939570,00839570,False,82.35,4.0,success,
1099_nec_2026_000212_scan_hard_02,1099_nec_2026_000212,1099_nec,test,hard,recipient_name,text,TAMMY JOSEPH,raamey i068 eae,TAMMY JOSEPH,RAAMEY I068 EAE,False,37.04,9.67,success,
1099_nec_2026_000212_scan_hard_02,1099_nec_2026_000212,1099_nec,test,hard,recipient_street,text,21010 JERRY ALLEY,21010 JERRY ALLEY,21010 JERRY ALLEY,21010 JERRY ALLEY,True,100.0,95.67,success,
1099_nec_2026_000212_scan_hard_02,1099_nec_2026_000212,1099_nec,test,hard,recipient_city,text,NORTH HEATHERFURT,NORTH sc etaande sy Sesida at TA Eee is er nap ale Sma RG neo ci wR,NORTH HEATHERFURT,NORTH SC ETAANDE SY SESIDA AT TA EEE IS ER NAP ALE SMA RG NEO CI WR,False,28.57,20.47,success,
1099_nec_2026_000212_scan_hard_02,1099_nec_2026_000212,1099_nec,test,hard,recipient_state,state,NH,,NH,,False,0.0,0.0,success,
1099_nec_2026_000212_scan_hard_02,1099_nec_2026_000212,1099_nec,test,hard,recipient_zip,text,57382,NE eS,57382,NE ES,False,0.0,21.0,success,
1099_nec_2026_000212_scan_hard_02,1099_nec_2026_000212,1099_nec,test,hard,nonemployee_compensation,money,"5,754.53","5,754.53",5754.53,5754.53,True,100.0,74.0,success,
1099_nec_2026_000212_scan_hard_02,1099_nec_2026_000212,1099_nec,test,hard,federal_income_tax_withheld,text,48.39,a wwe E> eer | 48.39,48 39,A WWE E EER 48 39,False,45.45,45.0,success,
1099_nec_2026_000212_scan_hard_02,1099_nec_2026_000212,1099_nec,test,hard,account_number,identifier,NEC-2026-000212,SE,NEC2026000212,SE,False,13.33,0.0,success,
1099_nec_2026_000212_scan_hard_02,1099_nec_2026_000212,1099_nec,test,hard,state_tax_withheld,money,0.00,,0.00,,False,0.0,0.0,success,
1099_nec_2026_000212_scan_hard_02,1099_nec_2026_000212,1099_nec,test,hard,state_payer_number,identifier,NH-3499027,NH490027,NH3499027,NH490027,False,82.35,0.0,success,
1099_nec_2026_000212_scan_hard_02,1099_nec_2026_000212,1099_nec,test,hard,state_income,money,"5,754.53",,5754.53,,False,0.0,0.0,success,
1099_nec_2026_000229_scan_mild_01,1099_nec_2026_000229,1099_nec,test,mild,payer_name,text,ROBBINS-WILLIAMS,ROBBINS-WILLIAMS O agWena rene,ROBBINS WILLIAMS,ROBBINS WILLIAMS O AGWENA RENE,False,69.57,24.0,success,
1099_nec_2026_000229_scan_mild_01,1099_nec_2026_000229,1099_nec,test,mild,payer_street,text,165 RICHARD LOCKS,165 RICHARD LOCKS,165 RICHARD LOCKS,165 RICHARD LOCKS,True,100.0,96.0,success,
1099_nec_2026_000229_scan_mild_01,1099_nec_2026_000229,1099_nec,test,mild,payer_city,text,NORTH EVELYN,NORTH EVELYN,NORTH EVELYN,NORTH EVELYN,True,100.0,93.5,success,
1099_nec_2026_000229_scan_mild_01,1099_nec_2026_000229,1099_nec,test,mild,payer_state,state,GU,GU VVVV,GU,GUVVVV,False,50.0,24.5,success,
1099_nec_2026_000229_scan_mild_01,1099_nec_2026_000229,1099_nec,test,mild,payer_zip,text,08029,8029 Span. ye,08029,8029 SPAN YE,False,47.06,31.0,success,
1099_nec_2026_000229_scan_mild_01,1099_nec_2026_000229,1099_nec,test,mild,payer_tin,identifier,00-6114309,00-611 4309,006114309,006114309,True,100.0,95.5,success,
1099_nec_2026_000229_scan_mild_01,1099_nec_2026_000229,1099_nec,test,mild,recipient_tin,identifier,000-30-8524,00-30-8524,000308524,00308524,False,94.12,45.0,success,
1099_nec_2026_000229_scan_mild_01,1099_nec_2026_000229,1099_nec,test,mild,recipient_name,text,RICKY HALL,RICKYHALL,RICKY HALL,RICKYHALL,False,94.74,69.0,success,
1099_nec_2026_000229_scan_mild_01,1099_nec_2026_000229,1099_nec,test,mild,recipient_street,text,7569 CHERYL FORK APT. 102,7569 CHERYL FORK APT. 102,7569 CHERYL FORK APT 102,7569 CHERYL FORK APT 102,True,100.0,95.8,success,
1099_nec_2026_000229_scan_mild_01,1099_nec_2026_000229,1099_nec,test,mild,recipient_city,text,SOUTH FELICIALAND,SOUTHFELIOALAND,SOUTH FELICIALAND,SOUTHFELIOALAND,False,87.5,22.0,success,
1099_nec_2026_000229_scan_mild_01,1099_nec_2026_000229,1099_nec,test,mild,recipient_state,state,NJ,VVN,NJ,VVN,False,40.0,0.0,success,
1099_nec_2026_000229_scan_mild_01,1099_nec_2026_000229,1099_nec,test,mild,recipient_zip,text,39630,39630 wa Fe ae,39630,39630 WA FE AE,False,52.63,30.5,success,
1099_nec_2026_000229_scan_mild_01,1099_nec_2026_000229,1099_nec,test,mild,nonemployee_compensation,money,"25,265.37",", 25,265.37",25265.37,25265.37,True,100.0,47.0,success,
1099_nec_2026_000229_scan_mild_01,1099_nec_2026_000229,1099_nec,test,mild,federal_income_tax_withheld,text,0.00,; TF UMC CA TE TNANAE EEN SR) OPP em 0.00,0 00,TF UMC CA TE TNANAE EEN SR OPP EM 0 00,False,19.05,30.55,success,
1099_nec_2026_000229_scan_mild_01,1099_nec_2026_000229,1099_nec,test,mild,account_number,identifier,NEC-2026-000229,NEC-2026000229,NEC2026000229,NEC2026000229,True,100.0,11.0,success,
1099_nec_2026_000229_scan_mild_01,1099_nec_2026_000229,1099_nec,test,mild,state_tax_withheld,money,"1,514.33","$1,814.38",1514.33,1814.38,False,71.43,0.0,success,
1099_nec_2026_000229_scan_mild_01,1099_nec_2026_000229,1099_nec,test,mild,state_payer_number,identifier,NJ-1409590,,NJ1409590,,False,0.0,0.0,success,
1099_nec_2026_000229_scan_mild_01,1099_nec_2026_000229,1099_nec,test,mild,state_income,money,"25,265.37","$-25,265.97",25265.37,-25265.97,False,82.35,0.0,success,
1099_nec_2026_000220_scan_hard_02,1099_nec_2026_000220,1099_nec,test,hard,payer_name,text,SCOTT-GALLAGHER,SCOTT-GALLAGHER a,SCOTT GALLAGHER,SCOTT GALLAGHER A,False,93.75,55.5,success,
1099_nec_2026_000220_scan_hard_02,1099_nec_2026_000220,1099_nec,test,hard,payer_street,text,2680 ATKINS PLAINS,2680 ATKINS PLAINS,2680 ATKINS PLAINS,2680 ATKINS PLAINS,True,100.0,95.33,success,
1099_nec_2026_000220_scan_hard_02,1099_nec_2026_000220,1099_nec,test,hard,payer_city,text,WILLIAMSCHESTER,WILLIAMSCHESTER,WILLIAMSCHESTER,WILLIAMSCHESTER,True,100.0,90.0,success,
1099_nec_2026_000220_scan_hard_02,1099_nec_2026_000220,1099_nec,test,hard,payer_state,state,NV,NV VPIV,NV,NVVPIV,False,50.0,28.0,success,
1099_nec_2026_000220_scan_hard_02,1099_nec_2026_000220,1099_nec,test,hard,payer_zip,text,25897,25097 wey r---,25897,25097 WEY R,False,50.0,35.67,success,
1099_nec_2026_000220_scan_hard_02,1099_nec_2026_000220,1099_nec,test,hard,payer_tin,identifier,00-4678843,DTS,004678843,DTS,False,0.0,0.0,success,
1099_nec_2026_000220_scan_hard_02,1099_nec_2026_000220,1099_nec,test,hard,recipient_tin,identifier,000-69-4409,LDBRB,000694409,LDBRB,False,0.0,0.0,success,
1099_nec_2026_000220_scan_hard_02,1099_nec_2026_000220,1099_nec,test,hard,recipient_name,text,COLLEEN ROBBINS,,COLLEEN ROBBINS,,False,0.0,0.0,success,
1099_nec_2026_000220_scan_hard_02,1099_nec_2026_000220,1099_nec,test,hard,recipient_street,text,8838 PONCE ISLAND APT. 646,,8838 PONCE ISLAND APT 646,,False,0.0,0.0,success,
1099_nec_2026_000220_scan_hard_02,1099_nec_2026_000220,1099_nec,test,hard,recipient_city,text,NEW BRANDON,NEWER,NEW BRANDON,NEWER,False,50.0,10.0,success,
1099_nec_2026_000220_scan_hard_02,1099_nec_2026_000220,1099_nec,test,hard,recipient_state,state,MA,WVPVEW,MA,WVPVEW,False,0.0,0.0,success,
1099_nec_2026_000220_scan_hard_02,1099_nec_2026_000220,1099_nec,test,hard,recipient_zip,text,07457,OME i,07457,OME I,False,0.0,28.5,success,
1099_nec_2026_000220_scan_hard_02,1099_nec_2026_000220,1099_nec,test,hard,nonemployee_compensation,money,"106,837.70","3 106,837.70",106837.70,3106837.70,False,94.74,64.0,success,
1099_nec_2026_000220_scan_hard_02,1099_nec_2026_000220,1099_nec,test,hard,federal_income_tax_withheld,text,0.00,FOV Ge Tire Seer Pere eee 0.00,0 00,FOV GE TIRE SEER PERE EEE 0 00,False,23.53,38.14,success,
1099_nec_2026_000220_scan_hard_02,1099_nec_2026_000220,1099_nec,test,hard,account_number,identifier,NEC-2026-000220,MVEEEEEE,NEC2026000220,MVEEEEEE,False,9.52,0.0,success,
1099_nec_2026_000220_scan_hard_02,1099_nec_2026_000220,1099_nec,test,hard,state_tax_withheld,money,0.00,,0.00,,False,0.0,0.0,success,
1099_nec_2026_000220_scan_hard_02,1099_nec_2026_000220,1099_nec,test,hard,state_payer_number,identifier,MA-3503452,MAS80945200,MA3503452,MAS80945200,False,60.0,0.0,success,
1099_nec_2026_000220_scan_hard_02,1099_nec_2026_000220,1099_nec,test,hard,state_income,money,"106,837.70",,106837.70,,False,0.0,0.0,success,
1099_nec_2026_000230_scan_mild_01,1099_nec_2026_000230,1099_nec,test,mild,payer_name,text,WILKINSON LTD,WILKINSON LTD,WILKINSON LTD,WILKINSON LTD,True,100.0,96.0,success,
1099_nec_2026_000230_scan_mild_01,1099_nec_2026_000230,1099_nec,test,mild,payer_street,text,96622 LAURIE FLATS APT. 670,96622 LAURIE FLATS APT. 670,96622 LAURIE FLATS APT 670,96622 LAURIE FLATS APT 670,True,100.0,94.6,success,
1099_nec_2026_000230_scan_mild_01,1099_nec_2026_000230,1099_nec,test,mild,payer_city,text,WEST RICHARDSTAD,WEST RICHARDSTAD,WEST RICHARDSTAD,WEST RICHARDSTAD,True,100.0,92.0,success,
1099_nec_2026_000230_scan_mild_01,1099_nec_2026_000230,1099_nec,test,mild,payer_state,state,MP,MP SO,MP,MPSO,False,66.67,19.0,success,
1099_nec_2026_000230_scan_mild_01,1099_nec_2026_000230,1099_nec,test,mild,payer_zip,text,55247,58247 weer eww Ve,55247,58247 WEER EWW VE,False,36.36,48.25,success,
1099_nec_2026_000230_scan_mild_01,1099_nec_2026_000230,1099_nec,test,mild,payer_tin,identifier,00-7214624,00-7214624,007214624,007214624,True,100.0,92.0,success,
1099_nec_2026_000230_scan_mild_01,1099_nec_2026_000230,1099_nec,test,mild,recipient_tin,identifier,000-90-8607,000-90-8607,000908607,000908607,True,100.0,91.0,success,
1099_nec_2026_000230_scan_mild_01,1099_nec_2026_000230,1099_nec,test,mild,recipient_name,text,SUSAN STEVENS,SUSAN STEVENS,SUSAN STEVENS,SUSAN STEVENS,True,100.0,96.0,success,
1099_nec_2026_000230_scan_mild_01,1099_nec_2026_000230,1099_nec,test,mild,recipient_street,text,3621 COX CIRCLE,3621 COX CIRCLE |,3621 COX CIRCLE,3621 COX CIRCLE,True,100.0,87.75,success,
1099_nec_2026_000230_scan_mild_01,1099_nec_2026_000230,1099_nec,test,mild,recipient_city,text,BIANCAVIEW,BIANCAVIEW,BIANCAVIEW,BIANCAVIEW,True,100.0,91.0,success,
1099_nec_2026_000230_scan_mild_01,1099_nec_2026_000230,1099_nec,test,mild,recipient_state,state,ME,ME,ME,ME,True,100.0,17.0,success,
1099_nec_2026_000230_scan_mild_01,1099_nec_2026_000230,1099_nec,test,mild,recipient_zip,text,86487,86487 ee we www,86487,86487 EE WE WWW,False,50.0,45.0,success,
1099_nec_2026_000230_scan_mild_01,1099_nec_2026_000230,1099_nec,test,mild,nonemployee_compensation,money,"80,806.12","$ 80,806.12",80806.12,80806.12,True,100.0,80.0,success,
1099_nec_2026_000230_scan_mild_01,1099_nec_2026_000230,1099_nec,test,mild,federal_income_tax_withheld,text,0.00,; le Ska ee os 0.00,0 00,LE SKA EE OS 0 00,False,38.1,40.5,success,
1099_nec_2026_000230_scan_mild_01,1099_nec_2026_000230,1099_nec,test,mild,account_number,identifier,NEC-2026-000230,NEC-2026-000230,NEC2026000230,NEC2026000230,True,100.0,92.0,success,
1099_nec_2026_000230_scan_mild_01,1099_nec_2026_000230,1099_nec,test,mild,state_tax_withheld,money,0.00,,0.00,,False,0.0,0.0,success,
1099_nec_2026_000230_scan_mild_01,1099_nec_2026_000230,1099_nec,test,mild,state_payer_number,identifier,ME-2186125,ME-2186125000,ME2186125,ME2186125000,False,85.71,0.0,success,
1099_nec_2026_000230_scan_mild_01,1099_nec_2026_000230,1099_nec,test,mild,state_income,money,"80,806.12","$-80,806.12",80806.12,-80806.12,False,94.12,0.0,success,
1099_nec_2026_000229_scan_hard_02,1099_nec_2026_000229,1099_nec,test,hard,payer_name,text,ROBBINS-WILLIAMS,SS eee eee s,ROBBINS WILLIAMS,SS EEE EEE S,False,21.43,15.0,success,
1099_nec_2026_000229_scan_hard_02,1099_nec_2026_000229,1099_nec,test,hard,payer_street,text,165 RICHARD LOCKS,165 RICHARD LOCKS,165 RICHARD LOCKS,165 RICHARD LOCKS,True,100.0,96.0,success,
1099_nec_2026_000229_scan_hard_02,1099_nec_2026_000229,1099_nec,test,hard,payer_city,text,NORTH EVELYN,Why TH EVE! YN,NORTH EVELYN,WHY TH EVE YN,False,64.0,80.5,success,
1099_nec_2026_000229_scan_hard_02,1099_nec_2026_000229,1099_nec,test,hard,payer_state,state,GU,GU,GU,GU,True,100.0,63.0,success,
1099_nec_2026_000229_scan_hard_02,1099_nec_2026_000229,1099_nec,test,hard,payer_zip,text,08029,080 ats te ands,08029,080 ATS TE ANDS,False,30.0,42.0,success,
1099_nec_2026_000229_scan_hard_02,1099_nec_2026_000229,1099_nec,test,hard,payer_tin,identifier,00-6114309,00-6114309,006114309,006114309,True,100.0,91.0,success,
1099_nec_2026_000229_scan_hard_02,1099_nec_2026_000229,1099_nec,test,hard,recipient_tin,identifier,000-30-8524,000-30-8524,000308524,000308524,True,100.0,91.0,success,
1099_nec_2026_000229_scan_hard_02,1099_nec_2026_000229,1099_nec,test,hard,recipient_name,text,RICKY HALL,RICKY ea ar ee,RICKY HALL,RICKY EA AR EE,False,58.33,43.5,success,
1099_nec_2026_000229_scan_hard_02,1099_nec_2026_000229,1099_nec,test,hard,recipient_street,text,7569 CHERYL FORK APT. 102,,7569 CHERYL FORK APT 102,,False,0.0,0.0,success,
1099_nec_2026_000229_scan_hard_02,1099_nec_2026_000229,1099_nec,test,hard,recipient_city,text,SOUTH FELICIALAND,SOUTH FEL! seid pee Ge meet,SOUTH FELICIALAND,SOUTH FEL SEID PEE GE MEET,False,51.16,27.5,success,
1099_nec_2026_000229_scan_hard_02,1099_nec_2026_000229,1099_nec,test,hard,recipient_state,state,NJ,NI,NJ,NI,False,50.0,53.0,success,
1099_nec_2026_000229_scan_hard_02,1099_nec_2026_000229,1099_nec,test,hard,recipient_zip,text,39630,39¢ ee eee,39630,39 EE EEE,False,28.57,32.33,success,
1099_nec_2026_000229_scan_hard_02,1099_nec_2026_000229,1099_nec,test,hard,nonemployee_compensation,money,"25,265.37",,25265.37,,False,0.0,0.0,success,
1099_nec_2026_000229_scan_hard_02,1099_nec_2026_000229,1099_nec,test,hard,federal_income_tax_withheld,text,0.00,. i A ee oh ott haat Core,0 00,I A EE OH OTT HAAT CORE,False,7.41,21.38,success,
1099_nec_2026_000229_scan_hard_02,1099_nec_2026_000229,1099_nec,test,hard,account_number,identifier,NEC-2026-000229,PORNOS,NEC2026000229,PORNOS,False,10.53,0.0,success,
1099_nec_2026_000229_scan_hard_02,1099_nec_2026_000229,1099_nec,test,hard,state_tax_withheld,money,"1,514.33",528,1514.33,528.00,False,30.77,0.0,success,
1099_nec_2026_000229_scan_hard_02,1099_nec_2026_000229,1099_nec,test,hard,state_payer_number,identifier,NJ-1409590,,NJ1409590,,False,0.0,0.0,success,
1099_nec_2026_000229_scan_hard_02,1099_nec_2026_000229,1099_nec,test,hard,state_income,money,"25,265.37","$25,265.97",25265.37,25265.97,False,87.5,0.0,success,
1099_nec_2026_000230_scan_hard_02,1099_nec_2026_000230,1099_nec,test,hard,payer_name,text,WILKINSON LTD,WILKINSON LTD,WILKINSON LTD,WILKINSON LTD,True,100.0,96.0,success,
1099_nec_2026_000230_scan_hard_02,1099_nec_2026_000230,1099_nec,test,hard,payer_street,text,96622 LAURIE FLATS APT. 670,96622 LAURIE FLATS APT. 670,96622 LAURIE FLATS APT 670,96622 LAURIE FLATS APT 670,True,100.0,94.2,success,
1099_nec_2026_000230_scan_hard_02,1099_nec_2026_000230,1099_nec,test,hard,payer_city,text,WEST RICHARDSTAD,"WEST RICHARDSTAD ,",WEST RICHARDSTAD,WEST RICHARDSTAD,True,100.0,61.33,success,
1099_nec_2026_000230_scan_hard_02,1099_nec_2026_000230,1099_nec,test,hard,payer_state,state,MP,MP P,MP,MPP,False,80.0,0.0,success,
1099_nec_2026_000230_scan_hard_02,1099_nec_2026_000230,1099_nec,test,hard,payer_zip,text,55247,58247 ~~ eee Ve,55247,58247 EEE VE,False,47.06,36.5,success,
1099_nec_2026_000230_scan_hard_02,1099_nec_2026_000230,1099_nec,test,hard,payer_tin,identifier,00-7214624,00-7214624,007214624,007214624,True,100.0,92.0,success,
1099_nec_2026_000230_scan_hard_02,1099_nec_2026_000230,1099_nec,test,hard,recipient_tin,identifier,000-90-8607,000-90-8607,000908607,000908607,True,100.0,91.0,success,
1099_nec_2026_000230_scan_hard_02,1099_nec_2026_000230,1099_nec,test,hard,recipient_name,text,SUSAN STEVENS,ee,SUSAN STEVENS,EE,False,26.67,16.0,success,
1099_nec_2026_000230_scan_hard_02,1099_nec_2026_000230,1099_nec,test,hard,recipient_street,text,3621 COX CIRCLE,3621 COX CIRCLE,3621 COX CIRCLE,3621 COX CIRCLE,True,100.0,96.0,success,
1099_nec_2026_000230_scan_hard_02,1099_nec_2026_000230,1099_nec,test,hard,recipient_city,text,BIANCAVIEW,,BIANCAVIEW,,False,0.0,0.0,success,
1099_nec_2026_000230_scan_hard_02,1099_nec_2026_000230,1099_nec,test,hard,recipient_state,state,ME,ME W,ME,MEW,False,80.0,22.5,success,
1099_nec_2026_000230_scan_hard_02,1099_nec_2026_000230,1099_nec,test,hard,recipient_zip,text,86487,ee 7 ae) Pe Oe eee,86487,EE 7 AE PE OE EEE,False,9.09,35.0,success,
1099_nec_2026_000230_scan_hard_02,1099_nec_2026_000230,1099_nec,test,hard,nonemployee_compensation,money,"80,806.12","5 80,806.12",80806.12,580806.12,False,94.12,76.5,success,
1099_nec_2026_000230_scan_hard_02,1099_nec_2026_000230,1099_nec,test,hard,federal_income_tax_withheld,text,0.00,; 2 asians Satoh 0.00,0 00,2 ASIANS SATOH 0 00,False,34.78,35.2,success,
1099_nec_2026_000230_scan_hard_02,1099_nec_2026_000230,1099_nec,test,hard,account_number,identifier,NEC-2026-000230,NEC-2026-000230 SEC,NEC2026000230,NEC2026000230SEC,False,89.66,33.0,success,
1099_nec_2026_000230_scan_hard_02,1099_nec_2026_000230,1099_nec,test,hard,state_tax_withheld,money,0.00,$.0,0.00,0.00,True,100.0,0.0,success,
1099_nec_2026_000230_scan_hard_02,1099_nec_2026_000230,1099_nec,test,hard,state_payer_number,identifier,ME-2186125,ME2186125000,ME2186125,ME2186125000,False,85.71,0.0,success,
1099_nec_2026_000230_scan_hard_02,1099_nec_2026_000230,1099_nec,test,hard,state_income,money,"80,806.12","$-80,806.12",80806.12,-80806.12,False,94.12,0.0,success,
1099_nec_2026_000236_scan_mild_01,1099_nec_2026_000236,1099_nec,test,mild,payer_name,text,BATES-DOUGHERTY,oe,BATES DOUGHERTY,OE,False,23.53,12.0,success,
1099_nec_2026_000236_scan_mild_01,1099_nec_2026_000236,1099_nec,test,mild,payer_street,text,0943 KAYLA FORGE,0943 KAYLA FORGE,0943 KAYLA FORGE,0943 KAYLA FORGE,True,100.0,96.0,success,
1099_nec_2026_000236_scan_mild_01,1099_nec_2026_000236,1099_nec,test,mild,payer_city,text,RICELAND,,RICELAND,,False,0.0,0.0,success,
1099_nec_2026_000236_scan_mild_01,1099_nec_2026_000236,1099_nec,test,mild,payer_state,state,NM,NM NEB,NM,NMNEB,False,57.14,29.0,success,
1099_nec_2026_000236_scan_mild_01,1099_nec_2026_000236,1099_nec,test,mild,payer_zip,text,22059,22059 ie t eve VVUS,22059,22059 IE T EVE VVUS,False,41.67,32.2,success,
1099_nec_2026_000236_scan_mild_01,1099_nec_2026_000236,1099_nec,test,mild,payer_tin,identifier,00-4426849,00-4426849,004426849,004426849,True,100.0,92.0,success,
1099_nec_2026_000236_scan_mild_01,1099_nec_2026_000236,1099_nec,test,mild,recipient_tin,identifier,000-76-1371,000-76-1371,000761371,000761371,True,100.0,92.0,success,
1099_nec_2026_000236_scan_mild_01,1099_nec_2026_000236,1099_nec,test,mild,recipient_name,text,CHRISTINA GONZALEZ,Serer,CHRISTINA GONZALEZ,SERER,False,17.39,41.0,success,
1099_nec_2026_000236_scan_mild_01,1099_nec_2026_000236,1099_nec,test,mild,recipient_street,text,2862 CAROLYN FERRY SUITE 352,2862 CAROLYN FERRY SUITE 352,2862 CAROLYN FERRY SUITE 352,2862 CAROLYN FERRY SUITE 352,True,100.0,95.8,success,
1099_nec_2026_000236_scan_mild_01,1099_nec_2026_000236,1099_nec,test,mild,recipient_city,text,TAMMYSTAD,,TAMMYSTAD,,False,0.0,0.0,success,
1099_nec_2026_000236_scan_mild_01,1099_nec_2026_000236,1099_nec,test,mild,recipient_state,state,GU,GU SON,GU,GUSON,False,57.14,13.5,success,
1099_nec_2026_000236_scan_mild_01,1099_nec_2026_000236,1099_nec,test,mild,recipient_zip,text,86913,86913 ENED TS MS VV,86913,86913 ENED TS MS VV,False,41.67,31.2,success,
1099_nec_2026_000236_scan_mild_01,1099_nec_2026_000236,1099_nec,test,mild,nonemployee_compensation,money,"15,909.61","15,909.61",15909.61,15909.61,True,100.0,96.0,success,
1099_nec_2026_000236_scan_mild_01,1099_nec_2026_000236,1099_nec,test,mild,federal_income_tax_withheld,text,658.52,$ cae ee 658.52,658 52,CAE EE 658 52,False,63.16,38.25,success,
1099_nec_2026_000236_scan_mild_01,1099_nec_2026_000236,1099_nec,test,mild,account_number,identifier,NEC-2026-000236,,NEC2026000236,,False,0.0,0.0,success,
1099_nec_2026_000236_scan_mild_01,1099_nec_2026_000236,1099_nec,test,mild,state_tax_withheld,money,0.00,,0.00,,False,0.0,0.0,success,
1099_nec_2026_000236_scan_mild_01,1099_nec_2026_000236,1099_nec,test,mild,state_payer_number,identifier,GU-3215051,GU-5051,GU3215051,GU5051,False,80.0,0.0,success,
1099_nec_2026_000236_scan_mild_01,1099_nec_2026_000236,1099_nec,test,mild,state_income,money,"15,909.61","$15,909.61",15909.61,15909.61,True,100.0,0.0,success,
1099_nec_2026_000245_scan_mild_01,1099_nec_2026_000245,1099_nec,test,mild,payer_name,text,ANDERSON-VAZQUEZ,ANDERSON-VAZQUEZ,ANDERSON VAZQUEZ,ANDERSON VAZQUEZ,True,100.0,71.0,success,
1099_nec_2026_000245_scan_mild_01,1099_nec_2026_000245,1099_nec,test,mild,payer_street,text,0754 LEE ROADS,0754 LEE ROADS,0754 LEE ROADS,0754 LEE ROADS,True,100.0,95.33,success,
1099_nec_2026_000245_scan_mild_01,1099_nec_2026_000245,1099_nec,test,mild,payer_city,text,WOODFORT,WOODFORT,WOODFORT,WOODFORT,True,100.0,93.0,success,
1099_nec_2026_000245_scan_mild_01,1099_nec_2026_000245,1099_nec,test,mild,payer_state,state,AS,AS M Y WVT,AS,ASMYWVT,False,44.44,0.0,success,
1099_nec_2026_000245_scan_mild_01,1099_nec_2026_000245,1099_nec,test,mild,payer_zip,text,77257,77287 eer ate Bee,77257,77287 EER ATE BEE,False,36.36,34.25,success,
1099_nec_2026_000245_scan_mild_01,1099_nec_2026_000245,1099_nec,test,mild,payer_tin,identifier,00-7057663,00-7057663,007057663,007057663,True,100.0,91.0,success,
1099_nec_2026_000245_scan_mild_01,1099_nec_2026_000245,1099_nec,test,mild,recipient_tin,identifier,000-60-3423,000-60-3423,000603423,000603423,True,100.0,92.0,success,
1099_nec_2026_000245_scan_mild_01,1099_nec_2026_000245,1099_nec,test,mild,recipient_name,text,RICHARD JOHNSON,RICHARD JOHNSON,RICHARD JOHNSON,RICHARD JOHNSON,True,100.0,96.0,success,
1099_nec_2026_000245_scan_mild_01,1099_nec_2026_000245,1099_nec,test,mild,recipient_street,text,44964 HICKMAN DRIVE,44964 HICKMAN DRIVE,44964 HICKMAN DRIVE,44964 HICKMAN DRIVE,True,100.0,93.0,success,
1099_nec_2026_000245_scan_mild_01,1099_nec_2026_000245,1099_nec,test,mild,recipient_city,text,NEW BRIAN,NEW BRIAN :,NEW BRIAN,NEW BRIAN,True,100.0,64.0,success,
1099_nec_2026_000245_scan_mild_01,1099_nec_2026_000245,1099_nec,test,mild,recipient_state,state,AK,AK AMG,AK,AKAMG,False,57.14,28.5,success,
1099_nec_2026_000245_scan_mild_01,1099_nec_2026_000245,1099_nec,test,mild,recipient_zip,text,19039,(e080,19039,E080,False,22.22,8.0,success,
1099_nec_2026_000245_scan_mild_01,1099_nec_2026_000245,1099_nec,test,mild,nonemployee_compensation,money,"69,173.30","69,173.30",69173.30,69173.30,True,100.0,95.0,success,
1099_nec_2026_000245_scan_mild_01,1099_nec_2026_000245,1099_nec,test,mild,federal_income_tax_withheld,text,"3,297.05","SECTS ai artes bites RAIS Sen AEE, Tans SOS SRT! 3,297.05",3 297 05,SECTS AI ARTES BITES RAIS SEN AEE TANS SOS SRT 3 297 05,False,25.4,24.09,success,
1099_nec_2026_000245_scan_mild_01,1099_nec_2026_000245,1099_nec,test,mild,account_number,identifier,NEC-2026-000245,NEC-2026-000245,NEC2026000245,NEC2026000245,True,100.0,0.0,success,
1099_nec_2026_000245_scan_mild_01,1099_nec_2026_000245,1099_nec,test,mild,state_tax_withheld,money,0.00,,0.00,,False,0.0,0.0,success,
1099_nec_2026_000245_scan_mild_01,1099_nec_2026_000245,1099_nec,test,mild,state_payer_number,identifier,AK-7477894,AK7477804,AK7477894,AK7477804,False,88.89,5.0,success,
1099_nec_2026_000245_scan_mild_01,1099_nec_2026_000245,1099_nec,test,mild,state_income,money,"69,173.30",$-,69173.30,-,False,0.0,0.0,success,
1099_nec_2026_000236_scan_hard_02,1099_nec_2026_000236,1099_nec,test,hard,payer_name,text,BATES-DOUGHERTY,sera eS :,BATES DOUGHERTY,SERA ES,False,27.27,19.67,success,
1099_nec_2026_000236_scan_hard_02,1099_nec_2026_000236,1099_nec,test,hard,payer_street,text,0943 KAYLA FORGE,0943 KAYLA FORGE Pe aN se,0943 KAYLA FORGE,0943 KAYLA FORGE PE AN SE,False,78.05,48.83,success,
1099_nec_2026_000236_scan_hard_02,1099_nec_2026_000236,1099_nec,test,hard,payer_city,text,RICELAND,Why VF rere Pe,RICELAND,WHY VF RERE PE,False,18.18,35.25,success,
1099_nec_2026_000236_scan_hard_02,1099_nec_2026_000236,1099_nec,test,hard,payer_state,state,NM,VSY,NM,VSY,False,0.0,0.0,success,
1099_nec_2026_000236_scan_hard_02,1099_nec_2026_000236,1099_nec,test,hard,payer_zip,text,22059,| SE ae ee,22059,SE AE EE,False,0.0,52.75,success,
1099_nec_2026_000236_scan_hard_02,1099_nec_2026_000236,1099_nec,test,hard,payer_tin,identifier,00-4426849,00-4426849,004426849,004426849,True,100.0,86.0,success,
1099_nec_2026_000236_scan_hard_02,1099_nec_2026_000236,1099_nec,test,hard,recipient_tin,identifier,000-76-1371,000-76-1371,000761371,000761371,True,100.0,68.0,success,
1099_nec_2026_000236_scan_hard_02,1099_nec_2026_000236,1099_nec,test,hard,recipient_name,text,CHRISTINA GONZALEZ,a SEEyaEee ae ree Ise eer rm,CHRISTINA GONZALEZ,A SEEYAEEE AE REE ISE EER RM,False,21.74,17.57,success,
1099_nec_2026_000236_scan_hard_02,1099_nec_2026_000236,1099_nec,test,hard,recipient_street,text,2862 CAROLYN FERRY SUITE 352,2062 CAROLYN FERAY SLATE S52,2862 CAROLYN FERRY SUITE 352,2062 CAROLYN FERAY SLATE S52,False,82.14,78.8,success,
1099_nec_2026_000236_scan_hard_02,1099_nec_2026_000236,1099_nec,test,hard,recipient_city,text,TAMMYSTAD,a SS,TAMMYSTAD,A SS,False,30.77,16.5,success,
1099_nec_2026_000236_scan_hard_02,1099_nec_2026_000236,1099_nec,test,hard,recipient_state,state,GU,GU,GU,GU,True,100.0,67.0,success,
1099_nec_2026_000236_scan_hard_02,1099_nec_2026_000236,1099_nec,test,hard,recipient_zip,text,86913,"a, eS ae",86913,A ES AE,False,0.0,15.0,success,
1099_nec_2026_000236_scan_hard_02,1099_nec_2026_000236,1099_nec,test,hard,nonemployee_compensation,money,"15,909.61","15,909.61",15909.61,15909.61,True,100.0,92.0,success,
1099_nec_2026_000236_scan_hard_02,1099_nec_2026_000236,1099_nec,test,hard,federal_income_tax_withheld,text,658.52,. Pee essere roe : 658.52,658 52,PEE ESSERE ROE 658 52,False,44.44,32.33,success,
1099_nec_2026_000236_scan_hard_02,1099_nec_2026_000236,1099_nec,test,hard,account_number,identifier,NEC-2026-000236,NEC-202 W,NEC2026000236,NEC202W,False,60.0,42.5,success,
1099_nec_2026_000236_scan_hard_02,1099_nec_2026_000236,1099_nec,test,hard,state_tax_withheld,money,0.00,.,0.00,.,False,40.0,0.0,success,
1099_nec_2026_000236_scan_hard_02,1099_nec_2026_000236,1099_nec,test,hard,state_payer_number,identifier,GU-3215051,G,GU3215051,G,False,20.0,0.0,success,
1099_nec_2026_000236_scan_hard_02,1099_nec_2026_000236,1099_nec,test,hard,state_income,money,"15,909.61","$15,909.61",15909.61,15909.61,True,100.0,0.0,success,
1099_nec_2026_000245_scan_hard_02,1099_nec_2026_000245,1099_nec,test,hard,payer_name,text,ANDERSON-VAZQUEZ,=.,ANDERSON VAZQUEZ,,False,0.0,2.0,success,
1099_nec_2026_000245_scan_hard_02,1099_nec_2026_000245,1099_nec,test,hard,payer_street,text,0754 LEE ROADS,0754 LEE ROADS :,0754 LEE ROADS,0754 LEE ROADS,True,100.0,75.0,success,
1099_nec_2026_000245_scan_hard_02,1099_nec_2026_000245,1099_nec,test,hard,payer_city,text,WOODFORT,—s we eee,WOODFORT,S WE EEE,False,12.5,36.67,success,
1099_nec_2026_000245_scan_hard_02,1099_nec_2026_000245,1099_nec,test,hard,payer_state,state,AS,MB,AS,MB,False,0.0,18.0,success,
1099_nec_2026_000245_scan_hard_02,1099_nec_2026_000245,1099_nec,test,hard,payer_zip,text,77257,77 ies,77257,77 IES,False,36.36,38.5,success,
1099_nec_2026_000245_scan_hard_02,1099_nec_2026_000245,1099_nec,test,hard,payer_tin,identifier,00-7057663,00-7057663,007057663,007057663,True,100.0,91.0,success,
1099_nec_2026_000245_scan_hard_02,1099_nec_2026_000245,1099_nec,test,hard,recipient_tin,identifier,000-60-3423,SONS,000603423,SONS,False,0.0,9.0,success,
1099_nec_2026_000245_scan_hard_02,1099_nec_2026_000245,1099_nec,test,hard,recipient_name,text,RICHARD JOHNSON,Sr,RICHARD JOHNSON,SR,False,11.76,29.0,success,
1099_nec_2026_000245_scan_hard_02,1099_nec_2026_000245,1099_nec,test,hard,recipient_street,text,44964 HICKMAN DRIVE,meno,44964 HICKMAN DRIVE,MENO,False,17.39,39.0,success,
1099_nec_2026_000245_scan_hard_02,1099_nec_2026_000245,1099_nec,test,hard,recipient_city,text,NEW BRIAN,eee Se,NEW BRIAN,EEE SE,False,26.67,36.0,success,
1099_nec_2026_000245_scan_hard_02,1099_nec_2026_000245,1099_nec,test,hard,recipient_state,state,AK,,AK,,False,0.0,0.0,success,
1099_nec_2026_000245_scan_hard_02,1099_nec_2026_000245,1099_nec,test,hard,recipient_zip,text,19039,19 = a Pree LAA,19039,19 A PREE LAA,False,22.22,38.8,success,
1099_nec_2026_000245_scan_hard_02,1099_nec_2026_000245,1099_nec,test,hard,nonemployee_compensation,money,"69,173.30",,69173.30,,False,0.0,0.0,success,
1099_nec_2026_000245_scan_hard_02,1099_nec_2026_000245,1099_nec,test,hard,federal_income_tax_withheld,text,"3,297.05","Aaa eee | 3,297.05",3 297 05,AAA EEE 3 297 05,False,66.67,43.5,success,
1099_nec_2026_000245_scan_hard_02,1099_nec_2026_000245,1099_nec,test,hard,account_number,identifier,NEC-2026-000245,,NEC2026000245,,False,0.0,0.0,success,
1099_nec_2026_000245_scan_hard_02,1099_nec_2026_000245,1099_nec,test,hard,state_tax_withheld,money,0.00,--.,0.00,--.,False,28.57,0.0,success,
1099_nec_2026_000245_scan_hard_02,1099_nec_2026_000245,1099_nec,test,hard,state_payer_number,identifier,AK-7477894,ARTATTO,AK7477894,ARTATTO,False,12.5,0.0,success,
1099_nec_2026_000245_scan_hard_02,1099_nec_2026_000245,1099_nec,test,hard,state_income,money,"69,173.30",,69173.30,,False,0.0,0.0,success,
