document_id,document_type,quality,field_name,expected_value,normalized_expected,tesseract_prediction,tesseract_normalized,tesseract_confidence,tesseract_exact_match,tesseract_similarity,trocr_prediction,trocr_normalized,trocr_exact_match,trocr_similarity,trocr_better_similarity,oracle_exact_match,oracle_similarity
w2_2026_000014,w2,clean,employee_ssn,000-75-4899,000754899,00-75-4899 BT,007548998,10.5,False,88.89,000-75-4899 S SOCULAR SECURITY INCLUCE:,00075489955015111,False,69.23,False,False,88.89
w2_2026_000014,w2,clean,employer_ein,00-5672073,005672073,005672073,005672073,0.0,True,100.0,00-57283 TERIMAN NAME (RM),00572831,False,70.59,False,True,100.0
w2_2026_000014,w2,clean,control_number,W2-2026-000014,W22026000014,22026-00001,2202600001,50.0,False,90.91,VE: 2028-0041-15- 1,VE20280041151,False,48.0,False,False,90.91
w2_2026_000014,w2,clean,employee_last_name,HERNANDEZ,HERNANDEZ,HERNANDEZ,HERNANDEZ,96.0,True,100.0,HERNANDEZ,HERNANDEZ,True,100.0,False,True,100.0
w2_2026_000014,w2,clean,wages,"37,877.37",37877.37,"837,877.37",837877.37,49.0,False,94.12,"* WAYES, UPS, UNIER DOM*37,877.37",5510037877.37,False,76.19,False,False,94.12
w2_2026_000014,w2,clean,social_security_tax_withheld,"2,348.40",2348.40,"2,848.40",2848.40,64.0,False,85.71,"* AUGIAT SELUINY IOA WWW*2,348.40",61511102348.40,False,66.67,False,False,85.71
w2_2026_000014,w2,clean,medicare_wages,"37,877.37",37877.37,"37,877.87",37877.87,58.0,False,87.5,"- REGULARS WAYES AND ""37,877.37",-6155037877.37,False,72.73,False,False,87.5
w2_2026_000014,w2,clean,state,PA,PA,PA,PA,53.0,True,100.0,=,,False,0.0,False,True,100.0
w2_2026_000014,w2,clean,employer_state_id,PA-8930103,PA8930103,PA930108,PA930108,0.0,False,82.35,PA-8990103 ..........................................,PA8990103,False,88.89,True,False,88.89
w2_2026_000014,w2,clean,state_wages,"37,877.37",37877.37,"87,877.37",87877.37,54.0,False,87.5,"..................37,877.37",0.38,False,33.33,False,False,87.5
w2_2026_000014,w2,clean,state_income_tax,"2,229.17",2229.17,8229.17,8229.17,50.0,False,85.71,".................. 2,229.17|",0.22,False,36.36,False,False,85.71
w2_2026_000002,w2,clean,employee_ssn,000-99-7924,000997924,00-99-7924 BE,009979248,1.0,False,88.89,000-99-7924 - SUSTAR SECURITY INCLUER,000997924555111,False,75.0,False,False,88.89
w2_2026_000002,w2,clean,employer_ein,00-6708456,006708456,006708456,006708456,0.0,True,100.0,00-578846 TERMINAL NAME (RM),0057884611,False,63.16,False,True,100.0
w2_2026_000002,w2,clean,control_number,W2-2026-000002,W22026000002,22028-00002,2202800002,42.0,False,81.82,VE: 2025-0022- 1/2018,VE2025002212018,False,44.44,False,False,81.82
w2_2026_000002,w2,clean,employee_last_name,ROGERS,ROGERS,ROGERS,ROGERS,95.0,True,100.0,ROGERS,ROGERS,True,100.0,False,True,100.0
w2_2026_000002,w2,clean,wages,"145,662.80",145662.80,"445,662.80",445662.80,48.0,False,88.89,"* WAYES, UPS, UNIER DOM 15,662.80",5510015662.80,False,72.73,False,False,88.89
w2_2026_000002,w2,clean,federal_tax_withheld,"24,353.46",24353.46,"24,353.46)",24353.46,45.0,True,100.0,"PLEASE INCLUSIVE 18% ** 24,353.46",1511511824353.46,False,66.67,False,True,100.0
w2_2026_000002,w2,clean,social_security_tax_withheld,"9,031.09",9031.09,"9,081.09",9081.09,59.0,False,85.71,"* AUGIAT SECURNY TAX WITH 9,031.09",61519031.09,False,77.78,False,False,85.71
w2_2026_000002,w2,clean,state,IL,IL,,,0.0,False,0.0,ED,ED,False,0.0,False,False,0.0
w2_2026_000002,w2,clean,employer_state_id,IL-2714803,IL2714803,708,708,2.0,False,33.33,IL-2714803 ..........................................,IL2714803,True,100.0,True,True,100.0
w2_2026_000002,w2,clean,state_wages,"145,662.80",145662.80,"145,662.80",145662.80,53.0,True,100.0,........15662.80,0.16,False,30.77,False,True,100.0
w2_2026_000002,w2,clean,state_income_tax,"2,087.15",2087.15,"2,087.15)",2087.15,60.0,True,100.0,".................. 2,087.15",0.21,False,54.55,False,True,100.0
w2_2026_000012,w2,clean,employee_ssn,000-77-7932,000777932,00-77-7932 CE,00777932,1.5,False,94.12,000-77-7932 - SUSTAR SECURRY INLINE:,000777932555111,False,75.0,False,False,94.12
w2_2026_000012,w2,clean,employer_ein,00-4553384,004553384,00-4553384,004553384,20.0,True,100.0,00-25534 TERIMAN NAME (RM),00255341,False,70.59,False,True,100.0
w2_2026_000012,w2,clean,control_number,W2-2026-000012,W22026000012,22026-00012,2202600012,39.0,False,90.91,VE: 2025-0022-15,VE2025002215,False,50.0,False,False,90.91
w2_2026_000012,w2,clean,employee_last_name,RIVERA,RIVERA,RIVERA,RIVERA,96.0,True,100.0,RIVERA,RIVERA,True,100.0,False,True,100.0
w2_2026_000012,w2,clean,wages,"117,373.26",117373.26,"447,373.26",447373.26,44.0,False,77.78,"* REVERS, UPS, UNCLUSI UOH 11 7,373.26",551510117373.26,False,75.0,False,False,77.78
w2_2026_000012,w2,clean,federal_tax_withheld,"23,772.02",23772.02,"28,772.02)",28772.02,62.0,False,87.5,"PLEASE INCLUSIVE TAX ***23,772.02",15115123772.02,False,72.73,False,False,87.5
w2_2026_000012,w2,clean,social_security_tax_withheld,"7,277.14",7277.14,7.87.44,7.87,47.0,False,36.36,"* SAVIA' SOUNDY TAX WWW*7,277.14",515007277.14,False,73.68,True,False,73.68
w2_2026_000012,w2,clean,state,VA,VA,VA,VA,46.0,True,100.0,=,,False,0.0,False,True,100.0
w2_2026_000012,w2,clean,employer_state_id,VA-6229731,VA6229731,62297381,62297381,0.0,False,82.35,|VA-6229731 ..........................................,VA6229731,True,100.0,True,True,100.0
w2_2026_000012,w2,clean,state_wages,"117,373.26",117373.26,"117,873.26",117873.26,56.0,False,88.89,........ !!!7.373.26,0.74,False,15.38,False,False,88.89
w2_2026_000012,w2,clean,state_income_tax,979.53,979.53,979.58),979.58,56.0,False,83.33,.................. 979.53,0.98,False,20.0,False,False,83.33
w2_2026_000010,w2,clean,employee_ssn,000-35-3504,000353504,00-35-3504 BE,003535048,13.5,False,88.89,000-35-3504 - SUSTAR SECURITY INCLUER,000353504555111,False,75.0,False,False,88.89
w2_2026_000010,w2,clean,employer_ein,00-7273233,007273233,00-7273288,007273288,0.0,False,77.78,0-727-238 TERMINAL NAME (RM),072723811,False,66.67,False,False,77.78
w2_2026_000010,w2,clean,control_number,W2-2026-000010,W22026000010,22026-00010,2202600010,45.0,False,90.91,WE AREBOOK OF RECEIPT ***,WEAREBOOKOFRECEIPT,False,6.67,False,False,90.91
w2_2026_000010,w2,clean,employee_last_name,WALTERS,WALTERS,WALTERS,WALTERS,96.0,True,100.0,WALTERS,WALTERS,True,100.0,False,True,100.0
w2_2026_000010,w2,clean,wages,"113,174.85",113174.85,"418,174.85",418174.85,49.0,False,77.78,"* REFES, UPS, UNCLUSI UOH 13,174.85",55151013174.85,False,78.26,True,False,78.26
w2_2026_000010,w2,clean,federal_tax_withheld,"25,579.83",25579.83,"28,579.88)",28579.88,66.0,False,75.0,"PLEASE INCLUSIVE 18% ** 25,579.83",1511511825579.83,False,66.67,False,False,75.0
w2_2026_000010,w2,clean,state,MH,MH,MH,MH,58.0,True,100.0,[MM),MM,False,50.0,False,True,100.0
w2_2026_000010,w2,clean,employer_state_id,MH-9897858,MH9897858,MH9897858,MH9897858,6.0,True,100.0,MH-9897858 ..........................................,MH9897858,True,100.0,False,True,100.0
w2_2026_000010,w2,clean,state_wages,"113,174.85",113174.85,"118,174.85",118174.85,52.0,False,88.89,......... 113774.85,0.11,False,30.77,False,False,88.89
w2_2026_000010,w2,clean,state_income_tax,"6,403.85",6403.85,6.08.85),6.09,56.0,False,36.36,"------------ 6,403.85",------------6403.85,False,53.85,True,False,53.85
w2_2026_000017,w2,clean,employee_ssn,000-40-3724,000403724,00-40-3724,00403724,0.0,False,94.12,000.40-3724 - SULIA' SECURRY INLINE:,0004037245115111,False,72.0,False,False,94.12
w2_2026_000017,w2,clean,employer_ein,00-7818496,007818496,00-7818496,007818496,10.0,True,100.0,0-78/8/46 MEMMARY NUMMARY (RM),078846,False,80.0,False,True,100.0
w2_2026_000017,w2,clean,control_number,W2-2026-000017,W22026000017,22026-00017,2202600017,31.0,False,90.91,"WE ARE-0077""",WEARE0077,False,38.1,False,False,90.91
w2_2026_000017,w2,clean,employee_last_name,JUAREZ,JUAREZ,JUAREZ,JUAREZ,96.0,True,100.0,JUAREZ,JUAREZ,True,100.0,False,True,100.0
w2_2026_000017,w2,clean,wages,"120,329.26",120329.26,"420,329.26",420329.26,56.0,False,88.89,"* WAYES, UPS, UNIER NOT 120,329.26",5510120329.26,False,81.82,False,False,88.89
w2_2026_000017,w2,clean,social_security_tax_withheld,"7,460.41",7460.41,7860.41,7860.41,38.0,False,85.71,"* AUGIAT SOLUARY TAX WITH 7,460.41",6150117460.41,False,70.0,False,False,85.71
w2_2026_000017,w2,clean,state,CT,CT,CT,CT,8.0,True,100.0,=,,False,0.0,False,True,100.0
w2_2026_000017,w2,clean,employer_state_id,CT-1983738,CT1983738,T1988738,T1988738,0.0,False,82.35,LCT-1983738 .........................,LCT1983738,False,94.74,True,False,94.74
w2_2026_000017,w2,clean,state_wages,"120,329.26",120329.26,"120,829.26",120829.26,62.0,False,88.89,................12032926,0.12,False,46.15,False,False,88.89
w2_2026_000017,w2,clean,state_income_tax,"5,100.69",5100.69,8100.69),8100.69,50.0,False,85.71,................ 5.100.69,0.51,False,36.36,False,False,85.71
w2_2026_000041,w2,clean,employee_ssn,000-82-1444,000821444,00-82-1444,00821444,59.0,False,94.12,000-82-1474 - SULIA' SECURRY INVOER,000821474511510,False,66.67,False,False,94.12
w2_2026_000041,w2,clean,employer_ein,00-2408404,002408404,002408404,002408404,0.0,True,100.0,00-20884 TERMINAL NAME (RM),002088411,False,66.67,False,True,100.0
w2_2026_000041,w2,clean,control_number,W2-2026-000041,W22026000041,22026-00008,2202600008,46.0,False,81.82,WE AREBOOK! ********,WEAREBOOK,False,9.52,False,False,81.82
w2_2026_000041,w2,clean,employee_last_name,HOLLAND,HOLLAND,HOLLAND,HOLLAND,96.0,True,100.0,HOLLAND,HOLLAND,True,100.0,False,True,100.0
w2_2026_000041,w2,clean,wages,"49,412.39",49412.39,"49,412.99",49412.99,55.0,False,87.5,"* REFES, UPS, UNCLUSI UOH #9,412.39",5515109412.39,False,66.67,False,False,87.5
w2_2026_000041,w2,clean,federal_tax_withheld,"11,706.56",11706.56,"4,708.56)",4708.56,44.0,False,66.67,"PLEASE INCLUSIVE TAX ***11,706.56",15115111706.56,False,72.73,True,False,72.73
w2_2026_000041,w2,clean,social_security_tax_withheld,"3,063.57",3063.57,"3,068.57",3068.57,60.0,False,85.71,"* AUGIAT SECURNY TAX WITH 3,063.57",61513063.57,False,77.78,False,False,85.71
w2_2026_000041,w2,clean,medicare_wages,"49,412.39",49412.39,"49,412.39",49412.39,58.0,True,100.0,"- REGULARS WAYES AND 49,412.39",-6155049412.39,False,72.73,False,True,100.0
w2_2026_000041,w2,clean,state,NM,NM,NM,NM,47.0,True,100.0,|MM,MM,False,50.0,False,True,100.0
w2_2026_000041,w2,clean,employer_state_id,NM-1843636,NM1843636,NM184368600,NM184368600,18.0,False,80.0,INM-1843636 .........................,INM1843636,False,94.74,True,False,94.74
w2_2026_000041,w2,clean,state_wages,"49,412.39",49412.39,"49,412.39",49412.39,55.0,True,100.0,"........ 49,412.39",0.49,False,33.33,False,True,100.0
w2_2026_000041,w2,clean,state_income_tax,"1,715.50",1715.50,"1,718.50)",1718.50,54.0,False,85.71,........715.50,0.72,False,18.18,False,False,85.71
w2_2026_000019,w2,clean,employee_ssn,000-30-1931,000301931,00-30-1931 BE,003019318,9.5,False,88.89,000-30-1931 - SUSTAR SECURITY INCLUER,000301931555111,False,75.0,False,False,88.89
w2_2026_000019,w2,clean,employer_ein,00-9519948,009519948,00-9519948,009519948,0.0,True,100.0,00-53/1968 TERMINAL NAME (RM),0053196811,False,63.16,False,True,100.0
w2_2026_000019,w2,clean,control_number,W2-2026-000019,W22026000019,22028-00019,2202800019,30.0,False,81.82,"WE AREBOOKS SOLD9"" ********",WEAREBOOKSSOLD9,False,14.81,False,False,81.82
w2_2026_000019,w2,clean,employee_last_name,RAMIREZ,RAMIREZ,RAMIREZ,RAMIREZ,96.0,True,100.0,RAMIREZ,RAMIREZ,True,100.0,False,True,100.0
w2_2026_000019,w2,clean,wages,"37,590.74",37590.74,"87,590.74",87590.74,56.0,False,87.5,"* WAYES, UPS, UNIER DOM*37,590.74",5510037590.74,False,76.19,False,False,87.5
w2_2026_000019,w2,clean,social_security_tax_withheld,"2,330.63",2330.63,"2,830.68",2830.68,64.0,False,71.43,"* AUGIAT SELUINY TAX WITH 2,330.63",6151112330.63,False,70.0,False,False,71.43
w2_2026_000019,w2,clean,medicare_wages,"37,590.74",37590.74,"37,590.74",37590.74,68.0,True,100.0,"- REGULARS WAYES WITH 37,590.74",-6155137590.74,False,72.73,False,True,100.0
w2_2026_000019,w2,clean,state,CO,CO,CO,CO,0.0,True,100.0,:,,False,0.0,False,True,100.0
w2_2026_000019,w2,clean,employer_state_id,CO-4946066,CO4946066,6,6,0.0,False,20.0,[CO-4946066 .................................,CO4946066,True,100.0,True,True,100.0
w2_2026_000019,w2,clean,state_wages,"37,590.74",37590.74,"87,590.74",87590.74,59.0,False,87.5,..................37.590.74,0.38,False,33.33,False,False,87.5
w2_2026_000019,w2,clean,state_income_tax,"1,164.98",1164.98,164.98),164.98,38.0,False,92.31,".................. 1,164.98",0.12,False,18.18,False,False,92.31
w2_2026_000048,w2,clean,employee_ssn,000-88-7209,000887209,00-88-7209 BT,008872098,18.5,False,88.89,000-88-7299- S SOCULAR SECURITY INCLUER,00088729955015111,False,61.54,False,False,88.89
w2_2026_000048,w2,clean,employer_ein,00-6643798,006643798,006643798,006643798,0.0,True,100.0,00-5438 TERIMAN NAME (RM),0054381,False,62.5,False,True,100.0
w2_2026_000048,w2,clean,control_number,W2-2026-000048,W22026000048,22028-00088,2202800088,50.0,False,72.73,VE: 2028-0048-15- 1,VE20280048151,False,56.0,False,False,72.73
w2_2026_000048,w2,clean,employee_last_name,HERRING,HERRING,HERRING,HERRING,96.0,True,100.0,HERRING,HERRING,True,100.0,False,True,100.0
w2_2026_000048,w2,clean,wages,"42,539.62",42539.62,"42,539.62",42539.62,46.0,True,100.0,"* WAYES, UPS, UNIER DOM* 42,539.62",5510042539.62,False,76.19,False,True,100.0
w2_2026_000048,w2,clean,social_security_wages,"42,539.62",42539.62,"42,599.62",42599.62,62.0,False,87.5,"JOURIAI SECURNY WEGES 42,539.62",1156542539.62,False,76.19,False,False,87.5
w2_2026_000048,w2,clean,social_security_tax_withheld,"2,637.46",2637.46,"2,687.48",2687.48,65.0,False,71.43,"* AUGIAT SELUINY TAX WITH 2,637.46",6151112637.46,False,70.0,False,False,71.43
w2_2026_000048,w2,clean,medicare_wages,"42,539.62",42539.62,"42,539.62",42539.62,53.0,True,100.0,"- REGULARS WAYES WITH 42,539.62",-6155142539.62,False,72.73,False,True,100.0
w2_2026_000048,w2,clean,state,CA,CA,CA,CA,59.0,True,100.0,[@,,False,0.0,False,True,100.0
w2_2026_000048,w2,clean,employer_state_id,CA-6952975,CA6952975,CA62975,CA62975,0.0,False,87.5,ICA-6952975 ..........................................,ICA6952975,False,94.74,True,False,94.74
w2_2026_000048,w2,clean,state_wages,"42,539.62",42539.62,"42,599.62",42599.62,62.0,False,87.5,................ 4259.62,0.43,False,33.33,False,False,87.5
w2_2026_000048,w2,clean,state_income_tax,"1,246.50",1246.50,"1,246.50)",1246.50,56.0,True,100.0,"........ 1,246.50",0.12,False,36.36,False,True,100.0
w2_2026_000049,w2,clean,employee_ssn,000-11-9464,000119464,00-11 946405,0011946405,28.0,False,84.21,000-11-9464 S SOCULAR SECURITY INCLUER,00011946455015111,False,69.23,False,False,84.21
w2_2026_000049,w2,clean,employer_ein,00-4205394,004205394,004205996,004205996,14.0,False,77.78,00-23534 TERIMAN TAMAN PNN.,00235341,False,70.59,False,False,77.78
w2_2026_000049,w2,clean,control_number,W2-2026-000049,W22026000049,22026-00089,2202600089,47.0,False,81.82,VE: 2055-0049-15-15-17-17-17-17-17-17-17,VE20550049151517171717171717,False,30.0,False,False,81.82
w2_2026_000049,w2,clean,employee_last_name,WALLACE,WALLACE,WALLACE,WALLACE,95.0,True,100.0,WALLACE,WALLACE,True,100.0,False,True,100.0
w2_2026_000049,w2,clean,wages,"85,099.38",85099.38,"85,099.38",85099.38,48.0,True,100.0,"* WAYES, UPS, UNIER DOM*85,099.38",5510085099.38,False,76.19,False,True,100.0
w2_2026_000049,w2,clean,federal_tax_withheld,"10,615.75",10615.75,"40,615.75",40615.75,34.0,False,87.5,"PLEASE INCLUSIVE TAX ***10,615.75",15115110615.75,False,72.73,False,False,87.5
w2_2026_000049,w2,clean,social_security_tax_withheld,"5,276.16",5276.16,8278.16,8278.16,60.0,False,71.43,* COULD SELVILY TAX WITH 5/276.16,10511115276.16,False,66.67,False,False,71.43
w2_2026_000049,w2,clean,medicare_wages,"85,099.38",85099.38,"85,099.38",85099.38,69.0,True,100.0,"- REGULARS WAYES WITH 85,099.38",-6155185099.38,False,72.73,False,True,100.0
w2_2026_000049,w2,clean,state,CA,CA,CA,CA,59.0,True,100.0,[@,,False,0.0,False,True,100.0
w2_2026_000049,w2,clean,employer_state_id,CA-5031966,CA5031966,CA5031966,CA5031966,0.0,True,100.0,ICA-5031966 ..........................................,ICA5031966,False,94.74,False,True,100.0
w2_2026_000049,w2,clean,state_wages,"85,099.38",85099.38,"85,099.88",85099.88,56.0,False,87.5,"................855,099.38",0.86,False,50.0,False,False,87.5
w2_2026_000049,w2,clean,state_income_tax,"3,297.61",3297.61,"8,297.61",8297.61,28.0,False,85.71,"................ 3,297.61",0.33,False,18.18,False,False,85.71
w2_2026_000070,w2,clean,employee_ssn,000-66-3725,000663725,00-66-3725 BT,006637258,23.5,False,88.89,000-56-3725- S SULIA' SECURRY INLINE:,00056372555115111,False,61.54,False,False,88.89
w2_2026_000070,w2,clean,employer_ein,00-6024207,006024207,00-6024207,006024207,0.0,True,100.0,00-82437 TERIMAN NAME (RM),00824371,False,58.82,False,True,100.0
w2_2026_000070,w2,clean,control_number,W2-2026-000070,W22026000070,22026-00070,2202600070,45.0,False,90.91,12-20-00-00-15- 1,12200000151,False,60.87,False,False,90.91
w2_2026_000070,w2,clean,employee_last_name,GIBBS,GIBBS,GIBBS,GIBBS,96.0,True,100.0,GIBS,GIBS,False,88.89,False,True,100.0
w2_2026_000070,w2,clean,wages,"100,808.33",100808.33,"400,808.33",400808.33,54.0,False,88.89,"* REVERS, UPS, UNIER NOT 100,808.33",5510100808.33,False,81.82,False,False,88.89
w2_2026_000070,w2,clean,federal_tax_withheld,"23,844.60",23844.60,"283,844.60)",283844.60,60.0,False,94.12,"PLEASE INCLUSIVE TAX ***23,844.60",15115123844.60,False,72.73,False,False,94.12
w2_2026_000070,w2,clean,social_security_tax_withheld,"6,250.12",6250.12,6250.12,6250.12,60.0,True,100.0,* AUGIAT SECURNY TAX WITH 6/250.12,61516250.12,False,77.78,False,True,100.0
w2_2026_000070,w2,clean,state,WA,WA,WA,WA,51.0,True,100.0,|WAIL,WAIL,False,66.67,False,True,100.0
w2_2026_000070,w2,clean,employer_state_id,WA-5921894,WA5921894,2994,2994,0.0,False,46.15,WA-5921894 .................................,WA5921894,True,100.0,True,True,100.0
w2_2026_000070,w2,clean,state_wages,"100,808.33",100808.33,"100,808.83",100808.83,51.0,False,88.89,................100.808.33,0.10,False,30.77,False,False,88.89
w2_2026_000070,w2,clean,state_income_tax,"4,982.35",4982.35,"4,982.35",4982.35,52.0,True,100.0,".................. 4,982.35",0.50,False,36.36,False,True,100.0
w2_2026_000055,w2,clean,employee_ssn,000-49-1986,000491986,00-49-1986 BT,004919868,16.5,False,88.89,000.49-1986 S SOCULAR SECURITY INCLUER,00049198655015111,False,69.23,False,False,88.89
w2_2026_000055,w2,clean,employer_ein,00-2664863,002664863,00-2664863,002664863,0.0,True,100.0,00-26463 TERMINAL NAME (RM),002646311,False,77.78,False,True,100.0
w2_2026_000055,w2,clean,control_number,W2-2026-000055,W22026000055,22026-00085,2202600085,31.0,False,81.82,12:23:03:03:55 PM:03 PM,1223030355PM03PM,False,42.86,False,False,81.82
w2_2026_000055,w2,clean,employee_last_name,PATTON,PATTON,PATTON,PATTON,96.0,True,100.0,PATTON,PATTON,True,100.0,False,True,100.0
w2_2026_000055,w2,clean,wages,"91,816.84",91816.84,"91,816.84",91816.84,47.0,True,100.0,"* WAYES, UPS, UNISI UOH*91816.84",55151091816.84,False,72.73,False,True,100.0
w2_2026_000055,w2,clean,federal_tax_withheld,"13,963.72",13963.72,"48,968.72)",48968.72,51.0,False,62.5,"PLEASE INCLUSIVE TAX ***13,963.72",15115113963.72,False,72.73,True,False,72.73
w2_2026_000055,w2,clean,social_security_tax_withheld,"5,692.64",5692.64,8692.64,8692.64,43.0,False,85.71,"* AUGIAT SELUINY TAX WITH 5,692.64",6151115692.64,False,70.0,False,False,85.71
w2_2026_000055,w2,clean,state,NC,NC,NC,NC,60.0,True,100.0,[NO,NO,False,50.0,False,True,100.0
w2_2026_000055,w2,clean,employer_state_id,NC-2362099,NC2362099,NC-23620900,NC23620900,0.0,False,84.21,INC-2382099 ..........................................,INC2382099,False,84.21,False,False,84.21
w2_2026_000055,w2,clean,state_wages,"91,816.84",91816.84,"9,816.84",9816.84,61.0,False,93.33,........91816.84,0.92,False,16.67,False,False,93.33
w2_2026_000055,w2,clean,state_income_tax,"2,642.20",2642.20,"2,642.20)",2642.20,52.0,True,100.0,".................. 2,642.20",0.26,False,36.36,False,True,100.0
w2_2026_000065,w2,clean,employee_ssn,000-53-9318,000539318,00-53-9318 BT,005393188,20.5,False,88.89,000-53-9318 S SOCULAR SECURITY INCLUER,00053931855015111,False,69.23,False,False,88.89
w2_2026_000065,w2,clean,employer_ein,00-5482413,005482413,005482413,005482413,0.0,True,100.0,06-54243 TERIMAN NAME (RM),06542431,False,70.59,False,True,100.0
w2_2026_000065,w2,clean,control_number,W2-2026-000065,W22026000065,22028-00085,2202800085,31.0,False,72.73,VE: 2055-0065- 1/2018,VE2055006512018,False,44.44,False,False,72.73
w2_2026_000065,w2,clean,employee_last_name,MORRISON,MORRISON,MORRISON,MORRISON,95.0,True,100.0,MORRISON,MORRISON,True,100.0,False,True,100.0
w2_2026_000065,w2,clean,wages,"50,902.29",50902.29,"50,902.29",50902.29,44.0,True,100.0,"* WAYES, UPS, UNIER DOM* 50,902.29",5510050902.29,False,76.19,False,True,100.0
w2_2026_000065,w2,clean,federal_tax_withheld,"11,109.14",11109.14,"44,909.14",44909.14,52.0,False,62.5,"PLEASE INCLUSIVE TAX ***11,109.14",15115111109.14,False,72.73,True,False,72.73
w2_2026_000065,w2,clean,social_security_tax_withheld,"3,155.94",3155.94,3155.94,3155.94,63.0,True,100.0,"* AUGIAT SELUINY TAX WITH 3,155.94",6151113155.94,False,70.0,False,True,100.0
w2_2026_000065,w2,clean,state,NY,NY,NY,NY,45.0,True,100.0,=,,False,0.0,False,True,100.0
w2_2026_000065,w2,clean,employer_state_id,NY-9214801,NY9214801,N921480,N921480,0.0,False,87.5,INY-9214801 .........................,INY9214801,False,94.74,True,False,94.74
w2_2026_000065,w2,clean,state_wages,"50,902.29",50902.29,"80,902.29",80902.29,54.0,False,87.5,................50.902.29,0.51,False,33.33,False,False,87.5
w2_2026_000065,w2,clean,state_income_tax,914.01,914.01,914.07,914.07,29.0,False,83.33,................914.01,0.91,False,40.0,False,False,83.33
w2_2026_000077,w2,clean,employee_ssn,000-81-6992,000816992,000-81 6992,000816992,23.5,True,100.0,000-81-6992 - SUSTAR SECURITY INCLUER,000816992555111,False,75.0,False,True,100.0
w2_2026_000077,w2,clean,employer_ein,00-2515030,002515030,002515080,002515080,0.0,False,88.89,00-2/500 MEMMARY NAME (RM),002500,False,80.0,False,False,88.89
w2_2026_000077,w2,clean,control_number,W2-2026-000077,W22026000077,22028-00007,2202800007,23.0,False,81.82,12:28:03-0077,1228030077,False,63.64,False,False,81.82
w2_2026_000077,w2,clean,employee_last_name,STEELE,STEELE,STEELE,STEELE,96.0,True,100.0,STEBLE,STEBLE,False,83.33,False,True,100.0
w2_2026_000077,w2,clean,wages,"84,826.98",84826.98,"84,826.98",84826.98,47.0,True,100.0,"* WAYES, UPS, UNIER DOM*84,826.98",5510084826.98,False,76.19,False,True,100.0
w2_2026_000077,w2,clean,federal_tax_withheld,"17,701.46",17701.46,"47,701.48)",47701.48,50.0,False,75.0,"PLEASE INCLUSIVE TAX ***17,701.46",15115117701.46,False,72.73,False,False,75.0
w2_2026_000077,w2,clean,social_security_tax_withheld,"5,259.27",5259.27,8259.27,8259.27,59.0,False,85.71,"* AUGIAT SELUINY TAX WITH 5,259.27",6151115259.27,False,70.0,False,False,85.71
w2_2026_000077,w2,clean,state,AZ,AZ,AZ,AZ,61.0,True,100.0,=,,False,0.0,False,True,100.0
w2_2026_000077,w2,clean,employer_state_id,AZ-8630043,AZ8630043,AZ8630088,AZ8630088,0.0,False,77.78,JAZ-8630043 .................................,JAZ8630043,False,94.74,True,False,94.74
w2_2026_000077,w2,clean,state_wages,"84,826.98",84826.98,"84,826.98",84826.98,58.0,True,100.0,........84826.98,0.85,False,33.33,False,True,100.0
w2_2026_000077,w2,clean,state_income_tax,"2,582.26",2582.26,2882.26,2882.26,49.0,False,85.71,".................. 2,582.26",0.26,False,54.55,False,False,85.71
w2_2026_000092,w2,clean,employee_ssn,000-30-7062,000307062,00-30-7062 BT,003070628,3.5,False,88.89,000-30-7062 S SOCULAR SECURITY INVOICE,000307062550151101,False,66.67,False,False,88.89
w2_2026_000092,w2,clean,employer_ein,00-6228407,006228407,00-6228407,006228407,0.0,True,100.0,00-22847 TERIMAN NAME (RM),00228471,False,82.35,False,True,100.0
w2_2026_000092,w2,clean,control_number,W2-2026-000092,W22026000092,22026-00008,2202600008,34.0,False,81.82,12:20:03-0092,1220030092,False,72.73,False,False,81.82
w2_2026_000092,w2,clean,employee_last_name,NELSON,NELSON,NELSON,NELSON,96.0,True,100.0,NELSON,NELSON,True,100.0,False,True,100.0
w2_2026_000092,w2,clean,wages,"33,143.40",33143.40,"883,143.40",883143.40,55.0,False,82.35,"* REVERS, UPS, UNIER DOM* 33,143.40",5510033143.40,False,76.19,False,False,82.35
w2_2026_000092,w2,clean,social_security_tax_withheld,"2,054.89",2054.89,"2,054.89",2054.89,66.0,True,100.0,"* AUGIAT SELUINY IOA WWW*2,054.89",61511102054.89,False,66.67,False,True,100.0
w2_2026_000092,w2,clean,state,VT,VT,T,T,0.0,False,66.67,=,,False,0.0,False,False,66.67
w2_2026_000092,w2,clean,employer_state_id,VT-2425342,VT2425342,225342,225342,0.0,False,80.0,[VT-2425342 ..........................................,VT2425342,True,100.0,True,True,100.0
w2_2026_000092,w2,clean,state_wages,"33,143.40",33143.40,"83,148.40",83148.40,58.0,False,75.0,"........3,143.40",0.31,False,33.33,False,False,75.0
w2_2026_000092,w2,clean,state_income_tax,"1,142.83",1142.83,142.88),142.88,52.0,False,76.92,"......... 1,142.83",0.11,False,36.36,False,False,76.92
w2_2026_000095,w2,clean,employee_ssn,000-26-7229,000267229,00-26-7229,00267229,34.0,False,94.12,000-26-7229 SUMMARY MOUNT,00026722950,False,90.0,False,False,94.12
w2_2026_000095,w2,clean,employer_ein,00-9935249,009935249,009935249,009935249,1.0,True,100.0,00-95529 MEMMARY MINNE (RM),00955291,False,70.59,False,True,100.0
w2_2026_000095,w2,clean,control_number,W2-2026-000095,W22026000095,22028-00088,2202800088,44.0,False,63.64,VE: 2055-0065- 1/2018,VE2055006512018,False,37.04,False,False,63.64
w2_2026_000095,w2,clean,employee_last_name,FIELDS,FIELDS,FIELDS,FIELDS,96.0,True,100.0,FIELDS ONCLUSIVE,FIELDS ONCLUSIVE,False,54.55,False,True,100.0
w2_2026_000095,w2,clean,wages,"70,869.05",70869.05,"70,869.05",70869.05,46.0,True,100.0,"* WAYES, UPS, UNIER DOM*70,869.05",5510070869.05,False,76.19,False,True,100.0
w2_2026_000095,w2,clean,social_security_tax_withheld,"4,393.88",4393.88,4398.88,4398.88,65.0,False,85.71,"* AUGIAT SECURNY TAX WITH 4,393.88",61514393.88,False,77.78,False,False,85.71
w2_2026_000095,w2,clean,state,CT,CT,CT,CT,8.0,True,100.0,=,,False,0.0,False,True,100.0
w2_2026_000095,w2,clean,employer_state_id,CT-6941939,CT6941939,CT69419399,CT69419399,0.0,False,94.74,ICT-6941939 ..........................................,ICT6941939,False,94.74,False,False,94.74
w2_2026_000095,w2,clean,state_wages,"70,869.05",70869.05,"70,869.05.",70869.05,44.0,True,100.0,.................. 70869.05,0.71,False,33.33,False,True,100.0
w2_2026_000095,w2,clean,state_income_tax,552.71,552.71,882.71,882.71,38.0,False,66.67,.................. 552.71,0.55,False,40.0,False,False,66.67
w2_2026_000097,w2,clean,employee_ssn,000-41-8138,000418138,000-41 813880,00041813880,52.0,False,90.0,00041-8138- S SOCULAR SECURITY INCLUER,00041813855015111,False,69.23,False,False,90.0
w2_2026_000097,w2,clean,employer_ein,00-7718433,007718433,00-7718483,007718483,0.0,False,88.89,0-771843 TERMINAL NAME (RM),077184311,False,77.78,False,False,88.89
w2_2026_000097,w2,clean,control_number,W2-2026-000097,W22026000097,WW22026-00087,WW2202600087,29.0,False,83.33,VE: 2028-0097-15- 1/2018,VE202800971512018,False,48.28,False,False,83.33
w2_2026_000097,w2,clean,employee_last_name,LITTLE,LITTLE,LITTLE,LITTLE,95.0,True,100.0,LMTLE :,LMTLE,False,72.73,False,True,100.0
w2_2026_000097,w2,clean,wages,"131,704.21",131704.21,"434,704.21",434704.21,53.0,False,77.78,"* WAYES, UPS, UNIER 00""431704.21",55100431704.21,False,78.26,True,False,78.26
w2_2026_000097,w2,clean,federal_tax_withheld,"20,231.81",20231.81,"20,281.81",20281.81,66.0,False,87.5,"PLEASE INCLUSIVE 18% ***20,231.81",1511511820231.81,False,66.67,False,False,87.5
w2_2026_000097,w2,clean,social_security_tax_withheld,"8,165.66",8165.66,"8,165.66",8165.66,46.0,True,100.0,"* AUGIAT SELUINY TAX WITH 8,165.66",6151118165.66,False,70.0,False,True,100.0
w2_2026_000097,w2,clean,state,ND,ND,ND,ND,54.0,True,100.0,[ND,ND,True,100.0,False,True,100.0
w2_2026_000097,w2,clean,employer_state_id,ND-6696087,ND6696087,ND-66960870,ND66960870,0.0,False,94.74,IND 6696087 ..................................,IND6696087,False,94.74,False,False,94.74
w2_2026_000097,w2,clean,state_wages,"131,704.21",131704.21,"181,704.21",181704.21,52.0,False,88.89,......... 131704.21,0.13,False,46.15,False,False,88.89
w2_2026_000097,w2,clean,state_income_tax,"5,903.60",5903.60,"8,908.60)",8908.60,53.0,False,71.43,"................ 5,903.60",0.59,False,36.36,False,False,71.43
w2_2026_000111,w2,clean,employee_ssn,000-29-9991,000299991,00-29-9991 BT,002999918,0.0,False,88.89,000-29-9991 - SUSTAR SECURITY INCLUER,000299991555111,False,75.0,False,False,88.89
w2_2026_000111,w2,clean,employer_ein,00-9854536,009854536,009854536,009854536,0.0,True,100.0,00-55-56 TRANSACTION NAME (RM),005556510,False,55.56,False,True,100.0
w2_2026_000111,w2,clean,control_number,W2-2026-000111,W22026000111,220260001,220260001,31.0,False,85.71,"WE AREBOOK:1""",WEAREBOOK1,False,18.18,False,False,85.71
w2_2026_000111,w2,clean,employee_last_name,JONES,JONES,JONES,JONES,96.0,True,100.0,JONES (RM),JONES RM,False,76.92,False,True,100.0
w2_2026_000111,w2,clean,wages,"106,703.61",106703.61,"406,703.61",406703.61,52.0,False,88.89,"* WAYES, UPS, UNIER 00""406,703.61",55100406703.61,False,78.26,False,False,88.89
w2_2026_000111,w2,clean,federal_tax_withheld,"16,195.07",16195.07,"48,195.07",48195.07,58.0,False,75.0,"PLEASE INCLUSIVE TAX ***16,195.07",15115116195.07,False,72.73,False,False,75.0
w2_2026_000111,w2,clean,social_security_tax_withheld,"6,615.62",6615.62,6615.62,6615.62,64.0,True,100.0,* AUGIAT SELUINY TAX WITH 6/615.62,6151116615.62,False,70.0,False,True,100.0
w2_2026_000111,w2,clean,state,IL,IL,,,0.0,False,0.0,ED,ED,False,0.0,False,False,0.0
w2_2026_000111,w2,clean,employer_state_id,IL-3044276,IL3044276,3076,3076,2.0,False,61.54,IL-3044276 .................................,IL3044276,True,100.0,True,True,100.0
w2_2026_000111,w2,clean,state_wages,"106,703.61",106703.61,"108,708.61",108708.61,60.0,False,77.78,"........6,703.61",0.67,False,46.15,False,False,77.78
w2_2026_000111,w2,clean,state_income_tax,36.42,36.42,86.42,86.42,53.0,False,80.0,.................. 3642,0.36,False,44.44,False,False,80.0
w2_2026_000115,w2,clean,employee_ssn,000-68-1605,000681605,00-68-1605 BT,006816058,23.0,False,88.89,000-58-1665 S SOCULAR SECURITY INCLUER,00058166555015111,False,61.54,False,False,88.89
w2_2026_000115,w2,clean,employer_ein,00-5923149,005923149,005923149,005923149,1.0,True,100.0,00-552399 TERIMAN TAMAN PKN,005523991,False,66.67,False,True,100.0
w2_2026_000115,w2,clean,control_number,W2-2026-000115,W22026000115,22026000115,22026000115,27.0,False,95.65,"WE AREBOOK5"" ********",WEAREBOOK5,False,18.18,False,False,95.65
w2_2026_000115,w2,clean,employee_last_name,RODRIGUEZ,RODRIGUEZ,RODRIGUEZ,RODRIGUEZ,96.0,True,100.0,RODRIGUEZ,RODRIGUEZ,True,100.0,False,True,100.0
w2_2026_000115,w2,clean,wages,"142,870.67",142870.67,"442,870.67",442870.67,44.0,False,88.89,"* WAYES, UPS, UNIER NOT +42,870.67",551042870.67,False,85.71,False,False,88.89
w2_2026_000115,w2,clean,federal_tax_withheld,"22,050.61",22050.61,"22,080.61",22080.61,60.0,False,87.5,"PLEASE INCLUSIVE 18% ** 22,050.61",1511511822050.61,False,66.67,False,False,87.5
w2_2026_000115,w2,clean,social_security_wages,"142,870.67",142870.67,"442,870.67",442870.67,54.0,False,88.89,"JOUR SUMMARY WA95342,870.67",595342870.67,False,76.19,False,False,88.89
w2_2026_000115,w2,clean,social_security_tax_withheld,"8,857.98",8857.98,"8,857.98",8857.98,53.0,True,100.0,"* AUGIAT SELUINY TAX WITH 8,857.98",6151118857.98,False,70.0,False,True,100.0
w2_2026_000115,w2,clean,medicare_wages,"142,870.67",142870.67,"442,870.67",442870.67,55.0,False,88.89,"- REGULARS WAYES AND 142,870.67",-61550142870.67,False,75.0,False,False,88.89
w2_2026_000115,w2,clean,medicare_tax_withheld,"2,071.62",2071.62,"2,074.62",2074.62,63.0,False,85.71,- ***********,-,False,0.0,False,False,85.71
w2_2026_000115,w2,clean,state,MS,MS,MS,MS,52.0,True,100.0,MS,MS,True,100.0,False,True,100.0
w2_2026_000115,w2,clean,employer_state_id,MS-6294819,MS6294819,M-62048190,M62048190,0.0,False,77.78,MS-6294819 ..........................................,MS6294819,True,100.0,True,True,100.0
w2_2026_000115,w2,clean,state_wages,"142,870.67",142870.67,"142,870.67",142870.67,55.0,True,100.0,.................. 142870.67,0.14,False,30.77,False,True,100.0
w2_2026_000115,w2,clean,state_income_tax,"6,457.80",6457.80,6.87.80),6.88,51.0,False,54.55,"------------ 6,457.80",------------6457.80,False,53.85,False,False,54.55
w2_2026_000131,w2,clean,employee_ssn,000-41-3308,000413308,000-41 3308,000413308,58.0,True,100.0,000 41-3368 S SOCULAR SECURITY INCLUER,00041336855015111,False,61.54,False,True,100.0
w2_2026_000131,w2,clean,employer_ein,00-2624230,002624230,00-2626280,002626280,15.0,False,77.78,00-22420 MEMMARY MINNE (RM),00224201,False,82.35,True,False,82.35
w2_2026_000131,w2,clean,control_number,W2-2026-000131,W22026000131,2202600018,2202600018,36.0,False,81.82,"WE ARE-0031""",WEARE0031,False,47.62,False,False,81.82
w2_2026_000131,w2,clean,employee_last_name,SPEARS,SPEARS,SPEARS,SPEARS,96.0,True,100.0,SPEARS,SPEARS,True,100.0,False,True,100.0
w2_2026_000131,w2,clean,wages,"114,399.32",114399.32,"444,399.32",444399.32,46.0,False,77.78,"* WAYES, UPS, UNIER DOM 14,399.32",5510014399.32,False,81.82,True,False,81.82
w2_2026_000131,w2,clean,federal_tax_withheld,"19,432.35",19432.35,"19,892.35)",19892.35,57.0,False,75.0,"PLEASE INCLUSIVE TAX *** 19,432.35",15115119432.35,False,72.73,False,False,75.0
w2_2026_000131,w2,clean,social_security_tax_withheld,"7,092.76",7092.76,7092.78,7092.78,52.0,False,85.71,"* AUGIAT SELUINY TAX WITH 7,092.76",6151117092.76,False,70.0,False,False,85.71
w2_2026_000131,w2,clean,state,TX,TX,X,X,26.0,False,66.67,=,,False,0.0,False,False,66.67
w2_2026_000131,w2,clean,employer_state_id,TX-5165284,TX5165284,TX5165284,TX5165284,0.0,True,100.0,LTX-5165284 ..........................................,LTX5165284,False,94.74,False,True,100.0
w2_2026_000131,w2,clean,state_wages,"114,399.32",114399.32,"114,899.82",114899.82,55.0,False,77.78,"......... ******** 14,399.32",0.14,False,30.77,False,False,77.78
w2_2026_000131,w2,clean,state_income_tax,"2,372.93",2372.93,8872.93,8872.93,51.0,False,71.43,".................. 2,372.93",0.24,False,18.18,False,False,71.43
w2_2026_000124,w2,clean,employee_ssn,000-27-4878,000274878,00-27-4878 CE,00274878,14.0,False,94.12,000-27-4878- S SOCIAR SECURITY INVOER,00027487855015110,False,69.23,False,False,94.12
w2_2026_000124,w2,clean,employer_ein,00-9288312,009288312,009288312,009288312,0.0,True,100.0,00-22832 TERIMAN NAME (RM),00228321,False,70.59,False,True,100.0
w2_2026_000124,w2,clean,control_number,W2-2026-000124,W22026000124,22026-00012,2202600012,42.0,False,90.91,"WE ARE-0024""",WEARE0024,False,47.62,False,False,90.91
w2_2026_000124,w2,clean,employee_last_name,HALL,HALL,HALL,HALL,95.0,True,100.0,HALL (RM),HALL RM,False,72.73,False,True,100.0
w2_2026_000124,w2,clean,wages,"145,477.29",145477.29,"445,477.29",445477.29,52.0,False,88.89,"* WAYES, UPS, UNIER 00"" 145,477.29",55100145477.29,False,78.26,False,False,88.89
w2_2026_000124,w2,clean,federal_tax_withheld,"26,481.52",26481.52,"26,481.52",26481.52,57.0,True,100.0,"PLEASE INCLUSIVE 18% ***26,481.52",1511511826481.52,False,66.67,False,True,100.0
w2_2026_000124,w2,clean,social_security_tax_withheld,"9,019.59",9019.59,"9,019.59",9019.59,67.0,True,100.0,* AUGIAT SELUINY TAX WITH 9/019.59,6151119019.59,False,70.0,False,True,100.0
w2_2026_000124,w2,clean,state,GU,GU,U,U,0.0,False,66.67,=,,False,0.0,False,False,66.67
w2_2026_000124,w2,clean,employer_state_id,GU-3177199,GU3177199,GU3I77199,GU3I77199,0.0,False,88.89,GU-3177199 ..........................................,GU3177199,True,100.0,True,True,100.0
w2_2026_000124,w2,clean,state_wages,"145,477.29",145477.29,"148,477.29",148477.29,58.0,False,88.89,"......... 15,477.29",0.15,False,30.77,False,False,88.89
w2_2026_000124,w2,clean,state_income_tax,"7,505.21",7505.21,"7,805.21",7805.21,60.0,False,85.71,................ 7.505.21,0.75,False,36.36,False,False,85.71
w2_2026_000136,w2,clean,employee_ssn,000-50-3662,000503662,00-50-3662 BT,005036628,23.5,False,88.89,000-50-3662 S SOCULAR SECURITY INVOICE,000503662550151101,False,66.67,False,False,88.89
w2_2026_000136,w2,clean,employer_ein,00-7592683,007592683,00-7592688,007592688,0.0,False,88.89,0-755633 MEMMARY MINNE (RM),07556331,False,58.82,False,False,88.89
w2_2026_000136,w2,clean,control_number,W2-2026-000136,W22026000136,22026-00098,2202600098,25.0,False,72.73,WE AREBOOK*,WEAREBOOK,False,9.52,False,False,72.73
w2_2026_000136,w2,clean,employee_last_name,FISHER,FISHER,FISHER,FISHER,96.0,True,100.0,FISHER,FISHER,True,100.0,False,True,100.0
w2_2026_000136,w2,clean,wages,"115,129.57",115129.57,"445,129.57",445129.57,48.0,False,77.78,"* REFES, UPS, UNCLUSI UOH 115,129.57",551510115129.57,False,75.0,False,False,77.78
w2_2026_000136,w2,clean,federal_tax_withheld,"17,628.43",17628.43,"17,628.48)",17628.48,57.0,False,87.5,"PLEASE INCLUSIVE TAX *** 17,628.43",15115117628.43,False,72.73,False,False,87.5
w2_2026_000136,w2,clean,social_security_tax_withheld,"7,138.03",7138.03,7438.08,7438.08,65.0,False,71.43,"* AVER SUMMARY TAX WITH 7,138.03",517138.03,False,87.5,True,False,87.5
w2_2026_000136,w2,clean,state,OH,OH,OH,OH,57.0,True,100.0,[AM],AM,False,0.0,False,True,100.0
w2_2026_000136,w2,clean,employer_state_id,OH-6643410,OH6643410,OH66434100,OH66434100,0.0,False,94.74,JOH-6643410 .................................,JOH6643410,False,94.74,False,False,94.74
w2_2026_000136,w2,clean,state_wages,"115,129.57",115129.57,"115,129.57",115129.57,54.0,True,100.0,"........15,129.57",0.15,False,30.77,False,True,100.0
w2_2026_000136,w2,clean,state_income_tax,"4,536.90",4536.90,"4,536.90)",4536.90,54.0,True,100.0,".................. 4,536.90",0.45,False,36.36,False,True,100.0
w2_2026_000140,w2,clean,employee_ssn,000-36-6325,000366325,00-36-6925 BT,003669258,24.0,False,77.78,000-36-6325 S SOCULAR SECURITY INCLUCE:,00036632555015111,False,69.23,False,False,77.78
w2_2026_000140,w2,clean,employer_ein,00-9025733,009025733,009025738,009025738,0.0,False,88.89,00-625/38 MEMMARY NAME (RM),0062538,False,62.5,False,False,88.89
w2_2026_000140,w2,clean,control_number,W2-2026-000140,W22026000140,22026000180,22026000180,40.0,False,86.96,VE: 2025-0040- 1,VE202500401,False,60.87,False,False,86.96
w2_2026_000140,w2,clean,employee_last_name,TERRY,TERRY,TERRY,TERRY,96.0,True,100.0,TERRY,TERRY,True,100.0,False,True,100.0
w2_2026_000140,w2,clean,wages,"107,122.26",107122.26,"107,122.26",107122.26,54.0,True,100.0,"* WAYES, UPS, UNIER 00"" 107,122:26",5510010712226.00,False,64.0,False,True,100.0
w2_2026_000140,w2,clean,federal_tax_withheld,"23,529.49",23529.49,"28,529.49)",28529.49,64.0,False,87.5,"PLEASE INCLUSIVE TAX ** 23,529.49",15115123529.49,False,72.73,False,False,87.5
w2_2026_000140,w2,clean,social_security_wages,"107,122.26",107122.26,07.1 22.26,7.12,68.5,False,46.15,"JOUR SUMMARY WE9-107,122.26",059-107122.26,False,81.82,True,False,81.82
w2_2026_000140,w2,clean,social_security_tax_withheld,"6,641.58",6641.58,6641.58,6641.58,62.0,True,100.0,"* AUGIAT SELUINY TAX WITH 6,641.58",6151116641.58,False,70.0,False,True,100.0
w2_2026_000140,w2,clean,medicare_wages,"107,122.26",107122.26,107.1 22.26,107.12,66.0,False,66.67,"- REGULAR NO.9% *** 107,122.26",-610.91,False,37.5,False,False,66.67
w2_2026_000140,w2,clean,employer_state_id,ME-9944387,ME9944387,ME9944887000,ME9944887000,0.0,False,76.19,TIME-9944387 ..........................................,TIME9944387,False,90.0,True,False,90.0
w2_2026_000140,w2,clean,state_wages,"107,122.26",107122.26,"107,122.26",107122.26,56.0,True,100.0,..........07.226,0.07,False,30.77,False,True,100.0
w2_2026_000140,w2,clean,state_income_tax,"5,123.60",5123.60,5128.60),5128.60,53.0,False,85.71,"................ 5,123.60",0.51,False,36.36,False,False,85.71
w2_2026_000143,w2,clean,employee_ssn,000-66-5201,000665201,00-66-5201 BT,006652018,13.0,False,88.89,000-56-5201- S SOCIAR SECURITY INCLUER,00056520155015111,False,61.54,False,False,88.89
w2_2026_000143,w2,clean,employer_ein,00-9037616,009037616,00-9037616,009037616,0.0,True,100.0,00-850766 TERMINAL NAME (RM),0085076611,False,63.16,False,True,100.0
w2_2026_000143,w2,clean,control_number,W2-2026-000143,W22026000143,22026-00088,2202600088,39.0,False,72.73,WE AREBOOKS FOR EXCLUDING ON BACK,WEAREBOOKSFOREXCLUDINGONBACK,False,5.0,False,False,72.73
w2_2026_000143,w2,clean,employee_last_name,RICHARDSON,RICHARDSON,RICHARDSON,RICHARDSON,96.0,True,100.0,RICHARDSON,RICHARDSON,True,100.0,False,True,100.0
w2_2026_000143,w2,clean,wages,"52,574.61",52574.61,"52,574.61",52574.61,53.0,True,100.0,"* WAYES, UPS, UNIER UOH*52,574.61",551052574.61,False,80.0,False,True,100.0
w2_2026_000143,w2,clean,social_security_wages,"52,574.61",52574.61,"82,574.61",82574.61,59.0,False,87.5,"JOUR SUMMARY WEGES 52,574.61",56552574.61,False,84.21,False,False,87.5
w2_2026_000143,w2,clean,social_security_tax_withheld,"3,259.63",3259.63,"3,259.68",3259.68,56.0,False,85.71,"* AUGIAT SELUINY TAX WITH 3,259.63",6151113259.63,False,70.0,False,False,85.71
w2_2026_000143,w2,clean,medicare_wages,"52,574.61",52574.61,"82,574.61",82574.61,63.0,False,87.5,- REGULARS WAYES WITH 527461,-61551527461.00,False,52.17,False,False,87.5
w2_2026_000143,w2,clean,state,HI,HI,HO,HO,16.0,False,50.0,ED,ED,False,0.0,False,False,50.0
w2_2026_000143,w2,clean,employer_state_id,HI-5557052,HI5557052,HIS5570520,HIS5570520,0.0,False,84.21,CHI-5657052.........................,CHI5657052,False,84.21,False,False,84.21
w2_2026_000143,w2,clean,state_wages,"52,574.61",52574.61,"82,874.61",82874.61,53.0,False,75.0,................ 52574.61,0.53,False,16.67,False,False,75.0
w2_2026_000143,w2,clean,state_income_tax,982.93,982.93,982.98),982.98,58.0,False,83.33,.................. 982.93,0.98,False,40.0,False,False,83.33
w2_2026_000142,w2,clean,employee_ssn,000-45-5715,000455715,000-465-5715 CE,0004655715,25.0,False,94.74,000.45-5775 - SUSTAR SECURITY INCLUER,000455775555111,False,66.67,False,False,94.74
w2_2026_000142,w2,clean,employer_ein,00-3044708,003044708,00-3046708,003046708,7.0,False,88.89,00-80498 TERIMAN NAME (RM),00804981,False,58.82,False,False,88.89
w2_2026_000142,w2,clean,control_number,W2-2026-000142,W22026000142,22026-00042,2202600042,38.0,False,90.91,"WE ARE-0042""",WEARE0042,False,47.62,False,False,90.91
w2_2026_000142,w2,clean,employee_last_name,HERRERA,HERRERA,HERRERA,HERRERA,96.0,True,100.0,HERRERA,HERRERA,True,100.0,False,True,100.0
w2_2026_000142,w2,clean,wages,"146,262.75",146262.75,"448,262.75",448262.75,52.0,False,77.78,"* WAYES, UPS, UNISI UOH 46,262.75",55151046262.75,False,78.26,True,False,78.26
w2_2026_000142,w2,clean,federal_tax_withheld,"16,551.74",16551.74,"16,551.74)",16551.74,64.0,True,100.0,"PLEASE INCLUSIVE TAX ***16,551.74",15115116551.74,False,72.73,False,True,100.0
w2_2026_000142,w2,clean,social_security_tax_withheld,"9,068.29",9068.29,"9,068.29",9068.29,65.0,True,100.0,"* AUGIAT SELUINY TAX WITH 9,068.29",6151119068.29,False,70.0,False,True,100.0
w2_2026_000142,w2,clean,medicare_tax_withheld,"2,120.81",2120.81,2120.81,2120.81,42.0,True,100.0,- ***********,-,False,0.0,False,True,100.0
w2_2026_000142,w2,clean,state,NV,NV,NV,NV,40.0,True,100.0,=,,False,0.0,False,True,100.0
w2_2026_000142,w2,clean,employer_state_id,NV-7619156,NV7619156,NV7619156,NV7619156,12.0,True,100.0,INV-7619156 .........................,INV7619156,False,94.74,False,True,100.0
w2_2026_000142,w2,clean,state_wages,"146,262.75",146262.75,"146,262.75,",146262.75,61.0,True,100.0,........6.75,0.68,False,15.38,False,True,100.0
w2_2026_000142,w2,clean,state_income_tax,"6,702.38",6702.38,"6,702.38)",6702.38,55.0,True,100.0,"------------ 6,702.38",------------6702.38,False,53.85,False,True,100.0
w2_2026_000152,w2,clean,employee_ssn,000-67-9653,000679653,00-67-9653 BT,006796538,17.5,False,88.89,000-57-9653 SUMMARY MOUNT,00057965350,False,80.0,False,False,88.89
w2_2026_000152,w2,clean,employer_ein,00-7069742,007069742,00-7069742,007069742,0.0,True,100.0,0-76572 TERIMAN NAME (RM),0765721,False,62.5,False,True,100.0
w2_2026_000152,w2,clean,control_number,W2-2026-000152,W22026000152,22026-00082,2202600082,41.0,False,81.82,"12-235-0052""",122350052,False,57.14,False,False,81.82
w2_2026_000152,w2,clean,employee_last_name,SALAZAR,SALAZAR,SALAZAR,SALAZAR,96.0,True,100.0,SALAZAR,SALAZAR,True,100.0,False,True,100.0
w2_2026_000152,w2,clean,wages,"139,416.55",139416.55,"439,416.55",439416.55,54.0,False,88.89,"* REVERS, UPS, UNIER UOH 139,416.55",5510139416.55,False,81.82,False,False,88.89
w2_2026_000152,w2,clean,federal_tax_withheld,"29,569.77",29569.77,"29,568.77",29568.77,64.0,False,87.5,"PLEASE INCLUSIVE TAX #29,569.77",15115129569.77,False,72.73,False,False,87.5
w2_2026_000152,w2,clean,social_security_tax_withheld,"8,643.83",8643.83,"8,649.88",8649.88,55.0,False,71.43,"* AUGIAT SELUINY IAY WITH 8,643.83",61511118643.83,False,66.67,False,False,71.43
w2_2026_000152,w2,clean,medicare_tax_withheld,"2,021.54",2021.54,"2,021.54",2021.54,65.0,True,100.0,- ***********,-,False,0.0,False,True,100.0
w2_2026_000152,w2,clean,state,MT,MT,MT,MT,65.0,True,100.0,=,,False,0.0,False,True,100.0
w2_2026_000152,w2,clean,employer_state_id,MT-9480665,MT9480665,T8065,T8065,3.0,False,71.43,LMT-94800665 .................................,LMT94800665,False,90.0,True,False,90.0
w2_2026_000152,w2,clean,state_wages,"139,416.55",139416.55,"199,416.55",199416.55,64.0,False,88.89,"........ 139,416.55",0.14,False,30.77,False,False,88.89
w2_2026_000152,w2,clean,state_income_tax,"6,904.03",6904.03,"6,904.08)",6904.08,58.0,False,85.71,".................. 6,904.03",0.69,False,36.36,False,False,85.71
w2_2026_000155,w2,clean,employee_ssn,000-46-7698,000467698,00-46-7698 BT,004676988,8.0,False,88.89,000-46-7698 S SOCIAL SECURITY INCLUER,000467698550115111,False,66.67,False,False,88.89
w2_2026_000155,w2,clean,employer_ein,00-4019585,004019585,00-4019585,004019585,0.0,True,100.0,00-405565 TERMINAL NAME (RM),0040556511,False,63.16,False,True,100.0
w2_2026_000155,w2,clean,control_number,W2-2026-000155,W22026000155,22026000185,22026000185,39.0,False,86.96,"WE ARE-0055""",WEARE0055,False,47.62,False,False,86.96
w2_2026_000155,w2,clean,employee_last_name,MURRAY,MURRAY,MURRAY,MURRAY,96.0,True,100.0,MURRAY (RM),MURRAY RM,False,80.0,False,True,100.0
w2_2026_000155,w2,clean,wages,"118,792.16",118792.16,"448,792.16",448792.16,54.0,False,77.78,"* WAYES, UPS, UNIER NOT 118,792.16",5510118792.16,False,81.82,True,False,81.82
w2_2026_000155,w2,clean,federal_tax_withheld,"28,398.43",28398.43,"28,398.48)",28398.48,55.0,False,87.5,"PLEASE INCLUSIVE 18/28,398.43",1511511828398.43,False,66.67,False,False,87.5
w2_2026_000155,w2,clean,social_security_tax_withheld,"7,365.11",7365.11,7865.11,7865.11,61.0,False,85.71,"* AUGIAT SELUINY TAX WITH 7,365.11",6151117365.11,False,70.0,False,False,85.71
w2_2026_000155,w2,clean,state,CO,CO,CO,CO,0.0,True,100.0,:,,False,0.0,False,True,100.0
w2_2026_000155,w2,clean,employer_state_id,CO-8052503,CO8052503,0-802508,0802508,0.0,False,62.5,ICO-8052503 ..........................................,ICO8052503,False,94.74,True,False,94.74
w2_2026_000155,w2,clean,state_wages,"118,792.16",118792.16,"118,792.16",118792.16,52.0,True,100.0,"........8,792.16",0.88,False,15.38,False,True,100.0
w2_2026_000155,w2,clean,state_income_tax,"7,216.37",7216.37,781637),781637.00,50.0,False,62.5,........7.216.37,0.72,False,36.36,False,False,62.5
w2_2026_000161,w2,clean,employee_ssn,000-70-4948,000704948,00-70-4948 BT,007049488,0.5,False,88.89,000-70-4948 S SOCULAR SECURITY INVOICE,000704948550151101,False,66.67,False,False,88.89
w2_2026_000161,w2,clean,employer_ein,00-4780654,004780654,00-4780654,004780654,0.0,True,100.0,00-478884 TERIMAN TAMAN PKN,004788841,False,66.67,False,True,100.0
w2_2026_000161,w2,clean,control_number,W2-2026-000161,W22026000161,W2-2026-000161,W22026000161,0.0,True,100.0,WE AREBOOK**,WEAREBOOK,False,9.52,False,True,100.0
w2_2026_000161,w2,clean,employee_last_name,WILSON,WILSON,WILSON,WILSON,96.0,True,100.0,WILSON,WILSON,True,100.0,False,True,100.0
w2_2026_000161,w2,clean,wages,"81,474.76",81474.76,"81,474.76",81474.76,57.0,True,100.0,"* REF: UPS, UNCLUSI UOH*81,474.76",5151081474.76,False,76.19,False,True,100.0
w2_2026_000161,w2,clean,federal_tax_withheld,"15,595.03",15595.03,"18,595.08",18595.08,57.0,False,75.0,"PLEASE INCLUSIVE TAX ***15,595.03",15115115595.03,False,72.73,False,False,75.0
w2_2026_000161,w2,clean,social_security_wages,"81,474.76",81474.76,"81,474.76",81474.76,66.0,True,100.0,"JOUR SUMMARY WAYES 81,474.76",5581474.76,False,88.89,False,True,100.0
w2_2026_000161,w2,clean,social_security_tax_withheld,"5,051.44",5051.44,5051.44,5051.44,51.0,True,100.0,"* COULD SELVILY TAX WITH 5,051.44",10511115051.44,False,66.67,False,True,100.0
w2_2026_000161,w2,clean,state,WI,WI,W,W,0.0,False,66.67,WT,WT,False,50.0,False,False,66.67
w2_2026_000161,w2,clean,employer_state_id,WI-1966769,WI1966769,W9769,W9769,0.0,False,71.43,WWI-1966769 ..........................................,WWI1966769,False,94.74,True,False,94.74
w2_2026_000161,w2,clean,state_wages,"81,474.76",81474.76,"81,474.76",81474.76,44.0,True,100.0,.........81474.76,0.81,False,33.33,False,True,100.0
w2_2026_000161,w2,clean,state_income_tax,"2,162.08",2162.08,8162.08,8162.08,45.0,False,85.71,".................. 2,162.08",0.22,False,36.36,False,False,85.71
w2_2026_000157,w2,clean,employee_ssn,000-78-7214,000787214,00-78-7214,00787214,18.0,False,94.12,000-78-7214 - SUSTAR SECURITY INCLUER,000787214555111,False,75.0,False,False,94.12
w2_2026_000157,w2,clean,employer_ein,00-4853123,004853123,00-4853123,004853123,14.0,True,100.0,00-433123 TERMINAL NAME (RM),0043312311,False,73.68,False,True,100.0
w2_2026_000157,w2,clean,control_number,W2-2026-000157,W22026000157,22028000187,22028000187,19.0,False,78.26,WE ARE-0057,WEARE0057,False,47.62,False,False,78.26
w2_2026_000157,w2,clean,employee_last_name,STEPHENS,STEPHENS,STEPHENS,STEPHENS,96.0,True,100.0,STEPHENS,STEPHENS,True,100.0,False,True,100.0
w2_2026_000157,w2,clean,wages,"31,814.35",31814.35,"831,814.35",831814.35,54.0,False,94.12,"* REFES, UPS, UNIER DOM* 31,814.35",5510031814.35,False,76.19,False,False,94.12
w2_2026_000157,w2,clean,federal_tax_withheld,"7,525.96",7525.96,"7,525.96)",7525.96,38.0,True,100.0,"PLEASE INCLUSIVE TAX WITH 7,525.96",15115117525.96,False,66.67,False,True,100.0
w2_2026_000157,w2,clean,social_security_tax_withheld,"1,972.49",1972.49,"4,972.49",4972.49,56.0,False,85.71,"* COULD SOUNDING TAX WITH 1,972.49",105001611972.49,False,63.64,False,False,85.71
w2_2026_000157,w2,clean,medicare_wages,"31,814.35",31814.35,"31,814.35",31814.35,63.0,True,100.0,"- REGULAR: MASPS AND 31,814.35",-6155031814.35,False,72.73,False,True,100.0
w2_2026_000157,w2,clean,state,AR,AR,AR,AR,54.0,True,100.0,=,,False,0.0,False,True,100.0
w2_2026_000157,w2,clean,employer_state_id,AR-2893218,AR2893218,AR2898218,AR2898218,17.0,False,88.89,LAR-2883218 .........................,LAR2883218,False,84.21,False,False,88.89
w2_2026_000157,w2,clean,state_wages,"31,814.35",31814.35,"81,814.85",81814.85,61.0,False,75.0,........3184.35,0.32,False,33.33,False,False,75.0
w2_2026_000157,w2,clean,state_income_tax,957.46,957.46,987.46),987.46,59.0,False,83.33,.................. 97.46,0.97,False,40.0,False,False,83.33
w2_2026_000166,w2,clean,employee_ssn,000-29-4214,000294214,00-29-4214,00294214,0.0,False,94.12,000 29/42/4 SECIR SUMMARY INLINE:,00029424515111,False,69.57,False,False,94.12
w2_2026_000166,w2,clean,employer_ein,00-6534221,006534221,006534221,006534221,15.0,True,100.0,00-53-21 MEMMARY MINNE (RM),0053211,False,75.0,False,True,100.0
w2_2026_000166,w2,clean,control_number,W2-2026-000166,W22026000166,22026-00068,2202600068,37.0,False,81.82,"WE AREBOOKS SOLD6"" ********",WEAREBOOKSSOLD6,False,14.81,False,False,81.82
w2_2026_000166,w2,clean,employee_last_name,PACHECO,PACHECO,PACHECO,PACHECO,91.0,True,100.0,PACHECO,PACHECO,True,100.0,False,True,100.0
w2_2026_000166,w2,clean,wages,"30,721.24",30721.24,"30,721.24",30721.24,56.0,True,100.0,"* WAYES, UPS, UNIER UOH* 30,721.24",551030721.24,False,80.0,False,True,100.0
w2_2026_000166,w2,clean,social_security_wages,"30,721.24",30721.24,"90,721.24",90721.24,63.0,False,87.5,"JOUR SUMMARY WEGES 30,721.24",56530721.24,False,84.21,False,False,87.5
w2_2026_000166,w2,clean,social_security_tax_withheld,"1,904.72",1904.72,"4,904.72",4904.72,55.0,False,85.71,"* AUGIAT SELUINY TAX WITH 1,904.72",6151111904.72,False,70.0,False,False,85.71
w2_2026_000166,w2,clean,medicare_wages,"30,721.24",30721.24,"30,721.24",30721.24,55.0,True,100.0,"- REGULARS WAYES WITH 30,721.24",-6155130721.24,False,72.73,False,True,100.0
w2_2026_000166,w2,clean,state,MO,MO,MO,MO,46.0,True,100.0,MO L,MOL,False,80.0,False,True,100.0
w2_2026_000166,w2,clean,employer_state_id,MO-6663388,MO6663388,M-6663388,M6663388,0.0,False,94.12,MO-6663388.........................,MO6663388,True,100.0,True,True,100.0
w2_2026_000166,w2,clean,state_wages,"30,721.24",30721.24,"80,721.24",80721.24,62.0,False,87.5,........30.721.24,0.31,False,33.33,False,False,87.5
w2_2026_000166,w2,clean,state_income_tax,"1,866.60",1866.60,"1,866.60)",1866.60,59.0,True,100.0,".................. 1,866.60",0.19,False,18.18,False,True,100.0
w2_2026_000172,w2,clean,employee_ssn,000-22-9653,000229653,00-22-9653 BT,002296538,16.5,False,88.89,000-22-9653 SUMMARY MOUNT,00022965350,False,90.0,True,False,90.0
w2_2026_000172,w2,clean,employer_ein,00-1713900,001713900,001718900,001718900,0.0,False,88.89,00-171390 MEMMARY MINNE (RM),001713901,False,88.89,False,False,88.89
w2_2026_000172,w2,clean,control_number,W2-2026-000172,W22026000172,22026-00072,2202600072,23.0,False,90.91,"WE AREBOOK2"" ********",WEAREBOOK2,False,18.18,False,False,90.91
w2_2026_000172,w2,clean,employee_last_name,DECKER,DECKER,DECKER,DECKER,96.0,True,100.0,DECKER,DECKER,True,100.0,False,True,100.0
w2_2026_000172,w2,clean,wages,"41,872.42",41872.42,872.42,872.42,47.0,False,85.71,"1 WAYES, UPS, UNIER UOH*4,872.42",155104872.42,False,70.0,False,False,85.71
w2_2026_000172,w2,clean,social_security_tax_withheld,"2,596.09",2596.09,"2,596.09",2596.09,67.0,True,100.0,"* AUGIAT SELUINY TAX WITH 2,596.09",6151112596.09,False,70.0,False,True,100.0
w2_2026_000172,w2,clean,medicare_wages,"41,872.42",41872.42,"8,872.42",8872.42,50.0,False,80.0,"- REGULAR: MASPS AND 41,872.42",-6155041872.42,False,72.73,False,False,80.0
w2_2026_000172,w2,clean,state,KS,KS,KS,KS,57.0,True,100.0,[S],S,False,66.67,False,True,100.0
w2_2026_000172,w2,clean,employer_state_id,KS-8977571,KS8977571,KS8977871,KS8977871,34.0,False,88.89,KKS-8977571 ..................................,KKS8977571,False,94.74,True,False,94.74
w2_2026_000172,w2,clean,state_wages,"41,872.42",41872.42,"41,872.42",41872.42,52.0,True,100.0,......... 41872.42,0.42,False,50.0,False,True,100.0
w2_2026_000172,w2,clean,state_income_tax,"1,180.98",1180.98,"1,180.98)",1180.98,55.0,True,100.0,".................. 1,180.98",0.12,False,36.36,False,True,100.0
w2_2026_000177,w2,clean,employee_ssn,000-56-5419,000565419,00-56-5419 BT,005654198,10.5,False,88.89,000-56-5419 S SOCULAR SECURITY INVOICE,000565419550151101,False,66.67,False,False,88.89
w2_2026_000177,w2,clean,employer_ein,00-2715158,002715158,00-2715158,002715158,22.0,True,100.0,00-27-3388 TERMINAL NAME (RM),0027338811,False,63.16,False,True,100.0
w2_2026_000177,w2,clean,control_number,W2-2026-000177,W22026000177,22026000977,22026000977,18.0,False,86.96,"WE ARE-0077""",WEARE0077,False,47.62,False,False,86.96
w2_2026_000177,w2,clean,employee_last_name,HUFF,HUFF,HUFF,HUFF,96.0,True,100.0,BUFF (RM),BUFF RM,False,54.55,False,True,100.0
w2_2026_000177,w2,clean,wages,"81,129.79",81129.79,8129.79,8129.79,48.0,False,93.33,"* REFES, UPS, UNCLUSI UOH*81,129.79",55151081129.79,False,72.73,False,False,93.33
w2_2026_000177,w2,clean,federal_tax_withheld,"11,172.55",11172.55,"44,972.55",44972.55,43.0,False,62.5,"PLEASE INCLUSIVE TAX ***11,172.55",15115111172.55,False,72.73,True,False,72.73
w2_2026_000177,w2,clean,social_security_wages,"81,129.79",81129.79,1 29.79,129.79,67.0,False,85.71,"JOUR SUMMARY WAYES 81,129.79",5581129.79,False,88.89,True,False,88.89
w2_2026_000177,w2,clean,social_security_tax_withheld,"5,030.05",5030.05,"8,080.05",8080.05,54.0,False,71.43,"* AUGIAT SECURNY TAX WITH 5,030.05",61515030.05,False,77.78,True,False,77.78
w2_2026_000177,w2,clean,state,FM,FM,FM,FM,55.0,True,100.0,=,,False,0.0,False,True,100.0
w2_2026_000177,w2,clean,employer_state_id,FM-9597330,FM9597330,FM-95973300,FM95973300,23.0,False,94.74,IFM-9597330 .................................,IFM9597330,False,94.74,False,False,94.74
w2_2026_000177,w2,clean,state_wages,"81,129.79",81129.79,"81,129.79",81129.79,58.0,True,100.0,.........8129.79,0.81,False,33.33,False,True,100.0
w2_2026_000177,w2,clean,state_income_tax,482.63,482.63,482.63),482.63,58.0,True,100.0,.................. 482.63,0.48,False,40.0,False,True,100.0
w2_2026_000210,w2,clean,employee_ssn,000-60-9300,000609300,00-60-9800 BT,006098008,0.0,False,77.78,000-50-9300 S SOCULAR SECURITY INVOICE,000509300550151101,False,59.26,False,False,77.78
w2_2026_000210,w2,clean,employer_ein,00-5806467,005806467,00-5806467,005806467,0.0,True,100.0,00-53/24/47 MEMMARY MARKET (RM),00532447,False,58.82,False,True,100.0
w2_2026_000210,w2,clean,control_number,W2-2026-000210,W22026000210,W2-2026-000210,W22026000210,0.0,True,100.0,VE: 2025-0020- 1,VE202500201,False,60.87,False,True,100.0
w2_2026_000210,w2,clean,employee_last_name,HOOD,HOOD,HOOD,HOOD,96.0,True,100.0,FOOD (RM),FOOD RM,False,54.55,False,True,100.0
w2_2026_000210,w2,clean,wages,"40,245.99",40245.99,"40,245.99",40245.99,50.0,True,100.0,"* WAYES, UPS, UNIER DOM*40,245.99",5510040245.99,False,76.19,False,True,100.0
w2_2026_000210,w2,clean,federal_tax_withheld,"3,327.15",3327.15,"3,327.1 5",3327.15,61.5,True,100.0,"PLEASE INCLUSIVE TAX *** 3,327.15",1511513327.15,False,70.0,False,True,100.0
w2_2026_000210,w2,clean,social_security_tax_withheld,"2,495.25",2495.25,"2,495.25",2495.25,58.0,True,100.0,"* AUGIAT SELUINY TAX WITH 2,495.25",6151112495.25,False,70.0,False,True,100.0
w2_2026_000210,w2,clean,medicare_wages,"40,245.99",40245.99,"40,245.99",40245.99,56.0,True,100.0,"- REGULARS WAYES WITH 40,245.99",-6155140245.99,False,72.73,False,True,100.0
w2_2026_000210,w2,clean,state,GA,GA,GA,GA,65.0,True,100.0,[SALE,SALE,False,33.33,False,True,100.0
w2_2026_000210,w2,clean,employer_state_id,GA-7749095,GA7749095,GA77490985,GA77490985,0.0,False,94.74,GAT7449095 ..........................................,GAT7449095,False,84.21,False,False,94.74
w2_2026_000210,w2,clean,state_wages,"40,245.99",40245.99,"40,245.99",40245.99,64.0,True,100.0,"................ 40,245.99",0.40,False,33.33,False,True,100.0
w2_2026_000210,w2,clean,state_income_tax,176.66,176.66,17666),17666.00,52.0,False,71.43,.................. 7666,0.77,False,20.0,False,False,71.43
w2_2026_000236,w2,clean,employee_ssn,000-67-1186,000671186,00-67-1186 BE,006711868,20.0,False,88.89,000-57-1186 S SOCULAR SECURITY INCLUER,00057118655015111,False,61.54,False,False,88.89
w2_2026_000236,w2,clean,employer_ein,00-5449526,005449526,005449526,005449526,0.0,True,100.0,06-545526 TERIMAN TAMAN PKN,065455261,False,66.67,False,True,100.0
w2_2026_000236,w2,clean,control_number,W2-2026-000236,W22026000236,WW2-2026-000288,WW22026000288,10.0,False,80.0,VE: 2028-0026-15-15-17-17-17-12-17-17-17,VE20280026151517171712171717,False,35.0,False,False,80.0
w2_2026_000236,w2,clean,employee_last_name,WILSON,WILSON,WILSON,WILSON,96.0,True,100.0,WILSON,WILSON,True,100.0,False,True,100.0
w2_2026_000236,w2,clean,wages,"67,929.09",67929.09,"67,929.09",67929.09,48.0,True,100.0,"* WAYES, UPS, UNIER DOM*67,929.09",5510067929.09,False,76.19,False,True,100.0
w2_2026_000236,w2,clean,social_security_tax_withheld,"4,211.60",4211.60,4211.60,4211.60,65.0,True,100.0,* CASHIER SECURNY TAX WITH 4/211.60,51514211.60,False,77.78,False,True,100.0
w2_2026_000236,w2,clean,state,HI,HI,HO,HO,16.0,False,50.0,ED,ED,False,0.0,False,False,50.0
w2_2026_000236,w2,clean,employer_state_id,HI-2812519,HI2812519,28125190,28125190,25.0,False,82.35,CHI-2812519 .........................,CHI2812519,False,94.74,True,False,94.74
w2_2026_000236,w2,clean,state_wages,"67,929.09",67929.09,"87,929.09",87929.09,52.0,False,87.5,................ 67929.09,0.68,False,16.67,False,False,87.5
w2_2026_000236,w2,clean,state_income_tax,"1,410.80",1410.80,"1,410.80)",1410.80,58.0,True,100.0,".................. 1,410.80",0.14,False,36.36,False,True,100.0
w2_2026_000214,w2,clean,employee_ssn,000-90-2262,000902262,00-90-2262 BT,009022628,13.5,False,88.89,000-90-2262 S SOCULAR SECURITY INVOICE,000902262550151101,False,66.67,False,False,88.89
w2_2026_000214,w2,clean,employer_ein,00-9323974,009323974,009323974,009323974,7.0,True,100.0,00-52974 TERIMAN NAME (RM),00529741,False,70.59,False,True,100.0
w2_2026_000214,w2,clean,control_number,W2-2026-000214,W22026000214,22026-00021,2202600021,27.0,False,90.91,VE: 2028-0024-15- 1,VE20280024151,False,56.0,False,False,90.91
w2_2026_000214,w2,clean,employee_last_name,GARRISON,GARRISON,GARRISON,GARRISON,96.0,True,100.0,GARRISON,GARRISON,True,100.0,False,True,100.0
w2_2026_000214,w2,clean,wages,"32,925.16",32925.16,"32,925.16",32925.16,46.0,True,100.0,"* WAYES, UPS, UNIER DOM* 32,925.16",5510032925.16,False,76.19,False,True,100.0
w2_2026_000214,w2,clean,social_security_tax_withheld,"2,041.36",2041.36,"2,081.36",2081.36,66.0,False,85.71,"* AUGIAT SELUINY TAX WITH 2,041.36",6151112041.36,False,70.0,False,False,85.71
w2_2026_000214,w2,clean,medicare_wages,"32,925.16",32925.16,"82,925.16",82925.16,65.0,False,87.5,"- REGULARS WAYES WITH 32,925.16",-6155132925.16,False,72.73,False,False,87.5
w2_2026_000214,w2,clean,medicare_tax_withheld,477.41,477.41,8 477.41,8477.41,34.5,False,92.31,- ********,-,False,0.0,False,False,92.31
w2_2026_000214,w2,clean,state,NM,NM,NM,NM,47.0,True,100.0,|MM,MM,False,50.0,False,True,100.0
w2_2026_000214,w2,clean,employer_state_id,NM-3799805,NM3799805,NM37980500,NM37980500,0.0,False,84.21,INM-3799805 .................................,INM3799805,False,94.74,True,False,94.74
w2_2026_000214,w2,clean,state_wages,"32,925.16",32925.16,"82,925.16",82925.16,58.0,False,87.5,........3295.16,0.33,False,16.67,False,False,87.5
w2_2026_000214,w2,clean,state_income_tax,918.81,918.81,918.81,918.81,33.0,True,100.0,........918.81,0.92,False,20.0,False,True,100.0
w2_2026_000243,w2,clean,employee_ssn,000-63-9773,000639773,000-639-973 BE,0006399738,0.0,False,84.21,000-53-9733 S SOCULAR SECURITY INCLUER,00053973355015111,False,53.85,False,False,84.21
w2_2026_000243,w2,clean,employer_ein,00-8966231,008966231,008966281,008966281,0.0,False,88.89,00-86623-1 MEMMARY MINNE (RM),008662311,False,88.89,False,False,88.89
w2_2026_000243,w2,clean,control_number,W2-2026-000243,W22026000243,22026-00024,2202600024,34.0,False,90.91,VE: 2053-0023-15-17-17-17-17-17-17-17 PM,VE205300231517171717171717PM,False,30.0,False,False,90.91
w2_2026_000243,w2,clean,employee_last_name,MEDINA,MEDINA,MEDINA,MEDINA,96.0,True,100.0,MEDINA,MEDINA,True,100.0,False,True,100.0
w2_2026_000243,w2,clean,wages,"97,455.43",97455.43,"97,455.43",97455.43,54.0,True,100.0,"* WAYES, UPS, UNIER UOH* 97,455.43",551097455.43,False,80.0,False,True,100.0
w2_2026_000243,w2,clean,federal_tax_withheld,"22,932.52",22932.52,"8,992.52)",8992.52,60.0,False,66.67,"PLEASE INCLUSIVE 18% ** 22,932.52",1511511822932.52,False,66.67,False,False,66.67
w2_2026_000243,w2,clean,social_security_tax_withheld,"6,042.24",6042.24,6042.24,6042.24,50.0,True,100.0,"* AUGIAT SELU INY IOA WWW*6,042.24",61511106042.24,False,66.67,False,True,100.0
w2_2026_000243,w2,clean,state,KS,KS,KS,KS,57.0,True,100.0,[S],S,False,66.67,False,True,100.0
w2_2026_000243,w2,clean,employer_state_id,KS-7623718,KS7623718,KS7623718,KS7623718,0.0,True,100.0,KS-7623718 .........................,KS7623718,True,100.0,False,True,100.0
w2_2026_000243,w2,clean,state_wages,"97,455.43",97455.43,"97,455.43",97455.43,59.0,True,100.0,"........ 97,455.43",0.97,False,33.33,False,True,100.0
w2_2026_000243,w2,clean,state_income_tax,"3,735.68",3735.68,"8,735.68)",8735.68,51.0,False,85.71,"................ 3,735.68",0.37,False,36.36,False,False,85.71
w2_2026_000237,w2,clean,employee_ssn,000-73-7204,000737204,000-738-7204,0007387204,20.0,False,94.74,000-73-7204- S SOCULAR SECURNAY INCLUER,0007372045501511,False,72.0,False,False,94.74
w2_2026_000237,w2,clean,employer_ein,00-6892681,006892681,006892681,006892681,0.0,True,100.0,00-58-26-2681 PERIMARAN TAMMARY (RM),00582626811,False,70.0,False,True,100.0
w2_2026_000237,w2,clean,control_number,W2-2026-000237,W22026000237,W22026-000887,W22026000887,10.0,False,83.33,WE ARE-0027-15- 1/2018,WEARE00271512018,False,35.71,False,False,83.33
w2_2026_000237,w2,clean,employee_last_name,NEAL,NEAL,NEAL,NEAL,96.0,True,100.0,NEAL (RM),NEAL RM,False,72.73,False,True,100.0
w2_2026_000237,w2,clean,wages,"36,077.80",36077.80,"36,077.80",36077.80,43.0,True,100.0,"* WAYES, UPS, UNIER DOM*36,077.80",5510036077.80,False,76.19,False,True,100.0
w2_2026_000237,w2,clean,federal_tax_withheld,"5,114.03",5114.03,5444.08,5444.08,55.0,False,57.14,"PLEASE INCLUSIVE TAX *** 5,114.03",1511515114.03,False,70.0,True,False,70.0
w2_2026_000237,w2,clean,social_security_tax_withheld,"2,236.82",2236.82,"2,286.82",2286.82,61.0,False,85.71,"* AUGIAT SELUINY IAY WITH 2,236.82",61511112236.82,False,66.67,False,False,85.71
w2_2026_000237,w2,clean,state,NE,NE,NE,NE,59.0,True,100.0,=,,False,0.0,False,True,100.0
w2_2026_000237,w2,clean,employer_state_id,NE-4784650,NE4784650,NE4784650000,NE4784650000,0.0,False,85.71,ONE-4784650 ..........................................,ONE4784650,False,94.74,True,False,94.74
w2_2026_000237,w2,clean,state_wages,"36,077.80",36077.80,"36,077.80",36077.80,48.0,True,100.0,"................36,077.80",0.36,False,33.33,False,True,100.0
w2_2026_000237,w2,clean,state_income_tax,"1,717.95",1717.95,"4,717.98)",4717.98,55.0,False,71.43,........7175,0.72,False,18.18,False,False,71.43
1099_nec_2026_000008,1099_nec,clean,payer_state,UT,UT,PT,PT,27.0,False,50.0,LOTATE OR PROVINCE,LOTATEORPROVINCE,False,11.11,False,False,50.0
1099_nec_2026_000008,1099_nec,clean,payer_zip,78640,78640,360,360,32.0,False,50.0,78640 TORELON POSTAL CODE,7864001005100,False,55.56,True,False,55.56
1099_nec_2026_000008,1099_nec,clean,recipient_state,IN,IN,IN,IN,56.0,True,100.0,TABLE OF PROVINICE,TABLEOFPROVINICE,False,22.22,False,True,100.0
1099_nec_2026_000008,1099_nec,clean,recipient_zip,03519,03519,03519 Sa eR YR Se ee Oe,03519550,34.71,False,76.92,03519 TORELON POSTAL CODE |,03519010051001,False,52.63,False,False,76.92
1099_nec_2026_000008,1099_nec,clean,state_tax_withheld,"2,638.77",2638.77,"$8,688.77",8688.77,58.0,False,71.43,"$ 2,638.77",2638.77,True,100.0,True,True,100.0
1099_nec_2026_000008,1099_nec,clean,state_payer_number,IN-1592554,IN1592554,INWS9265000,INWS9265000,0.0,False,50.0,IN-1592554,IN1592554,True,100.0,True,True,100.0
1099_nec_2026_000008,1099_nec,clean,state_income,"137,614.29",137614.29,"$137,614.20",137614.20,25.0,False,88.89,"$ 137,614.29",137614.29,True,100.0,True,True,100.0
1099_nec_2026_000021,1099_nec,clean,payer_state,FL,FL,FO,FO,25.0,False,50.0,PLEASE OR PROVINCE,PLEASEORPROVINCE,False,11.11,False,False,50.0
1099_nec_2026_000021,1099_nec,clean,payer_zip,00659,00659,00659,00659,55.0,True,100.0,00659 TORELON POSTAL CODE,0065901005100,False,55.56,False,True,100.0
1099_nec_2026_000021,1099_nec,clean,recipient_state,LA,LA,WR,WR,52.0,False,0.0,TABLE OF PROVINICE,TABLEOFPROVINICE,False,11.11,True,False,11.11
1099_nec_2026_000021,1099_nec,clean,recipient_zip,47334,47334,47334 So eR Re ee Oe,47334500,39.0,False,76.92,47394 TOREGN POSTAL CODE |,4739406051001,False,44.44,False,False,76.92
1099_nec_2026_000021,1099_nec,clean,federal_income_tax_withheld,"2,591.95",2591.95,": 2,591.95",2591.95,47.5,True,100.0,"$ ************ 2,591.95",2591.95,True,100.0,False,True,100.0
1099_nec_2026_000021,1099_nec,clean,state_tax_withheld,"2,715.34",2715.34,$8715.34,8715.34,28.0,False,85.71,"$ 2,715.34",2715.34,True,100.0,True,True,100.0
1099_nec_2026_000021,1099_nec,clean,state_payer_number,LA-9064202,LA9064202,L064202,L064202,0.0,False,87.5,LA-9064202,LA9064202,True,100.0,True,True,100.0
1099_nec_2026_000021,1099_nec,clean,state_income,"86,506.75",86506.75,"$86,506.75",86506.75,34.0,True,100.0,"$ 86,506.75",86506.75,True,100.0,False,True,100.0
w2_2026_000250,w2,clean,employee_ssn,000-76-7126,000767126,00-76-7126 CE,00767126,23.5,False,94.12,000-76-7126- S SOCIAR SECURITY INLINE:,000767126550151111,False,66.67,False,False,94.12
w2_2026_000250,w2,clean,employer_ein,00-1942977,001942977,001942977,001942977,10.0,True,100.0,00-182974 TERIMAN NAME (RM),001829741,False,66.67,False,True,100.0
w2_2026_000250,w2,clean,control_number,W2-2026-000250,W22026000250,W22026-000250,W22026000250,14.0,True,100.0,"VE: 2028-0025""",VE20280025,False,63.64,False,True,100.0
w2_2026_000250,w2,clean,employee_last_name,CAMPBELL,CAMPBELL,CAMPBELL,CAMPBELL,96.0,True,100.0,CAMPBELL,CAMPBELL,True,100.0,False,True,100.0
w2_2026_000250,w2,clean,wages,"129,498.65",129498.65,"429,498.65",429498.65,52.0,False,88.89,"* REFES, UPS, UNCLUSI UOH 129,498.65",551510129498.65,False,75.0,False,False,88.89
w2_2026_000250,w2,clean,federal_tax_withheld,"23,735.65",23735.65,"28,735.65)",28735.65,60.0,False,87.5,"PLEASE INCLUSIVE TAX ***23,735.65",15115123735.65,False,72.73,False,False,87.5
w2_2026_000250,w2,clean,social_security_tax_withheld,"8,028.92",8028.92,8028.92,8028.92,61.0,True,100.0,"* AUGIAT SELUINY IEX WITH 8,028.92",61511118028.92,False,66.67,False,True,100.0
w2_2026_000250,w2,clean,state,SC,SC,SC,SC,0.0,True,100.0,SC:,SC,True,100.0,False,True,100.0
w2_2026_000250,w2,clean,employer_state_id,SC-9502613,SC9502613,-9502618,9502618,0.0,False,75.0,ISC-9502613 ..........................................,ISC9502613,False,94.74,True,False,94.74
w2_2026_000250,w2,clean,state_wages,"129,498.65",129498.65,"129,498.65.",129498.65,52.0,True,100.0,"......... !!! !!! !!!29,498.65",0.29,False,30.77,False,True,100.0
w2_2026_000250,w2,clean,state_income_tax,"1,581.93",1581.93,"1,581.98)",1581.98,61.0,False,85.71,".................. 1,581.93",0.16,False,18.18,False,False,85.71
1099_nec_2026_000011,1099_nec,clean,payer_city,JONESLAND,JONESLAND,JONESLAND,JONESLAND,92.0,True,100.0,SONESLAND :,SONESLAND,False,88.89,False,True,100.0
1099_nec_2026_000011,1099_nec,clean,payer_state,MN,MN,PM,PM,25.0,False,50.0,LAMATE OR PROVINCE,LAMATEORPROVINCE,False,22.22,False,False,50.0
1099_nec_2026_000011,1099_nec,clean,payer_zip,44215,44215,44215,44215,69.0,True,100.0,14215 TORSIGN POSTAL CODE,14215051605100,False,42.11,False,True,100.0
1099_nec_2026_000011,1099_nec,clean,recipient_city,JACKIEPORT,JACKIEPORT,JACKIEPORT,JACKIEPORT,93.0,True,100.0,JACKEFORT SUMMARY,JACKEFORT SUMMARY,False,59.26,False,True,100.0
1099_nec_2026_000011,1099_nec,clean,recipient_state,OH,OH,JH,JH,48.0,False,50.0,TABLE OF PROVINICE,TABLEOFPROVINICE,False,11.11,False,False,50.0
1099_nec_2026_000011,1099_nec,clean,recipient_zip,36028,36028,36028 Sa eR YR Se ee Oe,36028550,34.86,False,76.92,36028 TORSIGN POSTAL CODE |,360280516051001,False,50.0,False,False,76.92
1099_nec_2026_000011,1099_nec,clean,nonemployee_compensation,"54,520.35",54520.35,"6 54,520.35",654520.35,69.5,False,94.12,"SR: 04,520.35",504520.35,False,94.12,False,False,94.12
1099_nec_2026_000011,1099_nec,clean,state_tax_withheld,0.00,0.00,$0.00,0.00,57.0,True,100.0,$ ------------ 0.00,------------0.00,False,40.0,False,True,100.0
1099_nec_2026_000011,1099_nec,clean,state_payer_number,OH-2194801,OH2194801,OH2I8M80T,OH2I8M80T,0.0,False,55.56,OH-2194801,OH2194801,True,100.0,True,True,100.0
1099_nec_2026_000011,1099_nec,clean,state_income,"54,520.35",54520.35,"$84,520.95",84520.95,37.0,False,75.0,"$ 54,520.35",54520.35,True,100.0,True,True,100.0
1099_nec_2026_000031,1099_nec,clean,payer_city,MEGANCHESTER,MEGANCHESTER,MEGANCHESTER,MEGANCHESTER,92.0,True,100.0,MEGANCHESTER COME AGAIN,MEGANCHESTER COME AGAIN,False,68.57,False,True,100.0
1099_nec_2026_000031,1099_nec,clean,payer_state,SC,SC,SC,SC,61.0,True,100.0,PLEASE OR PROVINCE,PLEASEORPROVINCE,False,22.22,False,True,100.0
1099_nec_2026_000031,1099_nec,clean,payer_zip,37626,37626,37628,37628,0.0,False,80.0,37626 TORSIGN POSTAL CODE,37626051605100,False,52.63,False,False,80.0
1099_nec_2026_000031,1099_nec,clean,recipient_state,AS,AS,WS,WS,23.0,False,50.0,TABLE OF PROVINICE,TABLEOFPROVINICE,False,11.11,False,False,50.0
1099_nec_2026_000031,1099_nec,clean,recipient_zip,04778,04778,04778 So eR Re ee Oe,04778500,39.0,False,76.92,0478 TORSIGN POSTAL CODE |,04780516051001,False,42.11,False,False,76.92
1099_nec_2026_000031,1099_nec,clean,nonemployee_compensation,"135,839.19",135839.19,"$ 135,839.19",135839.19,48.0,True,100.0,"SR: 135,899.19",5135899.19,False,84.21,False,True,100.0
1099_nec_2026_000031,1099_nec,clean,state_tax_withheld,0.00,0.00,$0.00,0.00,57.0,True,100.0,$ ------------ 0.00,------------0.00,False,40.0,False,True,100.0
1099_nec_2026_000031,1099_nec,clean,state_payer_number,AS-1910586,AS1910586,ASWSG,ASWSG,0.0,False,28.57,AS-1910586,AS1910586,True,100.0,True,True,100.0
1099_nec_2026_000031,1099_nec,clean,state_income,"135,839.19",135839.19,"$135,839.19",135839.19,37.0,True,100.0,"$ 1.35,839.19",1.36,False,30.77,False,True,100.0
1099_nec_2026_000032,1099_nec,clean,payer_state,FL,FL,FO,FO,25.0,False,50.0,PLEASE OR PROVINCE,PLEASEORPROVINCE,False,11.11,False,False,50.0
1099_nec_2026_000032,1099_nec,clean,recipient_state,VA,VA,VA R,VAR,38.0,False,80.0,SALE OF PROVINICE,SALEOFPROVINICE,False,11.76,False,False,80.0
1099_nec_2026_000032,1099_nec,clean,recipient_zip,23270,23270,93070 Sa eR YR Se ee Oe,93070550,29.0,False,46.15,23270 TOREGN POSTAL CODE |,2327006051001,False,55.56,True,False,55.56
1099_nec_2026_000032,1099_nec,clean,nonemployee_compensation,"144,652.96",144652.96,"$ 144,652.96",144652.96,47.5,True,100.0,SR: 1445296,51445296.00,False,70.0,False,True,100.0
1099_nec_2026_000032,1099_nec,clean,state_tax_withheld,0.00,0.00,$0.00,0.00,57.0,True,100.0,$ ------------ 0.00,------------0.00,False,40.0,False,True,100.0
1099_nec_2026_000032,1099_nec,clean,state_payer_number,VA-4720299,VA4720299,VARAT09,VARAT09,0.0,False,50.0,VA-4720299,VA4720299,True,100.0,True,True,100.0
1099_nec_2026_000032,1099_nec,clean,state_income,"144,652.96",144652.96,"$144,652.96",144652.96,46.0,True,100.0,"$ 14,652.96",14652.96,False,94.12,False,True,100.0
1099_nec_2026_000035,1099_nec,clean,payer_state,TX,TX,PR,PR,31.0,False,0.0,TAKE OF PROVINCE,TAKEOFPROVINCE,False,12.5,True,False,12.5
1099_nec_2026_000035,1099_nec,clean,payer_zip,94531,94531,94531,94531,47.0,True,100.0,94537 TOREIGN POSTAL CODE,9453701605100,False,55.56,False,True,100.0
1099_nec_2026_000035,1099_nec,clean,recipient_state,MH,MH,WE,WE,36.0,False,0.0,TABLE OF PROVINICE,TABLEOFPROVINICE,False,0.0,False,False,0.0
1099_nec_2026_000035,1099_nec,clean,recipient_zip,83430,83430,83430 Sa eR YR Se ee Oe,83430550,34.86,False,76.92,83430 TOREGN POSTAL CODE |,8343006051001,False,55.56,False,False,76.92
1099_nec_2026_000035,1099_nec,clean,nonemployee_compensation,"78,582.12",78582.12,"$ 78,582.12",78582.12,57.0,True,100.0,SR: 78:52:22,5785222.00,False,55.56,False,True,100.0
1099_nec_2026_000035,1099_nec,clean,state_tax_withheld,0.00,0.00,$0.00,0.00,57.0,True,100.0,$ ------------ 0.00,------------0.00,False,40.0,False,True,100.0
1099_nec_2026_000035,1099_nec,clean,state_payer_number,MH-8261353,MH8261353,MH8261353,MH8261353,0.0,True,100.0,MH-8261353,MH8261353,True,100.0,False,True,100.0
1099_nec_2026_000035,1099_nec,clean,state_income,"78,582.12",78582.12,"$78,582.12",78582.12,48.0,True,100.0,"$ 78,582.12",78582.12,True,100.0,False,True,100.0
1099_nec_2026_000036,1099_nec,clean,payer_city,DUSTINMOUTH,DUSTINMOUTH,DUSTINMOUTH,DUSTINMOUTH,92.0,True,100.0,DUSTINMOUTH,DUSTINMOUTH,True,100.0,False,True,100.0
1099_nec_2026_000036,1099_nec,clean,payer_state,DE,DE,PE,PE,61.0,False,50.0,PLEASE OR PROVINCE,PLEASEORPROVINCE,False,11.11,False,False,50.0
1099_nec_2026_000036,1099_nec,clean,payer_zip,01763,01763,017638,017638,48.0,False,90.91,61763 TOREIGN POSTAL CODE,6176301605100,False,44.44,False,False,90.91
1099_nec_2026_000036,1099_nec,clean,recipient_city,JENNIFERLAND,JENNIFERLAND,JENNIFERLAND,JENNIFERLAND,92.0,True,100.0,JENNIFERLAND SUMMARY,JENNIFERLAND SUMMARY,False,75.0,False,True,100.0
1099_nec_2026_000036,1099_nec,clean,recipient_state,OK,OK,PR,PR,41.0,False,0.0,OKATE OR PROVINICE,OKATEORPROVINICE,False,22.22,True,False,22.22
1099_nec_2026_000036,1099_nec,clean,recipient_zip,85208,85208,85208 So eR YR eee Oe,85208500,36.83,False,76.92,85208 TORSIGN POSTAL CODE |,852080516051001,False,50.0,False,False,76.92
1099_nec_2026_000036,1099_nec,clean,state_tax_withheld,0.00,0.00,$0.00,0.00,57.0,True,100.0,$ ------------ 0.00,------------0.00,False,40.0,False,True,100.0
1099_nec_2026_000036,1099_nec,clean,state_payer_number,OK-6399642,OK6399642,OK-69996420,OK69996420,0.0,False,84.21,OK-6399642,OK6399642,True,100.0,True,True,100.0
1099_nec_2026_000036,1099_nec,clean,state_income,"84,022.53",84022.53,"$84,022.53",84022.53,30.0,True,100.0,"$ 84,022.53",84022.53,True,100.0,False,True,100.0
1099_nec_2026_000038,1099_nec,clean,payer_city,LISASIDE,LISASIDE,wy wt twee LISASIDE,WY WT TWEE LISASIDE,56.75,False,59.26,LISASIDE ***,LISASIDE,True,100.0,True,True,100.0
1099_nec_2026_000038,1099_nec,clean,payer_state,AL,AL,PO,PO,1.0,False,0.0,PLEASE OR PROVINCE,PLEASEORPROVINCE,False,11.11,True,False,11.11
1099_nec_2026_000038,1099_nec,clean,payer_zip,90710,90710,97710,97710,58.0,False,80.0,90718 TOREIGN POSTAL CODE,9071801605100,False,55.56,False,False,80.0
1099_nec_2026_000038,1099_nec,clean,recipient_state,DC,DC,PO,PO,0.0,False,0.0,TABLE OF PROVINICE,TABLEOFPROVINICE,False,11.11,True,False,11.11
1099_nec_2026_000038,1099_nec,clean,recipient_zip,42356,42356,42356 Sa eR YR Se ee Oe,42356550,34.71,False,76.92,4235 TORSIGN POSTAL CODE |,42350516051001,False,52.63,False,False,76.92
1099_nec_2026_000038,1099_nec,clean,nonemployee_compensation,"26,182.75",26182.75,"$ 26,182.75",26182.75,55.0,True,100.0,SR: 26:28:25,5262825.00,False,55.56,False,True,100.0
1099_nec_2026_000038,1099_nec,clean,state_tax_withheld,0.00,0.00,$0.00,0.00,57.0,True,100.0,$ ------------ 0.00,------------0.00,False,40.0,False,True,100.0
1099_nec_2026_000038,1099_nec,clean,state_payer_number,DC-4646403,DC4646403,D-4646408,D4646408,0.0,False,82.35,DC-4646403,DC4646403,True,100.0,True,True,100.0
1099_nec_2026_000038,1099_nec,clean,state_income,"26,182.75",26182.75,"$26,182.75",26182.75,39.0,True,100.0,"$ 26,182.75",26182.75,True,100.0,False,True,100.0
1099_nec_2026_000040,1099_nec,clean,payer_city,SHAWHAVEN,SHAWHAVEN,SHAWHAVEN,SHAWHAVEN,92.0,True,100.0,SHAWHAVEN ************,SHAWHAVEN,True,100.0,False,True,100.0
1099_nec_2026_000040,1099_nec,clean,payer_state,MA,MA,MW,MW,15.0,False,50.0,INVATE OR PROVINCE,INVATEORPROVINCE,False,11.11,False,False,50.0
1099_nec_2026_000040,1099_nec,clean,payer_zip,07468,07468,07468,07468,50.0,True,100.0,07468 TORSIGN POSTAL CODE,07468051605100,False,52.63,False,True,100.0
1099_nec_2026_000040,1099_nec,clean,recipient_city,RODRIGUEZTON,RODRIGUEZTON,RODRIGUEZTON,RODRIGUEZTON,92.0,True,100.0,RODREGUETON ************,RODREGUETON,False,86.96,False,True,100.0
1099_nec_2026_000040,1099_nec,clean,recipient_state,SD,SD,OO,OO,35.0,False,0.0,SALE OF PROVINICE,SALEOFPROVINICE,False,11.76,True,False,11.76
1099_nec_2026_000040,1099_nec,clean,recipient_zip,33130,33130,334 30 So eR Re ee Oe,33430500,46.29,False,61.54,33130 TORSIGN POSTAL CODE |,331300516051001,False,50.0,False,False,61.54
1099_nec_2026_000040,1099_nec,clean,nonemployee_compensation,"130,636.86",130636.86,"$ 130,636.86",130636.86,59.0,True,100.0,SR: 13:30:36386,5133036386.00,False,63.64,False,True,100.0
1099_nec_2026_000040,1099_nec,clean,state_tax_withheld,0.00,0.00,$0.00,0.00,57.0,True,100.0,$ ------------ 0.00,------------0.00,False,40.0,False,True,100.0
1099_nec_2026_000040,1099_nec,clean,state_payer_number,SD-9769953,SD9769953,SDOTOIS,SDOTOIS,0.0,False,25.0,SD-9769953,SD9769953,True,100.0,True,True,100.0
1099_nec_2026_000040,1099_nec,clean,state_income,"130,636.86",130636.86,"$130,636.86",130636.86,32.0,True,100.0,"$ 1300,636.86",1300636.86,False,94.74,False,True,100.0
1099_nec_2026_000044,1099_nec,clean,payer_city,FITZPATRICKBURY,FITZPATRICKBURY,FITZPATRICKBURY,FITZPATRICKBURY,92.0,True,100.0,ENTZATRICKBURY,ENTZATRICKBURY,False,82.76,False,True,100.0
1099_nec_2026_000044,1099_nec,clean,payer_state,AS,AS,PS,PS,45.0,False,50.0,PLEASE OR PROVINCE,PLEASEORPROVINCE,False,22.22,False,False,50.0
1099_nec_2026_000044,1099_nec,clean,payer_zip,89433,89433,80433,80433,44.0,False,80.0,89433 TORSIGN POSTAL CODE,89433051605100,False,52.63,False,False,80.0
1099_nec_2026_000044,1099_nec,clean,recipient_state,KS,KS,KS,KS,41.0,True,100.0,PLATE OF PROVINICE,PLATEOFPROVINICE,False,0.0,False,True,100.0
1099_nec_2026_000044,1099_nec,clean,recipient_zip,18286,18286,18286 Sa eR YR Se ee Oe,18286550,34.14,False,76.92,18286 TORSIGN POSTAL CODE |,182860516051001,False,50.0,False,False,76.92
1099_nec_2026_000044,1099_nec,clean,nonemployee_compensation,"155,922.03",155922.03,"$ 155,922.03",155922.03,48.0,True,100.0,SR: 1559223,51559223.00,False,80.0,False,True,100.0
1099_nec_2026_000044,1099_nec,clean,state_tax_withheld,0.00,0.00,$0.00,0.00,57.0,True,100.0,$ ------------ 0.00,------------0.00,False,40.0,False,True,100.0
1099_nec_2026_000044,1099_nec,clean,state_payer_number,KS-2249382,KS2249382,820498820,820498820,25.0,False,55.56,KS-22499382,KS22499382,False,94.74,True,False,94.74
1099_nec_2026_000044,1099_nec,clean,state_income,"155,922.03",155922.03,"$185,922.03",185922.03,30.0,False,88.89,"$ 155,922.03",155922.03,True,100.0,True,True,100.0
1099_nec_2026_000051,1099_nec,clean,payer_zip,97401,97401,97401,97401,54.0,True,100.0,97401 TORSIGN POSTAL CODE,97401051605100,False,52.63,False,True,100.0
1099_nec_2026_000051,1099_nec,clean,recipient_city,TURNERBURY,TURNERBURY,TURNERBURY,TURNERBURY,93.0,True,100.0,TURNEBURY ************,TURNEBURY,False,94.74,False,True,100.0
1099_nec_2026_000051,1099_nec,clean,recipient_state,AK,AK,KR,KR,45.0,False,50.0,TAKATE OR PROVINICE,TAKATEORPROVINICE,False,21.05,False,False,50.0
1099_nec_2026_000051,1099_nec,clean,recipient_zip,07756,07756,07756 So eR Re ee Oe,07756500,39.17,False,76.92,07756 TORSIGN POSTAL CODE |,077560516051001,False,50.0,False,False,76.92
1099_nec_2026_000051,1099_nec,clean,state_tax_withheld,0.00,0.00,$0.00,0.00,57.0,True,100.0,$ ------------ 0.00,------------0.00,False,40.0,False,True,100.0
1099_nec_2026_000051,1099_nec,clean,state_payer_number,AK-8704520,AK8704520,ARSTOS2O,ARSTOS2O,0.0,False,23.53,AK-8704520,AK8704520,True,100.0,True,True,100.0
1099_nec_2026_000051,1099_nec,clean,state_income,"37,490.52",37490.52,"$37,490.52",37490.52,50.0,True,100.0,"$ 37,490.52",37490.52,True,100.0,False,True,100.0
1099_nec_2026_000052,1099_nec,clean,payer_state,AL,AL,PO,PO,1.0,False,0.0,PLEASE OR PROVINCE,PLEASEORPROVINCE,False,11.11,True,False,11.11
1099_nec_2026_000052,1099_nec,clean,payer_zip,30270,30270,30270,30270,61.0,True,100.0,50270 TORELON POSTAL CODE,5027001005100,False,44.44,False,True,100.0
1099_nec_2026_000052,1099_nec,clean,recipient_city,MICHAELBURY,MICHAELBURY,MICHAELBURY,MICHAELBURY,91.0,True,100.0,MICHAELBURY,MICHAELBURY,True,100.0,False,True,100.0
1099_nec_2026_000052,1099_nec,clean,recipient_state,LA,LA,WR,WR,52.0,False,0.0,TABLE OF PROVINICE,TABLEOFPROVINICE,False,11.11,True,False,11.11
1099_nec_2026_000052,1099_nec,clean,recipient_zip,17503,17503,17509,17509,0.0,False,80.0,17503 TOREGN POSTAL CODE |,1750306051001,False,55.56,False,False,80.0
1099_nec_2026_000052,1099_nec,clean,state_tax_withheld,0.00,0.00,$0.00,0.00,57.0,True,100.0,$ ------------ 0.00,------------0.00,False,40.0,False,True,100.0
1099_nec_2026_000052,1099_nec,clean,state_payer_number,LA-8264954,LA8264954,LA8264954,LA8264954,0.0,True,100.0,LA-8264954,LA8264954,True,100.0,False,True,100.0
1099_nec_2026_000052,1099_nec,clean,state_income,"9,356.26",9356.26,"$9,356.26",9356.26,31.0,True,100.0,"$ 9,356.26",9356.26,True,100.0,False,True,100.0
1099_nec_2026_000060,1099_nec,clean,payer_state,NM,NM,WM,WM,27.0,False,50.0,[RMME OR PROVINCE,RMMEORPROVINCE,False,12.5,False,False,50.0
1099_nec_2026_000060,1099_nec,clean,payer_zip,58030,58030,58030,58030,40.0,True,100.0,58030 TORELON POSTAL CODE,5803001005100,False,55.56,False,True,100.0
1099_nec_2026_000060,1099_nec,clean,recipient_state,GU,GU,WU,WU,25.0,False,50.0,TABLE OF PROVINCE,TABLEOFPROVINCE,False,0.0,False,False,50.0
1099_nec_2026_000060,1099_nec,clean,recipient_zip,03879,03879,03879 Sa eR YR Se ee Oe,03879550,34.71,False,76.92,03879 TORELON POSTAL CODE |,03879010051001,False,52.63,False,False,76.92
1099_nec_2026_000060,1099_nec,clean,nonemployee_compensation,"110,514.86",110514.86,"$ 110,514.86",110514.86,47.5,True,100.0,SR: 11051486,511051486.00,False,76.19,False,True,100.0
1099_nec_2026_000060,1099_nec,clean,state_tax_withheld,0.00,0.00,$0.00,0.00,57.0,True,100.0,$ ------------ 0.00,------------0.00,False,40.0,False,True,100.0
1099_nec_2026_000060,1099_nec,clean,state_payer_number,GU-9170024,GU9170024,G7004,G7004,0.0,False,71.43,GU-9170024,GU9170024,True,100.0,True,True,100.0
1099_nec_2026_000060,1099_nec,clean,state_income,"110,514.86",110514.86,"$110,514.86",110514.86,33.0,True,100.0,$ 110514.86,110514.86,True,100.0,False,True,100.0
1099_nec_2026_000055,1099_nec,clean,payer_state,MI,MI,MI,MI,64.0,True,100.0,PLEASE OF PROVINCE,PLEASEOFPROVINCE,False,11.11,False,True,100.0
1099_nec_2026_000055,1099_nec,clean,payer_zip,63442,63442,63442000¢«C~*S,634420005,0.0,False,71.43,63442 TOREIGN POSTAL CODE,6344201605100,False,55.56,False,False,71.43
1099_nec_2026_000055,1099_nec,clean,recipient_city,JORDANFORT,JORDANFORT,JORDANFORT,JORDANFORT,92.0,True,100.0,JOHDARORT - 1 DAY,JOHDARORT 1 DAY,False,56.0,False,True,100.0
1099_nec_2026_000055,1099_nec,clean,recipient_state,DC,DC,PO,PO,0.0,False,0.0,TABLE OF PROVINICE,TABLEOFPROVINICE,False,11.11,True,False,11.11
1099_nec_2026_000055,1099_nec,clean,recipient_zip,30309,30309,2009,2009,0.0,False,66.67,30309 TORELON POSTAL CODE |,30309010051001,False,52.63,False,False,66.67
1099_nec_2026_000055,1099_nec,clean,nonemployee_compensation,"136,675.89",136675.89,"$ 136,675.89",136675.89,49.5,True,100.0,"SR: 136,675.99",5136675.99,False,84.21,False,True,100.0
1099_nec_2026_000055,1099_nec,clean,state_tax_withheld,0.00,0.00,$0.00,0.00,57.0,True,100.0,$ ------------ 0.00,------------0.00,False,40.0,False,True,100.0
1099_nec_2026_000055,1099_nec,clean,state_payer_number,DC-3371859,DC3371859,D871859,D871859,0.0,False,75.0,DC-3371859,DC3371859,True,100.0,True,True,100.0
1099_nec_2026_000055,1099_nec,clean,state_income,"136,675.89",136675.89,"$136,675.89",136675.89,31.0,True,100.0,"$ 136,675.89",136675.89,True,100.0,False,True,100.0
1099_nec_2026_000064,1099_nec,clean,payer_zip,21072,21072,21072,21072,22.0,True,100.0,121072 TOREIGN POSTAL CODE,12107201605100,False,52.63,False,True,100.0
1099_nec_2026_000064,1099_nec,clean,recipient_state,AK,AK,KR,KR,45.0,False,50.0,TAKATE OR PROVINICE,TAKATEORPROVINICE,False,21.05,False,False,50.0
1099_nec_2026_000064,1099_nec,clean,recipient_zip,02433,02433,02433 Sa eR YR Se ee Oe,02433550,33.57,False,76.92,"02433 ""OREIGN POSTAL CODE]",0243301605100,False,55.56,False,False,76.92
1099_nec_2026_000064,1099_nec,clean,nonemployee_compensation,"138,314.96",138314.96,"$ 138,314.96",138314.96,48.0,True,100.0,SR: 18:38:34:96,518383496.00,False,66.67,False,True,100.0
1099_nec_2026_000064,1099_nec,clean,state_tax_withheld,0.00,0.00,$0.00,0.00,57.0,True,100.0,$ ------------ 0.00,------------0.00,False,40.0,False,True,100.0
1099_nec_2026_000064,1099_nec,clean,state_payer_number,AK-3452813,AK3452813,AS45283,AS45283,9.0,False,75.0,AK-3452813,AK3452813,True,100.0,True,True,100.0
1099_nec_2026_000064,1099_nec,clean,state_income,"138,314.96",138314.96,"$138,314.96",138314.96,27.0,True,100.0,"$ 138,314.96",138314.96,True,100.0,False,True,100.0
1099_nec_2026_000065,1099_nec,clean,payer_city,TIMOTHYSIDE,TIMOTHYSIDE,TIMOTHYSIDE,TIMOTHYSIDE,92.0,True,100.0,TIMOTHYSIDE,TIMOTHYSIDE,True,100.0,False,True,100.0
1099_nec_2026_000065,1099_nec,clean,payer_state,NY,NY,NY,NY,23.0,True,100.0,INVATE OR PROVINCE,INVATEORPROVINCE,False,11.11,False,True,100.0
1099_nec_2026_000065,1099_nec,clean,payer_zip,32563,32563,32563 2,325632,45.5,False,90.91,32563 TORSIGN POSTAL CODE,32563051605100,False,52.63,False,False,90.91
1099_nec_2026_000065,1099_nec,clean,recipient_state,AS,AS,WS,WS,23.0,False,50.0,TABLE OF PROVINICE,TABLEOFPROVINICE,False,11.11,False,False,50.0
1099_nec_2026_000065,1099_nec,clean,recipient_zip,83065,83065,83065 Sa eR YR Se ee Oe,83065550,34.86,False,76.92,83065 TORSIGN POSTAL CODE |,830650516051001,False,50.0,False,False,76.92
1099_nec_2026_000065,1099_nec,clean,nonemployee_compensation,"84,118.41",84118.41,"6 84,118.41",684118.41,68.0,False,94.12,"SR: 04,118.41",504118.41,False,82.35,False,False,94.12
1099_nec_2026_000065,1099_nec,clean,state_tax_withheld,"3,843.23",3843.23,"$8,848.28",8848.28,63.0,False,57.14,"$ 3,843.23",3843.23,True,100.0,True,True,100.0
1099_nec_2026_000065,1099_nec,clean,state_payer_number,AS-7060792,AS7060792,ASOORS,ASOORS,0.0,False,26.67,AS-7060792,AS7060792,True,100.0,True,True,100.0
1099_nec_2026_000065,1099_nec,clean,state_income,"84,118.41",84118.41,"$84,118.41",84118.41,0.0,True,100.0,"$ 84,118.41",84118.41,True,100.0,False,True,100.0
1099_nec_2026_000080,1099_nec,clean,payer_state,SC,SC,SC,SC,61.0,True,100.0,PLEASE OR PROVINCE,PLEASEORPROVINCE,False,22.22,False,True,100.0
1099_nec_2026_000080,1099_nec,clean,payer_zip,64272,64272,64272000¢=—C,64272000,0.0,False,76.92,64272 TOREIGN POSTAL CODE,6427201605100,False,55.56,False,False,76.92
1099_nec_2026_000080,1099_nec,clean,recipient_city,PERRYTOWN,PERRYTOWN,PERRYTOWN,PERRYTOWN,92.0,True,100.0,PERRYTON ************,PERRYTON,False,94.12,False,True,100.0
1099_nec_2026_000080,1099_nec,clean,recipient_state,WV,WV,WW,WW,26.0,False,50.0,TABLE OF PROVINICE,TABLEOFPROVINICE,False,11.11,False,False,50.0
1099_nec_2026_000080,1099_nec,clean,recipient_zip,37710,37710,37710 So eR Re ee Oe,37710500,39.33,False,76.92,$7710 TOREGN POSTAL CODE |,771006051001,False,47.06,False,False,76.92
1099_nec_2026_000080,1099_nec,clean,state_tax_withheld,"2,018.93",2018.93,"$8,018.93.",8018.93,57.0,False,85.71,"$ 2,018.93",2018.93,True,100.0,True,True,100.0
1099_nec_2026_000080,1099_nec,clean,state_payer_number,WV-1873301,WV1873301,-173901,173901,0.0,False,66.67,WWV-1873301,WWV1873301,False,94.74,True,False,94.74
1099_nec_2026_000080,1099_nec,clean,state_income,"146,445.01",146445.01,"$146,445.01",146445.01,47.0,True,100.0,$ 146445.01,146445.01,True,100.0,False,True,100.0
1099_nec_2026_000079,1099_nec,clean,payer_city,JULIEBURGH,JULIEBURGH,JULIEBURGH,JULIEBURGH,92.0,True,100.0,JULESURGH,JULESURGH,False,84.21,False,True,100.0
1099_nec_2026_000079,1099_nec,clean,payer_state,KY,KY,KY ST,KYST,18.0,False,66.67,REPAKE OR PROVINCE,REPAKEORPROVINCE,False,11.11,False,False,66.67
1099_nec_2026_000079,1099_nec,clean,payer_zip,66241,66241,66244,66244,63.0,False,80.0,"6624"" TOREIGN POSTAL CODE |",6624016051001,False,55.56,False,False,80.0
1099_nec_2026_000079,1099_nec,clean,recipient_state,IN,IN,IN,IN,56.0,True,100.0,TABLE OF PROVINICE,TABLEOFPROVINICE,False,22.22,False,True,100.0
1099_nec_2026_000079,1099_nec,clean,recipient_zip,08853,08853,08853 Sa eR YR Se ee Oe,08853550,33.86,False,76.92,06853 TORSIGN POSTAL CODE |,068530516051001,False,40.0,False,False,76.92
1099_nec_2026_000079,1099_nec,clean,state_tax_withheld,0.00,0.00,$0.00,0.00,57.0,True,100.0,$ ------------ 0.00,------------0.00,False,40.0,False,True,100.0
1099_nec_2026_000079,1099_nec,clean,state_payer_number,IN-7679508,IN7679508,INTGRS0S,INTGRS0S,0.0,False,35.29,IN-7679508,IN7679508,True,100.0,True,True,100.0
1099_nec_2026_000079,1099_nec,clean,state_income,"72,328.18",72328.18,"$72,828.18",72828.18,51.0,False,87.5,$ 72328.18,72328.18,True,100.0,True,True,100.0
1099_nec_2026_000087,1099_nec,clean,payer_city,JOSHUASIDE,JOSHUASIDE,JOSHUASIDE,JOSHUASIDE,92.0,True,100.0,JOSHUASIDE COME AGAIN,JOSHUASIDE COME AGAIN,False,64.52,False,True,100.0
1099_nec_2026_000087,1099_nec,clean,payer_state,NY,NY,NY,NY,23.0,True,100.0,INVATE OR PROVINCE,INVATEORPROVINCE,False,11.11,False,True,100.0
1099_nec_2026_000087,1099_nec,clean,payer_zip,40976,40976,40976,40976,50.0,True,100.0,40976 TORSIGN POSTAL CODE,40976051605100,False,52.63,False,True,100.0
1099_nec_2026_000087,1099_nec,clean,recipient_city,CHAMBERSVILLE,CHAMBERSVILLE,CHAMBERSVILLE,CHAMBERSVILLE,87.0,True,100.0,CHANGEVILLE ************,CHANGEVILLE,False,75.0,False,True,100.0
1099_nec_2026_000087,1099_nec,clean,recipient_state,VI,VI,WM,WM,0.0,False,0.0,PLEASE OF PROVINICE,PLEASEOFPROVINICE,False,21.05,True,False,21.05
1099_nec_2026_000087,1099_nec,clean,recipient_zip,58591,58591,58591 Sa eR YR Se ee Oe,58591550,30.86,False,76.92,58591 TORSIGN POSTAL CODE |,585910516051001,False,50.0,False,False,76.92
1099_nec_2026_000087,1099_nec,clean,nonemployee_compensation,"133,123.88",133123.88,"$ 133,123.88",133123.88,48.0,True,100.0,SR: 03:23:28,5032328.00,False,42.11,False,True,100.0
1099_nec_2026_000087,1099_nec,clean,state_tax_withheld,0.00,0.00,$0.00,0.00,57.0,True,100.0,$ ------------ 0.00,------------0.00,False,40.0,False,True,100.0
1099_nec_2026_000087,1099_nec,clean,state_payer_number,VI-4697401,VI4697401,MT0T,MT0T,0.0,False,15.38,V1-4697401,V14697401,False,88.89,True,False,88.89
1099_nec_2026_000087,1099_nec,clean,state_income,"133,123.88",133123.88,"$133,128.88",133128.88,32.0,False,88.89,"$ 133,123.88",133123.88,True,100.0,True,True,100.0
1099_nec_2026_000091,1099_nec,clean,payer_city,STEVENBERG,STEVENBERG,STEVENBERG,STEVENBERG,91.0,True,100.0,STEVENBERG COME AGAIN,STEVENBERG COME AGAIN,False,64.52,False,True,100.0
1099_nec_2026_000091,1099_nec,clean,payer_state,SD,SD,SO,SO,35.0,False,50.0,TABLE OR PROVINCE,TABLEORPROVINCE,False,0.0,False,False,50.0
1099_nec_2026_000091,1099_nec,clean,payer_zip,43811,43811,43814,43814,64.0,False,80.0,43819 TORSIGN POSTAL CODE,43819051605100,False,52.63,False,False,80.0
1099_nec_2026_000091,1099_nec,clean,recipient_state,MD,MD,WO,WO,63.0,False,0.0,TABLE OF PROVINICE,TABLEOFPROVINICE,False,0.0,False,False,0.0
1099_nec_2026_000091,1099_nec,clean,recipient_zip,70279,70279,70279 So eR Re ee Oe,70279500,39.17,False,76.92,70279 TOREGN POSTAL CODE |,7027906051001,False,55.56,False,False,76.92
1099_nec_2026_000091,1099_nec,clean,state_tax_withheld,0.00,0.00,$0.00,0.00,57.0,True,100.0,$ ------------ 0.00,------------0.00,False,40.0,False,True,100.0
1099_nec_2026_000091,1099_nec,clean,state_payer_number,MD-5702093,MD5702093,MDSM02099,MDSM02099,0.0,False,66.67,MD-5702093,MD5702093,True,100.0,True,True,100.0
1099_nec_2026_000091,1099_nec,clean,state_income,"65,276.44",65276.44,"$65,276.44",65276.44,51.0,True,100.0,"$ 65,276.44",65276.44,True,100.0,False,True,100.0
1099_nec_2026_000113,1099_nec,clean,payer_city,ANDREWSBOROUGH,ANDREWSBOROUGH,ANDREWSBOROUGH,ANDREWSBOROUGH,91.0,True,100.0,ANDREWSBOROUGH,ANDREWSBOROUGH,True,100.0,False,True,100.0
1099_nec_2026_000113,1099_nec,clean,payer_state,FL,FL,FO,FO,25.0,False,50.0,PLEASE OR PROVINCE,PLEASEORPROVINCE,False,11.11,False,False,50.0
1099_nec_2026_000113,1099_nec,clean,recipient_zip,97964,97964,97964 Sa eR YR Se ee Oe,97964550,34.43,False,76.92,97964 TOREGN POSTAL CODE |,9796406051001,False,55.56,False,False,76.92
1099_nec_2026_000113,1099_nec,clean,nonemployee_compensation,"8,622.09",8622.09,"6 8,622.09",68622.09,67.5,False,93.33,SR: 56229,556229.00,False,62.5,False,False,93.33
1099_nec_2026_000113,1099_nec,clean,state_tax_withheld,344.54,344.54,$844.54,844.54,51.0,False,83.33,$_......... 344.54,0.34,False,40.0,False,False,83.33
1099_nec_2026_000113,1099_nec,clean,state_payer_number,ID-9739692,ID9739692,ID72,ID72,0.0,False,61.54,ID-9739692,ID9739692,True,100.0,True,True,100.0
1099_nec_2026_000113,1099_nec,clean,state_income,"8,622.09",8622.09,"$8,622.09",8622.09,25.0,True,100.0,"$ 8,622.09",8622.09,True,100.0,False,True,100.0
1099_nec_2026_000115,1099_nec,clean,payer_city,JENNIFERLAND,JENNIFERLAND,JENNIFERLAND,JENNIFERLAND,91.0,True,100.0,JENNFERLAND,JENNFERLAND,False,95.65,False,True,100.0
1099_nec_2026_000115,1099_nec,clean,payer_state,MI,MI,MI,MI,64.0,True,100.0,PLEASE OF PROVINCE,PLEASEOFPROVINCE,False,11.11,False,True,100.0
1099_nec_2026_000115,1099_nec,clean,payer_zip,79512,79512,792,792,50.0,False,75.0,79512 TORSIGN POSTAL CODE,79512051605100,False,52.63,False,False,75.0
1099_nec_2026_000115,1099_nec,clean,recipient_state,KS,KS,KS,KS,41.0,True,100.0,PLATE OF PROVINICE,PLATEOFPROVINICE,False,0.0,False,True,100.0
1099_nec_2026_000115,1099_nec,clean,recipient_zip,59343,59343,59343 Sa eR YR Se ee Oe,59343550,32.86,False,76.92,59343 TORSIGN POSTAL CODE |,593430516051001,False,50.0,False,False,76.92
1099_nec_2026_000115,1099_nec,clean,nonemployee_compensation,"101,095.85",101095.85,"$ 101,095.85",101095.85,49.5,True,100.0,"SR: 101,09565",510109565.00,False,66.67,False,True,100.0
1099_nec_2026_000115,1099_nec,clean,state_tax_withheld,254.72,254.72,$284.72,284.72,28.0,False,83.33,$ 2.42,2.42,False,60.0,False,False,83.33
1099_nec_2026_000115,1099_nec,clean,state_payer_number,KS-3645741,KS3645741,KSS64571,KSS64571,0.0,False,82.35,KS-3645741,KS3645741,True,100.0,True,True,100.0
1099_nec_2026_000115,1099_nec,clean,state_income,"101,095.85",101095.85,"$101,095.85",101095.85,23.0,True,100.0,"$ 101,095.85",101095.85,True,100.0,False,True,100.0
1099_nec_2026_000124,1099_nec,clean,payer_state,IN,IN,PM,PM,9.0,False,0.0,PLEASE OF PROVINCE,PLEASEOFPROVINCE,False,22.22,True,False,22.22
1099_nec_2026_000124,1099_nec,clean,payer_zip,31861,31861,3186,3186,63.0,False,88.89,51861 TORELON POSTAL CODE,5186101005100,False,44.44,False,False,88.89
1099_nec_2026_000124,1099_nec,clean,recipient_city,MARCUSFURT,MARCUSFURT,MARCUSFURT,MARCUSFURT,92.0,True,100.0,MANCUST SUMMARY,MANCUST SUMMARY,False,56.0,False,True,100.0
1099_nec_2026_000124,1099_nec,clean,recipient_state,AK,AK,KR,KR,45.0,False,50.0,TAKATE OR PROVINICE,TAKATEORPROVINICE,False,21.05,False,False,50.0
1099_nec_2026_000124,1099_nec,clean,recipient_zip,67380,67380,7300,7300,0.0,False,66.67,67380 TOREGN POSTAL CODE |,6738006051001,False,55.56,False,False,66.67
1099_nec_2026_000124,1099_nec,clean,state_tax_withheld,0.00,0.00,$0.00,0.00,57.0,True,100.0,$ ------------ 0.00,------------0.00,False,40.0,False,True,100.0
1099_nec_2026_000124,1099_nec,clean,state_payer_number,AK-7464782,AK7464782,ACTAGATOS,ACTAGATOS,0.0,False,11.11,AK-7464782,AK7464782,True,100.0,True,True,100.0
1099_nec_2026_000124,1099_nec,clean,state_income,"47,596.46",47596.46,"$47,596.46",47596.46,46.0,True,100.0,"$ 47,596.46",47596.46,True,100.0,False,True,100.0
1099_nec_2026_000132,1099_nec,clean,payer_city,WRIGHTFURT,WRIGHTFURT,WRIGHTFURT,WRIGHTFURT,93.0,True,100.0,WRIGHTFURT,WRIGHTFURT,True,100.0,False,True,100.0
1099_nec_2026_000132,1099_nec,clean,payer_state,WI,WI,WI,WI,42.0,True,100.0,PLEASE OR PROVINCE,PLEASEORPROVINCE,False,11.11,False,True,100.0
1099_nec_2026_000132,1099_nec,clean,payer_zip,98088,98088,98088,98088,42.0,True,100.0,98088 TORSIGN POSTAL CODE,98088051605100,False,52.63,False,True,100.0
1099_nec_2026_000132,1099_nec,clean,recipient_state,WA,WA,WA,WA,63.0,True,100.0,TABLE OF PROVINICE,TABLEOFPROVINICE,False,11.11,False,True,100.0
1099_nec_2026_000132,1099_nec,clean,recipient_zip,79826,79826,79826 Sa eR YR Se ee Oe,79826550,34.71,False,76.92,79826 TORSIGN POSTAL CODE |,798260516051001,False,50.0,False,False,76.92
1099_nec_2026_000132,1099_nec,clean,nonemployee_compensation,"145,518.78",145518.78,"$ 145,518.78",145518.78,47.0,True,100.0,"SR: 45,5878",5455878.00,False,63.16,False,True,100.0
1099_nec_2026_000132,1099_nec,clean,state_tax_withheld,"6,787.74",6787.74,"$8,787.74",8787.74,53.0,False,85.71,"$ 6,787.74",6787.74,True,100.0,True,True,100.0
1099_nec_2026_000132,1099_nec,clean,state_payer_number,WA-9428900,WA9428900,WAS2690000060C,WAS2690000060C,0.0,False,52.17,WA-9428900,WA9428900,True,100.0,True,True,100.0
1099_nec_2026_000132,1099_nec,clean,state_income,"145,518.78",145518.78,"$145,518.78",145518.78,53.0,True,100.0,"$ 145,518.78",145518.78,True,100.0,False,True,100.0
1099_nec_2026_000127,1099_nec,clean,payer_city,JOSEPHSHIRE,JOSEPHSHIRE,JOSEPHSHIRE,JOSEPHSHIRE,92.0,True,100.0,JOSEPHSHIRE COME AGAIN,JOSEPHSHIRE COME AGAIN,False,66.67,False,True,100.0
1099_nec_2026_000127,1099_nec,clean,payer_state,NJ,NJ,NJ,NJ,65.0,True,100.0,PLEASE OR PROVINCE :,PLEASEORPROVINCE,False,11.11,False,True,100.0
1099_nec_2026_000127,1099_nec,clean,payer_zip,08795,08795,08795,08795,40.0,True,100.0,08795 TORSIGN POSTAL CODE,08795051605100,False,52.63,False,True,100.0
1099_nec_2026_000127,1099_nec,clean,recipient_city,HARRISVIEW,HARRISVIEW,HARRISVIEW,HARRISVIEW,91.0,True,100.0,HARRSWEW.COM.COM.COM.COM.,HARRSWEW COM COM COM COM,False,41.18,False,True,100.0
1099_nec_2026_000127,1099_nec,clean,recipient_state,AK,AK,KR,KR,45.0,False,50.0,TAKATE OR PROVINICE,TAKATEORPROVINICE,False,21.05,False,False,50.0
1099_nec_2026_000127,1099_nec,clean,recipient_zip,88482,88482,98482 So eR YR eee Oe,98482500,32.17,False,61.54,88482 TORSIGN POSTAL CODE |,884820516051001,False,50.0,False,False,61.54
1099_nec_2026_000127,1099_nec,clean,nonemployee_compensation,"72,179.72",72179.72,"$ 72,179.72",72179.72,54.5,True,100.0,"SR: 72,17972",57217972.00,False,73.68,False,True,100.0
1099_nec_2026_000127,1099_nec,clean,state_tax_withheld,"3,143.58",3143.58,"$8,148.58",8148.58,62.0,False,71.43,"$ 3,143.58",3143.58,True,100.0,True,True,100.0
1099_nec_2026_000127,1099_nec,clean,state_payer_number,AK-7662074,AK7662074,AK7662076,AK7662076,6.0,False,88.89,AK-7662074,AK7662074,True,100.0,True,True,100.0
1099_nec_2026_000127,1099_nec,clean,state_income,"72,179.72",72179.72,"$72,179.72",72179.72,59.0,True,100.0,"$ 72,179.72",72179.72,True,100.0,False,True,100.0
1099_nec_2026_000135,1099_nec,clean,payer_city,STEVENMOUTH,STEVENMOUTH,STEVENMOUTH,STEVENMOUTH,92.0,True,100.0,STEVENMOUTH ************,STEVENMOUTH,True,100.0,False,True,100.0
1099_nec_2026_000135,1099_nec,clean,payer_state,ME,ME,ME,ME,53.0,True,100.0,PLEASE OR PROVINCE,PLEASEORPROVINCE,False,11.11,False,True,100.0
1099_nec_2026_000135,1099_nec,clean,payer_zip,70662,70662,70862,70862,0.0,False,80.0,70662 TORSIGN POSTAL CODE,70662051605100,False,52.63,False,False,80.0
1099_nec_2026_000135,1099_nec,clean,recipient_state,VI,VI,WM,WM,0.0,False,0.0,PLEASE OF PROVINICE,PLEASEOFPROVINICE,False,21.05,True,False,21.05
1099_nec_2026_000135,1099_nec,clean,recipient_zip,38373,38373,38373 Sa eR YR Se ee Oe,38373550,34.43,False,76.92,38373 TOREGN POSTAL CODE |,3837306051001,False,55.56,False,False,76.92
1099_nec_2026_000135,1099_nec,clean,nonemployee_compensation,"83,685.40",83685.40,"$ 83,685.40",83685.40,51.5,True,100.0,SR: 03:65:40,5036540.00,False,55.56,False,True,100.0
1099_nec_2026_000135,1099_nec,clean,state_tax_withheld,0.00,0.00,$0.00,0.00,57.0,True,100.0,$ ------------ 0.00,------------0.00,False,40.0,False,True,100.0
1099_nec_2026_000135,1099_nec,clean,state_payer_number,VI-8215305,VI8215305,M205,M205,0.0,False,46.15,V1-8215305,V18215305,False,88.89,True,False,88.89
1099_nec_2026_000135,1099_nec,clean,state_income,"83,685.40",83685.40,"$83,685.40",83685.40,38.0,True,100.0,"$ 83,685.40",83685.40,True,100.0,False,True,100.0
1099_nec_2026_000138,1099_nec,clean,payer_city,HARRISTOWN,HARRISTOWN,HARRISTOWN,HARRISTOWN,91.0,True,100.0,HARRISTOWN,HARRISTOWN,True,100.0,False,True,100.0
1099_nec_2026_000138,1099_nec,clean,payer_state,GA,GA,JR,JR,18.0,False,0.0,LOTATE OR PROVINCE,LOTATEORPROVINCE,False,11.11,True,False,11.11
1099_nec_2026_000138,1099_nec,clean,payer_zip,12451,12451,12451,12451,67.0,True,100.0,12451 TORSIGN POSTAL CODE,12451051605100,False,52.63,False,True,100.0
1099_nec_2026_000138,1099_nec,clean,recipient_state,OR,OR,PR,PR,52.0,False,50.0,DATE OF PROVINICE,DATEOFPROVINICE,False,23.53,False,False,50.0
1099_nec_2026_000138,1099_nec,clean,recipient_zip,79107,79107,791 07 So eR Re ee Oe,79107500,46.43,False,76.92,19107 TOREGN POSTAL CODE |,1910706051001,False,44.44,False,False,76.92
1099_nec_2026_000138,1099_nec,clean,nonemployee_compensation,"43,776.73",43776.73,"$ 43,776.73",43776.73,49.5,True,100.0,"SR: 43,776.73",543776.73,False,94.12,False,True,100.0
1099_nec_2026_000138,1099_nec,clean,state_tax_withheld,0.00,0.00,$0.00,0.00,57.0,True,100.0,$ ------------ 0.00,------------0.00,False,40.0,False,True,100.0
1099_nec_2026_000138,1099_nec,clean,state_payer_number,OR-8550780,OR8550780,OR-85507600,OR85507600,6.0,False,84.21,OR-8550780,OR8550780,True,100.0,True,True,100.0
1099_nec_2026_000138,1099_nec,clean,state_income,"43,776.73",43776.73,"$43,776.73",43776.73,58.0,True,100.0,"$ 43,776.73",43776.73,True,100.0,False,True,100.0
1099_nec_2026_000147,1099_nec,clean,payer_state,MP,MP,PM,PM,18.0,False,50.0,[MPATE OR PROVINCE,MPATEORPROVINCE,False,23.53,False,False,50.0
1099_nec_2026_000147,1099_nec,clean,payer_zip,48573,48573,48573,48573,57.0,True,100.0,48573 TOREIGN POSTAL CODE,4857301605100,False,55.56,False,True,100.0
1099_nec_2026_000147,1099_nec,clean,recipient_state,MH,MH,WE,WE,36.0,False,0.0,TABLE OF PROVINICE,TABLEOFPROVINICE,False,0.0,False,False,0.0
1099_nec_2026_000147,1099_nec,clean,recipient_zip,51732,51732,51732 So eR Re ee Oe,51732500,38.67,False,76.92,51732 TOREGN POSTAL CODE |,5173206051001,False,55.56,False,False,76.92
1099_nec_2026_000147,1099_nec,clean,nonemployee_compensation,"27,414.67",27414.67,"$ 27,414.67",27414.67,47.5,True,100.0,"SR: 27,41467",52741467.00,False,73.68,False,True,100.0
1099_nec_2026_000147,1099_nec,clean,state_tax_withheld,0.00,0.00,$0.00,0.00,57.0,True,100.0,$ ------------ 0.00,------------0.00,False,40.0,False,True,100.0
1099_nec_2026_000147,1099_nec,clean,state_payer_number,MH-5593537,MH5593537,MPS7000,MPS7000,0.0,False,25.0,MH-5593537,MH5593537,True,100.0,True,True,100.0
1099_nec_2026_000147,1099_nec,clean,state_income,"27,414.67",27414.67,"$27,414.67",27414.67,56.0,True,100.0,"$ 27,414.67",27414.67,True,100.0,False,True,100.0
1099_nec_2026_000156,1099_nec,clean,payer_city,SCOTTFORT,SCOTTFORT,SCOTTFORT,SCOTTFORT,92.0,True,100.0,SCOTTFORT ***,SCOTTFORT,True,100.0,False,True,100.0
1099_nec_2026_000156,1099_nec,clean,payer_state,AL,AL,PO,PO,1.0,False,0.0,PLEASE OR PROVINCE,PLEASEORPROVINCE,False,11.11,True,False,11.11
1099_nec_2026_000156,1099_nec,clean,payer_zip,15523,15523,15523,15523,64.0,True,100.0,15529 TOREIGN POSTAL CODE,1552901605100,False,44.44,False,True,100.0
1099_nec_2026_000156,1099_nec,clean,recipient_state,VA,VA,VA R,VAR,38.0,False,80.0,SALE OF PROVINICE,SALEOFPROVINICE,False,11.76,False,False,80.0
1099_nec_2026_000156,1099_nec,clean,recipient_zip,09964,09964,09964 Sa eR YR Se ee Oe,09964550,34.0,False,76.92,09964 TORELON POSTAL CODE |,09964010051001,False,52.63,False,False,76.92
1099_nec_2026_000156,1099_nec,clean,federal_income_tax_withheld,"2,513.53",2513.53,": 2,513.53",2513.53,48.0,True,100.0,$ ************ 2513.53,2513.53,True,100.0,False,True,100.0
1099_nec_2026_000156,1099_nec,clean,state_tax_withheld,0.00,0.00,$0.00,0.00,57.0,True,100.0,$ ------------ 0.00,------------0.00,False,40.0,False,True,100.0
1099_nec_2026_000156,1099_nec,clean,state_payer_number,VA-3866974,VA3866974,MASBCOSTS,MASBCOSTS,0.0,False,11.11,VA-3866974,VA3866974,True,100.0,True,True,100.0
1099_nec_2026_000156,1099_nec,clean,state_income,"23,727.28",23727.28,"$23,727.28",23727.28,55.0,True,100.0,"$ 23,727.28",23727.28,True,100.0,False,True,100.0
1099_nec_2026_000165,1099_nec,clean,payer_city,KYLEBURGH,KYLEBURGH,KYLEBURGH,KYLEBURGH,92.0,True,100.0,KYLEBURGH,KYLEBURGH,True,100.0,False,True,100.0
1099_nec_2026_000165,1099_nec,clean,payer_state,WY,WY,PW,PW,24.0,False,50.0,TABLE OR PROVINCE,TABLEORPROVINCE,False,0.0,False,False,50.0
1099_nec_2026_000165,1099_nec,clean,payer_zip,76106,76106,76106,76106,46.0,True,100.0,|76106 TORSIGN POSTAL CODE,176106051605100,False,50.0,False,True,100.0
1099_nec_2026_000165,1099_nec,clean,recipient_state,AS,AS,WS,WS,23.0,False,50.0,TABLE OF PROVINICE,TABLEOFPROVINICE,False,11.11,False,False,50.0
1099_nec_2026_000165,1099_nec,clean,recipient_zip,06659,06659,06659 Sa eR YR Se ee Oe,06659550,34.86,False,76.92,06659 TORSIGN POSTAL CODE |,066590516051001,False,50.0,False,False,76.92
1099_nec_2026_000165,1099_nec,clean,nonemployee_compensation,"35,473.21",35473.21,"$ 35,473.21",35473.21,55.0,True,100.0,SR: 05:43:21,5054321.00,False,55.56,False,True,100.0
1099_nec_2026_000165,1099_nec,clean,state_tax_withheld,0.00,0.00,$0.00,0.00,57.0,True,100.0,$ ------------ 0.00,------------0.00,False,40.0,False,True,100.0
1099_nec_2026_000165,1099_nec,clean,state_payer_number,AS-4562439,AS4562439,AS45624,AS45624,12.0,False,87.5,AS-4562439,AS4562439,True,100.0,True,True,100.0
1099_nec_2026_000165,1099_nec,clean,state_income,"35,473.21",35473.21,"$38,473.21",38473.21,54.0,False,87.5,"$ 35,473.21",35473.21,True,100.0,True,True,100.0
1099_nec_2026_000167,1099_nec,clean,payer_city,WILLIAMHAVEN,WILLIAMHAVEN,WILLIAMHAVEN,WILLIAMHAVEN,92.0,True,100.0,WILLAMHAVEN,WILLAMHAVEN,False,95.65,False,True,100.0
1099_nec_2026_000167,1099_nec,clean,payer_state,NY,NY,NY,NY,23.0,True,100.0,INVATE OR PROVINCE,INVATEORPROVINCE,False,11.11,False,True,100.0
1099_nec_2026_000167,1099_nec,clean,payer_zip,03449,03449,0344900¢°¢£©22,034490022,0.0,False,71.43,03449 TORSIGN POSTAL CODE,03449051605100,False,52.63,False,False,71.43
1099_nec_2026_000167,1099_nec,clean,recipient_state,PR,PR,PR,PR,61.0,True,100.0,PLEASE OF PROVINICE,PLEASEOFPROVINICE,False,21.05,False,True,100.0
1099_nec_2026_000167,1099_nec,clean,recipient_zip,38692,38692,38692 Sa eR YR Se ee Oe,38692550,34.43,False,76.92,38692 TORSIGN POSTAL CODE |,386920516051001,False,50.0,False,False,76.92
1099_nec_2026_000167,1099_nec,clean,state_tax_withheld,0.00,0.00,$0.00,0.00,57.0,True,100.0,$ ------------ 0.00,------------0.00,False,40.0,False,True,100.0
1099_nec_2026_000167,1099_nec,clean,state_payer_number,PR-6622207,PR6622207,PRZ20F,PRZ20F,0.0,False,53.33,PR-6622207,PR6622207,True,100.0,True,True,100.0
1099_nec_2026_000167,1099_nec,clean,state_income,"35,550.41",35550.41,"$35,550.41",35550.41,48.0,True,100.0,"$ 35,550.41",35550.41,True,100.0,False,True,100.0
1099_nec_2026_000169,1099_nec,clean,payer_state,FM,FM,EM,EM,66.0,False,50.0,PLEME OF PROVINCE,PLEMEOFPROVINCE,False,11.76,False,False,50.0
1099_nec_2026_000169,1099_nec,clean,payer_zip,81904,81904,81904,81904,69.0,True,100.0,81904 TORSIGN POSTAL CODE,81904051605100,False,52.63,False,True,100.0
1099_nec_2026_000169,1099_nec,clean,recipient_state,NJ,NJ,WH,WH,0.0,False,0.0,TABLE OF PROVINICE,TABLEOFPROVINICE,False,11.11,True,False,11.11
1099_nec_2026_000169,1099_nec,clean,recipient_zip,45452,45452,45452 Sa eR YR Se ee Oe,45452550,34.86,False,76.92,45452 TORSIGN POSTAL CODE |,454520516051001,False,50.0,False,False,76.92
1099_nec_2026_000169,1099_nec,clean,nonemployee_compensation,"151,986.62",151986.62,"$ 151,986.62",151986.62,49.5,True,100.0,SR: 1519662,51519662.00,False,70.0,False,True,100.0
1099_nec_2026_000169,1099_nec,clean,state_tax_withheld,"1,361.54",1361.54,"$1,961.54",1961.54,59.0,False,85.71,"$ 1,361.54",1361.54,True,100.0,True,True,100.0
1099_nec_2026_000169,1099_nec,clean,state_payer_number,NJ-7535837,NJ7535837,NUT595687,NUT595687,0.0,False,55.56,NJ-7535837,NJ7535837,True,100.0,True,True,100.0
1099_nec_2026_000169,1099_nec,clean,state_income,"151,986.62",151986.62,"$151,986.62",151986.62,19.0,True,100.0,$ 151986.62,151986.62,True,100.0,False,True,100.0
1099_nec_2026_000183,1099_nec,clean,payer_state,MN,MN,PM,PM,25.0,False,50.0,LAMATE OR PROVINCE,LAMATEORPROVINCE,False,22.22,False,False,50.0
1099_nec_2026_000183,1099_nec,clean,payer_zip,03864,03864,038,038,0.0,False,75.0,03864 TOREIGN POSTAL CODE,0386401605100,False,55.56,False,False,75.0
1099_nec_2026_000183,1099_nec,clean,recipient_state,DE,DE,PE,PE,37.0,False,50.0,TABLE OF PROVINCE,TABLEOFPROVINCE,False,11.76,False,False,50.0
1099_nec_2026_000183,1099_nec,clean,recipient_zip,89030,89030,89030 Sa eR YR Se ee Oe,89030550,34.86,False,76.92,89030 TORSIGN POSTAL CODE |,890300516051001,False,50.0,False,False,76.92
1099_nec_2026_000183,1099_nec,clean,nonemployee_compensation,"122,438.48",122438.48,"$ 122,438.48",122438.48,48.0,True,100.0,SR: 1224848,51224848.00,False,70.0,False,True,100.0
1099_nec_2026_000183,1099_nec,clean,state_tax_withheld,0.00,0.00,$0.00,0.00,57.0,True,100.0,$ ------------ 0.00,------------0.00,False,40.0,False,True,100.0
1099_nec_2026_000183,1099_nec,clean,state_payer_number,DE-7808088,DE7808088,DE7808088,DE7808088,0.0,True,100.0,DE 7808088,DE7808088,True,100.0,False,True,100.0
1099_nec_2026_000183,1099_nec,clean,state_income,"122,438.48",122438.48,"$122,498.48",122498.48,38.0,False,88.89,$ 122438.48,122438.48,True,100.0,True,True,100.0
1099_nec_2026_000188,1099_nec,clean,payer_state,NH,NH,NH,NH,61.0,True,100.0,PLEASE OR PROVINCE,PLEASEORPROVINCE,False,11.11,False,True,100.0
1099_nec_2026_000188,1099_nec,clean,payer_zip,90610,90610,90610,90610,47.0,True,100.0,90610 TORELON POSTAL CODE,9061001005100,False,55.56,False,True,100.0
1099_nec_2026_000188,1099_nec,clean,recipient_state,GA,GA,GA BR,GABR,50.5,False,66.67,SALE OF PROVINICE,SALEOFPROVINICE,False,11.76,False,False,66.67
1099_nec_2026_000188,1099_nec,clean,recipient_zip,13714,13714,13714 co ee YR ee Oe,1371400,38.67,False,83.33,[13714 TOREGN POSTAL CODE],137140605100,False,58.82,False,False,83.33
1099_nec_2026_000188,1099_nec,clean,state_tax_withheld,"3,797.09",3797.09,"$8,797.09",8797.09,40.0,False,85.71,"$ 3,797.09",3797.09,True,100.0,True,True,100.0
1099_nec_2026_000188,1099_nec,clean,state_payer_number,GA-9165493,GA9165493,GA68S,GA68S,0.0,False,42.86,GA-9165493,GA9165493,True,100.0,True,True,100.0
1099_nec_2026_000188,1099_nec,clean,state_income,"63,446.27",63446.27,"$63,446.27",63446.27,53.0,True,100.0,"$ 63,446.27",63446.27,True,100.0,False,True,100.0
1099_nec_2026_000185,1099_nec,clean,payer_state,NY,NY,NY,NY,23.0,True,100.0,INVATE OR PROVINCE,INVATEORPROVINCE,False,11.11,False,True,100.0
1099_nec_2026_000185,1099_nec,clean,payer_zip,54963,54963,54963,54963,55.0,True,100.0,54963 TORSIGN POSTAL CODE,54963051605100,False,52.63,False,True,100.0
1099_nec_2026_000185,1099_nec,clean,recipient_city,GREGORYBERG,GREGORYBERG,GREGORYBERG,GREGORYBERG,92.0,True,100.0,GREGORYBERG - ************,GREGORYBERG,True,100.0,False,True,100.0
1099_nec_2026_000185,1099_nec,clean,recipient_state,ME,ME,ME,ME,33.0,True,100.0,PLEASE OF PROVINCE,PLEASEOFPROVINCE,False,11.11,False,True,100.0
1099_nec_2026_000185,1099_nec,clean,recipient_zip,81029,81029,81029 Sa eR YR Se ee Oe,81029550,34.71,False,76.92,"81029 ""OREIGN POSTAL CODE]",8102901605100,False,55.56,False,False,76.92
1099_nec_2026_000185,1099_nec,clean,nonemployee_compensation,"113,877.49",113877.49,"$ 113,877.49",113877.49,48.0,True,100.0,SR: 11387749,511387749.00,False,76.19,False,True,100.0
1099_nec_2026_000185,1099_nec,clean,federal_income_tax_withheld,"9,074.71",9074.71,"9,074.71",9074.71,68.0,True,100.0,$ ********,,False,0.0,False,True,100.0
1099_nec_2026_000185,1099_nec,clean,state_tax_withheld,"3,948.80",3948.80,"$8,948.80",8948.80,59.0,False,85.71,"$ _____ 3,948.80",3948.80,True,100.0,True,True,100.0
1099_nec_2026_000185,1099_nec,clean,state_payer_number,ME-6775801,ME6775801,MEO7S80T,MEO7S80T,0.0,False,58.82,ME-6775801,ME6775801,True,100.0,True,True,100.0
1099_nec_2026_000185,1099_nec,clean,state_income,"113,877.49",113877.49,"$113,877.49",113877.49,39.0,True,100.0,$ 113877.49,113877.49,True,100.0,False,True,100.0
1099_nec_2026_000195,1099_nec,clean,payer_state,WA,WA,WR,WR,37.0,False,50.0,LOWER OF PROVINCE,LOWEROFPROVINCE,False,11.76,False,False,50.0
1099_nec_2026_000195,1099_nec,clean,payer_zip,54577,54577,54577,54577,49.0,True,100.0,54570 TOREIGN POSTAL CODE,5457001605100,False,44.44,False,True,100.0
1099_nec_2026_000195,1099_nec,clean,recipient_city,SETHBERG,SETHBERG,ENT wt GN Ue SETHBERG,ENT WT GN UE SETHBERG,47.2,False,55.17,SETHBERG SUMMARY,SETHBERG SUMMARY,False,66.67,True,False,66.67
1099_nec_2026_000195,1099_nec,clean,recipient_state,OR,OR,PR,PR,52.0,False,50.0,DATE OF PROVINICE,DATEOFPROVINICE,False,23.53,False,False,50.0
1099_nec_2026_000195,1099_nec,clean,recipient_zip,04496,04496,04496 Sa eR YR Se ee Oe,04496550,34.86,False,76.92,04496 TORSIGN POSTAL CODE |,044960516051001,False,50.0,False,False,76.92
1099_nec_2026_000195,1099_nec,clean,nonemployee_compensation,"107,743.01",107743.01,"$ 107,743.01",107743.01,49.0,True,100.0,"SR: 107,74301",510774301.00,False,76.19,False,True,100.0
1099_nec_2026_000195,1099_nec,clean,federal_income_tax_withheld,"7,834.43",7834.43,"7,834.43",7834.43,52.0,True,100.0,$ ********,,False,0.0,False,True,100.0
1099_nec_2026_000195,1099_nec,clean,state_tax_withheld,496.88,496.88,$496.88,496.88,56.0,True,100.0,$__......... 496.88,0.50,False,20.0,False,True,100.0
1099_nec_2026_000195,1099_nec,clean,state_payer_number,OR-2871488,OR2871488,OR2E71488,OR2E71488,0.0,False,88.89,OR-2871488,OR2871488,True,100.0,True,True,100.0
1099_nec_2026_000195,1099_nec,clean,state_income,"107,743.01",107743.01,"$107,743.01",107743.01,32.0,True,100.0,"$ 107,743.01",107743.01,True,100.0,False,True,100.0
1099_nec_2026_000213,1099_nec,clean,payer_city,DEBRALAND,DEBRALAND,DEBRALAND,DEBRALAND,92.0,True,100.0,DEBRALAND,DEBRALAND,True,100.0,False,True,100.0
1099_nec_2026_000213,1099_nec,clean,payer_state,OR,OR,PR,PR,59.0,False,50.0,LORATE OR PROVINCE,LORATEORPROVINCE,False,22.22,False,False,50.0
1099_nec_2026_000213,1099_nec,clean,recipient_state,PW,PW,PW,PW,30.0,True,100.0,PLEWATE OR PROVINICE,PLEWATEORPROVINICE,False,20.0,False,True,100.0
1099_nec_2026_000213,1099_nec,clean,recipient_zip,24405,24405,24405 Sa eR YR Se ee Oe,24405550,31.57,False,76.92,"24405 ""OREIGN POSTAL CODE]",2440501605100,False,55.56,False,False,76.92
1099_nec_2026_000213,1099_nec,clean,nonemployee_compensation,"42,088.50",42088.50,"6 42,088.50",642088.50,64.5,False,94.12,SR: 42:08:50,5420850.00,False,66.67,False,False,94.12
1099_nec_2026_000213,1099_nec,clean,state_tax_withheld,357.56,357.56,$887.56,887.56,58.0,False,66.67,$__......... 357.56,0.36,False,40.0,False,False,66.67
1099_nec_2026_000213,1099_nec,clean,state_payer_number,PW-3889858,PW3889858,PW3688,PW3688,0.0,False,66.67,PW-3889858,PW3889858,True,100.0,True,True,100.0
1099_nec_2026_000213,1099_nec,clean,state_income,"42,088.50",42088.50,"$42,088.50",42088.50,34.0,True,100.0,"$ 42,088.50",42088.50,True,100.0,False,True,100.0
1099_nec_2026_000223,1099_nec,clean,payer_state,DE,DE,PE,PE,61.0,False,50.0,PLEASE OR PROVINCE,PLEASEORPROVINCE,False,11.11,False,False,50.0
1099_nec_2026_000223,1099_nec,clean,payer_zip,00894,00894,00894,00894,56.0,True,100.0,00894 TOREIGN POSTAL CODE,0089401605100,False,55.56,False,True,100.0
1099_nec_2026_000223,1099_nec,clean,recipient_state,FM,FM,FM,FM,53.0,True,100.0,PLEME OF PROVINICE,PLEMEOFPROVINICE,False,11.11,False,True,100.0
1099_nec_2026_000223,1099_nec,clean,recipient_zip,81159,81159,81 59 So eR Re ee Oe,8159500,44.29,False,66.67,"81159 ""OREIGN POSTAL CODE]",8115901605100,False,55.56,False,False,66.67
1099_nec_2026_000223,1099_nec,clean,nonemployee_compensation,"153,721.93",153721.93,"$ 153,721.93",153721.93,48.0,True,100.0,SR: 153721.99,5153721.99,False,84.21,False,True,100.0
1099_nec_2026_000223,1099_nec,clean,state_tax_withheld,904.48,904.48,$908.48.,908.48,56.0,False,83.33,$ _____ 904.48,904.48,True,100.0,True,True,100.0
1099_nec_2026_000223,1099_nec,clean,state_payer_number,FM-8312602,FM8312602,PMSI260020008,PMSI260020008,0.0,False,45.45,FM-8312602,FM8312602,True,100.0,True,True,100.0
1099_nec_2026_000223,1099_nec,clean,state_income,"153,721.93",153721.93,"$183,721.93",183721.93,35.0,False,88.89,$ 153721.93,153721.93,True,100.0,True,True,100.0
1099_nec_2026_000211,1099_nec,clean,payer_city,LARASHIRE,LARASHIRE,LARASHIRE,LARASHIRE,92.0,True,100.0,LARASHIRE'S SECRET,LARASHIRE S SECRET,False,66.67,False,True,100.0
1099_nec_2026_000211,1099_nec,clean,payer_state,OR,OR,PR,PR,59.0,False,50.0,LORATE OR PROVINCE,LORATEORPROVINCE,False,22.22,False,False,50.0
1099_nec_2026_000211,1099_nec,clean,payer_zip,56283,56283,56283,56283,53.0,True,100.0,56283 TORSIGN POSTAL CODE,56283051605100,False,52.63,False,True,100.0
1099_nec_2026_000211,1099_nec,clean,recipient_city,BECKERVIEW,BECKERVIEW,BECKERVIEW,BECKERVIEW,90.0,True,100.0,BECKERVIEW ********,BECKERVIEW,True,100.0,False,True,100.0
1099_nec_2026_000211,1099_nec,clean,recipient_state,MS,MS,WS,WS,67.0,False,50.0,MASITE OR PROVINICE,MASITEORPROVINICE,False,21.05,False,False,50.0
1099_nec_2026_000211,1099_nec,clean,recipient_zip,30981,30981,30981 Sa eR YR Se ee Oe,30981550,34.86,False,76.92,30981 TOREGN POSTAL CODE |,3098106051001,False,55.56,False,False,76.92
1099_nec_2026_000211,1099_nec,clean,nonemployee_compensation,"26,478.53",26478.53,"$ 26,478.53",26478.53,48.0,True,100.0,SR: 06:48:53,5064853.00,False,55.56,False,True,100.0
1099_nec_2026_000211,1099_nec,clean,state_tax_withheld,0.00,0.00,$0.00,0.00,57.0,True,100.0,$ ------------ 0.00,------------0.00,False,40.0,False,True,100.0
1099_nec_2026_000211,1099_nec,clean,state_payer_number,MS-8538125,MS8538125,M8858,M8858,8.0,False,57.14,MS-8538125,MS8538125,True,100.0,True,True,100.0
1099_nec_2026_000211,1099_nec,clean,state_income,"26,478.53",26478.53,"$26,478.53",26478.53,39.0,True,100.0,"$ 26,478.53",26478.53,True,100.0,False,True,100.0
1099_nec_2026_000227,1099_nec,clean,payer_state,IL,IL,L S,LS,18.0,False,50.0,PLEASE OF PROVINCE,PLEASEOFPROVINCE,False,11.11,False,False,50.0
1099_nec_2026_000227,1099_nec,clean,recipient_state,CA,CA,A,A,63.0,False,66.67,CATE OF PROVINICE,CATEOFPROVINICE,False,23.53,False,False,66.67
1099_nec_2026_000227,1099_nec,clean,recipient_zip,72261,72261,72961 So eR Re ee Oe,72961500,36.83,False,61.54,72261 TOREGN POSTAL CODE |,7226106051001,False,55.56,False,False,61.54
1099_nec_2026_000227,1099_nec,clean,nonemployee_compensation,"44,381.70",44381.70,"$ 44,381.70",44381.70,54.5,True,100.0,SR: 4438170,54438170.00,False,73.68,False,True,100.0
1099_nec_2026_000227,1099_nec,clean,federal_income_tax_withheld,"2,890.90",2890.90,". 2,890.90",0.29,57.5,False,54.55,$ ********,,False,0.0,False,False,54.55
1099_nec_2026_000227,1099_nec,clean,state_tax_withheld,"2,469.79",2469.79,"$8,469.79",8469.79,56.0,False,85.71,"$ 2,469.79",2469.79,True,100.0,True,True,100.0
1099_nec_2026_000227,1099_nec,clean,state_payer_number,CA-9459346,CA9459346,CR985986,CR985986,0.0,False,58.82,CA-9459346,CA9459346,True,100.0,True,True,100.0
1099_nec_2026_000227,1099_nec,clean,state_income,"44,381.70",44381.70,"$44,381.70",44381.70,46.0,True,100.0,"$ 44,381.70",44381.70,True,100.0,False,True,100.0
1099_nec_2026_000240,1099_nec,clean,payer_city,LINDATON,LINDATON,wy wt hw eee LINDATON,WY WT HW EEE LINDATON,49.2,False,55.17,"LINDATION"" ****",LINDATION,False,94.12,True,False,94.12
1099_nec_2026_000240,1099_nec,clean,payer_state,NJ,NJ,NJ,NJ,65.0,True,100.0,PLEASE OR PROVINCE :,PLEASEORPROVINCE,False,11.11,False,True,100.0
1099_nec_2026_000240,1099_nec,clean,payer_zip,00570,00570,00570,00570,51.0,True,100.0,60570 TOREIGN POSTAL CODE,6057001605100,False,44.44,False,True,100.0
1099_nec_2026_000240,1099_nec,clean,recipient_state,OK,OK,PR,PR,41.0,False,0.0,OKATE OR PROVINICE,OKATEORPROVINICE,False,22.22,True,False,22.22
1099_nec_2026_000240,1099_nec,clean,recipient_zip,32436,32436,32436 Sa eR YR Se ee Oe,32436550,32.43,False,76.92,32436 TORSIGN POSTAL CODE |,324360516051001,False,50.0,False,False,76.92
1099_nec_2026_000240,1099_nec,clean,nonemployee_compensation,"119,242.49",119242.49,"6 119,242.49",6119242.49,69.0,False,94.74,SR: 19:42:49,5194249.00,False,63.16,False,False,94.74
1099_nec_2026_000240,1099_nec,clean,state_tax_withheld,0.00,0.00,$0.00,0.00,57.0,True,100.0,$ ------------ 0.00,------------0.00,False,40.0,False,True,100.0
1099_nec_2026_000240,1099_nec,clean,state_payer_number,OK-4441935,OK4441935,OK-444985,OK444985,6.0,False,82.35,OK-4441935,OK4441935,True,100.0,True,True,100.0
1099_nec_2026_000240,1099_nec,clean,state_income,"119,242.49",119242.49,"$119,242.49",119242.49,25.0,True,100.0,"$ 119,242.49",119242.49,True,100.0,False,True,100.0
1099_nec_2026_000242,1099_nec,clean,payer_city,CRAWFORDPORT,CRAWFORDPORT,CRAWFORDPORT,CRAWFORDPORT,92.0,True,100.0,CRAWFORDPORT ************,CRAWFORDPORT,True,100.0,False,True,100.0
1099_nec_2026_000242,1099_nec,clean,payer_state,OK,OK,JP,JP,45.0,False,0.0,LOTATE OR PROVINCE,LOTATEORPROVINCE,False,11.11,True,False,11.11
1099_nec_2026_000242,1099_nec,clean,payer_zip,59198,59198,5198,5198,64.0,False,88.89,59198 TORSIGN POSTAL CODE,59198051605100,False,52.63,False,False,88.89
1099_nec_2026_000242,1099_nec,clean,recipient_state,MD,MD,WO,WO,63.0,False,0.0,TABLE OF PROVINICE,TABLEOFPROVINICE,False,0.0,False,False,0.0
1099_nec_2026_000242,1099_nec,clean,recipient_zip,92124,92124,924 4 So eR Re ee Oe,9244500,32.14,False,50.0,"92124 ""OREIGN POSTAL CODE]",9212401605100,False,55.56,True,False,55.56
1099_nec_2026_000242,1099_nec,clean,nonemployee_compensation,"79,846.48",79846.48,"$ 79,846.48",79846.48,48.0,True,100.0,SR: 79:484648,579484648.00,False,70.0,False,True,100.0
1099_nec_2026_000242,1099_nec,clean,state_tax_withheld,"4,647.78",4647.78,$4047.78,4047.78,55.0,False,85.71,$ 6.47,6.47,False,54.55,False,False,85.71
1099_nec_2026_000242,1099_nec,clean,state_payer_number,MD-3467651,MD3467651,M0476,M0476,13.0,False,57.14,MD-3467651,MD3467651,True,100.0,True,True,100.0
1099_nec_2026_000242,1099_nec,clean,state_income,"79,846.48",79846.48,"$79,846.48",79846.48,36.0,True,100.0,"$ 79,846.48",79846.48,True,100.0,False,True,100.0
1099_nec_2026_000243,1099_nec,clean,payer_city,BRITTNEYTOWN,BRITTNEYTOWN,BRITTNEYTOWN,BRITTNEYTOWN,92.0,True,100.0,BRITTNEYTOWN,BRITTNEYTOWN,True,100.0,False,True,100.0
1099_nec_2026_000243,1099_nec,clean,payer_state,HI,HI,PH,PH,20.0,False,50.0,PLEASE OF PROVINCE,PLEASEOFPROVINCE,False,11.11,False,False,50.0
1099_nec_2026_000243,1099_nec,clean,payer_zip,48736,48736,48736,48736,63.0,True,100.0,48736 TORSIGN POSTAL CODE,48736051605100,False,52.63,False,True,100.0
1099_nec_2026_000243,1099_nec,clean,recipient_city,CHERYLSTAD,CHERYLSTAD,CHERYLSTAD,CHERYLSTAD,92.0,True,100.0,CHERYSTAD - 1,CHERYSTAD 1,False,85.71,False,True,100.0
1099_nec_2026_000243,1099_nec,clean,recipient_state,LA,LA,WR,WR,52.0,False,0.0,TABLE OF PROVINICE,TABLEOFPROVINICE,False,11.11,True,False,11.11
1099_nec_2026_000243,1099_nec,clean,recipient_zip,54757,54757,54757 So eR Re ee Oe,54757500,36.5,False,76.92,54757 TOREGN POSTAL CODE |,5475706051001,False,55.56,False,False,76.92
1099_nec_2026_000243,1099_nec,clean,nonemployee_compensation,"125,229.36",125229.36,"$ 125,229.36",125229.36,48.0,True,100.0,SR: 12:25:26:26:26,51225262626.00,False,52.17,False,True,100.0
1099_nec_2026_000243,1099_nec,clean,state_tax_withheld,"5,178.09",5178.09,"$5,178.09",5178.09,37.0,True,100.0,"$ 5,178.09",5178.09,True,100.0,False,True,100.0
1099_nec_2026_000243,1099_nec,clean,state_payer_number,LA-4697107,LA4697107,E,E,0.0,False,0.0,LA-4697107,LA4697107,True,100.0,True,True,100.0
1099_nec_2026_000243,1099_nec,clean,state_income,"125,229.36",125229.36,"$125,229.36",125229.36,31.0,True,100.0,"$ 125,229.36",125229.36,True,100.0,False,True,100.0
1099_nec_2026_000247,1099_nec,clean,payer_city,CALEBVIEW,CALEBVIEW,CALEBVIEW,CALEBVIEW,92.0,True,100.0,CALEVIEW,CALEVIEW,False,94.12,False,True,100.0
1099_nec_2026_000247,1099_nec,clean,payer_state,ID,ID,PO,PO,41.0,False,0.0,PLEASE OF PROVINCE,PLEASEOFPROVINCE,False,11.11,True,False,11.11
1099_nec_2026_000247,1099_nec,clean,payer_zip,05421,05421,05421,05421,30.0,True,100.0,05421 TOREIGN POSTAL CODE,0542101605100,False,55.56,False,True,100.0
1099_nec_2026_000247,1099_nec,clean,recipient_city,ROBERTMOUTH,ROBERTMOUTH,ROBERTMOUTH,ROBERTMOUTH,92.0,True,100.0,RECEIPT WITH ************,RECEIPT WITH,False,43.48,False,True,100.0
1099_nec_2026_000247,1099_nec,clean,recipient_state,HI,HI,HI,HI,53.0,True,100.0,PLEASE OF PROVINICE,PLEASEOFPROVINICE,False,10.53,False,True,100.0
1099_nec_2026_000247,1099_nec,clean,recipient_zip,59280,59280,59280 Sa eR YR Se ee Oe,59280550,34.57,False,76.92,59280 TORSIGN POSTAL CODE |,592800516051001,False,50.0,False,False,76.92
1099_nec_2026_000247,1099_nec,clean,nonemployee_compensation,"72,490.18",72490.18,"$ 72,490.18",72490.18,48.0,True,100.0,"SR: 72,49018",57249018.00,False,73.68,False,True,100.0
1099_nec_2026_000247,1099_nec,clean,state_tax_withheld,903.74,903.74,$908.74,908.74,49.0,False,83.33,$__.........903.74,0.90,False,40.0,False,False,83.33
1099_nec_2026_000247,1099_nec,clean,state_payer_number,HI-7304414,HI7304414,H0414,H0414,0.0,False,71.43,HI-7304414,HI7304414,True,100.0,True,True,100.0
1099_nec_2026_000247,1099_nec,clean,state_income,"72,490.18",72490.18,"$72,490.18",72490.18,41.0,True,100.0,$ 72490.18,72490.18,True,100.0,False,True,100.0
w2_2026_000002_scan_mild_01,w2,mild,employee_ssn,000-99-7924,000997924,6792 2UUIASUUNMUMIDEL,6792215101,0.0,False,31.58,000-99-7924-S SOCIAL SECURITY NUMBER,00099792455011518,False,69.23,True,False,69.23
w2_2026_000002_scan_mild_01,w2,mild,employer_ein,00-6708456,006708456,IMCSIUNVAUVUELHUTIUELCIN,1511111,0.0,False,12.5,NO-SHANKS PERMASACTION NUMBER (EM) ********,0555108,False,37.5,True,False,37.5
w2_2026_000002_scan_mild_01,w2,mild,control_number,W2-2026-000002,W22026000002,,,0.0,False,0.0,WW.22-002,WW22002,False,63.16,True,False,63.16
w2_2026_000002_scan_mild_01,w2,mild,employee_last_name,ROGERS,ROGERS,ROGERS,ROGERS,96.0,True,100.0,ROGERS,ROGERS,True,100.0,False,True,100.0
w2_2026_000002_scan_mild_01,w2,mild,wages,"145,662.80",145662.80,",, 145,662.80",145662.80,26.0,True,100.0,"* REFES, UPS, UNIER COMPERS662.80",55105662.80,False,80.0,False,True,100.0
w2_2026_000002_scan_mild_01,w2,mild,federal_tax_withheld,"24,353.46",24353.46,"24,953.48",24953.48,56.0,False,75.0,PLEASE INCOME TAX WITH 3.53.46,151013.53,False,35.29,False,False,75.0
w2_2026_000002_scan_mild_01,w2,mild,social_security_tax_withheld,"9,031.09",9031.09,"7 9,031 09",7903109.00,50.0,False,70.59,"AMOUNT SECURNY TAX WITHNE9,031.09",519031.09,False,87.5,True,False,87.5
w2_2026_000002_scan_mild_01,w2,mild,medicare_tax_withheld,"2,112.11",2112.11,- 2112.11,-2112.11,37.5,False,93.33,""" *********** ******** 2,112.11",2112.11,True,100.0,True,True,100.0
w2_2026_000002_scan_mild_01,w2,mild,state,IL,IL,M,M,0.0,False,0.0,0,,False,0.0,False,False,0.0
w2_2026_000002_scan_mild_01,w2,mild,employer_state_id,IL-2714803,IL2714803,LOUIABOGVO,LOUIABOGVO,0.0,False,10.53,IL-2714803,IL2714803,True,100.0,True,True,100.0
w2_2026_000002_scan_mild_01,w2,mild,state_wages,"145,662.80",145662.80,"148,662.80",148662.80,55.0,False,88.89,"145,662.80",145662.80,True,100.0,True,True,100.0
w2_2026_000002_scan_mild_01,w2,mild,state_income_tax,"2,087.15",2087.15,"2,087.15",2087.15,53.0,True,100.0,"2,087.15",2087.15,True,100.0,False,True,100.0
w2_2026_000002_scan_hard_02,w2,hard,employee_ssn,000-99-7924,000997924,000 99-7924 SOCISECNUM,0009979245015,45.33,False,81.82,000-99-7924 5 SOCIAL SECURITY NUMBER,00099792455011518,False,69.23,False,False,81.82
w2_2026_000002_scan_hard_02,w2,hard,employer_ein,00-6708456,006708456,OT,0,0.0,False,20.0,GO-THANKS SUMMARY MONMARY BAX(RM),605508,False,40.0,True,False,40.0
w2_2026_000002_scan_hard_02,w2,hard,control_number,W2-2026-000002,W22026000002,RN 7,RN7,15.0,False,0.0,WWW.,WWW,False,13.33,True,False,13.33
w2_2026_000002_scan_hard_02,w2,hard,employee_first_name,ERIC Y.,ERIC Y,ERIC Y. eins tale,ERIC Y EINS TALE,57.0,False,54.55,ERCY.,ERCY,False,80.0,True,False,80.0
w2_2026_000002_scan_hard_02,w2,hard,employee_last_name,ROGERS,ROGERS,ROGERS,ROGERS,96.0,True,100.0,ROGERS,ROGERS,True,100.0,False,True,100.0
w2_2026_000002_scan_hard_02,w2,hard,wages,"145,662.80",145662.80,"145,662.80",145662.80,62.0,True,100.0,***,,False,0.0,False,True,100.0
w2_2026_000002_scan_hard_02,w2,hard,federal_tax_withheld,"24,353.46",24353.46,2435346),2435346.00,53.0,False,77.78,"FREE COME TAX 24,353.46",24353.46,True,100.0,True,True,100.0
w2_2026_000002_scan_hard_02,w2,hard,social_security_wages,"145,662.80",145662.80,"148,862.80",148862.80,53.0,False,77.78,"AMOUNT NO: 145,662.80",145662.80,True,100.0,True,True,100.0
w2_2026_000002_scan_hard_02,w2,hard,social_security_tax_withheld,"9,031.09",9031.09,8081.00),8081.00,37.0,False,57.14,. SUMMARY MX. 9.031.09,0.59,False,54.55,False,False,57.14
w2_2026_000002_scan_hard_02,w2,hard,medicare_wages,"145,662.80",145662.80,"148,662.80",148662.80,57.0,False,88.89,- 1455662.80,-1455662.80,False,90.0,True,False,90.0
w2_2026_000002_scan_hard_02,w2,hard,state,IL,IL,R,R,0.0,False,0.0,0,,False,0.0,False,False,0.0
w2_2026_000002_scan_hard_02,w2,hard,employer_state_id,IL-2714803,IL2714803,OO,OO,0.0,False,0.0,LL-271803,LL271803,False,82.35,True,False,82.35
w2_2026_000002_scan_hard_02,w2,hard,state_wages,"145,662.80",145662.80,"145,662.80",145662.80,59.0,True,100.0,"145,662.80",145662.80,True,100.0,False,True,100.0
w2_2026_000002_scan_hard_02,w2,hard,state_income_tax,"2,087.15",2087.15,2087.45,2087.45,16.0,False,85.71,"2,087.15",2087.15,True,100.0,True,True,100.0
w2_2026_000010_scan_mild_01,w2,mild,employee_ssn,000-35-3504,000353504,000-35-3504 VRS,0003535045,5.5,False,94.74,000-35-3564 S SOCULAR SECURITY MONCHASE,00035356455015105,False,61.54,False,False,94.74
w2_2026_000010_scan_mild_01,w2,mild,employer_ein,00-7273233,007273233,B IVCMUNCAOMUITIOCELCIUN,81011011,0.0,False,23.53,09-7279293 TRANSICATION NUMBER PAY ONCLUSIONS ON BACK OF RECEIPT,097279293511080151050801,False,36.36,True,False,36.36
w2_2026_000010_scan_mild_01,w2,mild,control_number,W2-2026-000010,W22026000010,W2-2026-000010,W22026000010,8.0,True,100.0,SR-2225-0076-12-12-12-12-12-12-12-12-12-12-12-12-,SR22250076121212121212121212121212,False,26.09,False,True,100.0
w2_2026_000010_scan_mild_01,w2,mild,employee_last_name,WALTERS,WALTERS,WALTERS,WALTERS,96.0,True,100.0,WALTERS WITHIN,WALTERS WITHIN,False,66.67,False,True,100.0
w2_2026_000010_scan_mild_01,w2,mild,wages,"113,174.85",113174.85,"118,174.85",118174.85,53.0,False,88.89,"* WAVES, UPS, UNPI 00 13,174.85",5510013174.85,False,81.82,False,False,88.89
w2_2026_000010_scan_mild_01,w2,mild,federal_tax_withheld,"25,579.83",25579.83,"28,879.88)",28879.88,19.0,False,62.5,"- REGULAR INCLUSIVE 18% *** 25,579.83",-6111511825579.83,False,64.0,True,False,64.0
w2_2026_000010_scan_mild_01,w2,mild,state,MH,MH,MH,MH,69.0,True,100.0,=,,False,0.0,False,True,100.0
w2_2026_000010_scan_mild_01,w2,mild,employer_state_id,MH-9897858,MH9897858,MH9897858,MH9897858,8.0,True,100.0,[MH-9897558 !!!,MH9897558,False,88.89,False,True,100.0
w2_2026_000010_scan_mild_01,w2,mild,state_wages,"113,174.85",113174.85,"118,174.85,",118174.85,50.0,False,88.89,11374.85,11374.85,False,94.12,True,False,94.12
w2_2026_000010_scan_mild_01,w2,mild,state_income_tax,"6,403.85",6403.85,"6,403.85",6403.85,37.0,True,100.0,........ 6.403.85,0.64,False,36.36,False,True,100.0
w2_2026_000010_scan_hard_02,w2,hard,employee_ssn,000-35-3504,000353504,35-3504 FFSPS,35350455,33.5,False,70.59,000-35-3564 SUMM SECANY,00035356455,False,80.0,True,False,80.0
w2_2026_000010_scan_hard_02,w2,hard,employer_ein,00-7273233,007273233,2,2,23.0,False,20.0,6.72/27 TRANSICATION NUMBER (RM),6722751108,False,31.58,True,False,31.58
w2_2026_000010_scan_hard_02,w2,hard,control_number,W2-2026-000010,W22026000010,W2-2026-000010,W22026000010,0.0,True,100.0,*,,False,0.0,False,True,100.0
w2_2026_000010_scan_hard_02,w2,hard,employee_last_name,WALTERS,WALTERS,WALTERS,WALTERS,96.0,True,100.0,WALTERS,WALTERS,True,100.0,False,True,100.0
w2_2026_000010_scan_hard_02,w2,hard,wages,"113,174.85",113174.85,"113,174.85",113174.85,12.0,True,100.0,*** ****,,False,0.0,False,True,100.0
w2_2026_000010_scan_hard_02,w2,hard,federal_tax_withheld,"25,579.83",25579.83,8 23,823.00,0.0,False,28.57,: 25.579.83,25.58,False,61.54,True,False,61.54
w2_2026_000010_scan_hard_02,w2,hard,social_security_tax_withheld,"7,016.84",7016.84,71 7.01684,717.02,18.0,False,46.15,. SUMMARY ** 7.016.84,0.57,False,36.36,False,False,46.15
w2_2026_000010_scan_hard_02,w2,hard,medicare_wages,"113,174.85",113174.85,"493,174.85",493174.85,25.0,False,77.78,"- 13,174.85",-13174.85,False,88.89,True,False,88.89
w2_2026_000010_scan_hard_02,w2,hard,medicare_tax_withheld,"1,641.04",1641.04,"1,641.04",1641.04,0.0,True,100.0,"- 1,641.04",-1641.04,False,93.33,False,True,100.0
w2_2026_000010_scan_hard_02,w2,hard,state,MH,MH,,,0.0,False,0.0,ML,ML,False,50.0,True,False,50.0
w2_2026_000010_scan_hard_02,w2,hard,employer_state_id,MH-9897858,MH9897858,,,0.0,False,0.0,MH-8697858,MH8697858,False,88.89,True,False,88.89
w2_2026_000010_scan_hard_02,w2,hard,state_wages,"113,174.85",113174.85,"118,174.85)",118174.85,13.0,False,88.89,"113,174.85",113174.85,True,100.0,True,True,100.0
w2_2026_000010_scan_hard_02,w2,hard,state_income_tax,"6,403.85",6403.85,-222,-222.00,0.0,False,14.29,6.403.85,6.40,False,54.55,True,False,54.55
w2_2026_000012_scan_mild_01,w2,mild,employee_ssn,000-77-7932,000777932,000-77-7932 FSVWGW,00077793256,0.0,False,90.0,000-77-7932 SUMM SECANY NUMBER,000777932558,False,85.71,False,False,90.0
w2_2026_000012_scan_mild_01,w2,mild,employer_ein,00-4553384,004553384,00 ICAONNMEIN,00101,32.0,False,28.57,00-555094 PERMASATION NUMBER (RM),005550945108,False,47.62,True,False,47.62
w2_2026_000012_scan_mild_01,w2,mild,control_number,W2-2026-000012,W22026000012,W2-2026-000012,W22026000012,0.0,True,100.0,RECEIPT NO:,RECEIPTNO,False,0.0,False,True,100.0
w2_2026_000012_scan_mild_01,w2,mild,employee_last_name,RIVERA,RIVERA,RIVERA,RIVERA,96.0,True,100.0,RIVERA,RIVERA,True,100.0,False,True,100.0
w2_2026_000012_scan_mild_01,w2,mild,wages,"117,373.26",117373.26,"5 ,, 117,373.26",5117373.26,18.0,False,94.74,"* WAVES, UPS, COME 00 117,373.26",55000117373.26,False,78.26,False,False,94.74
w2_2026_000012_scan_mild_01,w2,mild,federal_tax_withheld,"23,772.02",23772.02,"123,772.02",123772.02,30.0,False,94.12,"- REGULAR INCLUSIVE 10% *** 23,772.02",-6111511023772.02,False,64.0,False,False,94.12
w2_2026_000012_scan_mild_01,w2,mild,medicare_wages,"117,373.26",117373.26,737326,737326.00,46.0,False,66.67,"RECEIPT NO: 117,373.26",10117373.26,False,90.0,True,False,90.0
w2_2026_000012_scan_mild_01,w2,mild,state,VA,VA,VA,VA,60.0,True,100.0,ML,ML,False,0.0,False,True,100.0
w2_2026_000012_scan_mild_01,w2,mild,employer_state_id,VA-6229731,VA6229731,,,0.0,False,0.0,[VA-6229/31 .................................,VA622931,False,94.12,True,False,94.12
w2_2026_000012_scan_mild_01,w2,mild,state_wages,"117,373.26",117373.26,"117,878.28",117878.28,38.0,False,66.67,117373.26,117373.26,True,100.0,True,True,100.0
w2_2026_000012_scan_mild_01,w2,mild,state_income_tax,979.53,979.53,979.53),979.53,41.0,True,100.0,........979.53,0.98,False,20.0,False,True,100.0
w2_2026_000012_scan_hard_02,w2,hard,employee_ssn,000-77-7932,000777932,50 SOCIASSUUIHU,50501551,19.5,False,23.53,000-77-7992'S SOCAL SECURNY NUMBER,000777992550158,False,66.67,True,False,66.67
w2_2026_000012_scan_hard_02,w2,hard,employer_ein,00-4553384,004553384,OOO,000,3.0,False,33.33,NO.50-EESPLAYA KARDICATION NUMBER(EN) ************,0505101108,False,42.11,True,False,42.11
w2_2026_000012_scan_hard_02,w2,hard,control_number,W2-2026-000012,W22026000012,W,W,0.0,False,15.38,WWW.W.W.KKKKKKKKKKKKKKKKKKKKKKKKKKKKKKKKKKKKKKKK.,WWWWWKKKKKKKKKKKKKKKKKKKKKKKKKKKKKKKKKKKKKKKK,False,3.51,False,False,15.38
w2_2026_000012_scan_hard_02,w2,hard,employee_last_name,RIVERA,RIVERA,RIVERA,RIVERA,96.0,True,100.0,RIVERA,RIVERA,True,100.0,False,True,100.0
w2_2026_000012_scan_hard_02,w2,hard,wages,"117,373.26",117373.26,11737326,11737326.00,26.0,False,80.0,"1 WAGES, UPS, COMER COM 17,373.26",16550017373.26,False,78.26,False,False,80.0
w2_2026_000012_scan_hard_02,w2,hard,federal_tax_withheld,"23,772.02",23772.02,"2( 23,772.02",223772.02,0.0,False,94.12,2 FEDERAL INCOME TAX: 23.772.02,2011023.77,False,44.44,False,False,94.12
w2_2026_000012_scan_hard_02,w2,hard,social_security_tax_withheld,"7,277.14",7277.14,-7977.14,-7977.14,5.0,False,80.0,4 SOCIAL SECURNY TAX WITH 27.14,450115127.14,False,52.63,False,False,80.0
w2_2026_000012_scan_hard_02,w2,hard,medicare_wages,"117,373.26",117373.26,7378.28,7378.28,25.0,False,62.5,"5 MEDICATE WEGES IN 17,373.26",50165117373.26,False,78.26,True,False,78.26
w2_2026_000012_scan_hard_02,w2,hard,medicare_tax_withheld,"1,701.91",1701.91,"- 1,701.91",-1701.91,48.0,False,93.33,"6 MEDICATE TAX WINNED 1,701.91",601101701.91,False,73.68,False,False,93.33
w2_2026_000012_scan_hard_02,w2,hard,state,VA,VA,VA,VA,0.0,True,100.0,ML,ML,False,0.0,False,True,100.0
w2_2026_000012_scan_hard_02,w2,hard,employer_state_id,VA-6229731,VA6229731,YVA622079,YVA622079,0.0,False,66.67,IVA-6229751,IVA6229751,False,84.21,True,False,84.21
w2_2026_000012_scan_hard_02,w2,hard,state_wages,"117,373.26",117373.26,"117,873.28",117873.28,52.0,False,77.78,"117,373.26",117373.26,True,100.0,True,True,100.0
w2_2026_000012_scan_hard_02,w2,hard,state_income_tax,979.53,979.53,87953),87953.00,1.0,False,57.14,979.53,979.53,True,100.0,True,True,100.0
w2_2026_000014_scan_mild_01,w2,mild,employee_ssn,000-75-4899,000754899,J0754899 SOCSECNU,0754899505,0.0,False,73.68,000-754899 S SOCIAT SECURNY INVOICE,00075489955015101,False,69.23,False,False,73.68
w2_2026_000014_scan_mild_01,w2,mild,employer_ein,00-5672073,005672073,2 NNMIIN,211,22.0,False,16.67,(B) SERVICE IDENTIFICATION NUMBER FENN),8511011108,False,21.05,True,False,21.05
w2_2026_000014_scan_mild_01,w2,mild,control_number,W2-2026-000014,W22026000014,W-2026-000014,W2026000014,0.0,False,95.65,**,,False,0.0,False,False,95.65
w2_2026_000014_scan_mild_01,w2,mild,employee_last_name,HERNANDEZ,HERNANDEZ,HERNANDEZ,HERNANDEZ,95.0,True,100.0,HERNANDEZ,HERNANDEZ,True,100.0,False,True,100.0
w2_2026_000014_scan_mild_01,w2,mild,wages,"37,877.37",37877.37,"8,, 3787.37",83787.37,8.0,False,87.5,"1 WAGES, UPS, UNOR COMM 37,877.37",16550037877.37,False,72.73,False,False,87.5
w2_2026_000014_scan_mild_01,w2,mild,federal_tax_withheld,"4,417.66",4417.66,"4,417.65",4417.65,55.0,False,85.71,"2 FEDERAL INCOME TAX ~~4,417.66",201104417.66,False,73.68,False,False,85.71
w2_2026_000014_scan_mild_01,w2,mild,social_security_wages,"37,877.37",37877.37,30$ 37.87.37,3037.87,29.0,False,53.33,"3 SOCIAR SECURNY WAYS 37,877.37",35015537877.37,False,72.73,True,False,72.73
w2_2026_000014_scan_mild_01,w2,mild,social_security_tax_withheld,"2,348.40",2348.40,"2,348.40",2348.40,60.0,True,100.0,"4 SOCIAR SECURNY TAX WITH 2,348.40",4501512348.40,False,70.0,False,True,100.0
w2_2026_000014_scan_mild_01,w2,mild,medicare_wages,"37,877.37",37877.37,37.877.37,37.88,0.0,False,46.15,"PLEQUIRED WAYS AND 37,877.37",10105037877.37,False,72.73,True,False,72.73
w2_2026_000014_scan_mild_01,w2,mild,state,PA,PA,EA,EA,30.0,False,50.0,ML,ML,False,0.0,False,False,50.0
w2_2026_000014_scan_mild_01,w2,mild,employer_state_id,PA-8930103,PA8930103,P,P,0.0,False,20.0,PA-8990103,PA8990103,False,88.89,True,False,88.89
w2_2026_000014_scan_mild_01,w2,mild,state_wages,"37,877.37",37877.37,7,7.00,0.0,False,33.33,"37,877.37",37877.37,True,100.0,True,True,100.0
w2_2026_000014_scan_mild_01,w2,mild,state_income_tax,"2,229.17",2229.17,2,2.00,0.0,False,36.36,"2,229.17",2229.17,True,100.0,True,True,100.0
w2_2026_000014_scan_hard_02,w2,hard,employee_ssn,000-75-4899,000754899,0075-4080 1B,0075408018,9.5,False,63.16,000-75-499 SUMMARY,000754995,False,88.89,True,False,88.89
w2_2026_000014_scan_hard_02,w2,hard,employer_ein,00-5672073,005672073,POMCSO,050,0.0,False,50.0,& EXPANY ******** NUMBER EN) ************,8,False,0.0,False,False,50.0
w2_2026_000014_scan_hard_02,w2,hard,control_number,W2-2026-000014,W22026000014,--O00044,O00044,0.0,False,44.44,***,,False,0.0,False,False,44.44
w2_2026_000014_scan_hard_02,w2,hard,employee_last_name,HERNANDEZ,HERNANDEZ,HERNANDEZ,HERNANDEZ,95.0,True,100.0,HERNANDEZ,HERNANDEZ,True,100.0,False,True,100.0
w2_2026_000014_scan_hard_02,w2,hard,wages,"37,877.37",37877.37,8187737),8187737.00,33.0,False,55.56,WWW.WW.37.877.37,0.38,False,33.33,False,False,55.56
w2_2026_000014_scan_hard_02,w2,hard,federal_tax_withheld,"4,417.66",4417.66,4 4417.86),44417.86,18.0,False,80.0,"2 FOR# 00006- 4,417.66",2000006-4417.66,False,63.64,False,False,80.0
w2_2026_000014_scan_hard_02,w2,hard,social_security_wages,"37,877.37",37877.37,) 3787737,3787737.00,8.0,False,77.78,"8 5008 SECANY REG: 37,877.37",850085637877.37,False,69.57,False,False,77.78
w2_2026_000014_scan_hard_02,w2,hard,social_security_tax_withheld,"2,348.40",2348.40,9348.40,9348.40,26.0,False,85.71,: SUMMARY ** 2.348.40,52.35,False,33.33,False,False,85.71
w2_2026_000014_scan_hard_02,w2,hard,medicare_wages,"37,877.37",37877.37,"37,877.37",37877.37,44.0,True,100.0,: ********,,False,0.0,False,True,100.0
w2_2026_000014_scan_hard_02,w2,hard,employer_state_id,PA-8930103,PA8930103,J,J,0.0,False,0.0,PA-6930103,PA6930103,False,88.89,True,False,88.89
w2_2026_000014_scan_hard_02,w2,hard,state_wages,"37,877.37",37877.37,7,7.00,0.0,False,33.33,"37,877.37",37877.37,True,100.0,True,True,100.0
w2_2026_000014_scan_hard_02,w2,hard,state_income_tax,"2,229.17",2229.17,07,7.00,0.0,False,18.18,2.229.17,2.23,False,36.36,True,False,36.36
w2_2026_000017_scan_mild_01,w2,mild,employee_ssn,000-40-3724,000403724,- SSOCISECNM,55015,0.0,False,14.29,000 40-3724 S SOCIAL SECURITY NUMBER,00040372455011518,False,69.23,True,False,69.23
w2_2026_000017_scan_mild_01,w2,mild,employer_ein,00-7818496,007818496,S IMMVININIVAUUEDTUITUCECIUN,51111011,0.0,False,23.53,OR-TOTAL AMOUNTION NUMBER (RM),0010108,False,50.0,True,False,50.0
w2_2026_000017_scan_mild_01,w2,mild,control_number,W2-2026-000017,W22026000017,W2-2026-000017,W22026000017,12.0,True,100.0,WWW.XXXXX.,WWWXXXXX,False,10.0,False,True,100.0
w2_2026_000017_scan_mild_01,w2,mild,employee_last_name,JUAREZ,JUAREZ,JUAREZ,JUAREZ,96.0,True,100.0,JUAREZ,JUAREZ,True,100.0,False,True,100.0
w2_2026_000017_scan_mild_01,w2,mild,wages,"120,329.26",120329.26,". ,, 1 120,329.26",0.11,38.25,False,30.77,"* WAVES, UPS, UNNER COME 120,329.26",550120329.26,False,85.71,True,False,85.71
w2_2026_000017_scan_mild_01,w2,mild,federal_tax_withheld,"11,511.35",11511.35,514 35,51435.00,14.0,False,50.0,PLEASE INVOICE TAX WITH511.35,151011511.35,False,80.0,True,False,80.0
w2_2026_000017_scan_mild_01,w2,mild,social_security_tax_withheld,"7,460.41",7460.41,7460.41,7460.41,29.0,True,100.0,"AMOUNT SUMMARY TAX WITH 7,460.41",517460.41,False,87.5,False,True,100.0
w2_2026_000017_scan_mild_01,w2,mild,medicare_tax_withheld,"1,744.77",1744.77,"1,744.77",1744.77,49.0,True,100.0,*** ********,,False,0.0,False,True,100.0
w2_2026_000017_scan_mild_01,w2,mild,state,CT,CT,,,0.0,False,0.0,=,,False,0.0,False,False,0.0
w2_2026_000017_scan_mild_01,w2,mild,employer_state_id,CT-1983738,CT1983738,2,2,0.0,False,0.0,ICT-1893738,ICT1893738,False,84.21,True,False,84.21
w2_2026_000017_scan_mild_01,w2,mild,state_wages,"120,329.26",120329.26,"120,829.26)",120829.26,20.0,False,88.89,"120,329.26",120329.26,True,100.0,True,True,100.0
w2_2026_000017_scan_mild_01,w2,mild,state_income_tax,"5,100.69",5100.69,5.10069,5.10,9.0,False,54.55,"5,100.69",5100.69,True,100.0,True,True,100.0
w2_2026_000019_scan_mild_01,w2,mild,employee_ssn,000-30-1931,000301931,J SOCSECUIU,5051,0.0,False,30.77,000-30-193766 S SOCIAI SECURNA PERINDER,0003019376655011510,False,64.29,True,False,64.29
w2_2026_000019_scan_mild_01,w2,mild,employer_ein,00-9519948,009519948,SS,55,24.0,False,18.18,BE ENVOICE (BEMITCHAN NUMBER EM),801818,False,40.0,True,False,40.0
w2_2026_000019_scan_mild_01,w2,mild,control_number,W2-2026-000019,W22026000019,W00018 2,W000182,6.5,False,52.63,**,,False,0.0,False,False,52.63
w2_2026_000019_scan_mild_01,w2,mild,employee_last_name,RAMIREZ,RAMIREZ,RAMIREZ,RAMIREZ,96.0,True,100.0,RAMIREZ,RAMIREZ,True,100.0,False,True,100.0
w2_2026_000019_scan_mild_01,w2,mild,wages,"37,590.74",37590.74,500.74,500.74,43.0,False,71.43,"1 WAGES, UPS, ONER COME 37,590.74",16550037590.74,False,72.73,True,False,72.73
w2_2026_000019_scan_mild_01,w2,mild,federal_tax_withheld,"3,308.84",3308.84,3308.84,3308.84,49.0,True,100.0,"2 REGINAL INCOME TAX WWW 3,308.84",2611103308.84,False,70.0,False,True,100.0
w2_2026_000019_scan_mild_01,w2,mild,social_security_tax_withheld,"2,330.63",2330.63,- 2330.63,-2330.63,21.0,False,93.33,"4 SOCIAL SECURNY TAX WITH 2,330.63",45011512330.63,False,66.67,False,False,93.33
w2_2026_000019_scan_mild_01,w2,mild,medicare_wages,"37,590.74",37590.74,"37,590.74",37590.74,53.0,True,100.0,"MOICATE WAVES AND 37,590.74",15037590.74,False,84.21,False,True,100.0
w2_2026_000019_scan_mild_01,w2,mild,state,CO,CO,OI,OI,0.0,False,50.0,:,,False,0.0,False,False,50.0
w2_2026_000019_scan_mild_01,w2,mild,employer_state_id,CO-4946066,CO4946066,J,J,0.0,False,0.0,[CO-4946066 .................................,CO4946066,True,100.0,True,True,100.0
w2_2026_000019_scan_mild_01,w2,mild,state_wages,"37,590.74",37590.74,37.590.74,37.59,0.0,False,61.54,"37,590.74",37590.74,True,100.0,True,True,100.0
w2_2026_000019_scan_mild_01,w2,mild,state_income_tax,"1,164.98",1164.98,1164.98,1164.98,28.0,True,100.0,"1,164.98",1164.98,True,100.0,False,True,100.0
w2_2026_000017_scan_hard_02,w2,hard,employee_ssn,000-40-3724,000403724,FSQW2SWSS,502555,0.0,False,26.67,000-40-3724 SUMMARY,0004037245,False,94.74,True,False,94.74
w2_2026_000017_scan_hard_02,w2,hard,employer_ein,00-7818496,007818496,OM,0,32.0,False,20.0,GST REG #:,656,False,16.67,False,False,20.0
w2_2026_000017_scan_hard_02,w2,hard,control_number,W2-2026-000017,W22026000017,S,S,0.0,False,0.0,WWW.,WWW,False,13.33,True,False,13.33
w2_2026_000017_scan_hard_02,w2,hard,employee_last_name,JUAREZ,JUAREZ,JUAREZ,JUAREZ,96.0,True,100.0,JUAREZ,JUAREZ,True,100.0,False,True,100.0
w2_2026_000017_scan_hard_02,w2,hard,wages,"120,329.26",120329.26,12032026),12032026.00,37.0,False,70.0,12032926,12032926.00,False,80.0,True,False,80.0
w2_2026_000017_scan_hard_02,w2,hard,federal_tax_withheld,"11,511.35",11511.35,1511.95,1511.95,2.0,False,80.0,"11,511.35",11511.35,True,100.0,True,True,100.0
w2_2026_000017_scan_hard_02,w2,hard,social_security_wages,"120,329.26",120329.26,"8 120,329.26",8120329.26,0.0,False,94.74,"- 20,329.26",-20329.26,False,88.89,False,False,94.74
w2_2026_000017_scan_hard_02,w2,hard,social_security_tax_withheld,"7,460.41",7460.41,80.48,80.48,23.0,False,50.0,- 7.60.41,-7.60,False,50.0,False,False,50.0
w2_2026_000017_scan_hard_02,w2,hard,medicare_wages,"120,329.26",120329.26,"9 120,329.28",9120329.28,13.0,False,84.21,12032926,12032926.00,False,80.0,False,False,84.21
w2_2026_000017_scan_hard_02,w2,hard,state,CT,CT,,,0.0,False,0.0,=,,False,0.0,False,False,0.0
w2_2026_000017_scan_hard_02,w2,hard,employer_state_id,CT-1983738,CT1983738,,,0.0,False,0.0,(CT-1923738,CT1923738,False,88.89,True,False,88.89
w2_2026_000017_scan_hard_02,w2,hard,state_wages,"120,329.26",120329.26,"120,329.26",120329.26,8.0,True,100.0,120.329.26,120.33,False,53.33,False,True,100.0
w2_2026_000017_scan_hard_02,w2,hard,state_income_tax,"5,100.69",5100.69,"5,400.69",5400.69,10.0,False,85.71,5.100.69,5.10,False,54.55,False,False,85.71
w2_2026_000019_scan_hard_02,w2,hard,employee_ssn,000-30-1931,000301931,30-1931 EEE,301931,34.5,False,80.0,000-30-1931 SUMMARY,0003019315,False,94.74,True,False,94.74
w2_2026_000019_scan_hard_02,w2,hard,employer_ein,00-9519948,009519948,P 9519948,9519948,28.5,False,87.5,***,,False,0.0,False,False,87.5
w2_2026_000019_scan_hard_02,w2,hard,control_number,W2-2026-000019,W22026000019,WN,WN,0.0,False,14.29,WW.,WW,False,14.29,False,False,14.29
w2_2026_000019_scan_hard_02,w2,hard,wages,"37,590.74",37590.74,8790.74),8790.74,53.0,False,80.0,37.590.74,37.59,False,61.54,False,False,80.0
w2_2026_000019_scan_hard_02,w2,hard,federal_tax_withheld,"3,308.84",3308.84,8308.84),8308.84,57.0,False,85.71,"3,308.84",3308.84,True,100.0,True,True,100.0
w2_2026_000019_scan_hard_02,w2,hard,social_security_tax_withheld,"2,330.63",2330.63,6,6.00,65.0,False,18.18,2330.63,2330.63,True,100.0,True,True,100.0
w2_2026_000019_scan_hard_02,w2,hard,medicare_wages,"37,590.74",37590.74,8800.74,8800.74,53.0,False,53.33,37.590.74,37.59,False,61.54,True,False,61.54
w2_2026_000019_scan_hard_02,w2,hard,medicare_tax_withheld,545.07,545.07,545.07,545.07,44.0,True,100.0,545.07,545.07,True,100.0,False,True,100.0
w2_2026_000019_scan_hard_02,w2,hard,state,CO,CO,C,C,0.0,False,66.67,:,,False,0.0,False,False,66.67
w2_2026_000019_scan_hard_02,w2,hard,employer_state_id,CO-4946066,CO4946066,CO- 2BPGC,CO2BPGC,0.0,False,25.0,[CO-4945066 .................................,CO4945066,False,88.89,True,False,88.89
w2_2026_000019_scan_hard_02,w2,hard,state_wages,"37,590.74",37590.74,"37,590.74",37590.74,58.0,True,100.0,"37,590.74",37590.74,True,100.0,False,True,100.0
w2_2026_000019_scan_hard_02,w2,hard,state_income_tax,"1,164.98",1164.98,1164.98),1164.98,61.0,True,100.0,"1,164.98",1164.98,True,100.0,False,True,100.0
w2_2026_000041_scan_mild_01,w2,mild,employee_ssn,000-82-1444,000821444,NOOEOTALE- DOVVIAGEOGVUTILYF,000100160611,0.0,False,38.1,000-82-1474'S SOCIAT SECURNA NUMBER,000821474550158,False,66.67,True,False,66.67
w2_2026_000041_scan_mild_01,w2,mild,employer_ein,00-2408404,002408404,- MEIN,1,0.0,False,0.0,RECEIPT FORIFICATION NUMBER EM),1011108,False,37.5,True,False,37.5
w2_2026_000041_scan_mild_01,w2,mild,control_number,W2-2026-000041,W22026000041,WD00NT -,WD00NT,0.0,False,33.33,***,,False,0.0,False,False,33.33
w2_2026_000041_scan_mild_01,w2,mild,employee_last_name,HOLLAND,HOLLAND,HOLLAND,HOLLAND,96.0,True,100.0,HOLLAND,HOLLAND,True,100.0,False,True,100.0
w2_2026_000041_scan_mild_01,w2,mild,wages,"49,412.39",49412.39,9412.39),9412.39,26.0,False,93.33,"1 WAGES, UPS, ONER COME 49,412.39",16550049412.39,False,72.73,False,False,93.33
w2_2026_000041_scan_mild_01,w2,mild,federal_tax_withheld,"11,706.56",11706.56,170656,170656.00,10.0,False,70.59,"2 FEDERAL INCOME TAX WILL 1,706.56",201101111706.56,False,69.57,False,False,70.59
w2_2026_000041_scan_mild_01,w2,mild,social_security_wages,"49,412.39",49412.39,"80 49,412.39",8049412.39,46.0,False,88.89,"3 SOCIAL SECURNY WAVES 49,412.39",350115549412.39,False,69.57,False,False,88.89
w2_2026_000041_scan_mild_01,w2,mild,social_security_tax_withheld,"3,063.57",3063.57,"3,063.57",3063.57,47.0,True,100.0,"4 SOCIAL SECURNY TAX WITH 3,063.57",45011513063.57,False,66.67,False,True,100.0
w2_2026_000041_scan_mild_01,w2,mild,state,NM,NM,NM,NM,64.0,True,100.0,[MM),MM,False,50.0,False,True,100.0
w2_2026_000041_scan_mild_01,w2,mild,employer_state_id,NM-1843636,NM1843636,IM,IM,0.0,False,18.18,(NM-1843696 ************,NM1843696,False,88.89,True,False,88.89
w2_2026_000041_scan_mild_01,w2,mild,state_wages,"49,412.39",49412.39,"49,412.39",49412.39,53.0,True,100.0,"49,412.39",49412.39,True,100.0,False,True,100.0
w2_2026_000041_scan_mild_01,w2,mild,state_income_tax,"1,715.50",1715.50,1550),1550.00,5.0,False,57.14,1715.50,1715.50,True,100.0,True,True,100.0
w2_2026_000048_scan_mild_01,w2,mild,employee_ssn,000-88-7209,000887209,J-7209 SOCISECUIILNU,72095015111,0.0,False,40.0,000-88-72@6E'S SOCIA' SECURNA PURICE,00088726550151,False,69.57,True,False,69.57
w2_2026_000048_scan_mild_01,w2,mild,employer_ein,00-6643798,006643798,A INM1,11,0.0,False,0.0,GO-EXPLYER IDEMITIZATION NUMBER EN),60110112108,False,30.0,True,False,30.0
w2_2026_000048_scan_mild_01,w2,mild,control_number,W2-2026-000048,W22026000048,W2-2026-000048 3,W220260000483,20.0,False,96.0,*,,False,0.0,False,False,96.0
w2_2026_000048_scan_mild_01,w2,mild,employee_last_name,HERRING,HERRING,HERRING,HERRING,96.0,True,100.0,HERRING,HERRING,True,100.0,False,True,100.0
w2_2026_000048_scan_mild_01,w2,mild,wages,"42,539.62",42539.62,",, 12.539.62",12.54,0.0,False,30.77,"1 WAGES, UPS, UNIER COMP 4 2,539.62",16551042539.62,False,72.73,True,False,72.73
w2_2026_000048_scan_mild_01,w2,mild,social_security_wages,"42,539.62",42539.62,"30$ 42,539.62",3042539.62,43.5,False,88.89,"3 SOCIAL SECURNY WAYS 42,539.62",350115542539.62,False,69.57,False,False,88.89
w2_2026_000048_scan_mild_01,w2,mild,social_security_tax_withheld,"2,637.46",2637.46,2637.46,2637.46,55.0,True,100.0,"4 SOCIAR SECURNY LAX WITH 2,637.46",45015112637.46,False,66.67,False,True,100.0
w2_2026_000048_scan_mild_01,w2,mild,medicare_wages,"42,539.62",42539.62,"42,539.62",42539.62,59.0,True,100.0,"O MEQUARE WAYES AND 42,539.62",5042539.62,False,88.89,False,True,100.0
w2_2026_000048_scan_mild_01,w2,mild,state,CA,CA,CA,CA,17.0,True,100.0,1,,False,0.0,False,True,100.0
w2_2026_000048_scan_mild_01,w2,mild,employer_state_id,CA-6952975,CA6952975,J7,J7,0.0,False,18.18,(CA-6952975,CA6952975,True,100.0,True,True,100.0
w2_2026_000048_scan_mild_01,w2,mild,state_wages,"42,539.62",42539.62,2500.62,2500.62,0.0,False,66.67,"42,539.62",42539.62,True,100.0,True,True,100.0
w2_2026_000048_scan_mild_01,w2,mild,state_income_tax,"1,246.50",1246.50,124650,124650.00,50.0,False,75.0,"1,246.50",1246.50,True,100.0,True,True,100.0
w2_2026_000041_scan_hard_02,w2,hard,employee_ssn,000-82-1444,000821444,500 E SOCISSOCUITLYHUT,50050155011,10.0,False,40.0,000 52 1474 SUMM SERVING,0005214745516,False,63.64,True,False,63.64
w2_2026_000041_scan_hard_02,w2,hard,employer_ein,00-2408404,002408404,LSENCENSE,155,0.0,False,0.0,SALES PRICE INCLUSIVE ENCLUSIONS ONCLUSIONS,5151115115105015105,False,21.43,True,False,21.43
w2_2026_000041_scan_hard_02,w2,hard,control_number,W2-2026-000041,W22026000041,UEGOMIGO,UEGOMIGO,0.0,False,0.0,***,,False,0.0,False,False,0.0
w2_2026_000041_scan_hard_02,w2,hard,employee_last_name,HOLLAND,HOLLAND,a Ie,A IE,27.0,False,18.18,HOLLAND,HOLLAND,True,100.0,True,True,100.0
w2_2026_000041_scan_hard_02,w2,hard,wages,"49,412.39",49412.39,"7 ,",7.00,35.0,False,16.67,"1 WEGET, TPK, COME AGA, 49,412.39",160649412.39,False,80.0,True,False,80.0
w2_2026_000041_scan_hard_02,w2,hard,federal_tax_withheld,"11,706.56",11706.56,7986,7986.00,24.0,False,40.0,2 FOODS INCOME TAX 11.706.56,200051011.71,False,30.0,False,False,40.0
w2_2026_000041_scan_hard_02,w2,hard,medicare_wages,"49,412.39",49412.39,4,4.00,0.0,False,33.33,5 MECHANE WA98- 49.412.39,598-49.41239,False,70.0,True,False,70.0
w2_2026_000041_scan_hard_02,w2,hard,employer_state_id,NM-1843636,NM1843636,08,08,37.0,False,18.18,(MM-1849656 ************,MM1849656,False,66.67,True,False,66.67
w2_2026_000041_scan_hard_02,w2,hard,state_wages,"49,412.39",49412.39,.),.,0.0,False,22.22,49.412.39,49.41,False,61.54,True,False,61.54
w2_2026_000041_scan_hard_02,w2,hard,state_income_tax,"1,715.50",1715.50,11550,11550.00,42.0,False,66.67,1715.50,1715.50,True,100.0,True,True,100.0
w2_2026_000049_scan_mild_01,w2,mild,employee_ssn,000-11-9464,000119464,J SOCISECUIILHU,5015111,0.0,False,37.5,000-1194964-S SOCIAR SECURITY PURCHASE,00011949645501515,False,69.23,True,False,69.23
w2_2026_000049_scan_mild_01,w2,mild,employer_ein,00-4205394,004205394,P MEIN,1,0.0,False,0.0,G-22934-TERIFICATION NUMBER EM),62293411108,False,30.0,True,False,30.0
w2_2026_000049_scan_mild_01,w2,mild,control_number,W2-2026-000049,W22026000049,W-2028-000049 Z,W2028000049Z,0.0,False,83.33,**,,False,0.0,False,False,83.33
w2_2026_000049_scan_mild_01,w2,mild,employee_last_name,WALLACE,WALLACE,WALLACE,WALLACE,96.0,True,100.0,WALLACE,WALLACE,True,100.0,False,True,100.0
w2_2026_000049_scan_mild_01,w2,mild,wages,"85,099.38",85099.38,",, 35,099.38",35099.38,18.5,False,87.5,"1 WAGES, UPS, OTHER COME 85,099.38",16550085099.38,False,72.73,False,False,87.5
w2_2026_000049_scan_mild_01,w2,mild,federal_tax_withheld,"10,615.75",10615.75,10.615.75.,10.62,0.0,False,46.15,2 REGINAL INCOME TAX ***10.615.75,26111010.62,False,42.11,False,False,46.15
w2_2026_000049_scan_mild_01,w2,mild,social_security_tax_withheld,"5,276.16",5276.16,6 5276. 1 6,65276.16,47.0,False,93.33,"4 SOCIAL SECURNY TAX WITH 5,276.16",45011515276.16,False,66.67,False,False,93.33
w2_2026_000049_scan_mild_01,w2,mild,medicare_wages,"85,099.38",85099.38,"9 8, 099.38",98099.38,30.67,False,87.5,"MOICATE WAVES AND 85,099.38",15085099.38,False,84.21,False,False,87.5
w2_2026_000049_scan_mild_01,w2,mild,medicare_tax_withheld,"1,233.94",1233.94,"1,233.94",1233.94,63.0,True,100.0,"O MEDICATE TAX WITHIN 1,233.94",1111233.94,False,82.35,False,True,100.0
w2_2026_000049_scan_mild_01,w2,mild,state,CA,CA,CA,CA,46.0,True,100.0,1,,False,0.0,False,True,100.0
w2_2026_000049_scan_mild_01,w2,mild,employer_state_id,CA-5031966,CA5031966,6,6,0.0,False,20.0,[CA.5031966 .................................,CA5031966,True,100.0,True,True,100.0
w2_2026_000049_scan_mild_01,w2,mild,state_wages,"85,099.38",85099.38,"85,099.38",85099.38,39.0,True,100.0,"85,099.38",85099.38,True,100.0,False,True,100.0
w2_2026_000049_scan_mild_01,w2,mild,state_income_tax,"3,297.61",3297.61,829761,829761.00,30.0,False,62.5,"3,297.61",3297.61,True,100.0,True,True,100.0
w2_2026_000048_scan_hard_02,w2,hard,employee_ssn,000-88-7209,000887209,726 SUISECUNM,726515,0.0,False,26.67,000-88-72/9 SECNAL SECURITY NUMBER,0008872951518,False,72.73,True,False,72.73
w2_2026_000048_scan_hard_02,w2,hard,employer_ein,00-6643798,006643798,CART,,10.0,False,0.0,CASHIER ***,51,False,0.0,False,False,0.0
w2_2026_000048_scan_hard_02,w2,hard,control_number,W2-2026-000048,W22026000048,I,I,0.0,False,0.0,***,,False,0.0,False,False,0.0
w2_2026_000048_scan_hard_02,w2,hard,employee_last_name,HERRING,HERRING,HERRING,HERRING,96.0,True,100.0,HERRING,HERRING,True,100.0,False,True,100.0
w2_2026_000048_scan_hard_02,w2,hard,wages,"42,539.62",42539.62,2,2.00,20.0,False,33.33,"ITEMS, UPS, CHER COMPERS39.62",1550539.62,False,66.67,True,False,66.67
w2_2026_000048_scan_hard_02,w2,hard,federal_tax_withheld,"5,301.65",5301.65,- 6201.65,-6201.65,20.0,False,66.67,TOTAL INCOME TAX WITHED1.65,110101.65,False,62.5,False,False,66.67
w2_2026_000048_scan_hard_02,w2,hard,medicare_wages,"42,539.62",42539.62,- 580.62,-580.62,0.0,False,53.33,CHANGE WAGES AND 12.539.62,665012.54,False,23.53,False,False,53.33
w2_2026_000048_scan_hard_02,w2,hard,medicare_tax_withheld,616.82,616.82,616.82,616.82,42.0,True,100.0,***,,False,0.0,False,True,100.0
w2_2026_000048_scan_hard_02,w2,hard,state,CA,CA,J,J,0.0,False,0.0,1,,False,0.0,False,False,0.0
w2_2026_000048_scan_hard_02,w2,hard,employer_state_id,CA-6952975,CA6952975,A,A,0.0,False,20.0,CA6952975,CA6952975,True,100.0,True,True,100.0
w2_2026_000048_scan_hard_02,w2,hard,state_wages,"42,539.62",42539.62,),,0.0,False,0.0,"42,539.62",42539.62,True,100.0,True,True,100.0
w2_2026_000048_scan_hard_02,w2,hard,state_income_tax,"1,246.50",1246.50,0,0.00,35.0,False,36.36,1246.50,1246.50,True,100.0,True,True,100.0
w2_2026_000055_scan_mild_01,w2,mild,employee_ssn,000-49-1986,000491986,00-49-1986,00491986,1.0,False,94.12,000 49-1986 S SOLDAR SECURITY NUMBER,00049198655010518,False,69.23,False,False,94.12
w2_2026_000055_scan_mild_01,w2,mild,employer_ein,00-2664863,002664863,PA IUCTIUNGAUOHNUMTIDEDCIIN,116010011,0.0,False,22.22,00-236483 TERMASAN TAMOR PKN PERMAS JOHOR BAHRAN,00236483505008,False,60.87,True,False,60.87
w2_2026_000055_scan_mild_01,w2,mild,control_number,W2-2026-000055,W22026000055,W2-2026-000055,W22026000055,0.0,True,100.0,W2.20S.0055- 1.20,W220S0055120,False,66.67,False,True,100.0
w2_2026_000055_scan_mild_01,w2,mild,employee_last_name,PATTON,PATTON,PATTON,PATTON,96.0,True,100.0,PATTON,PATTON,True,100.0,False,True,100.0
w2_2026_000055_scan_mild_01,w2,mild,wages,"91,816.84",91816.84,"),, 1816.84",1816.84,2.5,False,93.33,"* WAYED, UPS, UNCHEI LUMP 91,816.84",51191816.84,False,84.21,False,False,93.33
w2_2026_000055_scan_mild_01,w2,mild,federal_tax_withheld,"13,963.72",13963.72,"13,963.72",13963.72,54.0,True,100.0,"- PLEASE INVOICE 10% *** 13,963.72",-151011013963.72,False,66.67,False,True,100.0
w2_2026_000055_scan_mild_01,w2,mild,state,NC,NC,NC,NC,63.0,True,100.0,MC 1,MC,False,50.0,False,True,100.0
w2_2026_000055_scan_mild_01,w2,mild,employer_state_id,NC-2362099,NC2362099,INC-22099,INC22099,0.0,False,82.35,INC-2362099 .................................,INC2362099,False,94.74,True,False,94.74
w2_2026_000055_scan_mild_01,w2,mild,state_wages,"91,816.84",91816.84,8816.84,8816.84,35.0,False,80.0,91816.84,91816.84,True,100.0,True,True,100.0
w2_2026_000055_scan_mild_01,w2,mild,state_income_tax,"2,642.20",2642.20,"2,642.20",2642.20,47.0,True,100.0,2.642.20,2.64,False,54.55,False,True,100.0
w2_2026_000049_scan_hard_02,w2,hard,employee_ssn,000-11-9464,000119464,G SOCICU,6501,0.0,False,30.77,000-11-9464 SECAR SECURTY NUMBER,000119464558,False,85.71,True,False,85.71
w2_2026_000049_scan_hard_02,w2,hard,employer_ein,00-4205394,004205394,-,,60.0,False,0.0,***,,False,0.0,False,False,0.0
w2_2026_000049_scan_hard_02,w2,hard,control_number,W2-2026-000049,W22026000049,8 GN SS,8GNSS,1.33,False,0.0,WWW.,WWW,False,13.33,True,False,13.33
w2_2026_000049_scan_hard_02,w2,hard,employee_last_name,WALLACE,WALLACE,WALLACE,WALLACE,95.0,True,100.0,WALLACE,WALLACE,True,100.0,False,True,100.0
w2_2026_000049_scan_hard_02,w2,hard,wages,"85,099.38",85099.38,"7,,",7.00,0.0,False,16.67,RECEIPT. COMER COMP.09938,1.00,False,16.67,False,False,16.67
w2_2026_000049_scan_hard_02,w2,hard,federal_tax_withheld,"10,615.75",10615.75,"10,615.75",10615.75,47.0,True,100.0,***,,False,0.0,False,True,100.0
w2_2026_000049_scan_hard_02,w2,hard,medicare_tax_withheld,"1,233.94",1233.94,1233.96,1233.96,65.0,False,85.71,***,,False,0.0,False,False,85.71
w2_2026_000049_scan_hard_02,w2,hard,state,CA,CA,J,J,0.0,False,0.0,1,,False,0.0,False,False,0.0
w2_2026_000049_scan_hard_02,w2,hard,employer_state_id,CA-5031966,CA5031966,09666,09666,0.0,False,57.14,[CA-SOS1966,CASOS1966,False,66.67,True,False,66.67
w2_2026_000049_scan_hard_02,w2,hard,state_wages,"85,099.38",85099.38,85.00038,85.00,0.0,False,46.15,"85,09938",8509938.00,False,77.78,True,False,77.78
w2_2026_000049_scan_hard_02,w2,hard,state_income_tax,"3,297.61",3297.61,3287.81),3287.81,40.0,False,71.43,"3,297.61",3297.61,True,100.0,True,True,100.0
w2_2026_000055_scan_hard_02,w2,hard,employee_ssn,000-49-1986,000491986,49-1986 OSE,49198605,51.5,False,70.59,GOOD 49-1965 SUMMARY NUMBER,600049196558,False,76.19,True,False,76.19
w2_2026_000055_scan_hard_02,w2,hard,employer_ein,00-2664863,002664863,SPRL,51,0.0,False,0.0,***,,False,0.0,False,False,0.0
w2_2026_000055_scan_hard_02,w2,hard,control_number,W2-2026-000055,W22026000055,W2-2028-000055,W22028000055,6.0,False,91.67,WWW.,WWW,False,13.33,False,False,91.67
w2_2026_000055_scan_hard_02,w2,hard,employee_last_name,PATTON,PATTON,PATTON,PATTON,96.0,True,100.0,PATTON,PATTON,True,100.0,False,True,100.0
w2_2026_000055_scan_hard_02,w2,hard,wages,"91,816.84",91816.84,"1,816.84",1816.84,48.0,False,93.33,91816.84,91816.84,True,100.0,True,True,100.0
w2_2026_000055_scan_hard_02,w2,hard,federal_tax_withheld,"13,963.72",13963.72,"13,983.72",13983.72,53.0,False,87.5,"13,963.72",13963.72,True,100.0,True,True,100.0
w2_2026_000055_scan_hard_02,w2,hard,social_security_wages,"91,816.84",91816.84,1816.84,1816.84,38.0,False,93.33,91816.84,91816.84,True,100.0,True,True,100.0
w2_2026_000055_scan_hard_02,w2,hard,social_security_tax_withheld,"5,692.64",5692.64,0.84),0.84,38.0,False,36.36,5.692.64,5.69,False,54.55,True,False,54.55
w2_2026_000055_scan_hard_02,w2,hard,medicare_wages,"91,816.84",91816.84,"91,816.84",91816.84,54.0,True,100.0,91816.84,91816.84,True,100.0,False,True,100.0
w2_2026_000055_scan_hard_02,w2,hard,medicare_tax_withheld,"1,331.34",1331.34,"1,331.34)",1331.34,65.0,True,100.0,1331.34,1331.34,True,100.0,False,True,100.0
w2_2026_000055_scan_hard_02,w2,hard,state,NC,NC,I,I,0.0,False,0.0,L,L,False,0.0,False,False,0.0
w2_2026_000055_scan_hard_02,w2,hard,employer_state_id,NC-2362099,NC2362099,N-2200 20 SSB,N220020SSB,35.0,False,42.11,INC-238208,INC238208,False,66.67,True,False,66.67
w2_2026_000055_scan_hard_02,w2,hard,state_wages,"91,816.84",91816.84,"1,816.84",1816.84,30.0,False,93.33,"91,816.84",91816.84,True,100.0,True,True,100.0
w2_2026_000055_scan_hard_02,w2,hard,state_income_tax,"2,642.20",2642.20,"7 2,642.20",72642.20,22.0,False,93.33,2.642.20,2.64,False,54.55,False,False,93.33
w2_2026_000065_scan_mild_01,w2,mild,employee_ssn,000-53-9318,000539318,000-563-9318 NF,0005639318,12.0,False,94.74,000-53-9318 S SOCAR SECURNA MANCHASE,00053931855055,False,78.26,False,False,94.74
w2_2026_000065_scan_mild_01,w2,mild,employer_ein,00-5482413,005482413,B IVOCMUNCAUOHMUNIVCTLCTIN,8100111,0.0,False,37.5,00 54829/3 PERMASAN NUMBER DAY.COM PERMAS AND BEAUTIONS.,005482935800508105,False,51.85,True,False,51.85
w2_2026_000065_scan_mild_01,w2,mild,control_number,W2-2026-000065,W22026000065,W2-2026-000065,W22026000065,34.0,True,100.0,WE-2.20%-0065%,WE2200065,False,76.19,False,True,100.0
w2_2026_000065_scan_mild_01,w2,mild,employee_last_name,MORRISON,MORRISON,MORRISON,MORRISON,96.0,True,100.0,MORRISON COME AGAIN,MORRISON COME AGAIN,False,59.26,False,True,100.0
w2_2026_000065_scan_mild_01,w2,mild,wages,"50,902.29",50902.29,"80,902.29)",80902.29,53.0,False,87.5,"* WAVES, UPS, UNIPT 00"", 50,902.29",5510050902.29,False,76.19,False,False,87.5
w2_2026_000065_scan_mild_01,w2,mild,federal_tax_withheld,"11,109.14",11109.14,"49,109.14",49109.14,34.0,False,75.0,"- REGULAR INCLUSIVE *** 11,109.14",-61115111109.14,False,69.57,False,False,75.0
w2_2026_000065_scan_mild_01,w2,mild,state,NY,NY,NY,NY,0.0,True,100.0,=,,False,0.0,False,True,100.0
w2_2026_000065_scan_mild_01,w2,mild,employer_state_id,NY-9214801,NY9214801,NY9214801,NY9214801,0.0,True,100.0,INY-9214001 .................................,INY9214001,False,84.21,False,True,100.0
w2_2026_000065_scan_mild_01,w2,mild,state_wages,"50,902.29",50902.29,"80,902.29",80902.29,40.0,False,87.5,.........50.92.29,0.51,False,33.33,False,False,87.5
w2_2026_000065_scan_mild_01,w2,mild,state_income_tax,914.01,914.01,914.07,914.07,43.0,False,83.33,............ !!!,.,False,28.57,False,False,83.33
w2_2026_000070_scan_mild_01,w2,mild,employee_ssn,000-66-3725,000663725,00-66-3725 SO S I,006637255051,15.25,False,76.19,000-66-3725 S SOLD SECURNA NUMBER,0006637255501058,False,72.0,False,False,76.19
w2_2026_000070_scan_mild_01,w2,mild,employer_ein,00-6024207,006024207,008028207,008028207,46.0,False,77.78,00-50-27 PERMASIAN DAMBER PAY.COM.COM.,005027510800,False,47.62,False,False,77.78
w2_2026_000070_scan_mild_01,w2,mild,control_number,W2-2026-000070,W22026000070,W2-2026-000070,W22026000070,13.0,True,100.0,W2-235-0070,W22350070,False,66.67,False,True,100.0
w2_2026_000070_scan_mild_01,w2,mild,employee_last_name,GIBBS,GIBBS,GIBBS,GIBBS,96.0,True,100.0,GREPS SUMMARY,GREPS SUMMARY,False,22.22,False,True,100.0
w2_2026_000070_scan_mild_01,w2,mild,wages,"100,808.33",100808.33,"100,808.83",100808.83,51.0,False,88.89,"* **6%, UPC.COMP 00 1 00,808.33",6.00,False,30.77,False,False,88.89
w2_2026_000070_scan_mild_01,w2,mild,federal_tax_withheld,"23,844.60",23844.60,"23,844 60",2384460.00,64.0,False,77.78,- ********,-,False,0.0,False,False,77.78
w2_2026_000070_scan_mild_01,w2,mild,state,WA,WA,WA,WA,13.0,True,100.0,WA L,WAL,False,80.0,False,True,100.0
w2_2026_000070_scan_mild_01,w2,mild,employer_state_id,WA-5921894,WA5921894,W,W,0.0,False,20.0,LWA-5921994 .................................,LWA5921994,False,84.21,True,False,84.21
w2_2026_000070_scan_mild_01,w2,mild,state_wages,"100,808.33",100808.33,"100,808.33",100808.33,16.0,True,100.0,100.808.33,100.81,False,53.33,False,True,100.0
w2_2026_000070_scan_mild_01,w2,mild,state_income_tax,"4,982.35",4982.35,4982.35,4982.35,53.0,True,100.0,"......... 4,982.35",0.50,False,36.36,False,True,100.0
w2_2026_000065_scan_hard_02,w2,hard,employee_ssn,000-53-9318,000539318,00-53-8318 TO,005383180,0.0,False,77.78,000-53-9818 SUMMARY,0005398185,False,84.21,True,False,84.21
w2_2026_000065_scan_hard_02,w2,hard,control_number,W2-2026-000065,W22026000065,W2-2026-0 T S,W220260TS,16.67,False,66.67,SR: REG: 0055-2055-20-20-20-20-20-12-12-12-12-12,SRREG0055205520202020201212121212,False,35.56,False,False,66.67
w2_2026_000065_scan_hard_02,w2,hard,employee_last_name,MORRISON,MORRISON,MORRISON,MORRISON,95.0,True,100.0,MORRISON,MORRISON,True,100.0,False,True,100.0
w2_2026_000065_scan_hard_02,w2,hard,wages,"50,902.29",50902.29,"50,908.29",50908.29,55.0,False,87.5,1 VEG.00.00,16.00,False,30.77,False,False,87.5
w2_2026_000065_scan_hard_02,w2,hard,federal_tax_withheld,"11,109.14",11109.14,"11,109.14",11109.14,0.0,True,100.0,"- 11,109.14",-11109.14,False,94.12,False,True,100.0
w2_2026_000065_scan_hard_02,w2,hard,social_security_wages,"50,902.29",50902.29,"9 50,902.29",950902.29,43.5,False,94.12,. SUMMARY NO.902.29,0.51,False,33.33,False,False,94.12
w2_2026_000065_scan_hard_02,w2,hard,social_security_tax_withheld,"3,155.94",3155.94,", 3155.94",3155.94,22.5,True,100.0,- 35.94,-35.94,False,76.92,False,True,100.0
w2_2026_000065_scan_hard_02,w2,hard,medicare_wages,"50,902.29",50902.29,"50,902.29",50902.29,46.0,True,100.0,- 50.902.29,-50.90,False,57.14,False,True,100.0
w2_2026_000065_scan_hard_02,w2,hard,medicare_tax_withheld,738.08,738.08,- 738.08,-738.08,21.5,False,92.31,- 738.08,-738.08,False,92.31,False,False,92.31
w2_2026_000065_scan_hard_02,w2,hard,state,NY,NY,C,C,0.0,False,0.0,ML,ML,False,0.0,False,False,0.0
w2_2026_000065_scan_hard_02,w2,hard,employer_state_id,NY-9214801,NY9214801,IN,IN,0.0,False,18.18,INY-9214801 .........................,INY9214801,False,94.74,True,False,94.74
w2_2026_000065_scan_hard_02,w2,hard,state_wages,"50,902.29",50902.29,"50,902.28",50902.28,0.0,False,87.5,50.902.29,50.90,False,61.54,False,False,87.5
w2_2026_000065_scan_hard_02,w2,hard,state_income_tax,914.01,914.01,91401),91401.00,56.0,False,71.43,914.01,914.01,True,100.0,True,True,100.0
w2_2026_000077_scan_mild_01,w2,mild,employee_ssn,000-81-6992,000816992,000-81 6992 VVVUVIVUV,0008169921,45.33,False,94.74,000-81-6992 SUMM SECURRY INVOICE,00081699255101,False,78.26,False,False,94.74
w2_2026_000077_scan_mild_01,w2,mild,employer_ein,00-2515030,002515030,30-2515000 CNNMEIN,3025150001,0.0,False,73.68,RECEIPTOSIP TRANSACTION NUMBER (RM),10515108,False,58.82,False,False,73.68
w2_2026_000077_scan_mild_01,w2,mild,control_number,W2-2026-000077,W22026000077,W2-2026-000077,W22026000077,0.0,True,100.0,SR: REG#: 565-0097-12-12-12-12-12-12-12-12-12-12-12,SRREG56500971212121212121212121212,False,17.39,False,True,100.0
w2_2026_000077_scan_mild_01,w2,mild,employee_last_name,STEELE,STEELE,STEELE,STEELE,96.0,True,100.0,STEBLE ***,STEBLE,False,83.33,False,True,100.0
w2_2026_000077_scan_mild_01,w2,mild,wages,"84,826.98",84826.98,8482698,8482698.00,41.0,False,77.78,"* WAVES, UPS. COMEI COM 84826.98",55.01,False,15.38,False,False,77.78
w2_2026_000077_scan_mild_01,w2,mild,federal_tax_withheld,"17,701.46",17701.46,17701 46,1770146.00,35.0,False,77.78,"- REGULAR INCOME TAX *** 17,701.46",-611017701.46,False,76.19,False,False,77.78
w2_2026_000077_scan_mild_01,w2,mild,social_security_tax_withheld,"5,259.27",5259.27,"5,259.27",5259.27,56.0,True,100.0,"* SULAR SECURNY TAX WITH 5,259.27",51515259.27,False,77.78,False,True,100.0
w2_2026_000077_scan_mild_01,w2,mild,medicare_wages,"84,826.98",84826.98,"84,826.98",84826.98,63.0,True,100.0,"REQUIRED WAYS AND 84,826.98",105084826.98,False,80.0,False,True,100.0
w2_2026_000077_scan_mild_01,w2,mild,state,AZ,AZ,AZ,AZ,45.0,True,100.0,=,,False,0.0,False,True,100.0
w2_2026_000077_scan_mild_01,w2,mild,employer_state_id,AZ-8630043,AZ8630043,Z060049,Z060049,0.0,False,62.5,[AZ-8630043 .................................,AZ8630043,True,100.0,True,True,100.0
w2_2026_000077_scan_mild_01,w2,mild,state_wages,"84,826.98",84826.98,"84,826.98",84826.98,19.0,True,100.0,"84,826.98",84826.98,True,100.0,False,True,100.0
w2_2026_000077_scan_mild_01,w2,mild,state_income_tax,"2,582.26",2582.26,"2,982.26",2982.26,33.0,False,85.71,................ 2.582.26,0.26,False,54.55,False,False,85.71
w2_2026_000070_scan_hard_02,w2,hard,employee_ssn,000-66-3725,000663725,ES,5,41.0,False,20.0,000.50.3725'S SOLD SECURNY NUMBER,0005037255501058,False,56.0,True,False,56.0
w2_2026_000070_scan_hard_02,w2,hard,employer_ein,00-6024207,006024207,SL,51,0.0,False,0.0,***,,False,0.0,False,False,0.0
w2_2026_000070_scan_hard_02,w2,hard,control_number,W2-2026-000070,W22026000070,CG,CG,1.0,False,0.0,***,,False,0.0,False,False,0.0
w2_2026_000070_scan_hard_02,w2,hard,employee_first_name,KARLA E.,KARLA E,Steere ee KARLA E.,STEERE EE KARLA E,50.75,False,58.33,KARLAE,KARLAE,False,92.31,True,False,92.31
w2_2026_000070_scan_hard_02,w2,hard,employee_last_name,GIBBS,GIBBS,GIBBS,GIBBS,84.0,True,100.0,GOES,GOES,False,44.44,False,True,100.0
w2_2026_000070_scan_hard_02,w2,hard,wages,"100,808.33",100808.33,"-400,808.33",-400808.33,0.0,False,84.21,"1 WEGES, IPS. COME 00.608.33",16515.00,False,35.29,False,False,84.21
w2_2026_000070_scan_hard_02,w2,hard,social_security_wages,"100,808.33",100808.33,10080833,10080833.00,32.0,False,80.0,3 SOCIAL SECURITY WITH 100.808.33,35011511100.81,False,34.78,False,False,80.0
w2_2026_000070_scan_hard_02,w2,hard,social_security_tax_withheld,"6,250.12",6250.12,$8,8.00,0.0,False,18.18,* SOLD SECURNY TAX 6.250.12,501056.25,False,50.0,True,False,50.0
w2_2026_000070_scan_hard_02,w2,hard,medicare_wages,"100,808.33",100808.33,1080838,1080838.00,16.0,False,63.16,5 MEDICATE WAGES AND 100.808.33,501650100.81,False,47.62,False,False,63.16
w2_2026_000070_scan_hard_02,w2,hard,state,WA,WA,WA,WA,31.0,True,100.0,1,,False,0.0,False,True,100.0
w2_2026_000070_scan_hard_02,w2,hard,employer_state_id,WA-5921894,WA5921894,J,J,0.0,False,0.0,WA-5921694,WA5921694,False,88.89,True,False,88.89
w2_2026_000070_scan_hard_02,w2,hard,state_wages,"100,808.33",100808.33,"100,800.33,",100800.33,41.0,False,88.89,100.808.33,100.81,False,53.33,False,False,88.89
w2_2026_000070_scan_hard_02,w2,hard,state_income_tax,"4,982.35",4982.35,4982.35,4982.35,58.0,True,100.0,4982.35,4982.35,True,100.0,False,True,100.0
w2_2026_000092_scan_mild_01,w2,mild,employee_ssn,000-30-7062,000307062,000-30-7062,000307062,20.0,True,100.0,000-30-7062 SUMMARY NUMBER,00030706258,False,90.0,False,True,100.0
w2_2026_000092_scan_mild_01,w2,mild,employer_ein,00-6228407,006228407,SOORAOT FRTWTPRPETNRRISFIRLATETRTWIEYW,500015111,0.0,False,33.33,***,,False,0.0,False,False,33.33
w2_2026_000092_scan_mild_01,w2,mild,control_number,W2-2026-000092,W22026000092,W2-2026-000092,W22026000092,29.0,True,100.0,12:23:02:03:03:03:02 PM03 PM03,12230203030302PM03PM03,False,52.94,False,True,100.0
w2_2026_000092_scan_mild_01,w2,mild,employee_last_name,NELSON,NELSON,NELSON,NELSON,96.0,True,100.0,NELSON,NELSON,True,100.0,False,True,100.0
w2_2026_000092_scan_mild_01,w2,mild,wages,"33,143.40",33143.40,"2 33,143.40",233143.40,18.0,False,94.12,***,,False,0.0,False,False,94.12
w2_2026_000092_scan_mild_01,w2,mild,federal_tax_withheld,"3,138.06",3138.06,"- 8. 3,138.06",-8.31,19.0,False,33.33,- - - - -,-----,False,0.0,False,False,33.33
w2_2026_000092_scan_mild_01,w2,mild,medicare_wages,"33,143.40",33143.40,"33,143.40",33143.40,64.0,True,100.0,"- 33,143.40",-33143.40,False,94.12,False,True,100.0
w2_2026_000092_scan_mild_01,w2,mild,state,VT,VT,I,I,0.0,False,0.0,=,,False,0.0,False,False,0.0
w2_2026_000092_scan_mild_01,w2,mild,employer_state_id,VT-2425342,VT2425342,CL,CL,8.0,False,0.0,[VT 2425342,VT2425342,True,100.0,True,True,100.0
w2_2026_000092_scan_mild_01,w2,mild,state_wages,"33,143.40",33143.40,"88,148.40)",88148.40,31.0,False,62.5,"33,143.40",33143.40,True,100.0,True,True,100.0
w2_2026_000092_scan_mild_01,w2,mild,state_income_tax,"1,142.83",1142.83,142.883),142.88,28.0,False,76.92,"1,142.83",1142.83,True,100.0,True,True,100.0
w2_2026_000077_scan_hard_02,w2,hard,employee_ssn,000-81-6992,000816992,,,0.0,False,0.0,000-51-6962 SUMM SUMMARY NUMBER,000516962558,False,66.67,True,False,66.67
w2_2026_000077_scan_hard_02,w2,hard,employer_ein,00-2515030,002515030,00-2818030,002818030,64.0,False,77.78,***,,False,0.0,False,False,77.78
w2_2026_000077_scan_hard_02,w2,hard,control_number,W2-2026-000077,W22026000077,W2-2026-0 TS S -,W220260TSS,10.25,False,63.64,WWW.K.K.K.K.K.K.K.K.K.K.K.K.K.K.K,WWWKKKKKKKKKKKKKKK,False,6.67,False,False,63.64
w2_2026_000077_scan_hard_02,w2,hard,employee_last_name,STEELE,STEELE,STEELE,STEELE,95.0,True,100.0,STELE,STELE,False,90.91,False,True,100.0
w2_2026_000077_scan_hard_02,w2,hard,wages,"84,826.98",84826.98,". 84,826.98",0.85,4.0,False,33.33,84826.98,84826.98,True,100.0,True,True,100.0
w2_2026_000077_scan_hard_02,w2,hard,federal_tax_withheld,"17,701.46",17701.46,17701 46,1770146.00,29.5,False,77.78,- 17.701.46,-17.70,False,57.14,False,False,77.78
w2_2026_000077_scan_hard_02,w2,hard,social_security_wages,"84,826.98",84826.98,"4,826.98",4826.98,38.0,False,93.33,-84.826.98,-84.83,False,57.14,False,False,93.33
w2_2026_000077_scan_hard_02,w2,hard,social_security_tax_withheld,"5,259.27",5259.27,"7, 27",727.00,0.0,False,30.77,- 5259.27,-5259.27,False,93.33,True,False,93.33
w2_2026_000077_scan_hard_02,w2,hard,medicare_wages,"84,826.98",84826.98,"84,826.98",84826.98,48.0,True,100.0,"84,826.98",84826.98,True,100.0,False,True,100.0
w2_2026_000077_scan_hard_02,w2,hard,medicare_tax_withheld,"1,229.99",1229.99,1229.99,1229.99,38.0,True,100.0,1229.99,1229.99,True,100.0,False,True,100.0
w2_2026_000077_scan_hard_02,w2,hard,state,AZ,AZ,ZI,ZI,0.0,False,50.0,:,,False,0.0,False,False,50.0
w2_2026_000077_scan_hard_02,w2,hard,employer_state_id,AZ-8630043,AZ8630043,AZ,AZ,0.0,False,36.36,[AZ-REG0043 .................................,AZREG0043,False,66.67,True,False,66.67
w2_2026_000077_scan_hard_02,w2,hard,state_wages,"84,826.98",84826.98,"84,828.98",84828.98,25.0,False,87.5,84.826.98,84.83,False,61.54,False,False,87.5
w2_2026_000077_scan_hard_02,w2,hard,state_income_tax,"2,582.26",2582.26,2882.26),2882.26,44.0,False,85.71,2.582.26,2.58,False,54.55,False,False,85.71
w2_2026_000095_scan_mild_01,w2,mild,employee_ssn,000-26-7229,000267229,00-26-722 2OVVSUUUITLY NUME,002672220511,0.0,False,66.67,000-26-7229 S SOCIA SECURITY NUMBER,0002672295501518,False,72.0,True,False,72.0
w2_2026_000095_scan_mild_01,w2,mild,employer_ein,00-9935249,009935249,60 IMVIIUMNVAUIVITHUINIUETCIN,6011111111,41.0,False,10.53,00-RECEIPT SUMMARY NUMBER (RM),00158,False,42.86,True,False,42.86
w2_2026_000095_scan_mild_01,w2,mild,control_number,W2-2026-000095,W22026000095,60,60,0.0,False,28.57,WWW.2.25,WWW225,False,44.44,True,False,44.44
w2_2026_000095_scan_mild_01,w2,mild,employee_last_name,FIELDS,FIELDS,FIELDS,FIELDS,96.0,True,100.0,FELDS,FELDS,False,90.91,False,True,100.0
w2_2026_000095_scan_mild_01,w2,mild,wages,"70,869.05",70869.05,"-,, 70,869.05",-70869.05,18.5,False,94.12,"RECEIPS, UPS, UNIER COMP 7O,869.05",1551070869.05,False,76.19,False,False,94.12
w2_2026_000095_scan_mild_01,w2,mild,social_security_tax_withheld,"4,393.88",4393.88,393.88,393.88,48.0,False,92.31,"AMOUNT SUMMARY TAX WITH 4,393.88",514393.88,False,87.5,False,False,92.31
w2_2026_000095_scan_mild_01,w2,mild,medicare_tax_withheld,"1,027.60",1027.60,1 027.60,1027.60,65.5,True,100.0,***,,False,0.0,False,True,100.0
w2_2026_000095_scan_mild_01,w2,mild,state,CT,CT,T,T,0.0,False,66.67,=,,False,0.0,False,False,66.67
w2_2026_000095_scan_mild_01,w2,mild,employer_state_id,CT-6941939,CT6941939,BPOC,BPOC,0.0,False,15.38,ICT-6941939,ICT6941939,False,94.74,True,False,94.74
w2_2026_000095_scan_mild_01,w2,mild,state_wages,"70,869.05",70869.05,"70,869.05",70869.05,25.0,True,100.0,"70,869.05",70869.05,True,100.0,False,True,100.0
w2_2026_000095_scan_mild_01,w2,mild,state_income_tax,552.71,552.71,5),5.00,0.0,False,40.0,55271,55271.00,False,71.43,True,False,71.43
w2_2026_000095_scan_hard_02,w2,hard,employee_ssn,000-26-7229,000267229,,,0.0,False,0.0,000-26-72/9 SUMM SECUNTY NUMBER,00026729558,False,80.0,True,False,80.0
w2_2026_000095_scan_hard_02,w2,hard,employer_ein,00-9935249,009935249,TT,,0.0,False,0.0,***,,False,0.0,False,False,0.0
w2_2026_000095_scan_hard_02,w2,hard,control_number,W2-2026-000095,W22026000095,A,A,53.0,False,0.0,***,,False,0.0,False,False,0.0
w2_2026_000095_scan_hard_02,w2,hard,employee_first_name,TONI F.,TONI F,ee,EE,31.0,False,0.0,TONE.,TONE,False,60.0,True,False,60.0
w2_2026_000095_scan_hard_02,w2,hard,employee_last_name,FIELDS,FIELDS,FIEl os ',FIEL OS,67.33,False,76.92,FELDS,FELDS,False,90.91,True,False,90.91
w2_2026_000095_scan_hard_02,w2,hard,wages,"70,869.05",70869.05,70000.06,70000.06,38.0,False,50.0,***,,False,0.0,False,False,50.0
w2_2026_000095_scan_hard_02,w2,hard,federal_tax_withheld,"8,951.58",8951.58,85158,85158.00,0.0,False,66.67,CASHIER COME TAX WINGS.58,510165.58,False,62.5,False,False,66.67
w2_2026_000095_scan_hard_02,w2,hard,social_security_wages,"70,869.05",70869.05,"70,869.05",70869.05,54.0,True,100.0,WWW.Y.Y.Y.Y. Y0.869.05,0.09,False,50.0,False,True,100.0
w2_2026_000095_scan_hard_02,w2,hard,social_security_tax_withheld,"4,393.88",4393.88,7 0.88,70.88,7.5,False,50.0,WW WWW.,.,False,25.0,False,False,50.0
w2_2026_000095_scan_hard_02,w2,hard,medicare_wages,"70,869.05",70869.05,"70,869.05",70869.05,30.0,True,100.0,- 70869.05,-70869.05,False,94.12,False,True,100.0
w2_2026_000095_scan_hard_02,w2,hard,medicare_tax_withheld,"1,027.60",1027.60,"38 1,027.60",381027.60,21.0,False,87.5,"- 1,027.60",-1027.60,False,93.33,True,False,93.33
w2_2026_000095_scan_hard_02,w2,hard,state,CT,CT,I,I,0.0,False,0.0,:,,False,0.0,False,False,0.0
w2_2026_000095_scan_hard_02,w2,hard,employer_state_id,CT-6941939,CT6941939,,,0.0,False,0.0,(CT-6941839,CT6941839,False,88.89,True,False,88.89
w2_2026_000095_scan_hard_02,w2,hard,state_wages,"70,869.05",70869.05,"70,860.05",70860.05,30.0,False,87.5,70.869.05,70.87,False,46.15,False,False,87.5
w2_2026_000095_scan_hard_02,w2,hard,state_income_tax,552.71,552.71,1),1.00,5.0,False,20.0,55271,55271.00,False,71.43,True,False,71.43
w2_2026_000092_scan_hard_02,w2,hard,employee_ssn,000-30-7062,000307062,ERIS,15,0.0,False,0.0,000-30-7062 : SOCLAY NUMBER,0003070625018,False,81.82,True,False,81.82
w2_2026_000092_scan_hard_02,w2,hard,employer_ein,00-6228407,006228407,OY SES,055,20.5,False,16.67,:,,False,0.0,False,False,16.67
w2_2026_000092_scan_hard_02,w2,hard,control_number,W2-2026-000092,W22026000092,I-,I,0.0,False,0.0,THANK,THANK,False,0.0,False,False,0.0
w2_2026_000092_scan_hard_02,w2,hard,employee_first_name,WAYNE M.,WAYNE M,WAYNE M. eee |,WAYNE M EEE,68.25,False,77.78,WAYM.,WAYM,False,72.73,False,False,77.78
w2_2026_000092_scan_hard_02,w2,hard,employee_last_name,NELSON,NELSON,"Pater SE ge ee Sa) ipeaty Soan ta ee sts 4 be FFT ae ee ee vont, aes Ie os : — | eS es ets ors = 4 € epee 3 Sree ie Np Sat oe re j AA ee 5 Hicver phat ave rat att beg Wom r3 que ES tee 2 ew A As geal : Panta t« Pe Merk a ; Seno tn “¢ ow ge ae, ~~ of oi: J abet S SS 72 Corts eee OF i -",PATER SE GE EE SA IPEATY SOAN TA EE STS 4 BE FFT AE EE EE VONT AES IE OS ES ES ETS ORS 4 EPEE 3 SREE IE NP SAT OE RE J AA EE 5 HICVER PHAT AVE RAT ATT BEG WOM R3 QUE ES TEE 2 EW A AS GEAL PANTA T PE MERK A SENO TN OW GE AE OF OI J ABET S SS 72 CORTS EEE OF I,25.68,False,4.55,NELSON,NELSON,True,100.0,True,True,100.0
w2_2026_000092_scan_hard_02,w2,hard,wages,"33,143.40",33143.40,.,.,31.0,False,22.22,***,,False,0.0,False,False,22.22
w2_2026_000092_scan_hard_02,w2,hard,federal_tax_withheld,"3,138.06",3138.06,2138.06,2138.06,54.0,False,85.71,COME MCOME TAX WHOP8.08,8.08,False,54.55,False,False,85.71
w2_2026_000092_scan_hard_02,w2,hard,social_security_tax_withheld,"2,054.89",2054.89,-,-,0.0,False,0.0,SHANK YOUKY EX WITHIN 2.054.89,50112.05,False,40.0,True,False,40.0
w2_2026_000092_scan_hard_02,w2,hard,medicare_wages,"33,143.40",33143.40,0,0.00,0.0,False,33.33,***,,False,0.0,False,False,33.33
w2_2026_000092_scan_hard_02,w2,hard,medicare_tax_withheld,480.58,480.58,-,-,0.0,False,0.0,***,,False,0.0,False,False,0.0
w2_2026_000092_scan_hard_02,w2,hard,state,VT,VT,KC,KC,0.0,False,0.0,ML,ML,False,0.0,False,False,0.0
w2_2026_000092_scan_hard_02,w2,hard,employer_state_id,VT-2425342,VT2425342,TT,TT,0.0,False,18.18,(YT-2425342,YT2425342,False,88.89,True,False,88.89
w2_2026_000092_scan_hard_02,w2,hard,state_wages,"33,143.40",33143.40,8,8.00,25.0,False,33.33,33.43.40,33.43,False,61.54,True,False,61.54
w2_2026_000092_scan_hard_02,w2,hard,state_income_tax,"1,142.83",1142.83,28,28.00,4.0,False,33.33,1.14283,1.14,False,54.55,True,False,54.55
w2_2026_000097_scan_mild_01,w2,mild,employee_ssn,000-41-8138,000418138,000-41 DOVUIAIOGVUIIYH,0004100110611,25.5,False,54.55,000 41-81366'S SOCIAT SECURNY NUMBER,0004181366550158,False,72.0,True,False,72.0
w2_2026_000097_scan_mild_01,w2,mild,employer_ein,00-7718433,007718433,R MEIN,1,0.0,False,20.0,GST REGISTR IDEMITIZATION NUMBER ENCLUDING ON BACK,6561510112108101608,False,28.57,True,False,28.57
w2_2026_000097_scan_mild_01,w2,mild,control_number,W2-2026-000097,W22026000097,W08-000007 2,W080000072,7.0,False,63.64,**,,False,0.0,False,False,63.64
w2_2026_000097_scan_mild_01,w2,mild,employee_last_name,LITTLE,LITTLE,LITTLE,LITTLE,95.0,True,100.0,LIME COME AGAIN,LIME COME AGAIN,False,28.57,False,True,100.0
w2_2026_000097_scan_mild_01,w2,mild,wages,"131,704.21",131704.21,"9,706.2",9706.20,28.0,False,50.0,"1 WAGES, UPS, COMER COM 131704.21",165500131704.21,False,75.0,True,False,75.0
w2_2026_000097_scan_mild_01,w2,mild,federal_tax_withheld,"20,231.81",20231.81,30.231,30.23,47.0,False,46.15,2 REGULAR INCOME TAX NO.231.81,261100.23,False,47.06,True,False,47.06
w2_2026_000097_scan_mild_01,w2,mild,social_security_tax_withheld,"8,165.66",8165.66,8165.66,8165.66,45.0,True,100.0,"4 SOCIAR SECURNY LAX WITH 8,165.66",45015118165.66,False,66.67,False,True,100.0
w2_2026_000097_scan_mild_01,w2,mild,medicare_tax_withheld,"1,909.71",1909.71,1 909.71,1909.71,50.5,True,100.0,"O MEDICATE TAX ******** 1,909.71",11909.71,False,93.33,False,True,100.0
w2_2026_000097_scan_mild_01,w2,mild,state,ND,ND,ND,ND,56.0,True,100.0,[NO 1,NO,False,50.0,False,True,100.0
w2_2026_000097_scan_mild_01,w2,mild,employer_state_id,ND-6696087,ND6696087,IN-7,IN7,0.0,False,33.33,IND-6596087 .................................,IND6596087,False,84.21,True,False,84.21
w2_2026_000097_scan_mild_01,w2,mild,state_wages,"131,704.21",131704.21,13170421,13170421.00,41.0,False,80.0,"131,704.21",131704.21,True,100.0,True,True,100.0
w2_2026_000097_scan_mild_01,w2,mild,state_income_tax,"5,903.60",5903.60,5.90860),5.91,46.0,False,36.36,"5,903.60",5903.60,True,100.0,True,True,100.0
w2_2026_000111_scan_mild_01,w2,mild,employee_ssn,000-29-9991,000299991,00-29-9991,00299991,0.0,False,94.12,000-29-9991 SUMMARY INVOICE,0002999915101,False,81.82,False,False,94.12
w2_2026_000111_scan_mild_01,w2,mild,employer_ein,00-9854536,009854536,00-9854506,009854506,0.0,False,88.89,00-REGAS TRANS PAYMENT NUMBER (RM) :,006558,False,53.33,False,False,88.89
w2_2026_000111_scan_mild_01,w2,mild,control_number,W2-2026-000111,W22026000111,W2-2026-000111,W22026000111,0.0,True,100.0,12:22:22:03:00 PM-12-12-12-12-12-12-12-12-12-12-12,1222220300PM1212121212121212121212,False,39.13,False,True,100.0
w2_2026_000111_scan_mild_01,w2,mild,employee_last_name,JONES,JONES,JONES,JONES,96.0,True,100.0,JONES (RM),JONES RM,False,76.92,False,True,100.0
w2_2026_000111_scan_mild_01,w2,mild,wages,"106,703.61",106703.61,"108,708.61",108708.61,50.0,False,77.78,*** ****** **** **** ****,,False,0.0,False,False,77.78
w2_2026_000111_scan_mild_01,w2,mild,federal_tax_withheld,"16,195.07",16195.07,"16,198.07",16198.07,63.0,False,87.5,"- 1,0001 REG #: 06,195.07",-10001606195.07,False,69.57,False,False,87.5
w2_2026_000111_scan_mild_01,w2,mild,social_security_tax_withheld,"6,615.62",6615.62,6.61 562,6.62,63.5,False,72.73,"AMOUNT SUMMARY *** 6,615.62",56615.62,False,93.33,True,False,93.33
w2_2026_000111_scan_mild_01,w2,mild,state,IL,IL,,,0.0,False,0.0,0,,False,0.0,False,False,0.0
w2_2026_000111_scan_mild_01,w2,mild,employer_state_id,IL-3044276,IL3044276,ESONABIG,ESONABIG,0.0,False,11.76,LL-3044276 .................................,LL3044276,False,88.89,True,False,88.89
w2_2026_000111_scan_mild_01,w2,mild,state_wages,"106,703.61",106703.61,"106,708.61",106708.61,53.0,False,88.89,........6.703.61,0.67,False,46.15,False,False,88.89
w2_2026_000111_scan_mild_01,w2,mild,state_income_tax,36.42,36.42,36.2,36.20,6.0,False,80.0,........6.42,0.64,False,44.44,False,False,80.0
w2_2026_000111_scan_hard_02,w2,hard,employee_ssn,000-29-9991,000299991,SSCUILYMUNTEZE,55112,0.0,False,14.29,000-29-9951 : SACAN SECANY PRICE,000299951551,False,76.19,True,False,76.19
w2_2026_000111_scan_hard_02,w2,hard,employer_ein,00-9854536,009854536,EEIN,1,0.0,False,0.0,*** **** **** *******,,False,0.0,False,False,0.0
w2_2026_000111_scan_hard_02,w2,hard,control_number,W2-2026-000111,W22026000111,SS,SS,35.0,False,0.0,***,,False,0.0,False,False,0.0
w2_2026_000111_scan_hard_02,w2,hard,employee_last_name,JONES,JONES,on ee,ON EE,31.5,False,60.0,JONES,JONES,True,100.0,True,True,100.0
w2_2026_000111_scan_hard_02,w2,hard,wages,"106,703.61",106703.61,1067088,1067088.00,5.0,False,63.16,1 WEGE. IPS.COME 106.703.61,16.15,False,57.14,False,False,63.16
w2_2026_000111_scan_hard_02,w2,hard,federal_tax_withheld,"16,195.07",16195.07,"1 716,195.07",1716195.07,0.0,False,88.89,"2 FORANGE 16,195.07",20616195.07,False,84.21,False,False,88.89
w2_2026_000111_scan_hard_02,w2,hard,social_security_tax_withheld,"6,615.62",6615.62,6615.62,6615.62,43.0,True,100.0,"4 SODA SECURRY 18"" 6,615.62",45005186615.62,False,66.67,False,True,100.0
w2_2026_000111_scan_hard_02,w2,hard,medicare_wages,"106,703.61",106703.61,10670061,10670061.00,23.0,False,70.0,6 REGIVE WAVES 106.703.61,6615106.70,False,52.63,False,False,70.0
w2_2026_000111_scan_hard_02,w2,hard,state,IL,IL,JI,JI,0.0,False,50.0,ED,ED,False,0.0,False,False,50.0
w2_2026_000111_scan_hard_02,w2,hard,employer_state_id,IL-3044276,IL3044276,J,J,0.0,False,0.0,11-304276,11304276,False,70.59,True,False,70.59
w2_2026_000111_scan_hard_02,w2,hard,state_wages,"106,703.61",106703.61,"106,708.61",106708.61,37.0,False,88.89,106.703.61,106.70,False,66.67,False,False,88.89
w2_2026_000111_scan_hard_02,w2,hard,state_income_tax,36.42,36.42,88,88.00,0.0,False,20.0,36.42,36.42,True,100.0,True,True,100.0
w2_2026_000115_scan_mild_01,w2,mild,employee_ssn,000-68-1605,000681605,5 3 BCS SSOCISECM,538555015,30.25,False,33.33,000-58-1665 S SOCAR SECURITY NUMBER,000581665550518,False,66.67,True,False,66.67
w2_2026_000115_scan_mild_01,w2,mild,employer_ein,00-5923149,005923149,00 59 33140 IUGTILTICAUOTTNUMDEPCIN,00593314016111001,47.25,False,53.85,"00-552379-1,KAWASAN TAMOR PANY (RM)",00552379150,False,60.0,True,False,60.0
w2_2026_000115_scan_mild_01,w2,mild,control_number,W2-2026-000115,W22026000115,W2-2026-000115,W22026000115,12.0,True,100.0,WWWW.W.W.W.K.K.KKKKKKKKKKKKKKKKKKKKKKKKKKKKKKKK,WWWWWWWKKKKKKKKKKKKKKKKKKKKKKKKKKKKKKKKKK,False,3.77,False,True,100.0
w2_2026_000115_scan_mild_01,w2,mild,employee_last_name,RODRIGUEZ,RODRIGUEZ,RODRIGUEZ,RODRIGUEZ,96.0,True,100.0,RODRIGUEZ,RODRIGUEZ,True,100.0,False,True,100.0
w2_2026_000115_scan_mild_01,w2,mild,wages,"142,870.67",142870.67,"),, 142,870.67",142870.67,17.5,True,100.0,***,,False,0.0,False,True,100.0
w2_2026_000115_scan_mild_01,w2,mild,federal_tax_withheld,"22,050.61",22050.61,"22,050.61",22050.61,39.0,True,100.0,"- 1,000- 12,050.61",-1000-12050.61,False,63.64,False,True,100.0
w2_2026_000115_scan_mild_01,w2,mild,social_security_tax_withheld,"8,857.98",8857.98,"8,857.98",8857.98,48.0,True,100.0,"- SUMMARY 18,857.98",-518857.98,False,82.35,False,True,100.0
w2_2026_000115_scan_mild_01,w2,mild,state,MS,MS,I,I,0.0,False,0.0,MS |,MS,True,100.0,True,True,100.0
w2_2026_000115_scan_mild_01,w2,mild,employer_state_id,MS-6294819,MS6294819,JM,JM,0.0,False,18.18,MS-6294819,MS6294819,True,100.0,True,True,100.0
w2_2026_000115_scan_mild_01,w2,mild,state_wages,"142,870.67",142870.67,4.87067,4.87,31.0,False,46.15,142.870.67,142.87,False,66.67,True,False,66.67
w2_2026_000115_scan_mild_01,w2,mild,state_income_tax,"6,457.80",6457.80,"8,487.80",8487.80,44.0,False,71.43,"6,457.80",6457.80,True,100.0,True,True,100.0
w2_2026_000097_scan_hard_02,w2,hard,employee_ssn,000-41-8138,000418138,5S0CE,550,0.0,False,16.67,000-41-8126 S SOCIAL SECURITY NUMBER,00041812655011518,False,61.54,True,False,61.54
w2_2026_000097_scan_hard_02,w2,hard,employer_ein,00-7718433,007718433,SS,55,27.0,False,0.0,: ********,,False,0.0,False,False,0.0
w2_2026_000097_scan_hard_02,w2,hard,control_number,W2-2026-000097,W22026000097,NM4 S S,NM4SS,0.0,False,0.0,***,,False,0.0,False,False,0.0
w2_2026_000097_scan_hard_02,w2,hard,employee_first_name,ANTHONY F.,ANTHONY F,ANTHONY F. oe |,ANTHONY F OE,61.0,False,85.71,ANTHOWE.,ANTHOWE,False,62.5,False,False,85.71
w2_2026_000097_scan_hard_02,w2,hard,employee_last_name,LITTLE,LITTLE,"yo, . - 0 ee Ye se .",YO 0 EE YE SE,22.25,False,10.53,LMTLE,LMTLE,False,72.73,True,False,72.73
w2_2026_000097_scan_hard_02,w2,hard,wages,"131,704.21",131704.21,70421,70421.00,0.0,False,58.82,"INVOICE: 015, CHER COM: 31,704:21",10101503170421.00,False,61.54,True,False,61.54
w2_2026_000097_scan_hard_02,w2,hard,social_security_tax_withheld,"8,165.66",8165.66,"165.66,",165.66,0.0,False,92.31,"AMOUNT SUMMARY TAX WITHIN 8,165.66",5118165.66,False,82.35,False,False,92.31
w2_2026_000097_scan_hard_02,w2,hard,medicare_wages,"131,704.21",131704.21,3170421 ),3170421.00,12.0,False,73.68,***,,False,0.0,False,False,73.68
w2_2026_000097_scan_hard_02,w2,hard,medicare_tax_withheld,"1,909.71",1909.71,-,-,0.0,False,0.0,"- 1,909.71",-1909.71,False,93.33,True,False,93.33
w2_2026_000097_scan_hard_02,w2,hard,state,ND,ND,I,I,20.0,False,0.0,NO 1,NO,False,50.0,True,False,50.0
w2_2026_000097_scan_hard_02,w2,hard,employer_state_id,ND-6696087,ND6696087,IN7,IN7,0.0,False,33.33,(NO-6596087,NO6596087,False,77.78,True,False,77.78
w2_2026_000097_scan_hard_02,w2,hard,state_wages,"131,704.21",131704.21,1702,1702.00,0.0,False,50.0,"131,704.21",131704.21,True,100.0,True,True,100.0
w2_2026_000097_scan_hard_02,w2,hard,state_income_tax,"5,903.60",5903.60,800.00,800.00,19.0,False,46.15,5.903.60,5.90,False,54.55,True,False,54.55
w2_2026_000115_scan_hard_02,w2,hard,employee_ssn,000-68-1605,000681605,A BO-,80,0.0,False,36.36,CASHIERIES : SAVINGS,51155165,False,35.29,False,False,36.36
w2_2026_000115_scan_hard_02,w2,hard,employer_ein,00-5923149,005923149,LRRAEEIEE SETES,1155,0.0,False,15.38,SR:,5,False,20.0,True,False,20.0
w2_2026_000115_scan_hard_02,w2,hard,control_number,W2-2026-000115,W22026000115,BSRNETSA,BSRNETSA,0.0,False,0.0,***,,False,0.0,False,False,0.0
w2_2026_000115_scan_hard_02,w2,hard,employee_first_name,LINDSEY Q.,LINDSEY Q,EEE EE OE NE,EEE EE OE NE,38.75,False,19.05,UNDEVO.,UNDEVO,False,40.0,True,False,40.0
w2_2026_000115_scan_hard_02,w2,hard,employee_last_name,RODRIGUEZ,RODRIGUEZ,ee Fee,EE FEE,35.5,False,13.33,RODHQUEZ,RODHQUEZ,False,70.59,True,False,70.59
w2_2026_000115_scan_hard_02,w2,hard,social_security_tax_withheld,"8,857.98",8857.98,4 98798,498798.00,48.0,False,50.0,"4 SOLD SECURITY TAX 8,857.98",45010518857.98,False,66.67,True,False,66.67
w2_2026_000115_scan_hard_02,w2,hard,medicare_tax_withheld,"2,071.62",2071.62,. 207162,0.21,0.0,False,54.55,6 MESCEIPT @ 2.071.62,6512.07,False,42.86,False,False,54.55
w2_2026_000115_scan_hard_02,w2,hard,state,MS,MS,J,J,0.0,False,0.0,MS,MS,True,100.0,True,True,100.0
w2_2026_000115_scan_hard_02,w2,hard,employer_state_id,MS-6294819,MS6294819,SERS Z,SERSZ,0.0,False,14.29,MASES GSTER:,MASESGSTER,False,21.05,True,False,21.05
w2_2026_000115_scan_hard_02,w2,hard,state_wages,"142,870.67",142870.67,. .,.,0.0,False,20.0,142.870.67,142.87,False,66.67,True,False,66.67
w2_2026_000115_scan_hard_02,w2,hard,state_income_tax,"6,457.80",6457.80,7),7.00,40.0,False,54.55,6.457.80,6.46,False,36.36,False,False,54.55
w2_2026_000124_scan_hard_02,w2,hard,employee_ssn,000-27-4878,000274878,274878 2RE,2748782,0.0,False,75.0,000-27-1576 SUMM SHOWNY,000271576550,False,57.14,False,False,75.0
w2_2026_000124_scan_hard_02,w2,hard,employer_ein,00-9288312,009288312,SSHG,556,0.0,False,0.0,SR:53/27/02/2018/2018 MONOR BANDEN,5532702201820180080,False,35.71,True,False,35.71
w2_2026_000124_scan_hard_02,w2,hard,control_number,W2-2026-000124,W22026000124,PNRECAESSESO,PNRECAESSESO,0.0,False,0.0,***,,False,0.0,False,False,0.0
w2_2026_000124_scan_hard_02,w2,hard,employee_last_name,HALL,HALL,HALL,HALL,95.0,True,100.0,MAL :,MAL,False,57.14,False,True,100.0
w2_2026_000124_scan_hard_02,w2,hard,wages,"145,477.29",145477.29,"1,, ,847720",1847720.00,0.0,False,52.63,"1 WEGES, IPS, COME 005,477.29",165150005477.29,False,66.67,True,False,66.67
w2_2026_000124_scan_hard_02,w2,hard,federal_tax_withheld,"26,481.52",26481.52,2 26,226.00,48.0,False,42.86,2 FEDERA INCOME TAX 28.481.52,201028.48,False,35.29,False,False,42.86
w2_2026_000124_scan_hard_02,w2,hard,social_security_wages,"145,477.29",145477.29,". 145,477.29",0.15,41.5,False,30.77,"3 5008 SECURNY WA98 145,477.29",35008598145477.29,False,69.23,True,False,69.23
w2_2026_000124_scan_hard_02,w2,hard,social_security_tax_withheld,"9,019.59",9019.59,". 9,019.59",0.90,48.0,False,54.55,"4 SOLD SECURNY TAX 9,019.50",4501059019.50,False,60.0,True,False,60.0
w2_2026_000124_scan_hard_02,w2,hard,state,GU,GU,JI,JI,0.0,False,0.0,PL,PL,False,0.0,False,False,0.0
w2_2026_000124_scan_hard_02,w2,hard,employer_state_id,GU-3177199,GU3177199,7,7,0.0,False,20.0,GU-317189,GU317189,False,82.35,True,False,82.35
w2_2026_000124_scan_hard_02,w2,hard,state_wages,"145,477.29",145477.29,"148,477.29",148477.29,59.0,False,88.89,"145,477.29",145477.29,True,100.0,True,True,100.0
w2_2026_000124_scan_hard_02,w2,hard,state_income_tax,"7,505.21",7505.21,"7,805.21)",7805.21,58.0,False,85.71,7.505.21,7.51,False,54.55,False,False,85.71
w2_2026_000124_scan_mild_01,w2,mild,employee_ssn,000-27-4878,000274878,27576 SSOCSECUM,275765505,0.0,False,33.33,000-27 4878 S SOCIAI SECURITY NUMBER,00027487855011518,False,69.23,True,False,69.23
w2_2026_000124_scan_mild_01,w2,mild,employer_ein,00-9288312,009288312,60 BD ENUNCAONNUMEEIN,608001,21.0,False,40.0,00-REGEIP2 TRANSACTION NUMBER FIND NO.COM.COM.COM.COM.COM.COM.,006125108100000000,False,37.04,False,False,40.0
w2_2026_000124_scan_mild_01,w2,mild,control_number,W2-2026-000124,W22026000124,W2-2026-000124,W22026000124,17.0,True,100.0,WW.W.K.K.X.X.X.X.X.X.X.X.X.X.X.X.,WWWKKXXXXXXXXXXXX,False,6.9,False,True,100.0
w2_2026_000124_scan_mild_01,w2,mild,employee_last_name,HALL,HALL,HALL,HALL,96.0,True,100.0,HALL (RM),HALL RM,False,72.73,False,True,100.0
w2_2026_000124_scan_mild_01,w2,mild,wages,"145,477.29",145477.29,". ,, 145,477.29",0.15,29.33,False,30.77,*** ********,,False,0.0,False,False,30.77
w2_2026_000124_scan_mild_01,w2,mild,federal_tax_withheld,"26,481.52",26481.52,26.481 60,26.48,48.0,False,61.54,PLEASE INCOME TAX #268481.52,1510268481.52,False,76.19,True,False,76.19
w2_2026_000124_scan_mild_01,w2,mild,social_security_wages,"145,477.29",145477.29,"- 45,477.29",-45477.29,46.5,False,88.89,"AMOUNT SUMMARY WEGES 145,477.29",565145477.29,False,85.71,False,False,88.89
w2_2026_000124_scan_mild_01,w2,mild,medicare_tax_withheld,"2,109.42",2109.42,2109.42,2109.42,38.0,True,100.0,*** ***********,,False,0.0,False,True,100.0
w2_2026_000124_scan_mild_01,w2,mild,state,GU,GU,I,I,0.0,False,0.0,|GU 1,GU,True,100.0,True,True,100.0
w2_2026_000124_scan_mild_01,w2,mild,employer_state_id,GU-3177199,GU3177199,JOUPNOTIOGOS,JOUPNOTIOGOS,0.0,False,9.52,LEU-3177199,LEU3177199,False,84.21,True,False,84.21
w2_2026_000124_scan_mild_01,w2,mild,state_wages,"145,477.29",145477.29,"148,477.29",148477.29,51.0,False,88.89,"145,477.29",145477.29,True,100.0,True,True,100.0
w2_2026_000124_scan_mild_01,w2,mild,state_income_tax,"7,505.21",7505.21,7505.21,7505.21,20.0,True,100.0,- 7.505.21,-7.51,False,50.0,False,True,100.0
w2_2026_000131_scan_mild_01,w2,mild,employee_ssn,000-41-3308,000413308,S506 SSCM,550655,0.0,False,13.33,000 41-3365 S SOCIAR SECURITY NUMBER,0004133655501518,False,72.0,True,False,72.0
w2_2026_000131_scan_mild_01,w2,mild,employer_ein,00-2624230,002624230,IMVINMINVAUUEHUITIUELCIN,1111111,0.0,False,0.0,00-250-200 PERIMOSTION NUMBER ENVES INCLUSIONS,002502001051085115105,False,33.33,True,False,33.33
w2_2026_000131_scan_mild_01,w2,mild,control_number,W2-2026-000131,W22026000131,CATENUNEA,CATENUNEA,0.0,False,0.0,WWW.,WWW,False,13.33,True,False,13.33
w2_2026_000131_scan_mild_01,w2,mild,employee_last_name,SPEARS,SPEARS,SPEARS,SPEARS,96.0,True,100.0,SPEARS SUMMARY,SPEARS SUMMARY,False,60.0,False,True,100.0
w2_2026_000131_scan_mild_01,w2,mild,wages,"114,399.32",114399.32,"8,, 14.300.92",814.30,0.0,False,53.33,""" REFES, UPS, COMER COME14,399.32",550014399.32,False,76.19,True,False,76.19
w2_2026_000131_scan_mild_01,w2,mild,federal_tax_withheld,"19,432.35",19432.35,"719,432.95",719432.95,35.0,False,82.35,"- FOURA INCOME TAX W1009,432.35",-101009432.35,False,76.19,False,False,82.35
w2_2026_000131_scan_mild_01,w2,mild,social_security_tax_withheld,"7,092.76",7092.76,"7,092.76",7092.76,40.0,True,100.0,AMOUNT SECURNY TAX WITHNE9276,519276.00,False,50.0,False,True,100.0
w2_2026_000131_scan_mild_01,w2,mild,medicare_tax_withheld,"1,658.79",1658.79,"1,658.79",1658.79,51.0,True,100.0,WWW.**,.,False,25.0,False,True,100.0
w2_2026_000131_scan_mild_01,w2,mild,state,TX,TX,I,I,20.0,False,0.0,=,,False,0.0,False,False,0.0
w2_2026_000131_scan_mild_01,w2,mild,employer_state_id,TX-5165284,TX5165284,P,P,0.0,False,0.0,[TX-5165284 .................................,TX5165284,True,100.0,True,True,100.0
w2_2026_000131_scan_mild_01,w2,mild,state_wages,"114,399.32",114399.32,4990.92,4990.92,38.0,False,62.5,"114,399.32",114399.32,True,100.0,True,True,100.0
w2_2026_000131_scan_mild_01,w2,mild,state_income_tax,"2,372.93",2372.93,2872.93,2872.93,3.0,False,85.71,"2,372.93",2372.93,True,100.0,True,True,100.0
w2_2026_000136_scan_mild_01,w2,mild,employee_ssn,000-50-3662,000503662,S SOCSECUFILNU,550511,0.0,False,26.67,000-50-3662'S SOCIAR SECURNY MONMARY,000503662550150,False,75.0,True,False,75.0
w2_2026_000136_scan_mild_01,w2,mild,employer_ein,00-7592683,007592683,EIN,1,0.0,False,0.0,SR: 5999-53-KEMITKATAN NUMBER (RM),559995318,False,33.33,True,False,33.33
w2_2026_000136_scan_mild_01,w2,mild,control_number,W2-2026-000136,W22026000136,W-000108 2,W0001082,35.0,False,50.0,**,,False,0.0,False,False,50.0
w2_2026_000136_scan_mild_01,w2,mild,employee_last_name,FISHER,FISHER,FISHER,FISHER,96.0,True,100.0,FISHER COME AGAIN,FISHER COME AGAIN,False,52.17,False,True,100.0
w2_2026_000136_scan_mild_01,w2,mild,wages,"115,129.57",115129.57,5129.87,5129.87,39.0,False,75.0,"1 WAGES, UPS, ONER COM 15,129.57",16550015129.57,False,78.26,True,False,78.26
w2_2026_000136_scan_mild_01,w2,mild,federal_tax_withheld,"17,628.43",17628.43,7628.43,7628.43,0.0,False,93.33,"2 FEDERAL INCOME TAX WILL 7,628.43",201101117628.43,False,69.57,False,False,93.33
w2_2026_000136_scan_mild_01,w2,mild,social_security_wages,"115,129.57",115129.57,"9 15,129.57",915129.57,46.0,False,88.89,"3 SOCIAL SECURNY WAGES 115,129.57",35011565115129.57,False,69.23,False,False,88.89
w2_2026_000136_scan_mild_01,w2,mild,social_security_tax_withheld,"7,138.03",7138.03,7138.03,7138.03,46.0,True,100.0,"4 SOCIAL SECURNY TAX WITH 7,138.03",45011517138.03,False,66.67,False,True,100.0
w2_2026_000136_scan_mild_01,w2,mild,medicare_wages,"115,129.57",115129.57,115.1 29.57,115.13,65.0,False,53.33,"6 MEDICARE WAGES AND 115,129.57",601650115129.57,False,75.0,True,False,75.0
w2_2026_000136_scan_mild_01,w2,mild,state,OH,OH,OH,OH,35.0,True,100.0,=,,False,0.0,False,True,100.0
w2_2026_000136_scan_mild_01,w2,mild,employer_state_id,OH-6643410,OH6643410,,,0.0,False,0.0,LOH-6643410 .................................,LOH6643410,False,94.74,True,False,94.74
w2_2026_000136_scan_mild_01,w2,mild,state_wages,"115,129.57",115129.57,"115,129.57",115129.57,50.0,True,100.0,"115,129.57",115129.57,True,100.0,False,True,100.0
w2_2026_000136_scan_mild_01,w2,mild,state_income_tax,"4,536.90",4536.90,4168690),4168690.00,49.0,False,47.06,"4,536.90",4536.90,True,100.0,True,True,100.0
w2_2026_000140_scan_mild_01,w2,mild,employee_ssn,000-36-6325,000366325,0-6-5 9VIAOUVUIILYMUINWCI,06591011111,0.0,False,30.0,000-36-6325 S SOCIAL SECURITY NUMBER,00036632555011518,False,69.23,True,False,69.23
w2_2026_000140_scan_mild_01,w2,mild,employer_ein,00-9025733,009025733,60 50 NUAONNMEIN,605001,33.0,False,40.0,00-82573 PERMASACTION NUMBER (RM),00825735108,False,60.0,True,False,60.0
w2_2026_000140_scan_mild_01,w2,mild,control_number,W2-2026-000140,W22026000140,W2-2026-000140,W22026000140,0.0,True,100.0,W2.225-0049,W22250049,False,66.67,False,True,100.0
w2_2026_000140_scan_mild_01,w2,mild,employee_last_name,TERRY,TERRY,TERRY,TERRY,96.0,True,100.0,TERRY,TERRY,True,100.0,False,True,100.0
w2_2026_000140_scan_mild_01,w2,mild,wages,"107,122.26",107122.26,",, 107,122.26",107122.26,0.0,True,100.0,"* **6%, UPS, UNER 007107,122.26",65007107122.26,False,78.26,False,True,100.0
w2_2026_000140_scan_mild_01,w2,mild,federal_tax_withheld,"23,529.49",23529.49,"- 23,529.49",-23529.49,14.5,False,94.12,"PLEASE INCOME TAX: 23,529.49",151023529.49,False,80.0,False,False,94.12
w2_2026_000140_scan_mild_01,w2,mild,medicare_wages,"107,122.26",107122.26,107.1,107.10,68.0,False,53.33,"RECEIPT NO: 107,122.26",10107122.26,False,90.0,True,False,90.0
w2_2026_000140_scan_mild_01,w2,mild,state,ME,ME,ME,ME,34.0,True,100.0,ME 1,ME,True,100.0,False,True,100.0
w2_2026_000140_scan_mild_01,w2,mild,employer_state_id,ME-9944387,ME9944387,PESOS,PESOS,0.0,False,14.29,TIME-8944387,TIME8944387,False,80.0,True,False,80.0
w2_2026_000140_scan_mild_01,w2,mild,state_wages,"107,122.26",107122.26,"107,122.26",107122.26,47.0,True,100.0,"107,122.26",107122.26,True,100.0,False,True,100.0
w2_2026_000140_scan_mild_01,w2,mild,state_income_tax,"5,123.60",5123.60,5128.60),5128.60,13.0,False,85.71,"5,123.60",5123.60,True,100.0,True,True,100.0
w2_2026_000131_scan_hard_02,w2,hard,employee_ssn,000-41-3308,000413308,00-413008,00413008,0.0,False,82.35,000 41.3998 SUMM SECANY NUMBER,000413998558,False,66.67,False,False,82.35
w2_2026_000131_scan_hard_02,w2,hard,employer_ein,00-2624230,002624230,,,0.0,False,0.0,***,,False,0.0,False,False,0.0
w2_2026_000131_scan_hard_02,w2,hard,control_number,W2-2026-000131,W22026000131,,,0.0,False,0.0,AMOUNTMENT:,AMOUNTMENT,False,0.0,False,False,0.0
w2_2026_000131_scan_hard_02,w2,hard,employee_first_name,SYLVIA O.,SYLVIA O,bn pte Dan SYLVIA O.,BN PTE DAN SYLVIA O,46.2,False,59.26,SYLVIAO.,SYLVIAO,False,93.33,True,False,93.33
w2_2026_000131_scan_hard_02,w2,hard,employee_last_name,SPEARS,SPEARS,SPEARS,SPEARS,96.0,True,100.0,SPEARS,SPEARS,True,100.0,False,True,100.0
w2_2026_000131_scan_hard_02,w2,hard,federal_tax_withheld,"19,432.35",19432.35,2( 19.432 5,219.43,5.0,False,57.14,"2 FEDERAL INCOME TAX 19,432.35",2011019432.35,False,76.19,True,False,76.19
w2_2026_000131_scan_hard_02,w2,hard,social_security_wages,"114,399.32",114399.32,4900.32,4900.32,0.0,False,62.5,"3 SOCULAR SECURITY WITH 14,399.32",350151114399.32,False,75.0,True,False,75.0
w2_2026_000131_scan_hard_02,w2,hard,social_security_tax_withheld,"7,092.76",7092.76,198878),198878.00,0.0,False,25.0,"4 SOCIAL SECURRY TAX WITH 7,092.76",45011517092.76,False,66.67,True,False,66.67
w2_2026_000131_scan_hard_02,w2,hard,medicare_wages,"114,399.32",114399.32,1498092,1498092.00,17.0,False,52.63,"5 MEDICATE WEGES - 114,399.32",50165-114399.32,False,75.0,True,False,75.0
w2_2026_000131_scan_hard_02,w2,hard,medicare_tax_withheld,"1,658.79",1658.79,168070),168070.00,31.0,False,50.0,"6 MEDICATE TAX WITHIN 1,658.79",601111658.79,False,73.68,True,False,73.68
w2_2026_000131_scan_hard_02,w2,hard,state,TX,TX,II,II,0.0,False,0.0,:,,False,0.0,False,False,0.0
w2_2026_000131_scan_hard_02,w2,hard,employer_state_id,TX-5165284,TX5165284,24,24,0.0,False,36.36,(TX-515284,TX515284,False,94.12,True,False,94.12
w2_2026_000131_scan_hard_02,w2,hard,state_wages,"114,399.32",114399.32,"114,899.82",114899.82,50.0,False,77.78,"114,399.32",114399.32,True,100.0,True,True,100.0
w2_2026_000131_scan_hard_02,w2,hard,state_income_tax,"2,372.93",2372.93,287293),287293.00,50.0,False,62.5,"2,372.93",2372.93,True,100.0,True,True,100.0
w2_2026_000136_scan_hard_02,w2,hard,employee_ssn,000-50-3662,000503662,F SCGWY,56,0.0,False,36.36,000.50 SECIPE'S SECRET SUMMARY NUMBER,00050515558,False,50.0,True,False,50.0
w2_2026_000136_scan_hard_02,w2,hard,employer_ein,00-7592683,007592683,SS,55,3.0,False,18.18,SR:***********,5,False,20.0,True,False,20.0
w2_2026_000136_scan_hard_02,w2,hard,control_number,W2-2026-000136,W22026000136,NS,NS,0.0,False,0.0,***,,False,0.0,False,False,0.0
w2_2026_000136_scan_hard_02,w2,hard,employee_first_name,DANIELLE K.,DANIELLE K,wee,WEE,44.0,False,30.77,DANIELLEK.,DANIELLEK,False,94.74,True,False,94.74
w2_2026_000136_scan_hard_02,w2,hard,employee_last_name,FISHER,FISHER,we a,WE A,32.5,False,20.0,MAKEA,MAKEA,False,18.18,False,False,20.0
w2_2026_000136_scan_hard_02,w2,hard,wages,"115,129.57",115129.57,"115,129.57,",115129.57,68.0,True,100.0,"1 WEGET, IPL.COM.15.129.57",1611.02,False,50.0,False,True,100.0
w2_2026_000136_scan_hard_02,w2,hard,federal_tax_withheld,"17,628.43",17628.43,17628.,17628.00,18.0,False,75.0,2 FEDERAL INCOME TAX 17.628.49,2011017.63,False,44.44,False,False,75.0
w2_2026_000136_scan_hard_02,w2,hard,social_security_wages,"115,129.57",115129.57,"3 118,120.87",3118120.87,66.0,False,63.16,"3 SOLD SCURTY *** 115,129.57",350105115129.57,False,75.0,True,False,75.0
w2_2026_000136_scan_hard_02,w2,hard,social_security_tax_withheld,"7,138.03",7138.03,4,4.00,67.0,False,36.36,4 SOCAL SECURITY TAX WITH 7.138.03,45015117.14,False,22.22,False,False,36.36
w2_2026_000136_scan_hard_02,w2,hard,medicare_wages,"115,129.57",115129.57,. 498.129.87,0.50,12.5,False,30.77,5 MEDICATE WEGS 25129.57,5016525129.57,False,72.73,True,False,72.73
w2_2026_000136_scan_hard_02,w2,hard,state,OH,OH,JI,JI,0.0,False,0.0,1,,False,0.0,False,False,0.0
w2_2026_000136_scan_hard_02,w2,hard,employer_state_id,OH-6643410,OH6643410,C,C,0.0,False,0.0,CH-66410,CH66410,False,75.0,True,False,75.0
w2_2026_000136_scan_hard_02,w2,hard,state_wages,"115,129.57",115129.57,812087,812087.00,34.0,False,33.33,"115,129.57",115129.57,True,100.0,True,True,100.0
w2_2026_000142_scan_mild_01,w2,mild,employee_ssn,000-45-5715,000455715,SOCISECU,5015,0.0,False,46.15,000-45-5075'S SOCIA' SECURNA MORNARY,000455075550150,False,75.0,True,False,75.0
w2_2026_000142_scan_mild_01,w2,mild,employer_ein,00-3044708,003044708,MS,5,17.0,False,0.0,NO EXCEIPTARYS FORMIFICATION NUMBER (RM),015011108,False,44.44,True,False,44.44
w2_2026_000142_scan_mild_01,w2,mild,control_number,W2-2026-000142,W22026000142,W2-2026-000142 S,W22026000142S,0.0,False,96.0,RECEIPT NOTEBOOK,RECEIPTNOTEBOOK,False,0.0,False,False,96.0
w2_2026_000142_scan_mild_01,w2,mild,employee_last_name,HERRERA,HERRERA,HERRERA,HERRERA,96.0,True,100.0,HERRERA,HERRERA,True,100.0,False,True,100.0
w2_2026_000142_scan_mild_01,w2,mild,wages,"146,262.75",146262.75,626275,626275.00,34.0,False,66.67,"1 WAGES, UPS, ONER COM 16,262.75",16550016262.75,False,69.57,True,False,69.57
w2_2026_000142_scan_mild_01,w2,mild,federal_tax_withheld,"16,551.74",16551.74,2 16551 74,21655174.00,43.33,False,73.68,"2 FEDERAL INCOME TAX WILL 6,551.74",201101116551.74,False,69.57,False,False,73.68
w2_2026_000142_scan_mild_01,w2,mild,social_security_wages,"146,262.75",146262.75,"8 46,262.75",846262.75,47.0,False,88.89,"3 SOCIAL SECURNY WAGES 146,262.75",35011565146262.75,False,69.23,False,False,88.89
w2_2026_000142_scan_mild_01,w2,mild,social_security_tax_withheld,"9,068.29",9068.29,88 9068.29,889068.29,34.5,False,87.5,"4 SOCIAL SECURNY TAX WITH 9,068.29",45011519068.29,False,66.67,False,False,87.5
w2_2026_000142_scan_mild_01,w2,mild,medicare_wages,"146,262.75",146262.75,14626275,14626275.00,45.0,False,80.0,"5 MEDICATE WAGES AND 146,262.75",501650146262.75,False,75.0,False,False,80.0
w2_2026_000142_scan_mild_01,w2,mild,state,NV,NV,I,I,51.0,False,0.0,[M],M,False,0.0,False,False,0.0
w2_2026_000142_scan_mild_01,w2,mild,employer_state_id,NV-7619156,NV7619156,J7666,J7666,0.0,False,42.86,INV-7619156,INV7619156,False,94.74,True,False,94.74
w2_2026_000142_scan_mild_01,w2,mild,state_wages,"146,262.75",146262.75,"146,262.75",146262.75,55.0,True,100.0,"146,262.75",146262.75,True,100.0,False,True,100.0
w2_2026_000142_scan_mild_01,w2,mild,state_income_tax,"6,702.38",6702.38,610238),610238.00,45.0,False,62.5,"6,702.38",6702.38,True,100.0,True,True,100.0
w2_2026_000142_scan_hard_02,w2,hard,employee_ssn,000-45-5715,000455715,55715 SOCIAISWGUIN-,557155011561,0.0,False,47.62,000-45-5705'S SOCIA' SECURNY NUMBER,000455705550158,False,75.0,True,False,75.0
w2_2026_000142_scan_hard_02,w2,hard,employer_ein,00-3044708,003044708,LL,11,0.0,False,0.0,CASHIER MARKETER WITH PAY ON BACK,51108,False,28.57,True,False,28.57
w2_2026_000142_scan_hard_02,w2,hard,control_number,W2-2026-000142,W22026000142,ST,ST,22.0,False,0.0,***,,False,0.0,False,False,0.0
w2_2026_000142_scan_hard_02,w2,hard,employee_first_name,DEANNA W.,DEANNA W,w tery ww we ee —- --—- __ = DEANNA W.,W TERY WW WE EE DEANNA W,48.27,False,50.0,DEANNAW.,DEANNAW,False,93.33,True,False,93.33
w2_2026_000142_scan_hard_02,w2,hard,employee_last_name,HERRERA,HERRERA,HERRERA,HERRERA,96.0,True,100.0,HERRERA,HERRERA,True,100.0,False,True,100.0
w2_2026_000142_scan_hard_02,w2,hard,wages,"146,262.75",146262.75,1 ),1.00,48.0,False,30.77,"1 WEGES, IPS, COME 006,262.75",165150006262.75,False,66.67,True,False,66.67
w2_2026_000142_scan_hard_02,w2,hard,social_security_tax_withheld,"9,068.29",9068.29,4 300828,4300828.00,48.0,False,35.29,"4 SOCIAL SECURITY TAX WITH 9,068.29",450115119068.29,False,63.64,True,False,63.64
w2_2026_000142_scan_hard_02,w2,hard,medicare_tax_withheld,"2,120.81",2120.81,,,0.0,False,0.0,6 MEDICATE TAX WITHIN 2.120.81,601112.12,False,50.0,True,False,50.0
w2_2026_000142_scan_hard_02,w2,hard,state,NV,NV,II,II,11.0,False,0.0,ML,ML,False,0.0,False,False,0.0
w2_2026_000142_scan_hard_02,w2,hard,employer_state_id,NV-7619156,NV7619156,P88,P88,36.0,False,0.0,INV-7619156,INV7619156,False,94.74,True,False,94.74
w2_2026_000142_scan_hard_02,w2,hard,state_wages,"146,262.75",146262.75,"146,262.78",146262.78,42.0,False,88.89,"146,262.75",146262.75,True,100.0,True,True,100.0
w2_2026_000142_scan_hard_02,w2,hard,state_income_tax,"6,702.38",6702.38,87038),87038.00,43.0,False,53.33,6.702.38,6.70,False,54.55,True,False,54.55
w2_2026_000143_scan_mild_01,w2,mild,employee_ssn,000-66-5201,000665201,-S20 SSOCISCHU,52055015,0.0,False,47.06,000-56-52YPE'S SOCIAR SECURITY NUMBER,00056525501518,False,69.57,True,False,69.57
w2_2026_000143_scan_mild_01,w2,mild,employer_ein,00-9037616,009037616,ICONNUMEEIIN,1011,0.0,False,30.77,00-RECEIPTAGE IDEMPTICATION NUMBER (EN) ************,0016101108,False,42.11,True,False,42.11
w2_2026_000143_scan_mild_01,w2,mild,control_number,W2-2026-000143,W22026000143,W2-2026-000143 7,W220260001437,13.5,False,96.0,**,,False,0.0,False,False,96.0
w2_2026_000143_scan_mild_01,w2,mild,employee_last_name,RICHARDSON,RICHARDSON,RICHARDSON,RICHARDSON,95.0,True,100.0,RICHARDSON,RICHARDSON,True,100.0,False,True,100.0
w2_2026_000143_scan_mild_01,w2,mild,wages,"52,574.61",52574.61,"1 ,, 50574.61",150574.61,12.0,False,82.35,"1 WAGES, UPS, COMER 00TH 52,574.61",165500052574.61,False,69.57,False,False,82.35
w2_2026_000143_scan_mild_01,w2,mild,federal_tax_withheld,"6,649.24",6649.24,"6,649.24",6649.24,69.0,True,100.0,"2 REGULAR INCLUSIVE TAX *** 6,649.24",26111516649.24,False,66.67,False,True,100.0
w2_2026_000143_scan_mild_01,w2,mild,social_security_wages,"52,574.61",52574.61,52.574.61,52.57,39.0,False,61.54,"3 SOCIAL SECURNY WAYES 52,574.61",350115552574.61,False,69.57,True,False,69.57
w2_2026_000143_scan_mild_01,w2,mild,social_security_tax_withheld,"3,259.63",3259.63,8289.68,8289.68,59.0,False,57.14,"* SOCIAL SECURNY TAX WITH 3,259.63",5011513259.63,False,70.0,True,False,70.0
w2_2026_000143_scan_mild_01,w2,mild,medicare_wages,"52,574.61",52574.61,"52,574.61",52574.61,50.0,True,100.0,O NEULATE WAYES AND 52574.61,15052574.61,False,84.21,False,True,100.0
w2_2026_000143_scan_mild_01,w2,mild,state,HI,HI,IH,IH,20.0,False,50.0,=,,False,0.0,False,False,50.0
w2_2026_000143_scan_mild_01,w2,mild,employer_state_id,HI-5557052,HI5557052,0,0,0.0,False,20.0,[HM-5557052 .................................,HM5557052,False,88.89,True,False,88.89
w2_2026_000143_scan_mild_01,w2,mild,state_wages,"52,574.61",52574.61,5287461,5287461.00,8.0,False,66.67,"52,574.61",52574.61,True,100.0,True,True,100.0
w2_2026_000143_scan_mild_01,w2,mild,state_income_tax,982.93,982.93,982.93),982.93,41.0,True,100.0,98293,98293.00,False,71.43,False,True,100.0
w2_2026_000140_scan_hard_02,w2,hard,employee_ssn,000-36-6325,000366325,-,,0.0,False,0.0,GOOD # 626 - - - - - -,6000626,False,62.5,True,False,62.5
w2_2026_000140_scan_hard_02,w2,hard,employer_ein,00-9025733,009025733,MS,5,24.0,False,20.0,***,,False,0.0,False,False,20.0
w2_2026_000140_scan_hard_02,w2,hard,control_number,W2-2026-000140,W22026000140,MS,MS,47.0,False,0.0,***,,False,0.0,False,False,0.0
w2_2026_000140_scan_hard_02,w2,hard,employee_first_name,WHITNEY O.,WHITNEY O,lara ase) ey,LARA ASE EY,15.0,False,20.0,WHINEYO.,WHINEYO,False,87.5,True,False,87.5
w2_2026_000140_scan_hard_02,w2,hard,employee_last_name,TERRY,TERRY,Se,SE,38.0,False,28.57,TERRY,TERRY,True,100.0,True,True,100.0
w2_2026_000140_scan_hard_02,w2,hard,wages,"107,122.26",107122.26,,,0.0,False,0.0,107.22:26,107.22,False,66.67,True,False,66.67
w2_2026_000140_scan_hard_02,w2,hard,federal_tax_withheld,"23,529.49",23529.49,,,0.0,False,0.0,23259.49,23259.49,False,87.5,True,False,87.5
w2_2026_000140_scan_hard_02,w2,hard,social_security_wages,"107,122.26",107122.26,,,0.0,False,0.0,107.22:26,107.22,False,66.67,True,False,66.67
w2_2026_000140_scan_hard_02,w2,hard,social_security_tax_withheld,"6,641.58",6641.58,7,7.00,0.0,False,18.18,6.641.58,6.64,False,54.55,True,False,54.55
w2_2026_000140_scan_hard_02,w2,hard,medicare_wages,"107,122.26",107122.26,,,0.0,False,0.0,107.22:26,107.22,False,66.67,True,False,66.67
w2_2026_000140_scan_hard_02,w2,hard,medicare_tax_withheld,"1,553.27",1553.27,7,7.00,32.0,False,18.18,"- 1,553.27",-1553.27,False,93.33,True,False,93.33
w2_2026_000140_scan_hard_02,w2,hard,state,ME,ME,J,J,0.0,False,0.0,ML,ML,False,50.0,True,False,50.0
w2_2026_000140_scan_hard_02,w2,hard,employer_state_id,ME-9944387,ME9944387,PP,PP,0.0,False,0.0,THE SAVED? ....................,THESAVED,False,11.76,True,False,11.76
w2_2026_000140_scan_hard_02,w2,hard,state_wages,"107,122.26",107122.26,107122.26,107122.26,0.0,True,100.0,107.122.26,107.12,False,66.67,False,True,100.0
w2_2026_000140_scan_hard_02,w2,hard,state_income_tax,"5,123.60",5123.60,812860,812860.00,0.0,False,50.0,5.123.60,5.12,False,54.55,True,False,54.55
w2_2026_000152_scan_mild_01,w2,mild,employee_ssn,000-67-9653,000679653,000-679653- VVA U,000679653,0.0,True,100.0,000-57-9653 S SOCIAL SECURITY NUMBER,00057965355011518,False,61.54,False,True,100.0
w2_2026_000152_scan_mild_01,w2,mild,employer_ein,00-7069742,007069742,00 0 BOD IUEHUNCAUOTENUMDEFCIIN,00080010011,23.75,False,30.0,00-REGIP2 TRANSACTION NUMBER (RM) ************,006125108,False,44.44,True,False,44.44
w2_2026_000152_scan_mild_01,w2,mild,control_number,W2-2026-000152,W22026000152,W2-2026-000152,W22026000152,12.0,True,100.0,"WE ARE-00-32""",WEARE0032,False,38.1,False,True,100.0
w2_2026_000152_scan_mild_01,w2,mild,employee_last_name,SALAZAR,SALAZAR,SALAZAR,SALAZAR,96.0,True,100.0,SALAZAR,SALAZAR,True,100.0,False,True,100.0
w2_2026_000152_scan_mild_01,w2,mild,wages,"139,416.55",139416.55,". ) , 139,416.55",0.14,15.5,False,30.77,*** *******,,False,0.0,False,False,30.77
w2_2026_000152_scan_mild_01,w2,mild,federal_tax_withheld,"29,569.77",29569.77,"- 29,569.77",-29569.77,0.0,False,94.12,"PLEASE INCOME TAX #29,569.77",151029569.77,False,80.0,False,False,94.12
w2_2026_000152_scan_mild_01,w2,mild,social_security_tax_withheld,"8,643.83",8643.83,8643.83,8643.83,43.0,True,100.0,"AMOUNT SECURNY TAX WITH 8,643.83",518643.83,False,87.5,False,True,100.0
w2_2026_000152_scan_mild_01,w2,mild,state,MT,MT,MT,MT,15.0,True,100.0,=,,False,0.0,False,True,100.0
w2_2026_000152_scan_mild_01,w2,mild,employer_state_id,MT-9480665,MT9480665,MT9480005,MT9480005,0.0,False,77.78,LMT-9480665 !!!,LMT9480665,False,94.74,True,False,94.74
w2_2026_000152_scan_mild_01,w2,mild,state_wages,"139,416.55",139416.55,"199,416.55",199416.55,22.0,False,88.89,"139,416.55",139416.55,True,100.0,True,True,100.0
w2_2026_000152_scan_mild_01,w2,mild,state_income_tax,"6,904.03",6904.03,"8,904.03",8904.03,16.0,False,85.71,......... 6.904.03,0.69,False,36.36,False,False,85.71
w2_2026_000143_scan_hard_02,w2,hard,employee_ssn,000-66-5201,000665201,PT,,13.0,False,0.0,000 66-5261 - EXCH SUMMARY NUMBER,00066526158,False,80.0,True,False,80.0
w2_2026_000143_scan_hard_02,w2,hard,employer_ein,00-9037616,009037616,OSRAESOSCOU,055050,0.0,False,40.0,***,,False,0.0,False,False,40.0
w2_2026_000143_scan_hard_02,w2,hard,control_number,W2-2026-000143,W22026000143,- NS,NS,16.5,False,0.0,***,,False,0.0,False,False,0.0
w2_2026_000143_scan_hard_02,w2,hard,employee_first_name,LORI R.,LORI R,ee ee,EE EE,33.0,False,18.18,LORR.,LORR,False,80.0,True,False,80.0
w2_2026_000143_scan_hard_02,w2,hard,employee_last_name,RICHARDSON,RICHARDSON,,,0.0,False,0.0,RICHARDSON,RICHARDSON,True,100.0,True,True,100.0
w2_2026_000143_scan_hard_02,w2,hard,federal_tax_withheld,"6,649.24",6649.24,"3 6,649.24",36649.24,68.5,False,93.33,6649.24,6649.24,True,100.0,True,True,100.0
w2_2026_000143_scan_hard_02,w2,hard,social_security_wages,"52,574.61",52574.61,- $2574.61,-2574.61,13.5,False,87.5,52.57461,52.57,False,61.54,False,False,87.5
w2_2026_000143_scan_hard_02,w2,hard,social_security_tax_withheld,"3,259.63",3259.63,",)0 63",63.00,0.0,False,33.33,"3,259.63",3259.63,True,100.0,True,True,100.0
w2_2026_000143_scan_hard_02,w2,hard,medicare_wages,"52,574.61",52574.61,5257461,5257461.00,47.0,False,77.78,$2574.61,2574.61,False,93.33,True,False,93.33
w2_2026_000143_scan_hard_02,w2,hard,medicare_tax_withheld,762.33,762.33,76233,76233.00,0.0,False,71.43,76233,76233.00,False,71.43,False,False,71.43
w2_2026_000143_scan_hard_02,w2,hard,state,HI,HI,,,0.0,False,0.0,=,,False,0.0,False,False,0.0
w2_2026_000143_scan_hard_02,w2,hard,employer_state_id,HI-5557052,HI5557052,2,2,0.0,False,20.0,[M-557052,M557052,False,75.0,True,False,75.0
w2_2026_000143_scan_hard_02,w2,hard,state_wages,"52,574.61",52574.61,52574,52574.00,10.0,False,75.0,5257461,5257461.00,False,77.78,True,False,77.78
w2_2026_000143_scan_hard_02,w2,hard,state_income_tax,982.93,982.93,98288,98288.00,39.0,False,57.14,982.93,982.93,True,100.0,True,True,100.0
w2_2026_000155_scan_mild_01,w2,mild,employee_ssn,000-46-7698,000467698,-6-7686 SSOCIISC,67686550115,0.0,False,40.0,000-46-7698 S SOCIA SECURNA NUMBER,000467698550158,False,75.0,True,False,75.0
w2_2026_000155_scan_mild_01,w2,mild,employer_ein,00-4019585,004019585,ADIE ENUTICAONNMCN,0110,0.0,False,30.77,06-4733/SR TERNITION NUMBER (EN) ************,06473351108,False,40.0,True,False,40.0
w2_2026_000155_scan_mild_01,w2,mild,control_number,W2-2026-000155,W22026000155,W2-2028-000155,W22028000155,17.0,False,91.67,WE GARDEN'S AND ONCLUSIVE OF RECEIPT,WEGARDENSANDONCLUSIVEOFRECEIPT,False,4.76,False,False,91.67
w2_2026_000155_scan_mild_01,w2,mild,employee_last_name,MURRAY,MURRAY,MURRAY,MURRAY,96.0,True,100.0,MURRAY,MURRAY,True,100.0,False,True,100.0
w2_2026_000155_scan_mild_01,w2,mild,wages,"118,792.16",118792.16,", , 118,792.1 6",118792.16,38.0,True,100.0,"1 WAGES, UPS. COMEI 008/118,792.16",1655.01,False,37.5,False,True,100.0
w2_2026_000155_scan_mild_01,w2,mild,federal_tax_withheld,"28,398.43",28398.43,"1 08,398.43.",108398.43,11.0,False,82.35,"2 REGULAR INCLUSIVE 18/28,398.43",26111511828398.43,False,64.0,False,False,82.35
w2_2026_000155_scan_mild_01,w2,mild,social_security_tax_withheld,"7,365.11",7365.11,7365.1,7365.10,65.0,False,85.71,"* SODAR SECURNY TAX WITH 7,365.11",500517365.11,False,73.68,False,False,85.71
w2_2026_000155_scan_mild_01,w2,mild,medicare_tax_withheld,"1,722.49",1722.49,"1,722.49",1722.49,62.0,True,100.0,"PLEULAR: ******** 1,722.49",111722.49,False,87.5,False,True,100.0
w2_2026_000155_scan_mild_01,w2,mild,state,CO,CO,CO,CO,0.0,True,100.0,:,,False,0.0,False,True,100.0
w2_2026_000155_scan_mild_01,w2,mild,employer_state_id,CO-8052503,CO8052503,,,0.0,False,0.0,[CO-8052503 .................................,CO8052503,True,100.0,True,True,100.0
w2_2026_000155_scan_mild_01,w2,mild,state_wages,"118,792.16",118792.16,"118,792.16",118792.16,41.0,True,100.0,"118,792.16",118792.16,True,100.0,False,True,100.0
w2_2026_000155_scan_mild_01,w2,mild,state_income_tax,"7,216.37",7216.37,7,7.00,0.0,False,36.36,7216.37,7216.37,True,100.0,True,True,100.0
w2_2026_000152_scan_hard_02,w2,hard,employee_ssn,000-67-9653,000679653,2VMSVUTTYMUITUG,2516,0.0,False,15.38,000-57-9653 SUMM SECURNY NUMBER,000579653558,False,76.19,True,False,76.19
w2_2026_000152_scan_hard_02,w2,hard,employer_ein,00-7069742,007069742,PSTTTRTTRTISTCIN,5151,0.0,False,0.0,@6 THEAVE SUMMARY NUMBER ENV PERNATIONAL SUMMARY,6581015,False,12.5,True,False,12.5
w2_2026_000152_scan_hard_02,w2,hard,control_number,W2-2026-000152,W22026000152,MV,MV,35.0,False,0.0,WWW.COM.22,WWWCOM22,False,30.0,True,False,30.0
w2_2026_000152_scan_hard_02,w2,hard,employee_first_name,ABIGAIL V.,ABIGAIL V,"MBG,",MBG,36.0,False,33.33,ABGAL V.,ABGAL V,False,87.5,True,False,87.5
w2_2026_000152_scan_hard_02,w2,hard,employee_last_name,SALAZAR,SALAZAR,SALAZAR,SALAZAR,96.0,True,100.0,SALAZAR,SALAZAR,True,100.0,False,True,100.0
w2_2026_000152_scan_hard_02,w2,hard,wages,"139,416.55",139416.55,"7), 139,416.55",7139416.55,4.5,False,94.74,***,,False,0.0,False,False,94.74
w2_2026_000152_scan_hard_02,w2,hard,federal_tax_withheld,"29,569.77",29569.77,"29,569.77",29569.77,49.0,True,100.0,CASHIER AMOUNT : 29259.77,51029259.77,False,73.68,False,True,100.0
w2_2026_000152_scan_hard_02,w2,hard,social_security_wages,"139,416.55",139416.55,"139,41 58",1394158.00,47.5,False,63.16,""" SUMMARY WA98 139,416.55",598139416.55,False,85.71,True,False,85.71
w2_2026_000152_scan_hard_02,w2,hard,medicare_wages,"139,416.55",139416.55,"719841655,",719841655.00,13.0,False,66.67,139.416.55,139.42,False,53.33,False,False,66.67
w2_2026_000152_scan_hard_02,w2,hard,medicare_tax_withheld,"2,021.54",2021.54,- 2.021 54,-2.02,58.0,False,50.0,"2,021.54",2021.54,True,100.0,True,True,100.0
w2_2026_000152_scan_hard_02,w2,hard,state,MT,MT,T,T,0.0,False,66.67,MT 1,MT,True,100.0,True,True,100.0
w2_2026_000152_scan_hard_02,w2,hard,employer_state_id,MT-9480665,MT9480665,0,0,0.0,False,20.0,MT-8480685,MT8480685,False,77.78,True,False,77.78
w2_2026_000152_scan_hard_02,w2,hard,state_wages,"139,416.55",139416.55,"139,416.55",139416.55,55.0,True,100.0,"139,416.55",139416.55,True,100.0,False,True,100.0
w2_2026_000152_scan_hard_02,w2,hard,state_income_tax,"6,904.03",6904.03,8904.03,8904.03,39.0,False,85.71,6.904.03,6.90,False,54.55,False,False,85.71
w2_2026_000155_scan_hard_02,w2,hard,employee_ssn,000-46-7698,000467698,4 SEREPITT,451,0.0,False,16.67,000 5791098'S SOCLAT SECURNY NUMBER,0005791098550158,False,48.0,True,False,48.0
w2_2026_000155_scan_hard_02,w2,hard,employer_ein,00-4019585,004019585,SR,5,0.0,False,20.0,&.5% ********,5,False,20.0,False,False,20.0
w2_2026_000155_scan_hard_02,w2,hard,control_number,W2-2026-000155,W22026000155,W2-2028-000185 SS,W22028000185SS,0.0,False,76.92,***,,False,0.0,False,False,76.92
w2_2026_000155_scan_hard_02,w2,hard,employee_first_name,KIM J.,KIM J,@ Bivewyuow @ ew we ewes KIM J.,BIVEWYUOW EW WE EWES KIM J,57.75,False,32.26,***,,False,0.0,False,False,32.26
w2_2026_000155_scan_hard_02,w2,hard,employee_last_name,MURRAY,MURRAY,BM thensow MURRAY,BM THENSOW MURRAY,49.0,False,52.17,MURRAY,MURRAY,True,100.0,True,True,100.0
w2_2026_000155_scan_hard_02,w2,hard,wages,"118,792.16",118792.16,"1. 118,792.16",1.12,40.5,False,46.15,"1 WEGES, IPS. COME OR 118,792.16",16515.00,False,35.29,False,False,46.15
w2_2026_000155_scan_hard_02,w2,hard,federal_tax_withheld,"28,398.43",28398.43,2 28.38849,228.39,0.0,False,57.14,"2 FEDERAL INCOME TAX 28,396.43",2011028396.43,False,66.67,True,False,66.67
w2_2026_000155_scan_hard_02,w2,hard,social_security_wages,"118,792.16",118792.16,", , 118,792.16",118792.16,31.67,True,100.0,"3 SOCIAL SECURITY WEGER 118,792.16",35011516118792.16,False,69.23,False,True,100.0
w2_2026_000155_scan_hard_02,w2,hard,medicare_wages,"118,792.16",118792.16,". 198,782.16",0.20,0.0,False,15.38,5 MEDICARE WEGES AND 118.792.16,501650118.79,False,47.62,True,False,47.62
w2_2026_000155_scan_hard_02,w2,hard,medicare_tax_withheld,"1,722.49",1722.49,"- 1,722.49",-1722.49,48.0,False,93.33,6 MEDICARE TAX WINNED 1.722.49,601101.72,False,37.5,False,False,93.33
w2_2026_000155_scan_hard_02,w2,hard,state,CO,CO,CO,CO,0.0,True,100.0,1,,False,0.0,False,True,100.0
w2_2026_000155_scan_hard_02,w2,hard,employer_state_id,CO-8052503,CO8052503,,,0.0,False,0.0,COP-052593,COP052593,False,77.78,True,False,77.78
w2_2026_000155_scan_hard_02,w2,hard,state_wages,"118,792.16",118792.16,"110,792.16",110792.16,34.0,False,88.89,118.792.16,118.79,False,66.67,False,False,88.89
w2_2026_000155_scan_hard_02,w2,hard,state_income_tax,"7,216.37",7216.37,721637,721637.00,0.0,False,75.0,721637,721637.00,False,75.0,False,False,75.0
w2_2026_000157_scan_mild_01,w2,mild,employee_ssn,000-78-7214,000787214,00--714 2ISUUNUMDEF,007142150,0.0,False,55.56,000-78-72(4 SECIAT SECURITY NUMBER,0007872451518,False,72.73,True,False,72.73
w2_2026_000157_scan_mild_01,w2,mild,employer_ein,00-4853123,004853123,AUUMEIN,1,0.0,False,20.0,00-MASTER PRIMOTION NUMBER EM),00510108,False,47.06,True,False,47.06
w2_2026_000157_scan_mild_01,w2,mild,control_number,W2-2026-000157,W22026000157,TT,TT,0.0,False,0.0,RECEIPT FOR AN OFFER,RECEIPTFORANOFFER,False,0.0,False,False,0.0
w2_2026_000157_scan_mild_01,w2,mild,employee_last_name,STEPHENS,STEPHENS,STEPHENS,STEPHENS,96.0,True,100.0,STEPHENS,STEPHENS,True,100.0,False,True,100.0
w2_2026_000157_scan_mild_01,w2,mild,wages,"31,814.35",31814.35,3181495),3181495.00,24.0,False,66.67,"* REFES, UPS, ONER COMPERS14.35",5500514.35,False,55.56,False,False,66.67
w2_2026_000157_scan_mild_01,w2,mild,federal_tax_withheld,"7,525.96",7525.96,- 7525.96,-7525.96,23.0,False,93.33,- REGULAR INCOME TAX WINGS.96,-6110165.96,False,44.44,False,False,93.33
w2_2026_000157_scan_mild_01,w2,mild,social_security_wages,"31,814.35",31814.35,- 31 814.35,-31814.35,62.0,False,94.12,"COUNT SECURNY WAGES 31,814.35",56531814.35,False,84.21,False,False,94.12
w2_2026_000157_scan_mild_01,w2,mild,social_security_tax_withheld,"1,972.49",1972.49,1.972.49,1.97,0.0,False,54.55,- JALAN SECURNY TAX WINNEI972.49,-1511972.49,False,77.78,True,False,77.78
w2_2026_000157_scan_mild_01,w2,mild,medicare_wages,"31,814.35",31814.35,"31,814.35",31814.35,63.0,True,100.0,"REQUIRED WAGES AND U1,814.35",106501814.35,False,70.0,False,True,100.0
w2_2026_000157_scan_mild_01,w2,mild,state,AR,AR,AR,AR,66.0,True,100.0,[AM],AM,False,50.0,False,True,100.0
w2_2026_000157_scan_mild_01,w2,mild,employer_state_id,AR-2893218,AR2893218,J,J,0.0,False,0.0,LAR-2593218,LAR2593218,False,84.21,True,False,84.21
w2_2026_000157_scan_mild_01,w2,mild,state_wages,"31,814.35",31814.35,"31,814.35",31814.35,61.0,True,100.0,"31,814.35",31814.35,True,100.0,False,True,100.0
w2_2026_000157_scan_mild_01,w2,mild,state_income_tax,957.46,957.46,857.86,857.86,29.0,False,66.67,957.46,957.46,True,100.0,True,True,100.0
w2_2026_000157_scan_hard_02,w2,hard,employee_ssn,000-78-7214,000787214,-6 SOCIISGUINY,65011561,0.0,False,23.53,000-78-72/20'S SOCAT SECURNY NUMBER,00078722055058,False,60.87,True,False,60.87
w2_2026_000157_scan_hard_02,w2,hard,employer_ein,00-4853123,004853123,SS,55,6.0,False,18.18,SR:***********,5,False,20.0,True,False,20.0
w2_2026_000157_scan_hard_02,w2,hard,control_number,W2-2026-000157,W22026000157,CM,CM,17.0,False,0.0,***,,False,0.0,False,False,0.0
w2_2026_000157_scan_hard_02,w2,hard,employee_first_name,STEPHEN P.,STEPHEN P,@ CiQwyves ~~ +—--_ —__ STEPHEN P.,CIQWYVES STEPHEN P,46.43,False,66.67,STEPHENP.,STEPHENP,False,94.12,True,False,94.12
w2_2026_000157_scan_hard_02,w2,hard,employee_last_name,STEPHENS,STEPHENS,Ot Freie ; STEPHENS,OT FREIE STEPHENS,27.5,False,64.0,STEPHENS,STEPHENS,True,100.0,True,True,100.0
w2_2026_000157_scan_hard_02,w2,hard,federal_tax_withheld,"7,525.96",7525.96,2. 775856,2.78,15.5,False,36.36,2 FEDERAL INCOME TAX WITH 2525.96,2011012525.96,False,60.0,True,False,60.0
w2_2026_000157_scan_hard_02,w2,hard,social_security_wages,"31,814.35",31814.35,". 31,814.35",0.32,44.5,False,33.33,"3 SOCAL SECURITY WEGE 31,814.35",350151631814.35,False,69.57,True,False,69.57
w2_2026_000157_scan_hard_02,w2,hard,medicare_wages,"31,814.35",31814.35,"031,814.35",31814.35,27.0,True,100.0,"5 MEDICATE WEGES AND 31,814.35",50165031814.35,False,72.73,False,True,100.0
w2_2026_000157_scan_hard_02,w2,hard,medicare_tax_withheld,461.31,461.31,64 461.31,64461.31,41.0,False,85.71,6 MEDICATE TAX WITHED 461.31,60110461.31,False,70.59,False,False,85.71
w2_2026_000157_scan_hard_02,w2,hard,state,AR,AR,A,A,0.0,False,66.67,:,,False,0.0,False,False,66.67
w2_2026_000157_scan_hard_02,w2,hard,employer_state_id,AR-2893218,AR2893218,SE,SE,0.0,False,0.0,MAR-2893218,MAR2893218,False,94.74,True,False,94.74
w2_2026_000157_scan_hard_02,w2,hard,state_wages,"31,814.35",31814.35,8438,8438.00,23.0,False,40.0,3181435,3181435.00,False,77.78,True,False,77.78
w2_2026_000157_scan_hard_02,w2,hard,state_income_tax,957.46,957.46,887.48,887.48,48.0,False,50.0,957.46,957.46,True,100.0,True,True,100.0
w2_2026_000161_scan_mild_01,w2,mild,employee_ssn,000-70-4948,000704948,-0-4 SOCSECUIIN,0450511,0.0,False,25.0,000-7049498 S SOCIAT SECURNA NUMBER,0007049498550158,False,72.0,True,False,72.0
w2_2026_000161_scan_mild_01,w2,mild,employer_ein,00-4780654,004780654,NNM1IN,11,0.0,False,0.0,00-EXPOSEIPT IDEMITIZATION NUMBER (RM),0005110112108,False,36.36,True,False,36.36
w2_2026_000161_scan_mild_01,w2,mild,control_number,W2-2026-000161,W22026000161,W-2026-000161,W2026000161,0.0,False,95.65,12/22/2018/18/2018,12222018182018,False,46.15,False,False,95.65
w2_2026_000161_scan_mild_01,w2,mild,employee_last_name,WILSON,WILSON,WILSON,WILSON,96.0,True,100.0,WILSON,WILSON,True,100.0,False,True,100.0
w2_2026_000161_scan_mild_01,w2,mild,wages,"81,474.76",81474.76,",, 1474.76",1474.76,0.0,False,93.33,"1 WAGES, UPS, CHER COMP 81,474.76",1655081474.76,False,76.19,False,False,93.33
w2_2026_000161_scan_mild_01,w2,mild,federal_tax_withheld,"15,595.03",15595.03,"15,595.03",15595.03,43.0,True,100.0,"2 REGINAL INCOME TAX: 15,595.03",26111015595.03,False,72.73,False,True,100.0
w2_2026_000161_scan_mild_01,w2,mild,social_security_tax_withheld,"5,051.44",5051.44,5051,5051.00,53.0,False,71.43,"4 SOCIAL SECURNY TAX WITH 5,051.44",45011515051.44,False,66.67,False,False,71.43
w2_2026_000161_scan_mild_01,w2,mild,medicare_wages,"81,474.76",81474.76,"81,474.76",81474.76,61.0,True,100.0,"O MEDICATE WAYES AND 81,474.76",15081474.76,False,84.21,False,True,100.0
w2_2026_000161_scan_mild_01,w2,mild,state,WI,WI,WW,WW,0.0,False,50.0,=,,False,0.0,False,False,50.0
w2_2026_000161_scan_mild_01,w2,mild,employer_state_id,WI-1966769,WI1966769,79,79,0.0,False,36.36,WWI-1966769 .................................,WWI1966769,False,94.74,True,False,94.74
w2_2026_000161_scan_mild_01,w2,mild,state_wages,"81,474.76",81474.76,847476,847476.00,10.0,False,70.59,"81,474.76",81474.76,True,100.0,True,True,100.0
w2_2026_000161_scan_mild_01,w2,mild,state_income_tax,"2,162.08",2162.08,2208,2208.00,0.0,False,57.14,"2,162.08",2162.08,True,100.0,True,True,100.0
w2_2026_000166_scan_mild_01,w2,mild,employee_ssn,000-29-4214,000294214,2-22 SSUUISCCULNUMDEF,222551510,0.0,False,33.33,000-29:4274 SUMM SECURNA NUMBER,000294274558,False,76.19,True,False,76.19
w2_2026_000166_scan_mild_01,w2,mild,employer_ein,00-6534221,006534221,00 65 A MSUNCAUOTNUMDETPCIN,00655001,34.75,False,58.82,00-53-27 TRANSACTION NUMBER PAY ONCLUSIONS ONCLUSIVE,00532751080151050151,False,41.38,False,False,58.82
w2_2026_000166_scan_mild_01,w2,mild,control_number,W2-2026-000166,W22026000166,W2-2026-000166,W22026000166,2.0,True,100.0,12-23-0065,12230065,False,50.0,False,True,100.0
w2_2026_000166_scan_mild_01,w2,mild,employee_last_name,PACHECO,PACHECO,PACHECO,PACHECO,91.0,True,100.0,PACHECO COME AGAIN,PACHECO COME AGAIN,False,56.0,False,True,100.0
w2_2026_000166_scan_mild_01,w2,mild,wages,"30,721.24",30721.24,"),, 30,721.24",30721.24,30.0,True,100.0,"1 REG: REG: 006- 30,721.24",166006-30721.24,False,69.57,False,True,100.0
w2_2026_000166_scan_mild_01,w2,mild,federal_tax_withheld,"3,739.51",3739.51,3739.51,3739.51,48.0,True,100.0,"PLEASE INCOME TAX: 3,739.51",15103739.51,False,77.78,False,True,100.0
w2_2026_000166_scan_mild_01,w2,mild,social_security_tax_withheld,"1,904.72",1904.72,"7 1,904.72",71904.72,20.0,False,93.33,""" COMEI SECURNY TAX WITH 1,904.72",1511904.72,False,82.35,False,False,93.33
w2_2026_000166_scan_mild_01,w2,mild,medicare_wages,"30,721.24",30721.24,30.721 24,30.72,53.0,False,61.54,***,,False,0.0,False,False,61.54
w2_2026_000166_scan_mild_01,w2,mild,state,MO,MO,MO,MO,15.0,True,100.0,MO L,MOL,False,80.0,False,True,100.0
w2_2026_000166_scan_mild_01,w2,mild,employer_state_id,MO-6663388,MO6663388,M,M,0.0,False,20.0,(MO-6563388 .........................,MO6563388,False,88.89,True,False,88.89
w2_2026_000166_scan_mild_01,w2,mild,state_wages,"30,721.24",30721.24,"90,721.24",90721.24,58.0,False,87.5,30.721.24,30.72,False,61.54,False,False,87.5
w2_2026_000166_scan_mild_01,w2,mild,state_income_tax,"1,866.60",1866.60,"1,866.60",1866.60,54.0,True,100.0,"......... 1,866.60",0.19,False,18.18,False,True,100.0
w2_2026_000161_scan_hard_02,w2,hard,employee_ssn,000-70-4948,000704948,-704948,704948,0.0,False,80.0,000-70-56 - 100-4,00070561004,False,60.0,False,False,80.0
w2_2026_000161_scan_hard_02,w2,hard,employer_ein,00-4780654,004780654,NS,5,11.0,False,20.0,SR:,5,False,20.0,False,False,20.0
w2_2026_000161_scan_hard_02,w2,hard,control_number,W2-2026-000161,W22026000161,SE,SE,38.0,False,0.0,***,,False,0.0,False,False,0.0
w2_2026_000161_scan_hard_02,w2,hard,employee_last_name,WILSON,WILSON,Dom SS .,DOM SS,24.67,False,16.67,WILSON,WILSON,True,100.0,True,True,100.0
w2_2026_000161_scan_hard_02,w2,hard,federal_tax_withheld,"15,595.03",15595.03,09,9.00,14.0,False,50.0,2 FREE COME 15.595.00,2015.60,False,53.33,True,False,53.33
w2_2026_000161_scan_hard_02,w2,hard,social_security_tax_withheld,"5,051.44",5051.44,50814,50814.00,24.0,False,53.33,: SOD MARY 5.051.44,5005.05,False,57.14,True,False,57.14
w2_2026_000161_scan_hard_02,w2,hard,medicare_wages,"81,474.76",81474.76,81474.76,81474.76,0.0,True,100.0,: 814476,814476.00,False,70.59,False,True,100.0
w2_2026_000161_scan_hard_02,w2,hard,medicare_tax_withheld,"1,181.38",1181.38,"4 1,181.38",41181.38,59.0,False,93.33,": ******** 1,181.38",1181.38,True,100.0,True,True,100.0
w2_2026_000161_scan_hard_02,w2,hard,state,WI,WI,I,I,0.0,False,66.67,ML,ML,False,0.0,False,False,66.67
w2_2026_000161_scan_hard_02,w2,hard,employer_state_id,WI-1966769,WI1966769,1906760,1906760,0.0,False,62.5,WA-1866758,WA1866758,False,55.56,False,False,62.5
w2_2026_000161_scan_hard_02,w2,hard,state_wages,"81,474.76",81474.76,),,0.0,False,0.0,"81,474.76",81474.76,True,100.0,True,True,100.0
w2_2026_000161_scan_hard_02,w2,hard,state_income_tax,"2,162.08",2162.08,2162.08),2162.08,27.0,True,100.0,2.162.08,2.16,False,54.55,False,True,100.0
w2_2026_000166_scan_hard_02,w2,hard,employee_ssn,000-29-4214,000294214,300 ES SOSCUM,3005505,4.67,False,37.5,000-29-1274'S SOLD SECANY NUMBER,0002912745501058,False,56.0,True,False,56.0
w2_2026_000166_scan_hard_02,w2,hard,employer_ein,00-6534221,006534221,2 IEIN,211,16.0,False,33.33,*** *******,,False,0.0,False,False,33.33
w2_2026_000166_scan_hard_02,w2,hard,control_number,W2-2026-000166,W22026000166,2,2,0.0,False,15.38,AMOUNTIONS* ********,AMOUNTIONS,False,0.0,False,False,15.38
w2_2026_000166_scan_hard_02,w2,hard,employee_first_name,REBECCA U.,REBECCA U,Pe,PE,48.0,False,18.18,REBECCAU.,REBECCAU,False,94.12,True,False,94.12
w2_2026_000166_scan_hard_02,w2,hard,employee_last_name,PACHECO,PACHECO,PACHECO,PACHECO,92.0,True,100.0,PACHECO,PACHECO,True,100.0,False,True,100.0
w2_2026_000166_scan_hard_02,w2,hard,wages,"30,721.24",30721.24,"1,,",1.00,0.0,False,33.33,"1 WAGES, IPS, ONER COME 30,721.24",165150030721.24,False,69.57,True,False,69.57
w2_2026_000166_scan_hard_02,w2,hard,federal_tax_withheld,"3,739.51",3739.51,2 708,2708.00,0.0,False,28.57,"2 FEDERAL INCOME TAX WITH 3,739.51",2011013739.51,False,70.0,True,False,70.0
w2_2026_000166_scan_hard_02,w2,hard,social_security_tax_withheld,"1,904.72",1904.72,4 904,4904.00,48.5,False,57.14,"4 SOCIAL SECURITY TAX WITH 1,904.72",450115111904.72,False,63.64,True,False,63.64
w2_2026_000166_scan_hard_02,w2,hard,medicare_wages,"30,721.24",30721.24,"-) 721.24 ,",-721.24,9.33,False,80.0,5 MEDICATE WEGES AND 30.721.24,50165030.72,False,42.11,False,False,80.0
w2_2026_000166_scan_hard_02,w2,hard,medicare_tax_withheld,445.46,445.46,6,6.00,0.0,False,20.0,6 MEDICATE TAX WINNED 445.46,60110445.46,False,70.59,True,False,70.59
w2_2026_000166_scan_hard_02,w2,hard,state,MO,MO,I,I,0.0,False,0.0,MO L,MOL,False,80.0,True,False,80.0
w2_2026_000166_scan_hard_02,w2,hard,employer_state_id,MO-6663388,MO6663388,M6980,M6980,36.0,False,42.86,MO-6563388 .........................,MO6563388,False,88.89,True,False,88.89
w2_2026_000166_scan_hard_02,w2,hard,state_wages,"30,721.24",30721.24,"0,721.24",721.24,51.0,False,85.71,30.72124,30.72,False,61.54,False,False,85.71
w2_2026_000166_scan_hard_02,w2,hard,state_income_tax,"1,866.60",1866.60,1888.60,1888.60,45.0,False,71.43,1866.60,1866.60,True,100.0,True,True,100.0
w2_2026_000172_scan_mild_01,w2,mild,employee_ssn,000-22-9653,000229653,00-22-9653 S,002296535,16.5,False,88.89,000-22-9653 SUMM SECURRY INCLUICE,00022965355111,False,78.26,False,False,88.89
w2_2026_000172_scan_mild_01,w2,mild,employer_ein,00-1713900,001713900,00-1719800,001719800,24.0,False,88.89,00-171380 KEMAWAWAWAWAWAWAWAWAWAS (RM),001713805,False,77.78,False,False,88.89
w2_2026_000172_scan_mild_01,w2,mild,control_number,W2-2026-000172,W22026000172,W2-2026-000172,W22026000172,17.0,True,100.0,VE: 22:03-0072-12-12-12-12-12-12-12-12-12-12-12-12,VE22030072121212121212121212121212,False,30.43,False,True,100.0
w2_2026_000172_scan_mild_01,w2,mild,employee_last_name,DECKER,DECKER,DECKER,DECKER,96.0,True,100.0,DECKER COME AGAINABLE,DECKER COME AGAINABLE,False,44.44,False,True,100.0
w2_2026_000172_scan_mild_01,w2,mild,wages,"41,872.42",41872.42,"81,872.42",81872.42,44.0,False,87.5,"* WAYS, UPS. COMEI COM*41,872.42",55.01,False,15.38,False,False,87.5
w2_2026_000172_scan_mild_01,w2,mild,social_security_tax_withheld,"2,596.09",2596.09,"2,596.09",2596.09,66.0,True,100.0,"AMOUNT SUMMARY TAX WITH 2,596.09",512596.09,False,87.5,False,True,100.0
w2_2026_000172_scan_mild_01,w2,mild,medicare_wages,"41,872.42",41872.42,"41,872.42",41872.42,69.0,True,100.0,- ********: ********:,-,False,0.0,False,True,100.0
w2_2026_000172_scan_mild_01,w2,mild,state,KS,KS,KS,KS,0.0,True,100.0,:,,False,0.0,False,True,100.0
w2_2026_000172_scan_mild_01,w2,mild,employer_state_id,KS-8977571,KS8977571,KS8977571,KS8977571,0.0,True,100.0,[KS-8977571 .................................,KS8977571,True,100.0,False,True,100.0
w2_2026_000172_scan_mild_01,w2,mild,state_wages,"41,872.42",41872.42,"41,872.42",41872.42,42.0,True,100.0,........ 41872.42,0.42,False,50.0,False,True,100.0
w2_2026_000172_scan_mild_01,w2,mild,state_income_tax,"1,180.98",1180.98,"1,180.98",1180.98,16.0,True,100.0,"......... 1,180.98",0.12,False,36.36,False,True,100.0
w2_2026_000172_scan_hard_02,w2,hard,employee_ssn,000-22-9653,000229653,O SOCSECUMYU,0505,0.0,False,46.15,000-22-9999 SUMM SECANY,00022999955,False,70.0,True,False,70.0
w2_2026_000172_scan_hard_02,w2,hard,employer_ein,00-1713900,001713900,PN,,20.0,False,0.0,SUBPING KEMBERMANERY ENCLUDING ON BACK,58168101608,False,40.0,True,False,40.0
w2_2026_000172_scan_hard_02,w2,hard,control_number,W2-2026-000172,W22026000172,W2-2028-000172 H,W22028000172H,0.0,False,88.0,***,,False,0.0,False,False,88.0
w2_2026_000172_scan_hard_02,w2,hard,employee_first_name,ALEX A.,ALEX A,ont EE: = |,ONT EE,55.5,False,16.67,ALEXA ********,ALEXA,False,90.91,True,False,90.91
w2_2026_000172_scan_hard_02,w2,hard,employee_last_name,DECKER,DECKER,DECKER,DECKER,95.0,True,100.0,DECKER,DECKER,True,100.0,False,True,100.0
w2_2026_000172_scan_hard_02,w2,hard,wages,"41,872.42",41872.42,"7 ,",7.00,38.5,False,33.33,"1 WEGES, IPS, COME AGAI,872.42",16515061872.42,False,63.64,True,False,63.64
w2_2026_000172_scan_hard_02,w2,hard,federal_tax_withheld,"6,698.64",6698.64,2 68,268.00,48.5,False,46.15,2 FEDERAL INCOME TAX 6.698.64,201106.70,False,25.0,False,False,46.15
w2_2026_000172_scan_hard_02,w2,hard,medicare_wages,"41,872.42",41872.42,. 4872.42,0.49,0.0,False,33.33,5 MEDICATE WEGES NO.872.42,501650.87,False,35.29,True,False,35.29
w2_2026_000172_scan_hard_02,w2,hard,medicare_tax_withheld,607.15,607.15,. 007.15,0.01,49.5,False,60.0,6 MEDICATE TAX WITHIN 607.15,60111607.15,False,70.59,True,False,70.59
w2_2026_000172_scan_hard_02,w2,hard,state,KS,KS,I,I,0.0,False,0.0,:,,False,0.0,False,False,0.0
w2_2026_000172_scan_hard_02,w2,hard,employer_state_id,KS-8977571,KS8977571,,,0.0,False,0.0,KS-8977571,KS8977571,True,100.0,True,True,100.0
w2_2026_000172_scan_hard_02,w2,hard,state_wages,"41,872.42",41872.42,",",,0.0,False,0.0,4182.42,4182.42,False,93.33,True,False,93.33
w2_2026_000172_scan_hard_02,w2,hard,state_income_tax,"1,180.98",1180.98,180.98,180.98,45.0,False,92.31,1.180.98,1.18,False,54.55,False,False,92.31
w2_2026_000177_scan_mild_01,w2,mild,employee_ssn,000-56-5419,000565419,00-56-5419 SV,005654195,12.0,False,88.89,000-56-5419 SUMMARY MONNER,00056541950,False,90.0,True,False,90.0
w2_2026_000177_scan_mild_01,w2,mild,employer_ein,00-2715158,002715158,00-2715158 OF,0027151580,11.5,False,94.74,"00-27(3)$1,8-1,8-1,8-1,8,8,8,8,8,8",002731818181888888,False,51.85,False,False,94.74
w2_2026_000177_scan_mild_01,w2,mild,control_number,W2-2026-000177,W22026000177,W2-2026-000177,W22026000177,0.0,True,100.0,12-238-0077-12-12-12-12-12-12-12-1203-1203-12-1203,1223800771212121212121212031203121203,False,28.57,False,True,100.0
w2_2026_000177_scan_mild_01,w2,mild,employee_last_name,HUFF,HUFF,HUFF,HUFF,96.0,True,100.0,BUFF SUMMARY,BUFF SUMMARY,False,37.5,False,True,100.0
w2_2026_000177_scan_mild_01,w2,mild,wages,"81,129.79",81129.79,"81,429.79)",81429.79,58.0,False,87.5,***,,False,0.0,False,False,87.5
w2_2026_000177_scan_mild_01,w2,mild,federal_tax_withheld,"11,172.55",11172.55,) 4 172.55,4172.55,24.33,False,80.0,- ***********,-,False,0.0,False,False,80.0
w2_2026_000177_scan_mild_01,w2,mild,employer_state_id,FM-9597330,FM9597330,FM-95973300,FM95973300,0.0,False,94.74,[FM-9597330 .................................,FM9597330,True,100.0,True,True,100.0
w2_2026_000177_scan_mild_01,w2,mild,state_wages,"81,129.79",81129.79,"81,129.79",81129.79,43.0,True,100.0,8129.79,8129.79,False,93.33,False,True,100.0
w2_2026_000177_scan_mild_01,w2,mild,state_income_tax,482.63,482.63,482.63,482.63,46.0,True,100.0,........48263,0.48,False,40.0,False,True,100.0
w2_2026_000177_scan_hard_02,w2,hard,employee_ssn,000-56-5419,000565419,6 2MSUVUTHYNUTIDET,62510,0.0,False,42.86,000-56-5419 : SOCAR SECURNY NUMBER,0005654195058,False,81.82,True,False,81.82
w2_2026_000177_scan_hard_02,w2,hard,employer_ein,00-2715158,002715158,TTOST CIN,051,0.0,False,50.0,"6/27/58"" SUMMARY ENX(RM)",627585,False,53.33,True,False,53.33
w2_2026_000177_scan_hard_02,w2,hard,control_number,W2-2026-000177,W22026000177,0,0,18.0,False,15.38,WWW.K.K.K.KK.KK.KK.KK.KK.KK.KK.KK.KK.KK.,WWWKKKKKKKKKKKKKKKKKKKKKKK,False,5.26,False,False,15.38
w2_2026_000177_scan_hard_02,w2,hard,employee_last_name,HUFF,HUFF,HUFF,HUFF,96.0,True,100.0,MUFF,MUFF,False,75.0,False,True,100.0
w2_2026_000177_scan_hard_02,w2,hard,wages,"81,129.79",81129.79,"7), 1129.79",71129.79,0.0,False,87.5,***,,False,0.0,False,False,87.5
w2_2026_000177_scan_hard_02,w2,hard,federal_tax_withheld,"11,172.55",11172.55,726,726.00,10.0,False,42.86,"CASHIER COME TAX: 11,172.55",51011172.55,False,84.21,True,False,84.21
w2_2026_000177_scan_hard_02,w2,hard,medicare_wages,"81,129.79",81129.79,"81,129.79",81129.79,60.0,True,100.0,8129.79,8129.79,False,93.33,False,True,100.0
w2_2026_000177_scan_hard_02,w2,hard,medicare_tax_withheld,"1,176.38",1176.38,- 1 1 76.38,-1176.38,64.0,False,93.33,1.176.38,1.18,False,54.55,False,False,93.33
w2_2026_000177_scan_hard_02,w2,hard,state,FM,FM,,,0.0,False,0.0,ML,ML,False,50.0,True,False,50.0
w2_2026_000177_scan_hard_02,w2,hard,employer_state_id,FM-9597330,FM9597330,P0,P0,0.0,False,18.18,FM-9597380,FM9597380,False,88.89,True,False,88.89
w2_2026_000177_scan_hard_02,w2,hard,state_wages,"81,129.79",81129.79,"81,129.79",81129.79,40.0,True,100.0,"81,129.79",81129.79,True,100.0,False,True,100.0
w2_2026_000177_scan_hard_02,w2,hard,state_income_tax,482.63,482.63,.),.,0.0,False,28.57,48263,48263.00,False,71.43,True,False,71.43
w2_2026_000210_scan_mild_01,w2,mild,employee_ssn,000-60-9300,000609300,00803300 2UIASUUNUMPE,00803300215,0.0,False,60.0,000-80-9300 S SOCIAR SECURITY NUMBER,0008093005501518,False,64.0,True,False,64.0
w2_2026_000210_scan_mild_01,w2,mild,employer_ein,00-5806467,005806467,TT,,14.0,False,0.0,00-SOSAR REMMISSION NUMBER EN),00505155108,False,40.0,True,False,40.0
w2_2026_000210_scan_mild_01,w2,mild,control_number,W2-2026-000210,W22026000210,TT,TT,10.0,False,0.0,WWW.,WWW,False,13.33,True,False,13.33
w2_2026_000210_scan_mild_01,w2,mild,employee_last_name,HOOD,HOOD,HOOD,HOOD,95.0,True,100.0,FOOD,FOOD,False,75.0,False,True,100.0
w2_2026_000210_scan_mild_01,w2,mild,wages,"40,245.99",40245.99,"2,, 40,245.99",240245.99,0.0,False,94.12,"WEYES, UPS, ONER COMPERS45.99",5500545.99,False,66.67,False,False,94.12
w2_2026_000210_scan_mild_01,w2,mild,federal_tax_withheld,"3,327.15",3327.15,3327.4,3327.40,11.0,False,71.43,- FELERA INCOME TAX WINGS27.15,-11016527.15,False,52.63,False,False,71.43
w2_2026_000210_scan_mild_01,w2,mild,social_security_tax_withheld,"2,495.25",2495.25,2.495.25,2.50,0.0,False,54.55,- SOUR SECURNY TAX WINGS.25,-505165.25,False,47.06,False,False,54.55
w2_2026_000210_scan_mild_01,w2,mild,medicare_wages,"40,245.99",40245.99,4024599,4024599.00,10.0,False,77.78,"RECEIPTENTS AND 10,245.99",15010245.99,False,73.68,False,False,77.78
w2_2026_000210_scan_mild_01,w2,mild,medicare_tax_withheld,583.57,583.57,1 583.57,1583.57,46.0,False,92.31,RECEIPTATE TAX WITHINED 583.57,1110583.57,False,75.0,False,False,92.31
w2_2026_000210_scan_mild_01,w2,mild,state,GA,GA,GA,GA,20.0,True,100.0,|SALE,SALE,False,33.33,False,True,100.0
w2_2026_000210_scan_mild_01,w2,mild,employer_state_id,GA-7749095,GA7749095,J7O66,J7O66,0.0,False,14.29,GA-7749095,GA7749095,True,100.0,True,True,100.0
w2_2026_000210_scan_mild_01,w2,mild,state_wages,"40,245.99",40245.99,"40,245.99",40245.99,58.0,True,100.0,40.245.99,40.25,False,61.54,False,True,100.0
w2_2026_000210_scan_mild_01,w2,mild,state_income_tax,176.66,176.66,17666,17666.00,41.0,False,71.43,176.66,176.66,True,100.0,True,True,100.0
w2_2026_000210_scan_hard_02,w2,hard,employee_ssn,000-60-9300,000609300,BCNFCC8,88,0.0,False,0.0,***,,False,0.0,False,False,0.0
w2_2026_000210_scan_hard_02,w2,hard,employer_ein,00-5806467,005806467,GIIE04,61104,0.0,False,28.57,: ********,,False,0.0,False,False,28.57
w2_2026_000210_scan_hard_02,w2,hard,control_number,W2-2026-000210,W22026000210,LA,LA,0.0,False,0.0,***,,False,0.0,False,False,0.0
w2_2026_000210_scan_hard_02,w2,hard,employee_first_name,BRITTANY D.,BRITTANY D,BRITTANY 0.,BRITTANY 0,63.5,False,90.0,BATTANYP.,BATTANYP,False,66.67,False,False,90.0
w2_2026_000210_scan_hard_02,w2,hard,employee_last_name,HOOD,HOOD,aii af,AII AF,29.5,False,0.0,FOOD,FOOD,False,75.0,True,False,75.0
w2_2026_000210_scan_hard_02,w2,hard,wages,"40,245.99",40245.99,1,1.00,51.0,False,16.67,1 W/4.50,14.50,False,30.77,True,False,30.77
w2_2026_000210_scan_hard_02,w2,hard,federal_tax_withheld,"3,327.15",3327.15,5 73327.15,573327.15,15.5,False,87.5,"2 FREEBOOK: 3,327.15",28003327.15,False,77.78,False,False,87.5
w2_2026_000210_scan_hard_02,w2,hard,social_security_wages,"40,245.99",40245.99,6 245.90,6245.90,10.0,False,66.67,3 5008 SECANY NO.245.99,3500850.25,False,33.33,False,False,66.67
w2_2026_000210_scan_hard_02,w2,hard,social_security_tax_withheld,"2,495.25",2495.25,.) 25,0.25,0.0,False,54.55,: SUMMARY - 2.495.25,5-2.49525,False,75.0,True,False,75.0
w2_2026_000210_scan_hard_02,w2,hard,medicare_wages,"40,245.99",40245.99,2,2.00,44.0,False,33.33,. ******** 0245.99,0.02,False,33.33,False,False,33.33
w2_2026_000210_scan_hard_02,w2,hard,medicare_tax_withheld,583.57,583.57,". $83,57",0.84,0.0,False,20.0,. ~~.57,0.57,False,60.0,True,False,60.0
w2_2026_000210_scan_hard_02,w2,hard,state,GA,GA,I,I,0.0,False,0.0,1,,False,0.0,False,False,0.0
w2_2026_000210_scan_hard_02,w2,hard,employer_state_id,GA-7749095,GA7749095,,,0.0,False,0.0,GA-749086,GA749086,False,70.59,True,False,70.59
w2_2026_000210_scan_hard_02,w2,hard,state_wages,"40,245.99",40245.99,0245.99,245.99,36.0,False,85.71,40245.99,40245.99,True,100.0,True,True,100.0
w2_2026_000210_scan_hard_02,w2,hard,state_income_tax,176.66,176.66,17888,17888.00,48.0,False,42.86,176.66,176.66,True,100.0,True,True,100.0
w2_2026_000214_scan_mild_01,w2,mild,employee_ssn,000-90-2262,000902262,00-90-2262 DOVULIAIOGVUTEY,009022620011106,7.5,False,66.67,000-90-22/69'S SOCIAT SECURNY NUMBER,000902269550158,False,66.67,False,False,66.67
w2_2026_000214_scan_mild_01,w2,mild,employer_ein,00-9323974,009323974,SS,55,4.0,False,0.0,RECEIPT KEMITOR NUMBER EN),1108,False,15.38,True,False,15.38
w2_2026_000214_scan_mild_01,w2,mild,control_number,W2-2026-000214,W22026000214,W2-2026-000214,W22026000214,0.0,True,100.0,***,,False,0.0,False,True,100.0
w2_2026_000214_scan_mild_01,w2,mild,employee_last_name,GARRISON,GARRISON,GARRISON,GARRISON,96.0,True,100.0,GARRISON,GARRISON,True,100.0,False,True,100.0
w2_2026_000214_scan_mild_01,w2,mild,wages,"32,925.16",32925.16,"5,, 32.9251 6",532.93,41.33,False,42.86,"1 WAGES, UPS, ONER COMM 32,925.16",16550032925.16,False,72.73,True,False,72.73
w2_2026_000214_scan_mild_01,w2,mild,federal_tax_withheld,"4,398.86",4398.86,"4,308.86",4308.86,68.0,False,85.71,"2 FEDERAL INCOME TAX WILL 4,398.86",201101114398.86,False,63.64,False,False,85.71
w2_2026_000214_scan_mild_01,w2,mild,social_security_wages,"32,925.16",32925.16,"9 32,925.16",932925.16,29.5,False,94.12,"3 SOCIAL SECURNY WAVES 32,925.16",350115532925.16,False,69.57,False,False,94.12
w2_2026_000214_scan_mild_01,w2,mild,medicare_wages,"32,925.16",32925.16,3 32.925.1 6,332.93,29.33,False,42.86,"6 MEDICARE WAGES AND 32,925.16",60165032925.16,False,72.73,True,False,72.73
w2_2026_000214_scan_mild_01,w2,mild,employer_state_id,NM-3799805,NM3799805,9606,9606,20.0,False,30.77,INM-3799805 .................................,INM3799805,False,94.74,True,False,94.74
w2_2026_000214_scan_mild_01,w2,mild,state_wages,"32,925.16",32925.16,"82,925.16",82925.16,42.0,False,87.5,"32,925.16",32925.16,True,100.0,True,True,100.0
w2_2026_000214_scan_mild_01,w2,mild,state_income_tax,918.81,918.81,218.81,218.81,0.0,False,83.33,918.81,918.81,True,100.0,True,True,100.0
w2_2026_000214_scan_hard_02,w2,hard,employee_ssn,000-90-2262,000902262,SMALE,51,0.0,False,0.0,000-90-2262 X SOCIAL SECURITY NUMBER,0009022625011518,False,72.0,True,False,72.0
w2_2026_000214_scan_hard_02,w2,hard,employer_ein,00-9323974,009323974,TO -,0,0.0,False,20.0,:,,False,0.0,False,False,20.0
w2_2026_000214_scan_hard_02,w2,hard,control_number,W2-2026-000214,W22026000214,C SS,CSS,0.0,False,0.0,:,,False,0.0,False,False,0.0
w2_2026_000214_scan_hard_02,w2,hard,employee_first_name,RYAN U.,RYAN U,eee 1 RYAN U.,EEE 1 RYAN U,62.25,False,66.67,RYANU.,RYANU,False,90.91,True,False,90.91
w2_2026_000214_scan_hard_02,w2,hard,employee_last_name,GARRISON,GARRISON,GARRISON,GARRISON,96.0,True,100.0,CARRISON,CARRISON,False,87.5,False,True,100.0
w2_2026_000214_scan_hard_02,w2,hard,wages,"32,925.16",32925.16,3,3.00,13.0,False,33.33,"INVOICE: 11/2, CHER COP# 32,925.16",101112032925.16,False,69.57,True,False,69.57
w2_2026_000214_scan_hard_02,w2,hard,federal_tax_withheld,"4,398.86",4398.86,- 38826,-38826.00,6.0,False,50.0,CASHIER INCOME TAX WITHABLE.95,5110181.95,False,23.53,False,False,50.0
w2_2026_000214_scan_hard_02,w2,hard,social_security_tax_withheld,"2,041.36",2041.36,3 26,326.00,8.0,False,30.77,"CHANGE SUMMARY TAX WITHIN 2,041.38",65112041.38,False,66.67,True,False,66.67
w2_2026_000214_scan_hard_02,w2,hard,medicare_wages,"32,925.16",32925.16,2,2.00,0.0,False,33.33,*** *******,,False,0.0,False,False,33.33
w2_2026_000214_scan_hard_02,w2,hard,medicare_tax_withheld,477.41,477.41,. 477.41,0.48,47.5,False,40.0,CASH GIVEAWAY AT74,56174.00,False,28.57,False,False,40.0
w2_2026_000214_scan_hard_02,w2,hard,state,NM,NM,J,J,0.0,False,0.0,=,,False,0.0,False,False,0.0
w2_2026_000214_scan_hard_02,w2,hard,employer_state_id,NM-3799805,NM3799805,ST,ST,14.0,False,0.0,(MM-3799805,MM3799805,False,88.89,True,False,88.89
w2_2026_000214_scan_hard_02,w2,hard,state_wages,"32,925.16",32925.16,825.16,825.16,50.0,False,71.43,32.925.16,32.93,False,46.15,False,False,71.43
w2_2026_000214_scan_hard_02,w2,hard,state_income_tax,918.81,918.81,18,18.00,0.0,False,54.55,91881,91881.00,False,71.43,True,False,71.43
w2_2026_000236_scan_mild_01,w2,mild,employee_ssn,000-67-1186,000671186,00-67-1186,00671186,40.0,False,94.12,000-57-1166 SUMMARY NUMBER,00057116658,False,70.0,False,False,94.12
w2_2026_000236_scan_mild_01,w2,mild,employer_ein,00-5449526,005449526,00-5449526,005449526,14.0,True,100.0,GO-546656 TERIMASAN TAMAS (RM) (EXCLUDING AND FORM),60546656155101600,False,38.46,False,True,100.0
w2_2026_000236_scan_mild_01,w2,mild,control_number,W2-2026-000236,W22026000236,W2-2026-000236,W22026000236,0.0,True,100.0,12/22/2018-2026-12-12/2018-12/12/2018-12/12/12/12/12/12,1222201820261212201812122018121212121212,False,30.77,False,True,100.0
w2_2026_000236_scan_mild_01,w2,mild,employee_last_name,WILSON,WILSON,WILSON,WILSON,96.0,True,100.0,WILSON CASHIER,WILSON CASHIER,False,60.0,False,True,100.0
w2_2026_000236_scan_mild_01,w2,mild,wages,"67,929.09",67929.09,"67,929.09",67929.09,55.0,True,100.0,"* WAVES, UPS, UNION 00' 67,929.09",55100067929.09,False,72.73,False,True,100.0
w2_2026_000236_scan_mild_01,w2,mild,social_security_wages,"67,929.09",67929.09,"67,929.09",67929.09,65.0,True,100.0,"COUNT SUMMARY WAY 67,929.09",567929.09,False,94.12,False,True,100.0
w2_2026_000236_scan_mild_01,w2,mild,state,HI,HI,CL,CL,0.0,False,0.0,0,,False,0.0,False,False,0.0
w2_2026_000236_scan_mild_01,w2,mild,employer_state_id,HI-2812519,HI2812519,ARABIABIG,ARABIABIG,0.0,False,11.11,[H1-2812519 !!! !!! !!! !!!,H12812519,False,88.89,True,False,88.89
w2_2026_000236_scan_mild_01,w2,mild,state_wages,"67,929.09",67929.09,"87,929.09",87929.09,50.0,False,87.5,".................. 67,929.09",0.68,False,16.67,False,False,87.5
w2_2026_000236_scan_mild_01,w2,mild,state_income_tax,"1,410.80",1410.80,10.80.,10.80,32.0,False,83.33,......... 1.410.80,0.14,False,36.36,False,False,83.33
w2_2026_000236_scan_hard_02,w2,hard,employee_ssn,000-67-1186,000671186,67-1186 M,671186,37.5,False,80.0,000-57-1165 SUMMARY,0005711655,False,73.68,False,False,80.0
w2_2026_000236_scan_hard_02,w2,hard,employer_ein,00-5449526,005449526,SSCC,55,0.0,False,36.36,***,,False,0.0,False,False,36.36
w2_2026_000236_scan_hard_02,w2,hard,control_number,W2-2026-000236,W22026000236,W2-2028-000236,W22028000236,22.0,False,91.67,WWW.,WWW,False,13.33,False,False,91.67
w2_2026_000236_scan_hard_02,w2,hard,employee_last_name,WILSON,WILSON,WILSON,WILSON,95.0,True,100.0,WILSON,WILSON,True,100.0,False,True,100.0
w2_2026_000236_scan_hard_02,w2,hard,wages,"67,929.09",67929.09,"67,929.09",67929.09,37.0,True,100.0,67.929.09,67.93,False,61.54,False,True,100.0
w2_2026_000236_scan_hard_02,w2,hard,federal_tax_withheld,"9,203.69",9203.69,920068),920068.00,39.0,False,50.0,- - - 6.203.69,---6.20369,False,58.82,True,False,58.82
w2_2026_000236_scan_hard_02,w2,hard,social_security_wages,"67,929.09",67929.09,"67,929.09",67929.09,39.0,True,100.0,"67,929.09",67929.09,True,100.0,False,True,100.0
w2_2026_000236_scan_hard_02,w2,hard,social_security_tax_withheld,"4,211.60",4211.60,4211.80),4211.80,45.0,False,85.71,421.60,421.60,False,92.31,True,False,92.31
w2_2026_000236_scan_hard_02,w2,hard,medicare_wages,"67,929.09",67929.09,2,2.00,0.0,False,50.0,"67,929.09",67929.09,True,100.0,True,True,100.0
w2_2026_000236_scan_hard_02,w2,hard,state,HI,HI,L,L,0.0,False,0.0,:,,False,0.0,False,False,0.0
w2_2026_000236_scan_hard_02,w2,hard,employer_state_id,HI-2812519,HI2812519,2812519,2812519,8.0,False,87.5,[H4-281251E ....................,H4281251E,False,77.78,False,False,87.5
w2_2026_000236_scan_hard_02,w2,hard,state_wages,"67,929.09",67929.09,7.88.00,7.88,35.0,False,33.33,"67,929.09",67929.09,True,100.0,True,True,100.0
w2_2026_000236_scan_hard_02,w2,hard,state_income_tax,"1,410.80",1410.80,1410.80),1410.80,51.0,True,100.0,"1,410.80",1410.80,True,100.0,False,True,100.0
w2_2026_000237_scan_mild_01,w2,mild,employee_ssn,000-73-7204,000737204,727208 S0SEC,727208505,0.0,False,44.44,000-73-7264'S SOCIAT SECURNA PURNARY,00073726455015,False,69.57,True,False,69.57
w2_2026_000237_scan_mild_01,w2,mild,employer_ein,00-6892681,006892681,ST,5,14.0,False,0.0,RECEIPT FORNITION NUMBER EM) ************,101108,False,40.0,True,False,40.0
w2_2026_000237_scan_mild_01,w2,mild,control_number,W2-2026-000237,W22026000237,W008-000007,W008000007,0.0,False,54.55,**,,False,0.0,False,False,54.55
w2_2026_000237_scan_mild_01,w2,mild,employee_last_name,NEAL,NEAL,NEAL,NEAL,96.0,True,100.0,NEAL AND ONCLUSIVE,NEAL AND ONCLUSIVE,False,36.36,False,True,100.0
w2_2026_000237_scan_mild_01,w2,mild,wages,"36,077.80",36077.80,607780,607780.00,47.0,False,70.59,"1 WAGES, UPS, OTHER COME AGA077.80",1655006077.80,False,66.67,False,False,70.59
w2_2026_000237_scan_mild_01,w2,mild,federal_tax_withheld,"5,114.03",5114.03,5.41409,5.41,60.0,False,36.36,"2 FEDERAL INCOME TAX WILL 5,114.03",201101115114.03,False,63.64,True,False,63.64
w2_2026_000237_scan_mild_01,w2,mild,social_security_wages,"36,077.80",36077.80,"3 36,077.80",336077.80,46.0,False,94.12,"3 SOCIAL SECURNY WAVES 36,077.80",350115536077.80,False,69.57,False,False,94.12
w2_2026_000237_scan_mild_01,w2,mild,social_security_tax_withheld,"2,236.82",2236.82,5 2236.82,52236.82,27.5,False,93.33,"4 SOCIAL SECURNY TAX WITH 2,236.82",45011512236.82,False,66.67,False,False,93.33
w2_2026_000237_scan_mild_01,w2,mild,medicare_wages,"36,077.80",36077.80,3607780,3607780.00,29.0,False,77.78,"6 MEDICARE WAGES AND 36,077.80",60165036077.80,False,72.73,False,False,77.78
w2_2026_000237_scan_mild_01,w2,mild,medicare_tax_withheld,523.13,523.13,593.13,593.13,68.0,False,83.33,6 MEDICARE TAX WITHEN 523.13,6011523.13,False,75.0,False,False,83.33
w2_2026_000237_scan_mild_01,w2,mild,state,NE,NE,N,N,0.0,False,66.67,=,,False,0.0,False,False,66.67
w2_2026_000237_scan_mild_01,w2,mild,employer_state_id,NE-4784650,NE4784650,E7650,E7650,0.0,False,71.43,ONE 4784650 .................................,ONE4784650,False,94.74,True,False,94.74
w2_2026_000237_scan_mild_01,w2,mild,state_wages,"36,077.80",36077.80,"36,077.80",36077.80,32.0,True,100.0,"36,077.80",36077.80,True,100.0,False,True,100.0
w2_2026_000237_scan_mild_01,w2,mild,state_income_tax,"1,717.95",1717.95,,,0.0,False,0.0,1717.95,1717.95,True,100.0,True,True,100.0
w2_2026_000243_scan_mild_01,w2,mild,employee_ssn,000-63-9773,000639773,J-38773 SSUUIISUUMU,3877355115,0.0,False,42.11,000-53-97/3 SECNARY INVOICE,000539735101,False,66.67,True,False,66.67
w2_2026_000243_scan_mild_01,w2,mild,employer_ein,00-8966231,008966231,00-BG5O IANMEEIN,00865011,0.0,False,58.82,00-6508/1 DEMMARY NUMBER (RM),006508108,False,44.44,False,False,58.82
w2_2026_000243_scan_mild_01,w2,mild,control_number,W2-2026-000243,W22026000243,W22026-000243,W22026000243,0.0,True,100.0,"$2,238-0028",22380028,False,50.0,False,True,100.0
w2_2026_000243_scan_mild_01,w2,mild,employee_last_name,MEDINA,MEDINA,MEDINA,MEDINA,96.0,True,100.0,MEDINA,MEDINA,True,100.0,False,True,100.0
w2_2026_000243_scan_mild_01,w2,mild,wages,"97,455.43",97455.43,975543),975543.00,45.0,False,70.59,"* WAVES, UPS, UNCH 00' 97,455.43",550097455.43,False,80.0,True,False,80.0
w2_2026_000243_scan_mild_01,w2,mild,federal_tax_withheld,"22,932.52",22932.52,"22,932.52",22932.52,0.0,True,100.0,"- REGULAR INCLUSIVE TAX: 22,932.52",-61115122932.52,False,69.57,False,True,100.0
w2_2026_000243_scan_mild_01,w2,mild,state,KS,KS,IK,IK,0.0,False,50.0,[KSL],KSL,False,80.0,True,False,80.0
w2_2026_000243_scan_mild_01,w2,mild,employer_state_id,KS-7623718,KS7623718,K7718,K7718,0.0,False,71.43,IKS-7623718 .................................,IKS7623718,False,94.74,True,False,94.74
w2_2026_000243_scan_mild_01,w2,mild,state_wages,"97,455.43",97455.43,"97,485.43",97485.43,46.0,False,87.5,"97,455.43",97455.43,True,100.0,True,True,100.0
w2_2026_000243_scan_mild_01,w2,mild,state_income_tax,"3,735.68",3735.68,"3,735.68)",3735.68,31.0,True,100.0,"........3,735.68",0.37,False,36.36,False,True,100.0
w2_2026_000237_scan_hard_02,w2,hard,employee_ssn,000-73-7204,000737204,00-73-7208 2 PS,0073720825,13.0,False,73.68,000-73-7264 SUMMARY MONMARY,00073726450,False,80.0,True,False,80.0
w2_2026_000237_scan_hard_02,w2,hard,employer_ein,00-6892681,006892681,0 8 P -,08,15.5,False,36.36,***,,False,0.0,False,False,36.36
w2_2026_000237_scan_hard_02,w2,hard,control_number,W2-2026-000237,W22026000237,20007 AOCY-AS Y,20007AOCYASY,0.0,False,41.67,***,,False,0.0,False,False,41.67
w2_2026_000237_scan_hard_02,w2,hard,employee_last_name,NEAL,NEAL,NEAL,NEAL,96.0,True,100.0,NEAL (RM),NEAL RM,False,72.73,False,True,100.0
w2_2026_000237_scan_hard_02,w2,hard,wages,"36,077.80",36077.80,38.077.80),38.08,0.0,False,46.15,"- 36,077.80",-36077.80,False,94.12,True,False,94.12
w2_2026_000237_scan_hard_02,w2,hard,federal_tax_withheld,"5,114.03",5114.03,8.14083),8.14,49.0,False,36.36,- 5.114.03,-5.11,False,50.0,True,False,50.0
w2_2026_000237_scan_hard_02,w2,hard,social_security_wages,"36,077.80",36077.80,"38,077.80",38077.80,55.0,False,87.5,"- 56,077.80",-56077.80,False,82.35,False,False,87.5
w2_2026_000237_scan_hard_02,w2,hard,medicare_tax_withheld,523.13,523.13,888.13),888.13,28.0,False,50.0,523.13,523.13,True,100.0,True,True,100.0
w2_2026_000237_scan_hard_02,w2,hard,state,NE,NE,NE,NE,63.0,True,100.0,=,,False,0.0,False,True,100.0
w2_2026_000237_scan_hard_02,w2,hard,employer_state_id,NE-4784650,NE4784650,NEA76SO,NEA76SO,0.0,False,50.0,ONE-4764650 .................................,ONE4764650,False,84.21,True,False,84.21
w2_2026_000237_scan_hard_02,w2,hard,state_wages,"36,077.80",36077.80,"88,077.80",88077.80,46.0,False,75.0,"36,077.80",36077.80,True,100.0,True,True,100.0
w2_2026_000237_scan_hard_02,w2,hard,state_income_tax,"1,717.95",1717.95,17.96,17.96,44.0,False,66.67,1.717.95,1.72,False,36.36,False,False,66.67
w2_2026_000250_scan_mild_01,w2,mild,employee_ssn,000-76-7126,000767126,0-76-7125 SSOCISC,076712555015,0.0,False,57.14,000-76-7126E S SOCIAR SECURNY NUMBER,000767126550158,False,75.0,True,False,75.0
w2_2026_000250_scan_mild_01,w2,mild,employer_ein,00-1942977,001942977,2 MDEIN,201,7.0,False,33.33,OF EXPLOY REMIPTECTION NUMBER (EN) ************,0101108,False,37.5,True,False,37.5
w2_2026_000250_scan_mild_01,w2,mild,control_number,W2-2026-000250,W22026000250,W2026-000250-,W2026000250,0.0,False,95.65,WE-2%,WE2,False,26.67,False,False,95.65
w2_2026_000250_scan_mild_01,w2,mild,employee_last_name,CAMPBELL,CAMPBELL,CAMPBELL,CAMPBELL,96.0,True,100.0,CAMPBELL,CAMPBELL,True,100.0,False,True,100.0
w2_2026_000250_scan_mild_01,w2,mild,wages,"129,498.65",129498.65,"129,498.65",129498.65,53.0,True,100.0,"1 WAGES, UPS, UNCH 009,498.65",1655009498.65,False,72.73,False,True,100.0
w2_2026_000250_scan_mild_01,w2,mild,federal_tax_withheld,"23,735.65",23735.65,2373555,2373555.00,18.0,False,66.67,"2 REGULAR INCLUSIVE 18% *** 23,735.65",26111511823735.65,False,64.0,False,False,66.67
w2_2026_000250_scan_mild_01,w2,mild,social_security_tax_withheld,"8,028.92",8028.92,8028.92,8028.92,64.0,True,100.0,"* SODIAR SECURNY TAX WITH 8,028.92",5001518028.92,False,70.0,False,True,100.0
w2_2026_000250_scan_mild_01,w2,mild,medicare_tax_withheld,"1,877.73",1877.73,1 877.73,1877.73,63.5,True,100.0,"PLEULAR: ** ******** 1,877.73",111877.73,False,87.5,False,True,100.0
w2_2026_000250_scan_mild_01,w2,mild,state,SC,SC,,,0.0,False,0.0,SC 1,SC,True,100.0,True,True,100.0
w2_2026_000250_scan_mild_01,w2,mild,employer_state_id,SC-9502613,SC9502613,J,J,0.0,False,0.0,[SC-8502613 .................................,SC8502613,False,88.89,True,False,88.89
w2_2026_000250_scan_mild_01,w2,mild,state_wages,"129,498.65",129498.65,"129,498.65.",129498.65,45.0,True,100.0,"129,498.65",129498.65,True,100.0,False,True,100.0
w2_2026_000250_scan_mild_01,w2,mild,state_income_tax,"1,581.93",1581.93,1581.99),1581.99,11.0,False,85.71,"1,581.93",1581.93,True,100.0,True,True,100.0
w2_2026_000243_scan_hard_02,w2,hard,employee_ssn,000-63-9773,000639773,77,77,0.0,False,36.36,000 69-0775,000690775,False,77.78,True,False,77.78
w2_2026_000243_scan_hard_02,w2,hard,employer_ein,00-8966231,008966231,DS O - - S,0505,6.0,False,30.77,***,,False,0.0,False,False,30.77
w2_2026_000243_scan_hard_02,w2,hard,control_number,W2-2026-000243,W22026000243,W20008,W20008,0.0,False,55.56,WWW.,WWW,False,13.33,False,False,55.56
w2_2026_000243_scan_hard_02,w2,hard,employee_last_name,MEDINA,MEDINA,MEDINA »,MEDINA,67.0,True,100.0,MEDNA,MEDNA,False,90.91,False,True,100.0
w2_2026_000243_scan_hard_02,w2,hard,federal_tax_withheld,"22,932.52",22932.52,2,2.00,14.0,False,33.33,22982.52,22982.52,False,87.5,True,False,87.5
w2_2026_000243_scan_hard_02,w2,hard,social_security_wages,"97,455.43",97455.43,"97,466.43",97466.43,37.0,False,75.0,"97,455.43",97455.43,True,100.0,True,True,100.0
w2_2026_000243_scan_hard_02,w2,hard,social_security_tax_withheld,"6,042.24",6042.24,1,1.00,21.0,False,18.18,6.042.24,6.04,False,54.55,True,False,54.55
w2_2026_000243_scan_hard_02,w2,hard,medicare_wages,"97,455.43",97455.43,-,-,0.0,False,0.0,"97,455.43",97455.43,True,100.0,True,True,100.0
w2_2026_000243_scan_hard_02,w2,hard,medicare_tax_withheld,"1,413.10",1413.10,10,10.00,0.0,False,50.0,1413.10,1413.10,True,100.0,True,True,100.0
w2_2026_000243_scan_hard_02,w2,hard,state,KS,KS,I,I,0.0,False,0.0,:,,False,0.0,False,False,0.0
w2_2026_000243_scan_hard_02,w2,hard,employer_state_id,KS-7623718,KS7623718,,,0.0,False,0.0,(KS-7623718,KS7623718,True,100.0,True,True,100.0
w2_2026_000243_scan_hard_02,w2,hard,state_wages,"97,455.43",97455.43,97.455 43,97.46,43.0,False,61.54,"97,455.43",97455.43,True,100.0,True,True,100.0
w2_2026_000243_scan_hard_02,w2,hard,state_income_tax,"3,735.68",3735.68,888,888.00,42.0,False,15.38,"3,735.68",3735.68,True,100.0,True,True,100.0
w2_2026_000250_scan_hard_02,w2,hard,employee_ssn,000-76-7126,000767126,000 S0CISECUN,0005015,35.5,False,50.0,000-76-7125 S SOCAR SECANY NUMBER,00076712555058,False,69.57,True,False,69.57
w2_2026_000250_scan_hard_02,w2,hard,employer_ein,00-1942977,001942977,SS,55,18.0,False,0.0,RECEIPT CONDITION NUMBER EN),1001108,False,37.5,True,False,37.5
w2_2026_000250_scan_hard_02,w2,hard,control_number,W2-2026-000250,W22026000250,RR,RR,19.0,False,0.0,***,,False,0.0,False,False,0.0
w2_2026_000250_scan_hard_02,w2,hard,employee_last_name,CAMPBELL,CAMPBELL,CAMPBELL,CAMPBELL,96.0,True,100.0,CAMPBELL,CAMPBELL,True,100.0,False,True,100.0
w2_2026_000250_scan_hard_02,w2,hard,wages,"129,498.65",129498.65,98.65,98.65,9.0,False,71.43,"1 WAGES, UPS. COMP C29,498.65",1655.03,False,37.5,False,False,71.43
w2_2026_000250_scan_hard_02,w2,hard,federal_tax_withheld,"23,735.65",23735.65,"23,735.65",23735.65,58.0,True,100.0,"2 REGINAL INCOME TAX: 23,735.65",26111023735.65,False,72.73,False,True,100.0
w2_2026_000250_scan_hard_02,w2,hard,social_security_tax_withheld,"8,028.92",8028.92,30$4 028.92,304028.92,14.5,False,75.0,"4 SOCIAR SECURNY TAX WITH 8,028.92",4501518028.92,False,70.0,False,False,75.0
w2_2026_000250_scan_hard_02,w2,hard,medicare_wages,"129,498.65",129498.65,"139,498.65",139498.65,28.0,False,88.89,"6 MECHANG MAYS - 129,498.65",665-129498.65,False,81.82,False,False,88.89
w2_2026_000250_scan_hard_02,w2,hard,medicare_tax_withheld,"1,877.73",1877.73,"1,877.73",1877.73,65.0,True,100.0,"O MEDICATE TAX ******** 1,877.73",11877.73,False,93.33,False,True,100.0
w2_2026_000250_scan_hard_02,w2,hard,state,SC,SC,I,I,0.0,False,0.0,SC 1,SC,True,100.0,True,True,100.0
w2_2026_000250_scan_hard_02,w2,hard,employer_state_id,SC-9502613,SC9502613,,,0.0,False,0.0,ISC-9502613,ISC9502613,False,94.74,True,False,94.74
w2_2026_000250_scan_hard_02,w2,hard,state_wages,"129,498.65",129498.65,12949885,12949885.00,21.0,False,70.0,"129,498.65",129498.65,True,100.0,True,True,100.0
w2_2026_000250_scan_hard_02,w2,hard,state_income_tax,"1,581.93",1581.93,1581.99),1581.99,0.0,False,85.71,"1,581.93",1581.93,True,100.0,True,True,100.0
1099_nec_2026_000008_scan_mild_01,1099_nec,mild,payer_state,UT,UT,UT UPIUVIILS,UTUPIUVIILS,37.5,False,30.77,STATE OR PROVINCE,STATEORPROVINCE,False,11.76,False,False,30.77
1099_nec_2026_000008_scan_mild_01,1099_nec,mild,payer_zip,78640,78640,0,0,44.0,False,33.33,78640 TORSIGN POSTAL CODE |,786400516051001,False,50.0,True,False,50.0
1099_nec_2026_000008_scan_mild_01,1099_nec,mild,payer_tin,00-9344531,009344531,00-9944531,009944531,36.0,False,88.89,00-934531,00934531,False,94.12,True,False,94.12
1099_nec_2026_000008_scan_mild_01,1099_nec,mild,recipient_state,IN,IN,VIVVV,VIVVV,0.0,False,28.57,STATE OR PROUNCE,STATEORPROUNCE,False,12.5,False,False,28.57
1099_nec_2026_000008_scan_mild_01,1099_nec,mild,recipient_zip,03519,03519,osstg ae,0556,11.0,False,44.44,03519 TORSIGN POSTAL CODE |,035190516051001,False,50.0,True,False,50.0
1099_nec_2026_000008_scan_mild_01,1099_nec,mild,nonemployee_compensation,"137,614.29",137614.29,"$ 137,614.29",137614.29,60.5,True,100.0,SR: 13761429,513761429.00,False,76.19,False,True,100.0
1099_nec_2026_000008_scan_mild_01,1099_nec,mild,account_number,NEC-2026-000008,NEC2026000008,NEC-2026-000008,NEC2026000008,16.0,True,100.0,RECEIPT CODE:,RECEIPTCODE,False,16.67,False,True,100.0
1099_nec_2026_000008_scan_mild_01,1099_nec,mild,state_tax_withheld,"2,638.77",2638.77,$2698.77,2698.77,57.0,False,85.71,"$ 2,638.77",2638.77,True,100.0,True,True,100.0
1099_nec_2026_000008_scan_mild_01,1099_nec,mild,state_payer_number,IN-1592554,IN1592554,IN92556,IN92556,0.0,False,75.0,IN-1592554,IN1592554,True,100.0,True,True,100.0
1099_nec_2026_000008_scan_mild_01,1099_nec,mild,state_income,"137,614.29",137614.29,"$137,614.29",137614.29,31.0,True,100.0,"$ 137,614.29",137614.29,True,100.0,False,True,100.0
1099_nec_2026_000011_scan_mild_01,1099_nec,mild,payer_city,JONESLAND,JONESLAND,Why vi wry JONESLAND,WHY VI WRY JONESLAND,68.75,False,62.07,JONESLAND,JONESLAND,True,100.0,True,True,100.0
1099_nec_2026_000011_scan_mild_01,1099_nec,mild,payer_state,MN,MN,LL,LL,1.0,False,0.0,MATE OF PROVINCE,MATEOFPROVINCE,False,25.0,True,False,25.0
1099_nec_2026_000011_scan_mild_01,1099_nec,mild,payer_zip,44215,44215,44215 were! Vevuiwe: vwww,442151,32.75,False,90.91,44215 TORSIGN POSTAL CODE,44215051605100,False,52.63,False,False,90.91
1099_nec_2026_000011_scan_mild_01,1099_nec,mild,recipient_name,BRIANNA YATES,BRIANNA YATES,BRIANNA YATES _ :,BRIANNA YATES,63.0,True,100.0,BKAWAYES,BKAWAYES,False,57.14,False,True,100.0
1099_nec_2026_000011_scan_mild_01,1099_nec,mild,recipient_city,JACKIEPORT,JACKIEPORT,JACKIEPORT,JACKIEPORT,89.0,True,100.0,JACKERORT SUMMARY,JACKERORT SUMMARY,False,59.26,False,True,100.0
1099_nec_2026_000011_scan_mild_01,1099_nec,mild,recipient_state,OH,OH,OH W Y WV,OHWYWV,13.25,False,50.0,DATE OF PROVNICE,DATEOFPROVNICE,False,12.5,False,False,50.0
1099_nec_2026_000011_scan_mild_01,1099_nec,mild,recipient_zip,36028,36028,08,08,35.0,False,57.14,36028 TORSIGN POSTAL CODE,36028051605100,False,52.63,False,False,57.14
1099_nec_2026_000011_scan_mild_01,1099_nec,mild,federal_income_tax_withheld,0.00,0.00,. 0.00,0.00,68.5,True,100.0,$,,False,0.0,False,True,100.0
1099_nec_2026_000011_scan_mild_01,1099_nec,mild,state_tax_withheld,0.00,0.00,$00,0.00,56.0,True,100.0,$,,False,0.0,False,True,100.0
1099_nec_2026_000011_scan_mild_01,1099_nec,mild,state_payer_number,OH-2194801,OH2194801,OH201,OH201,0.0,False,71.43,OH-2194801,OH2194801,True,100.0,True,True,100.0
1099_nec_2026_000011_scan_mild_01,1099_nec,mild,state_income,"54,520.35",54520.35,"$54,520.35)",54520.35,14.0,True,100.0,"$ 54,520.35",54520.35,True,100.0,False,True,100.0
1099_nec_2026_000008_scan_hard_02,1099_nec,hard,payer_state,UT,UT,LS,LS,22.0,False,0.0,SALE OF PROUNCE,SALEOFPROUNCE,False,13.33,True,False,13.33
1099_nec_2026_000008_scan_hard_02,1099_nec,hard,payer_zip,78640,78640,78600,78600,34.0,False,80.0,78640 TOREN POSTAL CODE,78640005100,False,62.5,False,False,80.0
1099_nec_2026_000008_scan_hard_02,1099_nec,hard,payer_tin,00-9344531,009344531,00-9044531,009044531,15.0,False,88.89,00-804591,00804591,False,58.82,False,False,88.89
1099_nec_2026_000008_scan_hard_02,1099_nec,hard,recipient_tin,000-47-5250,000475250,000-47-5250,000475250,8.0,True,100.0,000-47-920,00047920,False,82.35,False,True,100.0
1099_nec_2026_000008_scan_hard_02,1099_nec,hard,recipient_name,MARISSA BENNETT,MARISSA BENNETT,MCUMICN! > nane MARISSA BENNETT,MCUMICN NANE MARISSA BENNETT,66.0,False,69.77,MASKET SUMMARY,MASKET SUMMARY,False,34.48,False,False,69.77
1099_nec_2026_000008_scan_hard_02,1099_nec,hard,recipient_city,SOUTH DARLENEHAVEN,SOUTH DARLENEHAVEN,sours DARLENEHAVEN |,SOURS DARLENEHAVEN,65.33,False,88.89,SOUTH BANDLEHAWEN |,SOUTH BANDLEHAWEN,False,74.29,False,False,88.89
1099_nec_2026_000008_scan_hard_02,1099_nec,hard,recipient_state,IN,IN,LS,LS,6.0,False,0.0,SALE OF PROUNCE,SALEOFPROUNCE,False,13.33,True,False,13.33
1099_nec_2026_000008_scan_hard_02,1099_nec,hard,recipient_zip,03519,03519,oasis Eee,0515,15.0,False,66.67,69519 PERON POSTAL CODE,69519005100,False,37.5,False,False,66.67
1099_nec_2026_000008_scan_hard_02,1099_nec,hard,federal_income_tax_withheld,0.00,0.00,4 0.00,40.00,37.5,False,88.89,SR: 00,500.00,False,80.0,False,False,88.89
1099_nec_2026_000008_scan_hard_02,1099_nec,hard,account_number,NEC-2026-000008,NEC2026000008,PATER YE7,PATERYE7,0.0,False,9.52,RECEIPT CODEBOOK:,RECEIPTCODEBOOK,False,14.29,True,False,14.29
1099_nec_2026_000008_scan_hard_02,1099_nec,hard,state_tax_withheld,"2,638.77",2638.77,$8.77,8.77,17.0,False,72.73,"$ 2,638.77",2638.77,True,100.0,True,True,100.0
1099_nec_2026_000008_scan_hard_02,1099_nec,hard,state_payer_number,IN-1592554,IN1592554,IN-1592564 -4,IN15925644,0.0,False,84.21,IN-1592554,IN1592554,True,100.0,True,True,100.0
1099_nec_2026_000008_scan_hard_02,1099_nec,hard,state_income,"137,614.29",137614.29,"$187,61429",18761429.00,0.0,False,70.0,$ 13761429,13761429.00,False,80.0,True,False,80.0
1099_nec_2026_000021_scan_mild_01,1099_nec,mild,payer_state,FL,FL,PR,PR,13.0,False,0.0,PLEASE OF PROVINCE,PLEASEOFPROVINCE,False,11.11,True,False,11.11
1099_nec_2026_000021_scan_mild_01,1099_nec,mild,payer_zip,00659,00659,0689 owe wy pyvewi vwvus,0689015,30.4,False,50.0,60659 TORSIGN POSTAL CODE,60659051605100,False,42.11,False,False,50.0
1099_nec_2026_000021_scan_mild_01,1099_nec,mild,recipient_state,LA,LA,WW,WW,0.0,False,0.0,TABLE OF PROVINCE,TABLEOFPROVINCE,False,11.76,True,False,11.76
1099_nec_2026_000021_scan_mild_01,1099_nec,mild,recipient_zip,47334,47334,47394 owe wrt s pews www,47394055,40.17,False,61.54,47334 TORELON POSTAL CODE,4733401005100,False,55.56,False,False,61.54
1099_nec_2026_000021_scan_mild_01,1099_nec,mild,federal_income_tax_withheld,"2,591.95",2591.95,2591.95,2591.95,68.0,True,100.0,$ ******** 2.59195,2.59,False,54.55,False,True,100.0
1099_nec_2026_000021_scan_mild_01,1099_nec,mild,account_number,NEC-2026-000021,NEC2026000021,NEC-2026-000021-,NEC2026000021,0.0,True,100.0,INEC: 2028-00021-17-17-17-12-12-1203,INEC20280002117171712121203,False,55.0,False,True,100.0
1099_nec_2026_000021_scan_mild_01,1099_nec,mild,state_tax_withheld,"2,715.34",2715.34,$1884,1884.00,26.0,False,28.57,$ 2.715.34,2.72,False,36.36,True,False,36.36
1099_nec_2026_000021_scan_mild_01,1099_nec,mild,state_payer_number,LA-9064202,LA9064202,A06202,A06202,0.0,False,80.0,LA-9064202,LA9064202,True,100.0,True,True,100.0
1099_nec_2026_000021_scan_mild_01,1099_nec,mild,state_income,"86,506.75",86506.75,"$86,506.75",86506.75,37.0,True,100.0,"$ 86,506.75",86506.75,True,100.0,False,True,100.0
1099_nec_2026_000011_scan_hard_02,1099_nec,hard,payer_name,RIDDLE-HAMILTON,RIDDLE HAMILTON,PAYER’S name RIDOLE -HAMIL TON EEE eee,PAYER S NAME RIDOLE HAMIL TON EEE EEE,63.43,False,53.85,***,,False,0.0,False,False,53.85
1099_nec_2026_000011_scan_hard_02,1099_nec,hard,payer_state,MN,MN,MMR,MMR,0.0,False,40.0,SR:,SR,False,0.0,False,False,40.0
1099_nec_2026_000011_scan_hard_02,1099_nec,hard,payer_zip,44215,44215,2,2,0.0,False,33.33,SR:,5,False,33.33,False,False,33.33
1099_nec_2026_000011_scan_hard_02,1099_nec,hard,payer_tin,00-5933359,005933359,PATIGNS,165,0.0,False,16.67,:,,False,0.0,False,False,16.67
1099_nec_2026_000011_scan_hard_02,1099_nec,hard,recipient_tin,000-69-2929,000692929,-C,,0.0,False,0.0,....,,False,0.0,False,False,0.0
1099_nec_2026_000011_scan_hard_02,1099_nec,hard,recipient_name,BRIANNA YATES,BRIANNA YATES,BRIANNA YATES =,BRIANNA YATES,65.0,True,100.0,SR:,SR,False,13.33,False,True,100.0
1099_nec_2026_000011_scan_hard_02,1099_nec,hard,recipient_city,JACKIEPORT,JACKIEPORT,| | City or town rrr Ft eae,CITY OR TOWN RRR FT EAE,57.12,False,30.3,SR*,SR,False,16.67,False,False,30.3
1099_nec_2026_000011_scan_hard_02,1099_nec,hard,recipient_state,OH,OH,TS,TS,0.0,False,0.0,SR:,SR,False,0.0,False,False,0.0
1099_nec_2026_000011_scan_hard_02,1099_nec,hard,recipient_zip,36028,36028,,,0.0,False,0.0,***,,False,0.0,False,False,0.0
1099_nec_2026_000011_scan_hard_02,1099_nec,hard,nonemployee_compensation,"54,520.35",54520.35,.,.,0.0,False,22.22,SR:,5.00,False,33.33,True,False,33.33
1099_nec_2026_000011_scan_hard_02,1099_nec,hard,federal_income_tax_withheld,0.00,0.00,a oe,0.00,24.0,True,100.0,:,,False,0.0,False,True,100.0
1099_nec_2026_000011_scan_hard_02,1099_nec,hard,account_number,NEC-2026-000011,NEC2026000011,5,5,0.0,False,0.0,CASHIER,CASHIER,False,10.0,True,False,10.0
1099_nec_2026_000011_scan_hard_02,1099_nec,hard,state_tax_withheld,0.00,0.00,$. - -,.--,33.0,False,28.57,$ 00,0.00,True,100.0,True,True,100.0
1099_nec_2026_000011_scan_hard_02,1099_nec,hard,state_payer_number,OH-2194801,OH2194801,CC,CC,6.0,False,0.0,OH219481,OH219481,False,94.12,True,False,94.12
1099_nec_2026_000011_scan_hard_02,1099_nec,hard,state_income,"54,520.35",54520.35,$8482035,8482035.00,0.0,False,55.56,$ 54.520.35,54.52,False,61.54,True,False,61.54
1099_nec_2026_000031_scan_mild_01,1099_nec,mild,payer_name,JENKINS-BELL,JENKINS BELL,JENKINS-BELL,JENKINS BELL,66.0,True,100.0,JAWNS-BL,JAWNS BL,False,60.0,False,True,100.0
1099_nec_2026_000031_scan_mild_01,1099_nec,mild,payer_city,MEGANCHESTER,MEGANCHESTER,MEGANCHESTER,MEGANCHESTER,93.0,True,100.0,MECANCHESTER,MECANCHESTER,False,91.67,False,True,100.0
1099_nec_2026_000031_scan_mild_01,1099_nec,mild,payer_state,SC,SC,SC W W,SCWW,9.33,False,66.67,SALE OF PROVINCE,SALEOFPROVINCE,False,25.0,False,False,66.67
1099_nec_2026_000031_scan_mild_01,1099_nec,mild,payer_zip,37626,37626,376,376,39.0,False,75.0,57626 TORSIGN POSTAL CODE,57626051605100,False,42.11,False,False,75.0
1099_nec_2026_000031_scan_mild_01,1099_nec,mild,recipient_state,AS,AS,SY,SY,8.0,False,50.0,LASATE OF PROVINCE,LASATEOFPROVINCE,False,22.22,False,False,50.0
1099_nec_2026_000031_scan_mild_01,1099_nec,mild,recipient_zip,04778,04778,04778 OO WHOIS PO WW ww ee,04778000150,38.0,False,62.5,0478 TORSIGN POSTAL CODE,0478051605100,False,44.44,False,False,62.5
1099_nec_2026_000031_scan_mild_01,1099_nec,mild,state_tax_withheld,0.00,0.00,$00,0.00,55.0,True,100.0,$ 0.00,0.00,True,100.0,False,True,100.0
1099_nec_2026_000031_scan_mild_01,1099_nec,mild,state_payer_number,AS-1910586,AS1910586,AS91056,AS91056,56.0,False,87.5,AS-1910586,AS1910586,True,100.0,True,True,100.0
1099_nec_2026_000031_scan_mild_01,1099_nec,mild,state_income,"135,839.19",135839.19,"$185,839.19",185839.19,0.0,False,88.89,"$ 135,839.19",135839.19,True,100.0,True,True,100.0
1099_nec_2026_000021_scan_hard_02,1099_nec,hard,payer_name,RIVERA-MOORE,RIVERA MOORE,| RIVERA-MOORE Oe ee Eee,RIVERA MOORE OE EE EEE,59.8,False,70.59,WWWWWWWWWWWWWWWWWWWWWW,WWWWWWWWWWWWWWWWWWWWWW,False,0.0,False,False,70.59
1099_nec_2026_000021_scan_hard_02,1099_nec,hard,payer_state,FL,FL,RS,RS,0.0,False,0.0,FACE OF PROUNCE,FACEOFPROUNCE,False,13.33,True,False,13.33
1099_nec_2026_000021_scan_hard_02,1099_nec,hard,payer_zip,00659,00659,cess mwrstyi PYsidl COUS,5551510105,18.25,False,40.0,GOESS FOREIGN POSTAL CODE,605501605100,False,47.06,True,False,47.06
1099_nec_2026_000021_scan_hard_02,1099_nec,hard,recipient_street,4361 JACKSON CREEK,4361 JACKSON CREEK,reams CREEK,REAMS CREEK,62.5,False,55.17,4617ACKSON CHEEK,4617ACKSON CHEEK,False,82.35,True,False,82.35
1099_nec_2026_000021_scan_hard_02,1099_nec,hard,recipient_city,NORTH STEPHANIE,NORTH STEPHANIE,wity UI BWI Fan a | NORTH STEPHANIE ' Gite a Eo :,WITY UI BWI FAN A NORTH STEPHANIE GITE A EO,51.77,False,51.72,NOM-STEPANE |,NOM STEPANE,False,76.92,True,False,76.92
1099_nec_2026_000021_scan_hard_02,1099_nec,hard,recipient_state,LA,LA,CC,CC,0.0,False,0.0,TABLE OF PROUNCE,TABLEOFPROUNCE,False,12.5,True,False,12.5
1099_nec_2026_000021_scan_hard_02,1099_nec,hard,recipient_zip,47334,47334,a7: ~~ wry Vvotd vvue,700,28.0,False,25.0,47394 TORSIGN POSTAL CODE,47394051605100,False,42.11,True,False,42.11
1099_nec_2026_000021_scan_hard_02,1099_nec,hard,nonemployee_compensation,"86,506.75",86506.75,"$ 2 86,506.75",286506.75,48.67,False,94.12,SR: 006.75,5006.75,False,80.0,False,False,94.12
1099_nec_2026_000021_scan_hard_02,1099_nec,hard,federal_income_tax_withheld,"2,591.95",2591.95,", 1 3591 95",1359195.00,30.75,False,58.82,SR:,5.00,False,36.36,False,False,58.82
1099_nec_2026_000021_scan_hard_02,1099_nec,hard,account_number,NEC-2026-000021,NEC2026000021,IUULUUTTS,IUULUUTTS,0.0,False,0.0,SEE: 2829-2062-12-20-20-20,SEE2829206212202020,False,43.75,True,False,43.75
1099_nec_2026_000021_scan_hard_02,1099_nec,hard,state_tax_withheld,"2,715.34",2715.34,$284,284.00,12.0,False,30.77,$ 2715.34,2715.34,True,100.0,True,True,100.0
1099_nec_2026_000021_scan_hard_02,1099_nec,hard,state_payer_number,LA-9064202,LA9064202,L,L,0.0,False,20.0,LA-9064202,LA9064202,True,100.0,True,True,100.0
1099_nec_2026_000021_scan_hard_02,1099_nec,hard,state_income,"86,506.75",86506.75,$9650675,9650675.00,0.0,False,66.67,"$ 66,506.75",66506.75,False,87.5,True,False,87.5
1099_nec_2026_000032_scan_mild_01,1099_nec,mild,payer_state,FL,FL,FR,FR,21.0,False,50.0,PLEASE OR PROVINCE,PLEASEORPROVINCE,False,11.11,False,False,50.0
1099_nec_2026_000032_scan_mild_01,1099_nec,mild,payer_zip,49575,49575,49575 Sees.,4957555,54.5,False,83.33,49575 TOREGN POSTAL CODE,495750605100,False,58.82,False,False,83.33
1099_nec_2026_000032_scan_mild_01,1099_nec,mild,recipient_state,VA,VA,VA AONNN,VAAONNN,39.5,False,44.44,DATE OF PROWNCE,DATEOFPROWNCE,False,13.33,False,False,44.44
1099_nec_2026_000032_scan_mild_01,1099_nec,mild,recipient_zip,23270,23270,0,0,0.0,False,33.33,"23270 ""OREIGN POSTAL CODE",2327001605100,False,55.56,True,False,55.56
1099_nec_2026_000032_scan_mild_01,1099_nec,mild,federal_income_tax_withheld,0.00,0.00,. 0.00,0.00,66.0,True,100.0,$ 6.00,6.00,False,75.0,False,True,100.0
1099_nec_2026_000032_scan_mild_01,1099_nec,mild,account_number,NEC-2026-000032,NEC2026000032,NEC-2026-000032,NEC2026000032,30.0,True,100.0,INEC 2026-00032-1 VEGET (RM),INEC2026000321VEGETRM,False,70.59,False,True,100.0
1099_nec_2026_000032_scan_mild_01,1099_nec,mild,state_tax_withheld,0.00,0.00,$00,0.00,52.0,True,100.0,$ 0.00,0.00,True,100.0,False,True,100.0
1099_nec_2026_000032_scan_mild_01,1099_nec,mild,state_payer_number,VA-4720299,VA4720299,VA-47202090,VA47202090,0.0,False,84.21,VA-4720299,VA4720299,True,100.0,True,True,100.0
1099_nec_2026_000032_scan_mild_01,1099_nec,mild,state_income,"144,652.96",144652.96,"$144,652.96",144652.96,42.0,True,100.0,"$ 44,652.96",44652.96,False,94.12,False,True,100.0
1099_nec_2026_000031_scan_hard_02,1099_nec,hard,payer_name,JENKINS-BELL,JENKINS BELL,| PATE o naine eae,PATE O NAINE EAE,42.0,False,42.86,EXCHANGE:,EXCHANGE,False,30.0,False,False,42.86
1099_nec_2026_000031_scan_hard_02,1099_nec,hard,payer_state,SC,SC,EG,EG,4.0,False,0.0,SALE OF PROUNCE,SALEOFPROUNCE,False,26.67,True,False,26.67
1099_nec_2026_000031_scan_hard_02,1099_nec,hard,payer_zip,37626,37626,37626 oo,3762600,14.0,False,83.33,57626 KEEPN POSTAL CODE,5762605100,False,53.33,False,False,83.33
1099_nec_2026_000031_scan_hard_02,1099_nec,hard,payer_tin,00-4470388,004470388,77,77,59.0,False,18.18,00-47088,0047088,False,87.5,True,False,87.5
1099_nec_2026_000031_scan_hard_02,1099_nec,hard,recipient_tin,000-93-8474,000938474,SS,55,4.0,False,0.0,000-99-8474,000998474,False,88.89,True,False,88.89
1099_nec_2026_000031_scan_hard_02,1099_nec,hard,recipient_name,TERESA BULLOCK,TERESA BULLOCK,ene BULLOCK,ENE BULLOCK,56.5,False,80.0,THANK YOU.,THANK YOU,False,34.78,False,False,80.0
1099_nec_2026_000031_scan_hard_02,1099_nec,hard,recipient_state,AS,AS,LS,LS,19.0,False,50.0,SALE OF PROUNCE,SALEOFPROUNCE,False,13.33,False,False,50.0
1099_nec_2026_000031_scan_hard_02,1099_nec,hard,recipient_zip,04778,04778,4778 See ee,47785,32.33,False,80.0,0478 006% POSTAL CODE,047800605100,False,47.06,False,False,80.0
1099_nec_2026_000031_scan_hard_02,1099_nec,hard,federal_income_tax_withheld,0.00,0.00,. 0.00,0.00,37.5,True,100.0,SR: 00,500.00,False,80.0,False,True,100.0
1099_nec_2026_000031_scan_hard_02,1099_nec,hard,account_number,NEC-2026-000031,NEC2026000031,LU RUVUN,LURUVUN,3.5,False,10.0,RECEIPT FOR AN OFFER:,RECEIPTFORANOFFER,False,13.33,True,False,13.33
1099_nec_2026_000031_scan_hard_02,1099_nec,hard,state_tax_withheld,0.00,0.00,"$0.00,",0.00,60.0,True,100.0,$ 0.00,0.00,True,100.0,False,True,100.0
1099_nec_2026_000031_scan_hard_02,1099_nec,hard,state_payer_number,AS-1910586,AS1910586,AS-1910506,AS1910506,0.0,False,88.89,AS-1910586,AS1910586,True,100.0,True,True,100.0
1099_nec_2026_000031_scan_hard_02,1099_nec,hard,state_income,"135,839.19",135839.19,"$195,800.19",195800.19,29.0,False,66.67,"$ 135,839.19",135839.19,True,100.0,True,True,100.0
1099_nec_2026_000035_scan_mild_01,1099_nec,mild,payer_state,TX,TX,SP,SP,0.0,False,0.0,SATE OF PROVINCE,SATEOFPROVINCE,False,12.5,True,False,12.5
1099_nec_2026_000035_scan_mild_01,1099_nec,mild,payer_zip,94531,94531,94531 IMIS! Pew an,94531115,34.5,False,76.92,94531 TORSIGN POSTAL CODE,94531051605100,False,52.63,False,False,76.92
1099_nec_2026_000035_scan_mild_01,1099_nec,mild,recipient_name,JAMES SILVA,JAMES SILVA,JAMES SILVA,JAMES SILVA,62.0,True,100.0,UMESIA - 1,UMESIA 1,False,52.63,False,True,100.0
1099_nec_2026_000035_scan_mild_01,1099_nec,mild,recipient_state,MH,MH,MH VIWMIVVI,MHVIWMIVVI,37.0,False,33.33,SHATE OR PROVINCE,SHATEORPROVINCE,False,11.76,False,False,33.33
1099_nec_2026_000035_scan_mild_01,1099_nec,mild,recipient_zip,83430,83430,00,00,0.0,False,28.57,83430 TORSIGN POSTAL CODE,83430051605100,False,52.63,True,False,52.63
1099_nec_2026_000035_scan_mild_01,1099_nec,mild,federal_income_tax_withheld,0.00,0.00,0.00,0.00,61.0,True,100.0,SR:,5.00,False,75.0,False,True,100.0
1099_nec_2026_000035_scan_mild_01,1099_nec,mild,account_number,NEC-2026-000035,NEC2026000035,NEC-2026-000085,NEC2026000085,35.0,False,92.31,REC: 0006-00005 REG #:,REC000600005REG,False,64.29,False,False,92.31
1099_nec_2026_000035_scan_mild_01,1099_nec,mild,state_tax_withheld,0.00,0.00,$0.00,0.00,59.0,True,100.0,$ 0.00,0.00,True,100.0,False,True,100.0
1099_nec_2026_000035_scan_mild_01,1099_nec,mild,state_payer_number,MH-8261353,MH8261353,261953,261953,0.0,False,66.67,MH-8261353,MH8261353,True,100.0,True,True,100.0
1099_nec_2026_000035_scan_mild_01,1099_nec,mild,state_income,"78,582.12",78582.12,2,2.00,0.0,False,33.33,"$ 78,582.12",78582.12,True,100.0,True,True,100.0
1099_nec_2026_000036_scan_mild_01,1099_nec,mild,payer_city,DUSTINMOUTH,DUSTINMOUTH,wity Vi wwvvit DUSTINMOUTH,WITY VI WWVVIT DUSTINMOUTH,69.25,False,59.46,BUSTIMOUTH,BUSTIMOUTH,False,85.71,True,False,85.71
1099_nec_2026_000036_scan_mild_01,1099_nec,mild,payer_state,DE,DE,PS,PS,6.0,False,0.0,DATE OF PROUNCE,DATEOFPROUNCE,False,26.67,True,False,26.67
1099_nec_2026_000036_scan_mild_01,1099_nec,mild,payer_zip,01763,01763,or763 owe wiwts vey vvuys,07630155,27.6,False,61.54,01763 TORSIGN POSTAL CODE,01763051605100,False,52.63,False,False,61.54
1099_nec_2026_000036_scan_mild_01,1099_nec,mild,recipient_city,JENNIFERLAND,JENNIFERLAND,JENNIFERLAND,JENNIFERLAND,90.0,True,100.0,JEWFALANO PERCHANGE,JEWFALANO PERCHANGE,False,45.16,False,True,100.0
1099_nec_2026_000036_scan_mild_01,1099_nec,mild,recipient_state,OK,OK,J,J,36.0,False,0.0,SHAKE OF PROVINCE,SHAKEOFPROVINCE,False,11.76,True,False,11.76
1099_nec_2026_000036_scan_mild_01,1099_nec,mild,recipient_zip,85208,85208,208,208,0.0,False,75.0,"85208 ""OREIGN POSTAL CODE",8520801605100,False,55.56,False,False,75.0
1099_nec_2026_000036_scan_mild_01,1099_nec,mild,account_number,NEC-2026-000036,NEC2026000036,NEC-2026-000036,NEC2026000036,0.0,True,100.0,"FACE: 2028-000008"" ********",FACE2028000008,False,59.26,False,True,100.0
1099_nec_2026_000036_scan_mild_01,1099_nec,mild,state_tax_withheld,0.00,0.00,$00,0.00,51.0,True,100.0,$,,False,0.0,False,True,100.0
1099_nec_2026_000036_scan_mild_01,1099_nec,mild,state_payer_number,OK-6399642,OK6399642,OK-962,OK962,0.0,False,71.43,OK-6399642,OK6399642,True,100.0,True,True,100.0
1099_nec_2026_000036_scan_mild_01,1099_nec,mild,state_income,"84,022.53",84022.53,"$84,022.89",84022.89,37.0,False,75.0,"$ 84,022.53",84022.53,True,100.0,True,True,100.0
1099_nec_2026_000032_scan_hard_02,1099_nec,hard,payer_name,BELL GROUP,BELL GROUP,aia | Daam ar eisite no.,AIA DAAM AR EISITE NO,56.33,False,19.35,***,,False,0.0,False,False,19.35
1099_nec_2026_000032_scan_hard_02,1099_nec,hard,payer_state,FL,FL,PS,PS,30.0,False,0.0,SALE OF PROUNCE,SALEOFPROUNCE,False,13.33,True,False,13.33
1099_nec_2026_000032_scan_hard_02,1099_nec,hard,payer_zip,49575,49575,,,0.0,False,0.0,4575 FORLON POSTAL CODE,457501005100,False,47.06,True,False,47.06
1099_nec_2026_000032_scan_hard_02,1099_nec,hard,payer_tin,00-8937865,008937865,NN,,40.0,False,0.0,00-892765,00892765,False,82.35,True,False,82.35
1099_nec_2026_000032_scan_hard_02,1099_nec,hard,recipient_tin,000-94-6952,000946952,S,5,0.0,False,20.0,500.982,500982,False,53.33,True,False,53.33
1099_nec_2026_000032_scan_hard_02,1099_nec,hard,recipient_name,KELLY FIGUEROA,KELLY FIGUEROA,Ba = T Apt. no.,BA T APT NO,66.0,False,16.0,EXPRESS,EXPRESS,False,19.05,True,False,19.05
1099_nec_2026_000032_scan_hard_02,1099_nec,hard,recipient_city,LAKE PETER,LAKE PETER,= = Tat I 71D ar foreian postal code,TAT I 71D AR FOREIAN POSTAL CODE,46.44,False,28.57,CREIPT TOTAL RECEIPT FOR AN OFFER,CREIPT TOTAL RECEIPT FOR AN OFFER,False,27.91,False,False,28.57
1099_nec_2026_000032_scan_hard_02,1099_nec,hard,recipient_state,VA,VA,E,E,0.0,False,0.0,STATE OR PROUNCE,STATEORPROUNCE,False,12.5,True,False,12.5
1099_nec_2026_000032_scan_hard_02,1099_nec,hard,recipient_zip,23270,23270,,,0.0,False,0.0,2220 TORLON POSTAL CODE,222001005100,False,35.29,True,False,35.29
1099_nec_2026_000032_scan_hard_02,1099_nec,hard,nonemployee_compensation,"144,652.96",144652.96,.,.,0.0,False,20.0,SR: 1465268,51465268.00,False,60.0,True,False,60.0
1099_nec_2026_000032_scan_hard_02,1099_nec,hard,federal_income_tax_withheld,0.00,0.00,| aaa,1.00,50.0,False,75.0,S FROM ********,50.00,False,88.89,True,False,88.89
1099_nec_2026_000032_scan_hard_02,1099_nec,hard,account_number,NEC-2026-000032,NEC2026000032,7,7,11.0,False,0.0,(EXCLUDES ONCLUSIONS ONCLUSIVE OF RECEIPT FOODS ON FACEBOOK),EXCLUDESONCLUSIONSONCLUSIVEOFRECEIPTFOODSONFACEBOOK,False,9.38,True,False,9.38
1099_nec_2026_000032_scan_hard_02,1099_nec,hard,state_tax_withheld,0.00,0.00,",",,0.0,False,0.0,$ 00,0.00,True,100.0,True,True,100.0
1099_nec_2026_000032_scan_hard_02,1099_nec,hard,state_payer_number,VA-4720299,VA4720299,PY,PY,0.0,False,0.0,VA 4720299,VA4720299,True,100.0,True,True,100.0
1099_nec_2026_000032_scan_hard_02,1099_nec,hard,state_income,"144,652.96",144652.96,$4452.96,4452.96,10.0,False,87.5,$ 14452.96,14452.96,False,94.12,True,False,94.12
1099_nec_2026_000035_scan_hard_02,1099_nec,hard,payer_city,WEST GERALD,WEST GERALD,| WEST GERALD ca ee,WEST GERALD CA EE,57.6,False,78.57,WEST REGALO,WEST REGALO,False,72.73,False,False,78.57
1099_nec_2026_000035_scan_hard_02,1099_nec,hard,payer_state,TX,TX,CS,CS,33.0,False,0.0,***,,False,0.0,False,False,0.0
1099_nec_2026_000035_scan_hard_02,1099_nec,hard,payer_zip,94531,94531,esas Sota,5550,24.5,False,22.22,CASH ***,5,False,33.33,True,False,33.33
1099_nec_2026_000035_scan_hard_02,1099_nec,hard,payer_tin,00-9368955,009368955,7,7,36.0,False,0.0,....,,False,0.0,False,False,0.0
1099_nec_2026_000035_scan_hard_02,1099_nec,hard,recipient_tin,000-10-9689,000109689,C 7,7,16.5,False,0.0,....,,False,0.0,False,False,0.0
1099_nec_2026_000035_scan_hard_02,1099_nec,hard,recipient_name,JAMES SILVA,JAMES SILVA,JAMES SILVA Bill wae 3,JAMES SILVA BILL WAE 3,67.4,False,66.67,PLEASE WITH ON BACK,PLEASE WITH ON BACK,False,33.33,False,False,66.67
1099_nec_2026_000035_scan_hard_02,1099_nec,hard,recipient_street,37676 CABRERA ROAD APT. 966,37676 CABRERA ROAD APT 966,BATOCABRERA ROAD APT Sab,BATOCABRERA ROAD APT SAB,19.0,False,68.0,57678 CAMERA ROAD APT. 966,57678 CAMERA ROAD APT 966,False,86.27,True,False,86.27
1099_nec_2026_000035_scan_hard_02,1099_nec,hard,recipient_city,NEW MICHAEL,NEW MICHAEL,atte Mine tie id OS ewe Bmeae ..... .__.,ATTE MINE TIE ID OS EWE BMEAE,19.33,False,35.0,***,,False,0.0,False,False,35.0
1099_nec_2026_000035_scan_hard_02,1099_nec,hard,recipient_state,MH,MH,BM,BM,10.0,False,50.0,CASHIER,CASHIER,False,22.22,False,False,50.0
1099_nec_2026_000035_scan_hard_02,1099_nec,hard,recipient_zip,83430,83430,anes,5,29.0,False,0.0,***,,False,0.0,False,False,0.0
1099_nec_2026_000035_scan_hard_02,1099_nec,hard,nonemployee_compensation,"78,582.12",78582.12,...-,.-,0.0,False,20.0,SR: 759212,5759212.00,False,55.56,True,False,55.56
1099_nec_2026_000035_scan_hard_02,1099_nec,hard,federal_income_tax_withheld,0.00,0.00,ee : 0.00,0.00,60.67,True,100.0,:,,False,0.0,False,True,100.0
1099_nec_2026_000035_scan_hard_02,1099_nec,hard,account_number,NEC-2026-000035,NEC2026000035,7,7,18.0,False,0.0,***,,False,0.0,False,False,0.0
1099_nec_2026_000035_scan_hard_02,1099_nec,hard,state_tax_withheld,0.00,0.00,$ ),,13.0,False,0.0,$ 00,0.00,True,100.0,True,True,100.0
1099_nec_2026_000035_scan_hard_02,1099_nec,hard,state_payer_number,MH-8261353,MH8261353,,,0.0,False,0.0,WHATESISSS,WHATESISSS,False,10.53,True,False,10.53
1099_nec_2026_000035_scan_hard_02,1099_nec,hard,state_income,"78,582.12",78582.12,. 7.9,0.79,17.5,False,16.67,$ 78.582.12,78.58,False,61.54,True,False,61.54
1099_nec_2026_000038_scan_mild_01,1099_nec,mild,payer_city,LISASIDE,LISASIDE,Sy OE SNe ee LISASIDE,SY OE SNE EE LISASIDE,58.2,False,55.17,LISASIDE INTERNATIONAL,LISASIDE INTERNATIONAL,False,53.33,False,False,55.17
1099_nec_2026_000038_scan_mild_01,1099_nec,mild,payer_state,AL,AL,AL SS,ALSS,37.0,False,66.67,TABLE OF PROUNCE,TABLEOFPROUNCE,False,25.0,False,False,66.67
1099_nec_2026_000038_scan_mild_01,1099_nec,mild,payer_zip,90710,90710,90710 ee,90710,46.0,True,100.0,$5710 TOREIGN POSTAL CODE,571001605100,False,35.29,False,True,100.0
1099_nec_2026_000038_scan_mild_01,1099_nec,mild,recipient_state,DC,DC,PC,PC,7.0,False,50.0,RECE OF PROVINCE FROM,RECEOFPROVINCEFROM,False,10.0,False,False,50.0
1099_nec_2026_000038_scan_mild_01,1099_nec,mild,recipient_zip,42356,42356,42356 bts tenthed pS) xP eet ttt tents erties h,423568505515,10.7,False,58.82,"4236 ""OREIGN POSTAL CODE",423601605100,False,47.06,False,False,58.82
1099_nec_2026_000038_scan_mild_01,1099_nec,mild,federal_income_tax_withheld,0.00,0.00,oe 0.00,0.00,62.5,True,100.0,$,,False,0.0,False,True,100.0
1099_nec_2026_000038_scan_mild_01,1099_nec,mild,state_tax_withheld,0.00,0.00,$0,0.00,7.0,True,100.0,$ 6.00,6.00,False,75.0,False,True,100.0
1099_nec_2026_000038_scan_mild_01,1099_nec,mild,state_payer_number,DC-4646403,DC4646403,D-4646403,D4646403,0.0,False,94.12,DC-464643,DC464643,False,94.12,False,False,94.12
1099_nec_2026_000038_scan_mild_01,1099_nec,mild,state_income,"26,182.75",26182.75,"$26,182.75",26182.75,28.0,True,100.0,"$ 26,182.75",26182.75,True,100.0,False,True,100.0
1099_nec_2026_000036_scan_hard_02,1099_nec,hard,payer_name,"CLEMENTS, MORENO AND SANDERS",CLEMENTS MORENO AND SANDERS,retort & rate | un,RETORT AND RATE UN,33.4,False,48.89,"CHANGE, WOHENO NO SHOES PERCHANGE",CHANGE WOHENO NO SHOES PERCHANGE,False,47.46,False,False,48.89
1099_nec_2026_000036_scan_hard_02,1099_nec,hard,payer_street,56253 JASON LANDING,56253 JASON LANDING,{6253 JASON LANOWNG,6253 JASON LANOWNG,49.0,False,86.49,58283 JASON LANDING,58283 JASON LANDING,False,89.47,True,False,89.47
1099_nec_2026_000036_scan_hard_02,1099_nec,hard,payer_city,DUSTINMOUTH,DUSTINMOUTH,| Vay GF wu | _,VAY GF WU,63.17,False,10.0,BUSTMONH,BUSTMONH,False,63.16,True,False,63.16
1099_nec_2026_000036_scan_hard_02,1099_nec,hard,payer_state,DE,DE,E E,EE,0.0,False,50.0,SEEBOOK,SEEBOOK,False,22.22,False,False,50.0
1099_nec_2026_000036_scan_hard_02,1099_nec,hard,payer_zip,01763,01763,or CC,0,35.5,False,33.33,6175 PERFORANGE,617506,False,54.55,True,False,54.55
1099_nec_2026_000036_scan_hard_02,1099_nec,hard,payer_tin,00-3913368,003913368,,,0.0,False,0.0,***,,False,0.0,False,False,0.0
1099_nec_2026_000036_scan_hard_02,1099_nec,hard,recipient_tin,000-26-2696,000262696,3,3,24.0,False,0.0,***,,False,0.0,False,False,0.0
1099_nec_2026_000036_scan_hard_02,1099_nec,hard,recipient_name,ADAM MURPHY,ADAM MURPHY,Sarr : war =. “,SARR WAR,33.4,False,31.58,WWW.WW.,WWW WW,False,11.76,False,False,31.58
1099_nec_2026_000036_scan_hard_02,1099_nec,hard,recipient_street,538 PAUL RAPIDS APT. 831,538 PAUL RAPIDS APT 831,588 PAUL RAPIOS APT. 83,588 PAUL RAPIOS APT 83,63.0,False,88.89,SEE PAUL RAPIDS APT.501,SEE PAUL RAPIDS APT 501,False,78.26,False,False,88.89
1099_nec_2026_000036_scan_hard_02,1099_nec,hard,recipient_city,JENNIFERLAND,JENNIFERLAND,| : < F SSS,F SSS,32.4,False,11.76,AMOUNT NO. :,AMOUNT NO,False,19.05,True,False,19.05
1099_nec_2026_000036_scan_hard_02,1099_nec,hard,recipient_state,OK,OK,KC,KC,13.0,False,50.0,***,,False,0.0,False,False,50.0
1099_nec_2026_000036_scan_hard_02,1099_nec,hard,recipient_zip,85208,85208,es2 al ee,521,31.0,False,50.0,6999,6999,False,0.0,False,False,50.0
1099_nec_2026_000036_scan_hard_02,1099_nec,hard,federal_income_tax_withheld,0.00,0.00,", 0.00",0.00,40.5,True,100.0,:,,False,0.0,False,True,100.0
1099_nec_2026_000036_scan_hard_02,1099_nec,hard,account_number,NEC-2026-000036,NEC2026000036,CRPPTUTRCRSVRYUOW,CRPPTUTRCRSVRYUOW,0.0,False,6.67,RECEIPT CODE:,RECEIPTCODE,False,16.67,True,False,16.67
1099_nec_2026_000036_scan_hard_02,1099_nec,hard,state_tax_withheld,0.00,0.00,.),.,0.0,False,40.0,$ 00,0.00,True,100.0,True,True,100.0
1099_nec_2026_000036_scan_hard_02,1099_nec,hard,state_payer_number,OK-6399642,OK6399642,O T722,OT722,0.0,False,28.57,OK-599642,OK599642,False,82.35,True,False,82.35
1099_nec_2026_000036_scan_hard_02,1099_nec,hard,state_income,"84,022.53",84022.53,$-2-,-2-,0.0,False,18.18,"$ 64,022.53",64022.53,False,87.5,True,False,87.5
1099_nec_2026_000040_scan_mild_01,1099_nec,mild,payer_state,MA,MA,QE,QE,9.0,False,0.0,STATE OR PROVINCE,STATEORPROVINCE,False,11.76,True,False,11.76
1099_nec_2026_000040_scan_mild_01,1099_nec,mild,payer_zip,07468,07468,07468 IVISIyIT Pow vewnw,07468115110,28.5,False,62.5,07468 TORSIGN POSTAL CODE,07468051605100,False,52.63,False,False,62.5
1099_nec_2026_000040_scan_mild_01,1099_nec,mild,recipient_tin,000-96-9747,000969747,00-96-9747,00969747,51.0,False,94.12,000-96-9747,000969747,True,100.0,True,True,100.0
1099_nec_2026_000040_scan_mild_01,1099_nec,mild,recipient_state,SD,SD,OS,OS,3.0,False,50.0,SALE OR PROVINCE,SALEORPROVINCE,False,12.5,False,False,50.0
1099_nec_2026_000040_scan_mild_01,1099_nec,mild,recipient_zip,33130,33130,3100,3100,15.0,False,66.67,33130 TORSIGN POSTAL CODE,33130051605100,False,52.63,False,False,66.67
1099_nec_2026_000040_scan_mild_01,1099_nec,mild,nonemployee_compensation,"130,636.86",130636.86,"$ 130,636.86",130636.86,48.0,True,100.0,$ 10.656.96,10.66,False,57.14,False,True,100.0
1099_nec_2026_000040_scan_mild_01,1099_nec,mild,federal_income_tax_withheld,0.00,0.00,0.00,0.00,65.0,True,100.0,5 REGEIPE INVOICE TA ********: 0.00,5611010.00,False,57.14,False,True,100.0
1099_nec_2026_000040_scan_mild_01,1099_nec,mild,account_number,NEC-2026-000040,NEC2026000040,NEC-2026-00000,NEC202600000,15.0,False,96.0,RECEIPT CODE:00000000***,RECEIPTCODE00000000,False,50.0,False,False,96.0
1099_nec_2026_000040_scan_mild_01,1099_nec,mild,state_tax_withheld,0.00,0.00,$0.00,0.00,61.0,True,100.0,$ 0.00,0.00,True,100.0,False,True,100.0
1099_nec_2026_000040_scan_mild_01,1099_nec,mild,state_payer_number,SD-9769953,SD9769953,0976083,0976083,0.0,False,50.0,SD-9769953,SD9769953,True,100.0,True,True,100.0
1099_nec_2026_000040_scan_mild_01,1099_nec,mild,state_income,"130,636.86",130636.86,"$190,606.86",190606.86,33.0,False,77.78,"$ 130,636.86",130636.86,True,100.0,True,True,100.0
1099_nec_2026_000038_scan_hard_02,1099_nec,hard,payer_street,56321 JENNIFER VALLEYS,56321 JENNIFER VALLEYS,‘5602 JENNIFER VALLEYS ane,5602 JENNIFER VALLEYS ANE,59.25,False,85.11,SR021 JENIFER VALLEYS,SR021 JENIFER VALLEYS,False,83.72,False,False,85.11
1099_nec_2026_000038_scan_hard_02,1099_nec,hard,payer_city,LISASIDE,LISASIDE,ee,EE,33.0,False,20.0,USASDE ONLINE,USASDE ONLINE,False,47.62,True,False,47.62
1099_nec_2026_000038_scan_hard_02,1099_nec,hard,payer_state,AL,AL,,,0.0,False,0.0,SALE OF PROUNCE,SALEOFPROUNCE,False,26.67,True,False,26.67
1099_nec_2026_000038_scan_hard_02,1099_nec,hard,payer_zip,90710,90710,sor10 FOr pve wee,50100,21.25,False,60.0,90710 PERON POSTAL CODE,90710005100,False,62.5,True,False,62.5
1099_nec_2026_000038_scan_hard_02,1099_nec,hard,payer_tin,00-6014930,006014930,SS,55,42.0,False,0.0,00601490,00601490,False,94.12,True,False,94.12
1099_nec_2026_000038_scan_hard_02,1099_nec,hard,recipient_tin,000-99-9975,000999975,00-90-9975,00909975,14.0,False,82.35,000-99-97S,00099975,False,94.12,True,False,94.12
1099_nec_2026_000038_scan_hard_02,1099_nec,hard,recipient_name,DEBBIE GLOVER,DEBBIE GLOVER,RECIPIENT'S name =e E,RECIPIENT S NAME E E,41.75,False,30.3,FACEBOOK FOR A FREE,FACEBOOK FOR A FREE,False,31.25,True,False,31.25
1099_nec_2026_000038_scan_hard_02,1099_nec,hard,recipient_city,NEW STEVEN,NEW STEVEN,es,ES,25.0,False,33.33,*** ****,,False,0.0,False,False,33.33
1099_nec_2026_000038_scan_hard_02,1099_nec,hard,recipient_state,DC,DC,P,P,0.0,False,0.0,SALE OF PROUNCE FROM,SALEOFPROUNCEFROM,False,10.53,True,False,10.53
1099_nec_2026_000038_scan_hard_02,1099_nec,hard,recipient_zip,42356,42356,-,,0.0,False,0.0,4235 SHEGN POBE CODE,4235560800,False,66.67,True,False,66.67
1099_nec_2026_000038_scan_hard_02,1099_nec,hard,nonemployee_compensation,"26,182.75",26182.75,". 26,182.75",0.26,47.0,False,33.33,SR:,5.00,False,16.67,False,False,33.33
1099_nec_2026_000038_scan_hard_02,1099_nec,hard,federal_income_tax_withheld,0.00,0.00,0.00,0.00,61.0,True,100.0,SR:,5.00,False,75.0,False,True,100.0
1099_nec_2026_000038_scan_hard_02,1099_nec,hard,account_number,NEC-2026-000038,NEC2026000038,TT,TT,24.0,False,0.0,RECEIPT CODE:,RECEIPTCODE,False,16.67,True,False,16.67
1099_nec_2026_000038_scan_hard_02,1099_nec,hard,state_tax_withheld,0.00,0.00,. --- 000,.---000,17.67,False,54.55,$ 0.00,0.00,True,100.0,True,True,100.0
1099_nec_2026_000038_scan_hard_02,1099_nec,hard,state_payer_number,DC-4646403,DC4646403,,,0.0,False,0.0,DC-46403,DC46403,False,87.5,True,False,87.5
1099_nec_2026_000038_scan_hard_02,1099_nec,hard,state_income,"26,182.75",26182.75,$26.18275,26.18,0.0,False,61.54,"$ 26,182.75",26182.75,True,100.0,True,True,100.0
1099_nec_2026_000044_scan_mild_01,1099_nec,mild,payer_city,FITZPATRICKBURY,FITZPATRICKBURY,FITZPATRICKBURY,FITZPATRICKBURY,92.0,True,100.0,FITZATRICKBURY,FITZATRICKBURY,False,96.55,False,True,100.0
1099_nec_2026_000044_scan_mild_01,1099_nec,mild,payer_state,AS,AS,WS,WS,39.0,False,50.0,TABLE OF PROUNCE,TABLEOFPROUNCE,False,12.5,False,False,50.0
1099_nec_2026_000044_scan_mild_01,1099_nec,mild,payer_zip,89433,89433,89433 tees ADI ol rit,89433501011,26.0,False,62.5,"89433 ""OREIGN POSTAL CODE",8943301605100,False,55.56,False,False,62.5
1099_nec_2026_000044_scan_mild_01,1099_nec,mild,recipient_state,KS,KS,KS,KS,46.0,True,100.0,PLEASE OF PROMCE AMOUNT |,PLEASEOFPROMCEAMOUNT,False,9.09,False,True,100.0
1099_nec_2026_000044_scan_mild_01,1099_nec,mild,recipient_zip,18286,18286,16205,16205,0.0,False,40.0,18286 GREEN POSTAL CODE,18286605100,False,62.5,True,False,62.5
1099_nec_2026_000044_scan_mild_01,1099_nec,mild,state_tax_withheld,0.00,0.00,$0.00,0.00,48.0,True,100.0,$ .........................00,0.00,True,100.0,False,True,100.0
1099_nec_2026_000044_scan_mild_01,1099_nec,mild,state_payer_number,KS-2249382,KS2249382,KS-22498820,KS22498820,4.0,False,84.21,KS-2249982,KS2249982,False,88.89,True,False,88.89
1099_nec_2026_000044_scan_mild_01,1099_nec,mild,state_income,"155,922.03",155922.03,"$185,922.03",185922.03,25.0,False,88.89,"$ 155,922.03",155922.03,True,100.0,True,True,100.0
1099_nec_2026_000040_scan_hard_02,1099_nec,hard,payer_name,SHANNON AND SONS,SHANNON AND SONS,St rr ss,ST RR SS,25.0,False,41.67,SHANK NO SYS ON BACK,SHANK NO SYS ON BACK,False,55.56,True,False,55.56
1099_nec_2026_000040_scan_hard_02,1099_nec,hard,payer_street,78754 SARA CORNER SUITE 632,78754 SARA CORNER SUITE 632,VU! DAF TSS ‘78754 SARA CORNER SUITE 632 |,VU DAF TSS 78754 SARA CORNER SUITE 632,63.56,False,83.08,78754 SARA CORNER SUITE 632,78754 SARA CORNER SUITE 632,True,100.0,True,True,100.0
1099_nec_2026_000040_scan_hard_02,1099_nec,hard,payer_city,SHAWHAVEN,SHAWHAVEN,Way we wurutt | SHAWHAVEN,WAY WE WURUTT SHAWHAVEN,45.0,False,56.25,SHAWHAEN,SHAWHAEN,False,94.12,True,False,94.12
1099_nec_2026_000040_scan_hard_02,1099_nec,hard,payer_state,MA,MA,SO,SO,9.0,False,0.0,***,,False,0.0,False,False,0.0
1099_nec_2026_000040_scan_hard_02,1099_nec,hard,payer_zip,07468,07468,,,0.0,False,0.0,67458 PERFORATED CODE,674580000,False,42.86,True,False,42.86
1099_nec_2026_000040_scan_hard_02,1099_nec,hard,payer_tin,00-8004117,008004117,,,0.0,False,0.0,***,,False,0.0,False,False,0.0
1099_nec_2026_000040_scan_hard_02,1099_nec,hard,recipient_tin,000-96-9747,000969747,7,7,37.0,False,20.0,000.9747,0009747,False,87.5,True,False,87.5
1099_nec_2026_000040_scan_hard_02,1099_nec,hard,recipient_street,634 RICHARD RANCH SUITE 897,634 RICHARD RANCH SUITE 897,\694 RICHARD RANCH SUITE 897,694 RICHARD RANCH SUITE 897,68.0,False,96.3,634 RICHARD RANCH SURE 897,634 RICHARD RANCH SURE 897,False,94.34,False,False,96.3
1099_nec_2026_000040_scan_hard_02,1099_nec,hard,recipient_city,RODRIGUEZTON,RODRIGUEZTON,manners ur?,MANNERS UR,25.5,False,18.18,MOROZTON,MOROZTON,False,60.0,True,False,60.0
1099_nec_2026_000040_scan_hard_02,1099_nec,hard,recipient_state,SD,SD,YT,YT,20.0,False,0.0,SR: 00006,SR,False,50.0,True,False,50.0
1099_nec_2026_000040_scan_hard_02,1099_nec,hard,recipient_zip,33130,33130,390,390,0.0,False,50.0,29130 PERCHASE,291305,False,54.55,True,False,54.55
1099_nec_2026_000040_scan_hard_02,1099_nec,hard,federal_income_tax_withheld,0.00,0.00,", 0.",0.00,31.5,True,100.0,SR: 00,500.00,False,80.0,False,True,100.0
1099_nec_2026_000040_scan_hard_02,1099_nec,hard,account_number,NEC-2026-000040,NEC2026000040,SS,SS,15.0,False,0.0,NET:0000006,NET0000006,False,69.57,True,False,69.57
1099_nec_2026_000040_scan_hard_02,1099_nec,hard,state_tax_withheld,0.00,0.00,$ 0.00,0.00,49.5,True,100.0,$ 00,0.00,True,100.0,False,True,100.0
1099_nec_2026_000040_scan_hard_02,1099_nec,hard,state_payer_number,SD-9769953,SD9769953,S07,S07,0.0,False,33.33,SD-9769953,SD9769953,True,100.0,True,True,100.0
1099_nec_2026_000040_scan_hard_02,1099_nec,hard,state_income,"130,636.86",130636.86,"$190,696.86",190696.86,12.0,False,77.78,$ 130.636.86,130.64,False,66.67,False,False,77.78
1099_nec_2026_000051_scan_mild_01,1099_nec,mild,payer_state,PA,PA,PP,PP,11.0,False,50.0,PAKE OF PROUNCE,PAKEOFPROUNCE,False,26.67,False,False,50.0
1099_nec_2026_000051_scan_mild_01,1099_nec,mild,payer_zip,97401,97401,97401 Mir! yvest vyvuy,9740115,37.75,False,83.33,97401 TORSIGN POSTAL CODE,97401051605100,False,52.63,False,False,83.33
1099_nec_2026_000051_scan_mild_01,1099_nec,mild,recipient_city,TURNERBURY,TURNERBURY,TURNERBURY,TURNERBURY,92.0,True,100.0,TURNERBURY,TURNERBURY,True,100.0,False,True,100.0
1099_nec_2026_000051_scan_mild_01,1099_nec,mild,recipient_state,AK,AK,J,J,50.0,False,0.0,MAKE OF PROUNCE,MAKEOFPROUNCE,False,26.67,True,False,26.67
1099_nec_2026_000051_scan_mild_01,1099_nec,mild,recipient_zip,07756,07756,| 07756 on idtnciad ~ plied limeelie ecimrsnal Meecha 8,1077560101011011111518,31.9,False,37.04,07756 TORSIGN POSTAL CODE,07756051605100,False,52.63,True,False,52.63
1099_nec_2026_000051_scan_mild_01,1099_nec,mild,account_number,NEC-2026-000051,NEC2026000051,NEC-2026-000051 5,NEC20260000515,17.5,False,96.3,"INEC 2029-0005""",INEC20290005,False,80.0,False,False,96.3
1099_nec_2026_000051_scan_mild_01,1099_nec,mild,state_tax_withheld,0.00,0.00,$00,0.00,24.0,True,100.0,$ 6.00,6.00,False,75.0,False,True,100.0
1099_nec_2026_000051_scan_mild_01,1099_nec,mild,state_payer_number,AK-8704520,AK8704520,AK870452000,AK870452000,0.0,False,90.0,AK-8704520,AK8704520,True,100.0,True,True,100.0
1099_nec_2026_000051_scan_mild_01,1099_nec,mild,state_income,"37,490.52",37490.52,8.,8.00,0.0,False,16.67,"$ 37,490.52",37490.52,True,100.0,True,True,100.0
1099_nec_2026_000044_scan_hard_02,1099_nec,hard,payer_name,GLOVER-SHAW,GLOVER SHAW,ee Ow eee,EE OW EEE,35.0,False,30.0,***,,False,0.0,False,False,30.0
1099_nec_2026_000044_scan_hard_02,1099_nec,hard,payer_street,42369 KELLY BYPASS,42369 KELLY BYPASS,Verret CAs Cae jemveuvewes,VERRET CAS CAE JEMVEUVEWES,23.75,False,22.73,CASHELLY BYPASS,CASHELLY BYPASS,False,66.67,True,False,66.67
1099_nec_2026_000044_scan_hard_02,1099_nec,hard,payer_city,FITZPATRICKBURY,FITZPATRICKBURY,|FITZPATRICKBURY |,FITZPATRICKBURY,67.5,True,100.0,FRIPATRIOSURY,FRIPATRIOSURY,False,71.43,False,True,100.0
1099_nec_2026_000044_scan_hard_02,1099_nec,hard,payer_state,AS,AS,BOS,BOS,0.0,False,40.0,AMOUNT,AMOUNT,False,25.0,False,False,40.0
1099_nec_2026_000044_scan_hard_02,1099_nec,hard,payer_zip,89433,89433,aa es,5,43.5,False,0.0,6999 SHOPPER PASER CODE,699950500,False,14.29,True,False,14.29
1099_nec_2026_000044_scan_hard_02,1099_nec,hard,payer_tin,00-4296204,004296204,STS,55,0.0,False,0.0,***,,False,0.0,False,False,0.0
1099_nec_2026_000044_scan_hard_02,1099_nec,hard,recipient_tin,000-34-5819,000345819,,,0.0,False,0.0,GOSTER:,605,False,33.33,True,False,33.33
1099_nec_2026_000044_scan_hard_02,1099_nec,hard,recipient_name,JENNY RASMUSSEN,JENNY RASMUSSEN,ee ly ea — a,EE LY EA A,30.6,False,32.0,CASHIER,CASHIER,False,27.27,False,False,32.0
1099_nec_2026_000044_scan_hard_02,1099_nec,hard,recipient_street,4942 SHELTON ISLANDS,4942 SHELTON ISLANDS,puna unde eee,PUNA UNDE EEE,19.33,False,24.24,592 SHETON SUNOS,592 SHETON SUNOS,False,72.22,True,False,72.22
1099_nec_2026_000044_scan_hard_02,1099_nec,hard,recipient_city,LAKE KATRINA,LAKE KATRINA,"— sO ree SESS ee ee Qhete wc mee, —",SO REE SESS EE EE QHETE WC MEE,25.5,False,14.29,CREX:,CREX,False,12.5,False,False,14.29
1099_nec_2026_000044_scan_hard_02,1099_nec,hard,recipient_state,KS,KS,PT,PT,14.0,False,0.0,SR:,SR,False,50.0,True,False,50.0
1099_nec_2026_000044_scan_hard_02,1099_nec,hard,recipient_zip,18286,18286,8286 Eiite trieameasis,8286111515,17.67,False,53.33,18268 SHOPP TOTAL CODE,18268500100,False,50.0,False,False,53.33
1099_nec_2026_000044_scan_hard_02,1099_nec,hard,nonemployee_compensation,"155,922.03",155922.03,$0,0.00,18.0,False,30.77,SR:,5.00,False,46.15,True,False,46.15
1099_nec_2026_000044_scan_hard_02,1099_nec,hard,federal_income_tax_withheld,0.00,0.00,eer aa serene 0.00,50.00,38.5,False,88.89,. ...,.,False,40.0,False,False,88.89
1099_nec_2026_000044_scan_hard_02,1099_nec,hard,account_number,NEC-2026-000044,NEC2026000044,T,T,0.0,False,0.0,***,,False,0.0,False,False,0.0
1099_nec_2026_000044_scan_hard_02,1099_nec,hard,state_tax_withheld,0.00,0.00,$0,0.00,0.0,True,100.0,$ 00,0.00,True,100.0,False,True,100.0
1099_nec_2026_000044_scan_hard_02,1099_nec,hard,state_payer_number,KS-2249382,KS2249382,KS-2,KS2,0.0,False,50.0,KS-249388,KS249388,False,82.35,True,False,82.35
1099_nec_2026_000044_scan_hard_02,1099_nec,hard,state_income,"155,922.03",155922.03,$155.92203,155.92,0.0,False,66.67,"$ 155,922.03",155922.03,True,100.0,True,True,100.0
1099_nec_2026_000051_scan_hard_02,1099_nec,hard,payer_state,PA,PA,PS,PS,17.0,False,50.0,SALE OF PROUNCE,SALEOFPROUNCE,False,13.33,False,False,50.0
1099_nec_2026_000051_scan_hard_02,1099_nec,hard,payer_zip,97401,97401,0,0,22.0,False,33.33,97401 PERON POSTAL CODE,97401005100,False,62.5,True,False,62.5
1099_nec_2026_000051_scan_hard_02,1099_nec,hard,recipient_tin,000-92-2181,000922181,000-92-2181 3,0009221813,51.0,False,94.74,000-92-2161,000922161,False,88.89,False,False,94.74
1099_nec_2026_000051_scan_hard_02,1099_nec,hard,recipient_name,ANGELA ARNOLD,ANGELA ARNOLD,ee ee | ANGELA ARNOLD,EE EE ANGELA ARNOLD,62.6,False,81.25,AKEANOD (RM),AKEANOD RM,False,52.17,False,False,81.25
1099_nec_2026_000051_scan_hard_02,1099_nec,hard,recipient_city,TURNERBURY,TURNERBURY,TURNERBURY Z,TURNERBURY Z,51.5,False,90.91,THANK YOU FOR,THANK YOU FOR,False,34.78,False,False,90.91
1099_nec_2026_000051_scan_hard_02,1099_nec,hard,recipient_state,AK,AK,CG,CG,20.0,False,0.0,SAKE OF PROUNCE,SAKEOFPROUNCE,False,26.67,True,False,26.67
1099_nec_2026_000051_scan_hard_02,1099_nec,hard,recipient_zip,07756,07756,orm ee,0,25.0,False,33.33,07756 CHEGN POSTAL CODE,07756605100,False,62.5,True,False,62.5
1099_nec_2026_000051_scan_hard_02,1099_nec,hard,federal_income_tax_withheld,0.00,0.00,1 0.00,10.00,46.0,False,88.89,SR: 00,500.00,False,80.0,False,False,88.89
1099_nec_2026_000051_scan_hard_02,1099_nec,hard,account_number,NEC-2026-000051,NEC2026000051,NEC-202 000051 HHWUUY,NEC202000051HHWUUY,29.33,False,77.42,INEC:006-00081-12-1203,INEC00600081121203,False,58.06,False,False,77.42
1099_nec_2026_000051_scan_hard_02,1099_nec,hard,state_tax_withheld,0.00,0.00,$2.00,2.00,40.0,False,75.0,$ 00,0.00,True,100.0,True,True,100.0
1099_nec_2026_000051_scan_hard_02,1099_nec,hard,state_payer_number,AK-8704520,AK8704520,A704520,A704520,0.0,False,87.5,AK-8704520,AK8704520,True,100.0,True,True,100.0
1099_nec_2026_000051_scan_hard_02,1099_nec,hard,state_income,"37,490.52",37490.52,"$37,490.52",37490.52,8.0,True,100.0,"$ 37,490.52",37490.52,True,100.0,False,True,100.0
1099_nec_2026_000052_scan_mild_01,1099_nec,mild,payer_state,AL,AL,BS,BS,0.0,False,0.0,STATE OR PROVINCE,STATEORPROVINCE,False,11.76,True,False,11.76
1099_nec_2026_000052_scan_mild_01,1099_nec,mild,payer_zip,30270,30270,02,02,0.0,False,57.14,50270 TORELON POSTAL CODE,5027001005100,False,44.44,False,False,57.14
1099_nec_2026_000052_scan_mild_01,1099_nec,mild,recipient_name,PAUL MORTON,PAUL MORTON,MREVIPIENT 3 hane PAUL MORTON a,MREVIPIENT 3 HANE PAUL MORTON A,58.67,False,52.38,EXCLUDATION INFORMATION,EXCLUDATION INFORMATION,False,41.18,False,False,52.38
1099_nec_2026_000052_scan_mild_01,1099_nec,mild,recipient_state,LA,LA,DC,DC,7.0,False,0.0,SATE OR PROVINCE,SATEORPROVINCE,False,12.5,True,False,12.5
1099_nec_2026_000052_scan_mild_01,1099_nec,mild,recipient_zip,17503,17503,703,703,19.0,False,75.0,17503 TORSIGN POSTAL CODE,17503051605100,False,52.63,False,False,75.0
1099_nec_2026_000052_scan_mild_01,1099_nec,mild,federal_income_tax_withheld,76.16,76.16,76.16,76.16,61.0,True,100.0,5 REGEIPE INCOME TAX WITHINED 7/6.16,5611011076.16,False,55.56,False,True,100.0
1099_nec_2026_000052_scan_mild_01,1099_nec,mild,account_number,NEC-2026-000052,NEC2026000052,NEC-2026-00082SSS,NEC202600082SSS,0.0,False,78.57,RECEIPT FOR: REG: REG: REG: 01/02/2018,RECEIPTFORREGREGREG01022018,False,25.0,False,False,78.57
1099_nec_2026_000052_scan_mild_01,1099_nec,mild,state_tax_withheld,0.00,0.00,$0.00,0.00,59.0,True,100.0,$ 0.00,0.00,True,100.0,False,True,100.0
1099_nec_2026_000052_scan_mild_01,1099_nec,mild,state_payer_number,LA-8264954,LA8264954,8264056,8264056,0.0,False,62.5,LA 8264954,LA8264954,True,100.0,True,True,100.0
1099_nec_2026_000052_scan_mild_01,1099_nec,mild,state_income,"9,356.26",9356.26,$9886.26,9886.26,57.0,False,71.43,"$ 9,356.26",9356.26,True,100.0,True,True,100.0
1099_nec_2026_000052_scan_hard_02,1099_nec,hard,payer_name,DOMINGUEZ-JORDAN,DOMINGUEZ JORDAN,— EZ-JORDAN,EZ JORDAN,54.5,False,72.0,COMMARY.COM,COMMARY COM,False,29.63,False,False,72.0
1099_nec_2026_000052_scan_hard_02,1099_nec,hard,payer_state,AL,AL,ET,ET,0.0,False,0.0,ARE OF PRONCE,AREOFPRONCE,False,15.38,True,False,15.38
1099_nec_2026_000052_scan_hard_02,1099_nec,hard,payer_zip,30270,30270,come ee,0,38.0,False,33.33,50270 JOHAN POSTAL CODE,50270005100,False,50.0,True,False,50.0
1099_nec_2026_000052_scan_hard_02,1099_nec,hard,payer_tin,00-4819259,004819259,19259,19259,96.0,False,71.43,0049259,0049259,False,87.5,True,False,87.5
1099_nec_2026_000052_scan_hard_02,1099_nec,hard,recipient_tin,000-43-7678,000437678,7678,7678,61.0,False,61.54,000-4678,0004678,False,87.5,True,False,87.5
1099_nec_2026_000052_scan_hard_02,1099_nec,hard,recipient_street,30102 WHITE CAPE,30102 WHITE CAPE,30102 WHITE CAPE ue,30102 WHITE CAPE UE,69.25,False,91.43,SING WHITE CARE,SING WHITE CARE,False,64.52,False,False,91.43
1099_nec_2026_000052_scan_hard_02,1099_nec,hard,recipient_city,MICHAELBURY,MICHAELBURY,why we wreETe,WHY WE WREETE,34.33,False,25.0,MICHEBUY PERCHANGE,MICHEBUY PERCHANGE,False,55.17,True,False,55.17
1099_nec_2026_000052_scan_hard_02,1099_nec,hard,recipient_state,LA,LA,CC,CC,4.0,False,0.0,CASHIER,CASHIER,False,22.22,True,False,22.22
1099_nec_2026_000052_scan_hard_02,1099_nec,hard,recipient_zip,17503,17503,17 tl wr wry rvoww ww”?,1710,39.83,False,66.67,17503 CHEGN POSTAL CODE,17503605100,False,62.5,False,False,66.67
1099_nec_2026_000052_scan_hard_02,1099_nec,hard,account_number,NEC-2026-000052,NEC2026000052,TO,TO,39.0,False,0.0,NET:0000002 REG #: 0,NET0000002REG0,False,59.26,True,False,59.26
1099_nec_2026_000052_scan_hard_02,1099_nec,hard,state_tax_withheld,0.00,0.00,$200,200.00,37.0,False,80.0,$,,False,0.0,False,False,80.0
1099_nec_2026_000052_scan_hard_02,1099_nec,hard,state_payer_number,LA-8264954,LA8264954,W2,W2,0.0,False,18.18,LA-8264954,LA8264954,True,100.0,True,True,100.0
1099_nec_2026_000052_scan_hard_02,1099_nec,hard,state_income,"9,356.26",9356.26,$9886.28,9886.28,52.0,False,57.14,$ 9.356.26,9.36,False,54.55,False,False,57.14
1099_nec_2026_000055_scan_mild_01,1099_nec,mild,payer_state,MI,MI,ME,ME,4.0,False,50.0,STATE OF PROVINCE,STATEOFPROVINCE,False,11.76,False,False,50.0
1099_nec_2026_000055_scan_mild_01,1099_nec,mild,payer_zip,63442,63442,,,0.0,False,0.0,"63442 ""OREIGN POSTAL CODE",6344201605100,False,55.56,True,False,55.56
1099_nec_2026_000055_scan_mild_01,1099_nec,mild,recipient_name,KRISTIN ORTIZ,KRISTIN ORTIZ,PULNZEF FLEW NF PICARD ew KRISTIN ORTIZ ee,PULNZEF FLEW NF PICARD EW KRISTIN ORTIZ EE,34.12,False,47.27,KASTAKKZ (RM),KASTAKKZ RM,False,41.67,False,False,47.27
1099_nec_2026_000055_scan_mild_01,1099_nec,mild,recipient_state,DC,DC,JO,JO,36.0,False,0.0,SCATE OF PROVINCE,SCATEOFPROVINCE,False,11.76,True,False,11.76
1099_nec_2026_000055_scan_mild_01,1099_nec,mild,recipient_zip,30309,30309,30309 ows wry! ewww ewww,3030905,45.0,False,83.33,50309 TORELON POSTAL CODE |,50309010051001,False,42.11,False,False,83.33
1099_nec_2026_000055_scan_mild_01,1099_nec,mild,account_number,NEC-2026-000055,NEC2026000055,NEC-2026-000085,NEC2026000085,0.0,False,92.31,"ACCE: 0025-00055-1-1-1-1,000-1-1-12-12-1",ACCE00250005511110001112121,False,40.0,False,False,92.31
1099_nec_2026_000055_scan_mild_01,1099_nec,mild,state_tax_withheld,0.00,0.00,$00,0.00,55.0,True,100.0,$ 0.00,0.00,True,100.0,False,True,100.0
1099_nec_2026_000055_scan_mild_01,1099_nec,mild,state_payer_number,DC-3371859,DC3371859,79,79,0.0,False,36.36,DC-3371859,DC3371859,True,100.0,True,True,100.0
1099_nec_2026_000055_scan_mild_01,1099_nec,mild,state_income,"136,675.89",136675.89,"$136,675.89",136675.89,8.0,True,100.0,"$ 136,675.89",136675.89,True,100.0,False,True,100.0
1099_nec_2026_000060_scan_mild_01,1099_nec,mild,payer_state,NM,NM,NM YWV W,NMYWVW,18.67,False,50.0,SAME OR PROVINCE,SAMEORPROVINCE,False,12.5,False,False,50.0
1099_nec_2026_000060_scan_mild_01,1099_nec,mild,payer_zip,58030,58030,| <1t 30 wrong! PV wwww,113006,40.33,False,36.36,SR030 TORSIGN POSTAL CODE |,50300516051001,False,42.11,True,False,42.11
1099_nec_2026_000060_scan_mild_01,1099_nec,mild,recipient_state,GU,GU,GU W,GUW,22.0,False,80.0,GATE OF PROVINCE,GATEOFPROVINCE,False,12.5,False,False,80.0
1099_nec_2026_000060_scan_mild_01,1099_nec,mild,recipient_zip,03879,03879,| entt 79 owe wry Pewwew: wwww,1790,49.57,False,44.44,"03879 ""OREIGN POSTAL CODE |",03879016051001,False,52.63,True,False,52.63
1099_nec_2026_000060_scan_mild_01,1099_nec,mild,federal_income_tax_withheld,0.00,0.00,08 0.00,80.00,47.5,False,88.89,$,,False,0.0,False,False,88.89
1099_nec_2026_000060_scan_mild_01,1099_nec,mild,account_number,NEC-2026-000060,NEC2026000060,NEC-2026-000060,NEC2026000060,21.0,True,100.0,FACE: 2028-00069-1-1-1-1-1-1,FACE202800069111111,False,50.0,False,True,100.0
1099_nec_2026_000060_scan_mild_01,1099_nec,mild,state_tax_withheld,0.00,0.00,$00,0.00,52.0,True,100.0,$ 0.00,0.00,True,100.0,False,True,100.0
1099_nec_2026_000060_scan_mild_01,1099_nec,mild,state_payer_number,GU-9170024,GU9170024,G702,G702,0.0,False,61.54,GU-9170024,GU9170024,True,100.0,True,True,100.0
1099_nec_2026_000060_scan_mild_01,1099_nec,mild,state_income,"110,514.86",110514.86,"$-110,514.86",-110514.86,0.0,False,94.74,$ 110514.86,110514.86,True,100.0,True,True,100.0
1099_nec_2026_000055_scan_hard_02,1099_nec,hard,payer_name,"FOSTER, GILBERT AND WARD",FOSTER GILBERT AND WARD,"PAYER'S name | FOSTER, GILBERT AND WARD | T Pine en aw mslaA AA",PAYER S NAME FOSTER GILBERT AND WARD T PINE EN AW MSLAA AA,64.29,False,56.79,MASTER INTMENT AND WANT COME AGAIN RECORDER,MASTER INTMENT AND WANT COME AGAIN RECORDER,False,51.52,False,False,56.79
1099_nec_2026_000055_scan_hard_02,1099_nec,hard,payer_street,901 CARROLL ISLANDS SUITE 277,901 CARROLL ISLANDS SUITE 277,oo) CARROLL ISLANDS SUITE 277,OO CARROLL ISLANDS SUITE 277,67.4,False,91.23,SST CARROLI SLANDS SUITE 27/,SST CARROLI SLANDS SUITE 27,False,82.14,False,False,91.23
1099_nec_2026_000055_scan_hard_02,1099_nec,hard,payer_state,MI,MI,E,E,0.0,False,0.0,SALE OF PROVINCE,SALEOFPROVINCE,False,12.5,True,False,12.5
1099_nec_2026_000055_scan_hard_02,1099_nec,hard,payer_zip,63442,63442,eae,,27.0,False,0.0,SR42 TORION POSTAL CODE,54201005100,False,25.0,True,False,25.0
1099_nec_2026_000055_scan_hard_02,1099_nec,hard,payer_tin,00-3417186,003417186,D,0,0.0,False,20.0,00477188,00477188,False,70.59,True,False,70.59
1099_nec_2026_000055_scan_hard_02,1099_nec,hard,recipient_tin,000-48-7113,000487113,00048-7113,000487113,65.0,True,100.0,000-49-713,00049713,False,82.35,False,True,100.0
1099_nec_2026_000055_scan_hard_02,1099_nec,hard,recipient_state,DC,DC,,,0.0,False,0.0,STATE OR PROUNCE,STATEORPROUNCE,False,12.5,True,False,12.5
1099_nec_2026_000055_scan_hard_02,1099_nec,hard,recipient_zip,30309,30309,| or vt eee,10,53.25,False,28.57,50309 TORGN POSTAL CODE,503090605100,False,47.06,True,False,47.06
1099_nec_2026_000055_scan_hard_02,1099_nec,hard,federal_income_tax_withheld,0.00,0.00,Federal income tax winner =a,1101.00,62.8,False,72.73,SR:,5.00,False,75.0,True,False,75.0
1099_nec_2026_000055_scan_hard_02,1099_nec,hard,account_number,NEC-2026-000055,NEC2026000055,TT,TT,22.0,False,0.0,RECEIPTIONS OF RECIPTIONS ONCLUSIONS AND RECEIPT,RECEIPTIONSOFRECIPTIONSONCLUSIONSANDRECEIPT,False,10.71,True,False,10.71
1099_nec_2026_000055_scan_hard_02,1099_nec,hard,state_tax_withheld,0.00,0.00,$80,80.00,18.0,False,88.89,$,,False,0.0,False,False,88.89
1099_nec_2026_000055_scan_hard_02,1099_nec,hard,state_payer_number,DC-3371859,DC3371859,7,7,0.0,False,20.0,DC-3371859,DC3371859,True,100.0,True,True,100.0
1099_nec_2026_000055_scan_hard_02,1099_nec,hard,state_income,"136,675.89",136675.89,"$196,675.89",196675.89,0.0,False,88.89,"$ 16,675.89",16675.89,False,94.12,True,False,94.12
1099_nec_2026_000064_scan_mild_01,1099_nec,mild,payer_state,AZ,AZ,PE,PE,30.0,False,0.0,TABLE OF PROWNCE,TABLEOFPROWNCE,False,12.5,True,False,12.5
1099_nec_2026_000064_scan_mild_01,1099_nec,mild,payer_zip,21072,21072,20,20,40.0,False,57.14,21072 TOREIGN POSTAL CODE,2107201605100,False,55.56,False,False,57.14
1099_nec_2026_000064_scan_mild_01,1099_nec,mild,recipient_state,AK,AK,PR,PR,38.0,False,0.0,TAKE OF PROVINCE FROM,TAKEOFPROVINCEFROM,False,20.0,True,False,20.0
1099_nec_2026_000064_scan_mild_01,1099_nec,mild,recipient_zip,02433,02433,02433 Pe to ee Gr eterna een tt ee,0243306,28.11,False,83.33,"02433 ""OREIGN POSTAL CODE",0243301605100,False,55.56,False,False,83.33
1099_nec_2026_000064_scan_mild_01,1099_nec,mild,state_tax_withheld,0.00,0.00,$0,0.00,41.0,True,100.0,$ 0.00,0.00,True,100.0,False,True,100.0
1099_nec_2026_000064_scan_mild_01,1099_nec,mild,state_payer_number,AK-3452813,AK3452813,AK-3452813,AK3452813,2.0,True,100.0,AK-3452813,AK3452813,True,100.0,False,True,100.0
1099_nec_2026_000064_scan_mild_01,1099_nec,mild,state_income,"138,314.96",138314.96,"$138,314.96",138314.96,17.0,True,100.0,"$ 138,314.96",138314.96,True,100.0,False,True,100.0
1099_nec_2026_000064_scan_hard_02,1099_nec,hard,payer_state,AZ,AZ,AZ S,AZS,38.0,False,80.0,TABLE OF PROUNCE,TABLEOFPROUNCE,False,12.5,False,False,80.0
1099_nec_2026_000064_scan_hard_02,1099_nec,hard,payer_zip,21072,21072,tore rwre wry? power arees We,005,5.0,False,25.0,"121072 ""OREIGN POSTAL CODE",12107201605100,False,52.63,True,False,52.63
1099_nec_2026_000064_scan_hard_02,1099_nec,hard,recipient_state,AK,AK,CY,CY,0.0,False,0.0,TAKE OF PROUNCE,TAKEOFPROUNCE,False,26.67,True,False,26.67
1099_nec_2026_000064_scan_hard_02,1099_nec,hard,recipient_zip,02433,02433,02 wr Pwr wy? Pere vwwew,02,32.67,False,57.14,"02433 ""REGN POSTAL CODE",02433605100,False,62.5,True,False,62.5
1099_nec_2026_000064_scan_hard_02,1099_nec,hard,federal_income_tax_withheld,0.00,0.00,- . 0.00,-0.00,31.67,False,88.89,SR: 00:00,50000.00,False,66.67,False,False,88.89
1099_nec_2026_000064_scan_hard_02,1099_nec,hard,account_number,NEC-2026-000064,NEC2026000064,NEC-2026-00066,NEC202600066,0.0,False,88.0,FACE: 2828-00084-12-12-12-12-12-12-12-12-12-12-12-12-,FACE282800084121212121212121212121212,False,28.0,False,False,88.0
1099_nec_2026_000064_scan_hard_02,1099_nec,hard,state_tax_withheld,0.00,0.00,"$200,",200.00,37.0,False,80.0,$ 0.00,0.00,True,100.0,True,True,100.0
1099_nec_2026_000064_scan_hard_02,1099_nec,hard,state_payer_number,AK-3452813,AK3452813,A82813,A82813,0.0,False,66.67,AK-3452813,AK3452813,True,100.0,True,True,100.0
1099_nec_2026_000064_scan_hard_02,1099_nec,hard,state_income,"138,314.96",138314.96,"$138,314.96",138314.96,0.0,True,100.0,"$ 138,314.96",138314.96,True,100.0,False,True,100.0
1099_nec_2026_000060_scan_hard_02,1099_nec,hard,payer_name,MITCHELL-CRUZ,MITCHELL CRUZ,_ ee,EE,38.0,False,13.33,***,,False,0.0,False,False,13.33
1099_nec_2026_000060_scan_hard_02,1099_nec,hard,payer_city,NORTH KEITH,NORTH KEITH,oni wer,ONI WER,34.5,False,33.33,*******,,False,0.0,False,False,33.33
1099_nec_2026_000060_scan_hard_02,1099_nec,hard,payer_state,NM,NM,RS,RS,0.0,False,0.0,SR:,SR,False,0.0,False,False,0.0
1099_nec_2026_000060_scan_hard_02,1099_nec,hard,payer_zip,58030,58030,,,0.0,False,0.0,SR000 ********,5000,False,66.67,True,False,66.67
1099_nec_2026_000060_scan_hard_02,1099_nec,hard,payer_tin,00-6562703,006562703,E,,0.0,False,0.0,GOESERTS,6055,False,30.77,True,False,30.77
1099_nec_2026_000060_scan_hard_02,1099_nec,hard,recipient_tin,000-71-8583,000718583,00-71-8583,00718583,57.0,False,94.12,***,,False,0.0,False,False,94.12
1099_nec_2026_000060_scan_hard_02,1099_nec,hard,recipient_city,NORTH TRACY,NORTH TRACY,"NORTH TRACY a , : ee ae be) win",NORTH TRACY A EE AE BE WIN,36.11,False,59.46,SR*,SR,False,15.38,False,False,59.46
1099_nec_2026_000060_scan_hard_02,1099_nec,hard,recipient_state,GU,GU,TT,TT,0.0,False,0.0,SHOPPONCE,SHOPPONCE,False,0.0,False,False,0.0
1099_nec_2026_000060_scan_hard_02,1099_nec,hard,recipient_zip,03879,03879,,,0.0,False,0.0,***,,False,0.0,False,False,0.0
1099_nec_2026_000060_scan_hard_02,1099_nec,hard,federal_income_tax_withheld,0.00,0.00,"Federal income tax warsas, ae",11055.00,57.4,False,66.67,SR:,5.00,False,75.0,True,False,75.0
1099_nec_2026_000060_scan_hard_02,1099_nec,hard,account_number,NEC-2026-000060,NEC2026000060,NMDUCU,NMDUCU,0.0,False,21.05,***,,False,0.0,False,False,21.05
1099_nec_2026_000060_scan_hard_02,1099_nec,hard,state_tax_withheld,0.00,0.00,$.. 20860862,0.21,0.0,False,50.0,$ 00,0.00,True,100.0,True,True,100.0
1099_nec_2026_000060_scan_hard_02,1099_nec,hard,state_payer_number,GU-9170024,GU9170024,7,7,0.0,False,20.0,GU-9170024,GU9170024,True,100.0,True,True,100.0
1099_nec_2026_000060_scan_hard_02,1099_nec,hard,state_income,"110,514.86",110514.86,$0814.96,814.96,40.0,False,53.33,$ 110514.86,110514.86,True,100.0,True,True,100.0
1099_nec_2026_000065_scan_mild_01,1099_nec,mild,payer_city,TIMOTHYSIDE,TIMOTHYSIDE,TIMOTHYSIDE,TIMOTHYSIDE,92.0,True,100.0,TIMOTHYSIDE,TIMOTHYSIDE,True,100.0,False,True,100.0
1099_nec_2026_000065_scan_mild_01,1099_nec,mild,payer_state,NY,NY,ST,ST,0.0,False,0.0,SYATE OR PROVINCE,SYATEORPROVINCE,False,11.76,True,False,11.76
1099_nec_2026_000065_scan_mild_01,1099_nec,mild,payer_zip,32563,32563,2563 Iwiewiyit MV www,25631111,8.0,False,61.54,32563 TORGN POSTAL CODE,325630605100,False,58.82,False,False,61.54
1099_nec_2026_000065_scan_mild_01,1099_nec,mild,recipient_state,AS,AS,CC,CC,0.0,False,0.0,SALE OF PROVINCE FROM,SALEOFPROVINCEFROM,False,10.0,True,False,10.0
1099_nec_2026_000065_scan_mild_01,1099_nec,mild,recipient_zip,83065,83065,05,05,0.0,False,57.14,83065 TORSIGN POSTAL CODE,83065051605100,False,52.63,False,False,57.14
1099_nec_2026_000065_scan_mild_01,1099_nec,mild,federal_income_tax_withheld,0.00,0.00,88 0.00,880.00,47.0,False,80.0,$,,False,0.0,False,False,80.0
1099_nec_2026_000065_scan_mild_01,1099_nec,mild,account_number,NEC-2026-000065,NEC2026000065,NEC-2026-000065,NEC2026000065,0.0,True,100.0,FACE: 2028-00065,FACE202800065,False,69.23,False,True,100.0
1099_nec_2026_000065_scan_mild_01,1099_nec,mild,state_tax_withheld,"3,843.23",3843.23,$8848.28,8848.28,54.0,False,57.14,"$ 3,843.23",3843.23,True,100.0,True,True,100.0
1099_nec_2026_000065_scan_mild_01,1099_nec,mild,state_payer_number,AS-7060792,AS7060792,AS2,AS2,0.0,False,50.0,AS-7060792,AS7060792,True,100.0,True,True,100.0
1099_nec_2026_000065_scan_mild_01,1099_nec,mild,state_income,"84,118.41",84118.41,.,.,0.0,False,22.22,"$ 84,118.41",84118.41,True,100.0,True,True,100.0
1099_nec_2026_000065_scan_hard_02,1099_nec,hard,payer_name,HUNT-JOHNSON,HUNT JOHNSON,— eee owe ee ee Street arictrace,EEE OWE EE EE STREET ARICTRACE,42.57,False,14.29,WWW.WWW.,WWW WWW,False,10.53,False,False,14.29
1099_nec_2026_000065_scan_hard_02,1099_nec,hard,payer_street,3149 BENNETT MEADOW APT. 368,3149 BENNETT MEADOW APT 368,| 3149 BENNETT MEADOW APT 368 5 so opie,3149 BENNETT MEADOW APT 368 5 SO OPIE,64.44,False,84.38,8149 BENETT MEADOW APT.388,8149 BENETT MEADOW APT 388,False,90.57,True,False,90.57
1099_nec_2026_000065_scan_hard_02,1099_nec,hard,payer_city,TIMOTHYSIDE,TIMOTHYSIDE,wy ws WT,WY WS WT,30.67,False,21.05,TMORHYSIDE,TMORHYSIDE,False,85.71,True,False,85.71
1099_nec_2026_000065_scan_hard_02,1099_nec,hard,payer_state,NY,NY,,,0.0,False,0.0,***,,False,0.0,False,False,0.0
1099_nec_2026_000065_scan_hard_02,1099_nec,hard,payer_zip,32563,32563,ka oe,0,36.0,False,0.0,LESS FROM PASH CODE,1550500,False,16.67,True,False,16.67
1099_nec_2026_000065_scan_hard_02,1099_nec,hard,payer_tin,00-7198093,007198093,00-7198093,007198093,0.0,True,100.0,00-719999,00719999,False,70.59,False,True,100.0
1099_nec_2026_000065_scan_hard_02,1099_nec,hard,recipient_tin,000-39-1701,000391701,900-39-1701 L,9003917011,0.0,False,84.21,***,,False,0.0,False,False,84.21
1099_nec_2026_000065_scan_hard_02,1099_nec,hard,recipient_name,WILLIE LUNA,WILLIE LUNA,a Street acirtrasa,A STREET ACIRTRASA,45.0,False,20.69,***,,False,0.0,False,False,20.69
1099_nec_2026_000065_scan_hard_02,1099_nec,hard,recipient_street,173 RAY FORT SUITE 579,173 RAY FORT SUITE 579,wut auTess |173 RAY FORT SUITE 579 |,WUT AUTESS 173 RAY FORT SUITE 579,64.75,False,80.0,ITEM FORTSUMES79,ITEM FORTSUMES79,False,52.63,False,False,80.0
1099_nec_2026_000065_scan_hard_02,1099_nec,hard,recipient_city,LAKE LANCEBERG,LAKE LANCEBERG,wy wr ww 7 ora ce bs era | Axe LaNceBens - State or nrnvinca =,WY WR WW 7 ORA CE BS ERA AXE LANCEBENS STATE OR NRNVINCA,37.81,False,31.43,ONE LACESSE FOR RECEIPT,ONE LACESSE FOR RECEIPT,False,43.24,True,False,43.24
1099_nec_2026_000065_scan_hard_02,1099_nec,hard,recipient_state,AS,AS,GS,GS,10.0,False,50.0,***,,False,0.0,False,False,50.0
1099_nec_2026_000065_scan_hard_02,1099_nec,hard,recipient_zip,83065,83065,« Seinen,51,0.0,False,28.57,GOODS FROM PORTAL CODE,6000500100,False,26.67,False,False,28.57
1099_nec_2026_000065_scan_hard_02,1099_nec,hard,federal_income_tax_withheld,0.00,0.00,= newer tee NEE) VOTE PED cae,0.00,23.14,True,100.0,SR: 00,500.00,False,80.0,False,True,100.0
1099_nec_2026_000065_scan_hard_02,1099_nec,hard,account_number,NEC-2026-000065,NEC2026000065,S EEO,SEEO,17.0,False,11.76,EXCLUSIONS WITH RECEIPT FOR,EXCLUSIONSWITHRECEIPTFOR,False,16.22,True,False,16.22
1099_nec_2026_000065_scan_hard_02,1099_nec,hard,state_tax_withheld,"3,843.23",3843.23,$828,828.00,0.0,False,30.77,$ 3843.23,3843.23,True,100.0,True,True,100.0
1099_nec_2026_000065_scan_hard_02,1099_nec,hard,state_payer_number,AS-7060792,AS7060792,S,S,0.0,False,20.0,AS-7060792,AS7060792,True,100.0,True,True,100.0
1099_nec_2026_000065_scan_hard_02,1099_nec,hard,state_income,"84,118.41",84118.41,$84,84.00,0.0,False,46.15,$ 84.118.41,84.12,False,61.54,True,False,61.54
1099_nec_2026_000079_scan_mild_01,1099_nec,mild,payer_state,KY,KY,LE,LE,0.0,False,0.0,STATE OR PROVINCE,STATEORPROVINCE,False,0.0,False,False,0.0
1099_nec_2026_000079_scan_mild_01,1099_nec,mild,payer_zip,66241,66241,e241 VISIT PV vewnw,241151,17.75,False,54.55,66241 TORSIGN POSTAL CODE |,662410516051001,False,50.0,False,False,54.55
1099_nec_2026_000079_scan_mild_01,1099_nec,mild,recipient_tin,000-42-6024,000426024,00-42-6024,00426024,44.0,False,94.12,000-42-6024,000426024,True,100.0,True,True,100.0
1099_nec_2026_000079_scan_mild_01,1099_nec,mild,recipient_state,IN,IN,PP,PP,0.0,False,0.0,STATE OR PROVINCE,STATEORPROVINCE,False,23.53,True,False,23.53
1099_nec_2026_000079_scan_mild_01,1099_nec,mild,recipient_zip,08853,08853,oss ca,055,12.5,False,50.0,08853 TORSIGN POSTAL CODE,08853051605100,False,52.63,True,False,52.63
1099_nec_2026_000079_scan_mild_01,1099_nec,mild,nonemployee_compensation,"72,328.18",72328.18,"$ 72,328.18",72328.18,48.0,True,100.0,SR: 22:38:18,5223818.00,False,55.56,False,True,100.0
1099_nec_2026_000079_scan_mild_01,1099_nec,mild,account_number,NEC-2026-000079,NEC2026000079,NEC-2026-000079S,NEC2026000079S,0.0,False,96.3,RECEIPT.COMPANY.COM.COM.COM.COM.COM.COM.COM/,RECEIPTCOMPANYCOMCOMCOMCOMCOMCOMCOM,False,8.33,False,False,96.3
1099_nec_2026_000079_scan_mild_01,1099_nec,mild,state_tax_withheld,0.00,0.00,"$0.00,",0.00,47.0,True,100.0,$ 0.00,0.00,True,100.0,False,True,100.0
1099_nec_2026_000079_scan_mild_01,1099_nec,mild,state_payer_number,IN-7679508,IN7679508,767508,767508,1.0,False,80.0,IN-7679608,IN7679608,False,88.89,True,False,88.89
1099_nec_2026_000079_scan_mild_01,1099_nec,mild,state_income,"72,328.18",72328.18,"$72,928.18",72928.18,52.0,False,87.5,"$ 72,328.18",72328.18,True,100.0,True,True,100.0
1099_nec_2026_000080_scan_mild_01,1099_nec,mild,payer_state,SC,SC,SC F PS,SCFPS,25.67,False,57.14,SALE OF PROVINCE ONCLUSIVE,SALEOFPROVINCEONCLUSIVE,False,16.0,False,False,57.14
1099_nec_2026_000080_scan_mild_01,1099_nec,mild,payer_zip,64272,64272,oT ia es,015,16.67,False,0.0,"64272 ""OREIGN POSTAL CODE",6427201605100,False,55.56,True,False,55.56
1099_nec_2026_000080_scan_mild_01,1099_nec,mild,recipient_city,PERRYTOWN,PERRYTOWN,PERRYTOWN,PERRYTOWN,92.0,True,100.0,PERRYON PERINDING PERINDING NO.COM,PERRYON PERINDING PERINDING NO COM,False,32.56,False,True,100.0
1099_nec_2026_000080_scan_mild_01,1099_nec,mild,recipient_state,WV,WV,PW,PW,22.0,False,50.0,I WATE OF PROVINCE COME AGAIN,IWATEOFPROVINCECOMEAGAIN,False,15.38,False,False,50.0
1099_nec_2026_000080_scan_mild_01,1099_nec,mild,recipient_zip,37710,37710,0,0,40.0,False,33.33,"$7710 ""OREIGN POSTAL CODE |",7710016051001,False,44.44,True,False,44.44
1099_nec_2026_000080_scan_mild_01,1099_nec,mild,nonemployee_compensation,"146,445.01",146445.01,"$ 146,445.01",146445.01,59.5,True,100.0,$,,False,0.0,False,True,100.0
1099_nec_2026_000080_scan_mild_01,1099_nec,mild,account_number,NEC-2026-000080,NEC2026000080,NEC-2026-000080,NEC2026000080,33.0,True,100.0,INEC-2025-000080-1-1-1-12-12-12-1203-1203,INEC202500008011112121212031203,False,54.55,False,True,100.0
1099_nec_2026_000080_scan_mild_01,1099_nec,mild,state_tax_withheld,"2,018.93",2018.93,"$2,018.93",2018.93,43.0,True,100.0,$ 2018.93,2018.93,True,100.0,False,True,100.0
1099_nec_2026_000080_scan_mild_01,1099_nec,mild,state_payer_number,WV-1873301,WV1873301,-1733901,1733901,0.0,False,75.0,WWV-1873301,WWV1873301,False,94.74,True,False,94.74
1099_nec_2026_000080_scan_mild_01,1099_nec,mild,state_income,"146,445.01",146445.01,"$146,445.01",146445.01,53.0,True,100.0,"$ 16,445.01",16445.01,False,94.12,False,True,100.0
1099_nec_2026_000079_scan_hard_02,1099_nec,hard,payer_name,"GREEN, TURNER AND PALMER",GREEN TURNER AND PALMER,GALEN TURNER AND PALMER,GALEN TURNER AND PALMER,66.5,False,91.3,SHANK TOWER AND POWER FOR YOUR,SHANK TOWER AND POWER FOR YOUR,False,49.06,False,False,91.3
1099_nec_2026_000079_scan_hard_02,1099_nec,hard,payer_state,KY,KY,ES,ES,17.0,False,0.0,STATE OF PROVINCE,STATEOFPROVINCE,False,0.0,False,False,0.0
1099_nec_2026_000079_scan_hard_02,1099_nec,hard,payer_zip,66241,66241,66241 ae Voss ve~ew,66241055,23.5,False,76.92,66241 TORENGTH POSTAL CODE,662410605100,False,58.82,False,False,76.92
1099_nec_2026_000079_scan_hard_02,1099_nec,hard,payer_tin,00-9116148,009116148,00-9116148,009116148,0.0,True,100.0,00917648,00917648,False,82.35,False,True,100.0
1099_nec_2026_000079_scan_hard_02,1099_nec,hard,recipient_tin,000-42-6024,000426024,00-42-6024,00426024,50.0,False,94.12,000-42-624,00042624,False,94.12,False,False,94.12
1099_nec_2026_000079_scan_hard_02,1099_nec,hard,recipient_state,IN,IN,OR OFPIV,OROFPIV,22.0,False,22.22,SALE OF PROVINCE,SALEOFPROVINCE,False,25.0,True,False,25.0
1099_nec_2026_000079_scan_hard_02,1099_nec,hard,recipient_zip,08853,08853,| GT Vt wiry oe vee,1610,38.67,False,22.22,06853 FORSIGN POSTAL CODE,06853051605100,False,42.11,True,False,42.11
1099_nec_2026_000079_scan_hard_02,1099_nec,hard,nonemployee_compensation,"72,328.18",72328.18,"$ 2 72,328.18",272328.18,52.33,False,94.12,SR: 0328:18,5032818.00,False,55.56,False,False,94.12
1099_nec_2026_000079_scan_hard_02,1099_nec,hard,federal_income_tax_withheld,0.00,0.00,0.00,0.00,65.0,True,100.0,SR:,5.00,False,75.0,False,True,100.0
1099_nec_2026_000079_scan_hard_02,1099_nec,hard,account_number,NEC-2026-000079,NEC2026000079,SP U HIQUUV,SPUHIQUUV,0.0,False,0.0,SEE-325-000-15-12-12-12-12-12-12-12-12-12-12-12-12-,SEE32500015121212121212121212121212,False,20.83,True,False,20.83
1099_nec_2026_000079_scan_hard_02,1099_nec,hard,state_tax_withheld,0.00,0.00,"$200,",200.00,54.0,False,80.0,$ 0.00,0.00,True,100.0,True,True,100.0
1099_nec_2026_000079_scan_hard_02,1099_nec,hard,state_payer_number,IN-7679508,IN7679508,INTER,INTER,26.0,False,28.57,IN-767908,IN767908,False,94.12,True,False,94.12
1099_nec_2026_000079_scan_hard_02,1099_nec,hard,state_income,"72,328.18",72328.18,"$72,028.18",72028.18,22.0,False,87.5,"$ 72,328.18",72328.18,True,100.0,True,True,100.0
1099_nec_2026_000087_scan_mild_01,1099_nec,mild,payer_state,NY,NY,OFPO,OFPO,0.0,False,0.0,STATE OR PROVINCE,STATEORPROVINCE,False,11.76,True,False,11.76
1099_nec_2026_000087_scan_mild_01,1099_nec,mild,payer_zip,40976,40976,40976 IVISIYIT PYosa voeuw,4097611511050,33.0,False,55.56,40575 TORELON POSTAL CODE |,40575010051001,False,31.58,False,False,55.56
1099_nec_2026_000087_scan_mild_01,1099_nec,mild,recipient_tin,000-71-2904,000712904,00-71-2904,00712904,50.0,False,94.12,000-71-204,00071204,False,94.12,False,False,94.12
1099_nec_2026_000087_scan_mild_01,1099_nec,mild,recipient_state,VI,VI,OFPIUVIIS,OFPIUVIIS,0.0,False,36.36,STATE OF PROVINCE,STATEOFPROVINCE,False,23.53,False,False,36.36
1099_nec_2026_000087_scan_mild_01,1099_nec,mild,recipient_zip,58591,58591,58591 IVI sgt! pee vewr~,585911156,20.0,False,71.43,58591 TORGN POSTAL CODE |,5859106051001,False,55.56,False,False,71.43
1099_nec_2026_000087_scan_mild_01,1099_nec,mild,nonemployee_compensation,"133,123.88",133123.88,". 133,123.88",0.13,51.0,False,30.77,SR: 03:23:43:48,503234348.00,False,38.1,True,False,38.1
1099_nec_2026_000087_scan_mild_01,1099_nec,mild,federal_income_tax_withheld,0.00,0.00,0.00,0.00,68.0,True,100.0,$ FEDERAL INCOME TAX WITHINED ONCLUSIVE 0.00,11011001510.00,False,44.44,False,True,100.0
1099_nec_2026_000087_scan_mild_01,1099_nec,mild,account_number,NEC-2026-000087,NEC2026000087,CELBORO PSSHWIOUUVEV,CELBOROPSSHWIOUUVEV,0.0,False,6.25,SEE 2825-00087-FREE MASCOUNTS ONCLUSIONS ONCLUSIONS,SEE282500087FREEMASCOUNTSONCLUSIONSONCLUSIONS,False,27.59,True,False,27.59
1099_nec_2026_000087_scan_mild_01,1099_nec,mild,state_tax_withheld,0.00,0.00,"$200,",200.00,52.0,False,80.0,$ 0.00,0.00,True,100.0,True,True,100.0
1099_nec_2026_000087_scan_mild_01,1099_nec,mild,state_payer_number,VI-4697401,VI4697401,7,7,0.0,False,20.0,V1-4697401,V14697401,False,88.89,True,False,88.89
1099_nec_2026_000087_scan_mild_01,1099_nec,mild,state_income,"133,123.88",133123.88,"$199,123.88",199123.88,36.0,False,77.78,"$ 133,123.88",133123.88,True,100.0,True,True,100.0
1099_nec_2026_000091_scan_mild_01,1099_nec,mild,payer_city,STEVENBERG,STEVENBERG,STEVENBERG,STEVENBERG,92.0,True,100.0,STEVENBERG (RM),STEVENBERG RM,False,86.96,False,True,100.0
1099_nec_2026_000091_scan_mild_01,1099_nec,mild,payer_state,SD,SD,LE,LE,20.0,False,0.0,SALE OF PROUNCE,SALEOFPROUNCE,False,13.33,True,False,13.33
1099_nec_2026_000091_scan_mild_01,1099_nec,mild,payer_zip,43811,43811,43811 wr wryere Po Ww heer vwwww,438110,44.71,False,90.91,"45810"" TORSIGN POSTAL CODE",45810051605100,False,42.11,False,False,90.91
1099_nec_2026_000091_scan_mild_01,1099_nec,mild,recipient_state,MD,MD,CS,CS,2.0,False,0.0,TABLE OF PROUNCE,TABLEOFPROUNCE,False,0.0,False,False,0.0
1099_nec_2026_000091_scan_mild_01,1099_nec,mild,recipient_zip,70279,70279,‘70279 owe wry! vw wwww,702790,33.0,False,90.91,70279 TORSIGN POSTAL CODE,70279051605100,False,52.63,False,False,90.91
1099_nec_2026_000091_scan_mild_01,1099_nec,mild,federal_income_tax_withheld,0.00,0.00,3,3.00,44.0,False,75.0,$,,False,0.0,False,False,75.0
1099_nec_2026_000091_scan_mild_01,1099_nec,mild,account_number,NEC-2026-000091,NEC2026000091,NEC-2026-000091,NEC2026000091,22.0,True,100.0,FACE: 2828-00081,FACE282800081,False,53.85,False,True,100.0
1099_nec_2026_000091_scan_mild_01,1099_nec,mild,state_tax_withheld,0.00,0.00,$00.,0.00,52.0,True,100.0,$,,False,0.0,False,True,100.0
1099_nec_2026_000091_scan_mild_01,1099_nec,mild,state_payer_number,MD-5702093,MD5702093,05702088,05702088,6.0,False,58.82,MD-5702093,MD5702093,True,100.0,True,True,100.0
1099_nec_2026_000091_scan_mild_01,1099_nec,mild,state_income,"65,276.44",65276.44,"$85,276.44",85276.44,36.0,False,87.5,"$ 65,276.44",65276.44,True,100.0,True,True,100.0
1099_nec_2026_000087_scan_hard_02,1099_nec,hard,payer_name,WEBSTER-GUZMAN,WEBSTER GUZMAN,ee ee,EE EE,30.0,False,31.58,WESTERNN PERCHANGE,WESTERNN PERCHANGE,False,56.25,True,False,56.25
1099_nec_2026_000087_scan_hard_02,1099_nec,hard,payer_city,JOSHUASIDE,JOSHUASIDE,we ee,WE EE,32.5,False,13.33,JOSHUADE,JOSHUADE,False,88.89,True,False,88.89
1099_nec_2026_000087_scan_hard_02,1099_nec,hard,payer_state,NY,NY,BS,BS,0.0,False,0.0,***,,False,0.0,False,False,0.0
1099_nec_2026_000087_scan_hard_02,1099_nec,hard,payer_zip,40976,40976,o eee a Oe eee eee,00,23.0,False,28.57,4976 PERCHASE,49765,False,80.0,True,False,80.0
1099_nec_2026_000087_scan_hard_02,1099_nec,hard,payer_tin,00-1458868,001458868,00-1456868,001456868,47.0,False,88.89,****,,False,0.0,False,False,88.89
1099_nec_2026_000087_scan_hard_02,1099_nec,hard,recipient_name,ASHLEY SHERMAN,ASHLEY SHERMAN,,,0.0,False,0.0,SALES-6MM,SALES 6MM,False,43.48,True,False,43.48
1099_nec_2026_000087_scan_hard_02,1099_nec,hard,recipient_city,CHAMBERSVILLE,CHAMBERSVILLE,"CHAMBERSVLLE ,. ial",CHAMBERSVLLE IAL,17.67,False,82.76,CHANGEVILLE THE RECEIPT,CHANGEVILLE THE RECEIPT,False,50.0,False,False,82.76
1099_nec_2026_000087_scan_hard_02,1099_nec,hard,recipient_state,VI,VI,CE,CE,27.0,False,0.0,CASHIER,CASHIER,False,22.22,True,False,22.22
1099_nec_2026_000087_scan_hard_02,1099_nec,hard,recipient_zip,58591,58591,ses CR Fens airs hay fe,55515,34.0,False,60.0,SESST @6,5556,False,44.44,False,False,60.0
1099_nec_2026_000087_scan_hard_02,1099_nec,hard,federal_income_tax_withheld,0.00,0.00,; Gee ate eae oe 0.00,600.00,33.5,False,80.0,SR: 00,500.00,False,80.0,False,False,80.0
1099_nec_2026_000087_scan_hard_02,1099_nec,hard,account_number,NEC-2026-000087,NEC2026000087,ST,ST,0.0,False,0.0,MCD:0000006,MCD0000006,False,52.17,True,False,52.17
1099_nec_2026_000087_scan_hard_02,1099_nec,hard,state_tax_withheld,0.00,0.00,8,8.00,20.0,False,75.0,$,,False,0.0,False,False,75.0
1099_nec_2026_000087_scan_hard_02,1099_nec,hard,state_payer_number,VI-4697401,VI4697401,,,0.0,False,0.0,V1469401,V1469401,False,82.35,True,False,82.35
1099_nec_2026_000087_scan_hard_02,1099_nec,hard,state_income,"133,123.88",133123.88,"$133,123.86",133123.86,0.0,False,88.89,"$ 133,123.88",133123.88,True,100.0,True,True,100.0
1099_nec_2026_000080_scan_hard_02,1099_nec,hard,payer_name,SPEARS-SMITH,SPEARS SMITH,st “en,ST EN,35.0,False,23.53,***,,False,0.0,False,False,23.53
1099_nec_2026_000080_scan_hard_02,1099_nec,hard,payer_city,LAKE MELISSALAND,LAKE MELISSALAND,way Vow ‘LAKE MELISSALANO |,WAY VOW LAKE MELISSALANO,61.4,False,75.0,LIKE MELISALANO,LIKE MELISALANO,False,83.87,True,False,83.87
1099_nec_2026_000080_scan_hard_02,1099_nec,hard,payer_state,SC,SC,RR,RR,26.0,False,0.0,SR:,SR,False,50.0,True,False,50.0
1099_nec_2026_000080_scan_hard_02,1099_nec,hard,payer_zip,64272,64272,Cc ae,,15.5,False,0.0,6/27/2018/2018,62720182018,False,50.0,True,False,50.0
1099_nec_2026_000080_scan_hard_02,1099_nec,hard,payer_tin,00-3714471,003714471,00-3714471,003714471,58.0,True,100.0,CASHIER,51,False,18.18,False,True,100.0
1099_nec_2026_000080_scan_hard_02,1099_nec,hard,recipient_tin,000-22-4513,000224513,000-22-4513,000224513,67.0,True,100.0,1002413,1002413,False,75.0,False,True,100.0
1099_nec_2026_000080_scan_hard_02,1099_nec,hard,recipient_name,HALEY CLARK,HALEY CLARK,HAL = : &,HAL AND,39.25,False,55.56,***,,False,0.0,False,False,55.56
1099_nec_2026_000080_scan_hard_02,1099_nec,hard,recipient_street,4577 ERIC PRAIRIE APT. 959,4577 ERIC PRAIRIE APT 959,wwwwt que 4877 ERIC PRAIRIE APT. 968,WWWWT QUE 4877 ERIC PRAIRIE APT 968,66.43,False,73.33,457 ERC PHANE AFT.989,457 ERC PHANE AFT 989,False,73.91,True,False,73.91
1099_nec_2026_000080_scan_hard_02,1099_nec,hard,recipient_city,PERRYTOWN,PERRYTOWN,PERRVTOW | @Q@eeatae me -—— -1— - -,PERRVTOW Q EEATAE ME 1,33.25,False,45.16,CHAMOW WWW.,CHAMOW WWW,False,21.05,False,False,45.16
1099_nec_2026_000080_scan_hard_02,1099_nec,hard,recipient_state,WV,WV,EB,EB,17.0,False,0.0,***,,False,0.0,False,False,0.0
1099_nec_2026_000080_scan_hard_02,1099_nec,hard,recipient_zip,37710,37710,8,8,3.0,False,0.0,SR710 PER POTAL CODE,57100100,False,46.15,True,False,46.15
1099_nec_2026_000080_scan_hard_02,1099_nec,hard,federal_income_tax_withheld,0.00,0.00,= OO ae | 0.00,10.00,64.4,False,88.89,:,,False,0.0,False,False,88.89
1099_nec_2026_000080_scan_hard_02,1099_nec,hard,account_number,NEC-2026-000080,NEC2026000080,TT,TT,26.0,False,0.0,"""CASH ***",CASH,False,11.76,True,False,11.76
1099_nec_2026_000080_scan_hard_02,1099_nec,hard,state_tax_withheld,"2,018.93",2018.93,$218.99,218.99,24.0,False,76.92,$ 2018.93,2018.93,True,100.0,True,True,100.0
1099_nec_2026_000080_scan_hard_02,1099_nec,hard,state_payer_number,WV-1873301,WV1873301,- -7 SS,7SS,23.0,False,16.67,WW-187381,WW187381,False,70.59,True,False,70.59
1099_nec_2026_000080_scan_hard_02,1099_nec,hard,state_income,"146,445.01",146445.01,"$$. 146,445.01",0.15,12.0,False,30.77,"$ 16,44501",1644501.00,False,73.68,True,False,73.68
1099_nec_2026_000113_scan_mild_01,1099_nec,mild,payer_city,ANDREWSBOROUGH,ANDREWSBOROUGH,Why wl tree ANDREWSBOROUGH,WHY WL TREE ANDREWSBOROUGH,59.25,False,70.0,ANDREWSBOROUGH,ANDREWSBOROUGH,True,100.0,True,True,100.0
1099_nec_2026_000113_scan_mild_01,1099_nec,mild,payer_state,FL,FL,FO,FO,29.0,False,50.0,PLEASE OF PROVINCE ONCLUSIVE,PLEASEOFPROVINCEONCLUSIVE,False,14.81,False,False,50.0
1099_nec_2026_000113_scan_mild_01,1099_nec,mild,payer_zip,54409,54409,"Gantt 09 o~, Senda - plied eee wewewea",609050110,39.38,False,28.57,"54409 ""OREIGN POSTAL CODE",5440901605100,False,55.56,True,False,55.56
1099_nec_2026_000113_scan_mild_01,1099_nec,mild,recipient_name,DAVID RODGERS,DAVID RODGERS,DAVID RODGERS :,DAVID RODGERS,63.33,True,100.0,DAVID ROGERS ONCLUSIONS ONCLUSIVE,DAVID ROGERS ONCLUSIONS ONCLUSIVE,False,52.17,False,True,100.0
1099_nec_2026_000113_scan_mild_01,1099_nec,mild,recipient_state,ID,ID,EP,EP,9.0,False,0.0,DATE OF PROWNCE,DATEOFPROWNCE,False,13.33,True,False,13.33
1099_nec_2026_000113_scan_mild_01,1099_nec,mild,recipient_zip,97964,97964,97964 Tare a a NEE re cathe eS,979645,29.12,False,90.91,"97964 ""OREIGN POSTAL CODE",9796401605100,False,55.56,False,False,90.91
1099_nec_2026_000113_scan_mild_01,1099_nec,mild,nonemployee_compensation,"8,622.09",8622.09,"$ 8,622.09",8622.09,48.0,True,100.0,SR: 56228,556228.00,False,62.5,False,True,100.0
1099_nec_2026_000113_scan_mild_01,1099_nec,mild,account_number,NEC-2026-000113,NEC2026000113,NEC-2026-000113,NEC2026000113,16.0,True,100.0,INEC-2028-00113,INEC202800113,False,84.62,False,True,100.0
1099_nec_2026_000113_scan_mild_01,1099_nec,mild,state_tax_withheld,344.54,344.54,$848.54,848.54,58.0,False,66.67,$ 44.54,44.54,False,90.91,True,False,90.91
1099_nec_2026_000113_scan_mild_01,1099_nec,mild,state_payer_number,ID-9739692,ID9739692,72,72,0.0,False,36.36,ID-9739692,ID9739692,True,100.0,True,True,100.0
1099_nec_2026_000113_scan_mild_01,1099_nec,mild,state_income,"8,622.09",8622.09,"$8,622.09",8622.09,19.0,True,100.0,"$ 8,622.09",8622.09,True,100.0,False,True,100.0
1099_nec_2026_000091_scan_hard_02,1099_nec,hard,payer_city,STEVENBERG,STEVENBERG,wy we ee | STEVENBERG,WY WE EE STEVENBERG,49.6,False,68.97,STEVENBERG (RM),STEVENBERG RM,False,86.96,True,False,86.96
1099_nec_2026_000091_scan_hard_02,1099_nec,hard,payer_state,SD,SD,SD Y,SDY,34.5,False,80.0,SR:,SR,False,50.0,False,False,80.0
1099_nec_2026_000091_scan_hard_02,1099_nec,hard,payer_zip,43811,43811,43611 ose vanes,43611055,17.0,False,61.54,49011 REG. PASH GOO,4901165600,False,40.0,False,False,61.54
1099_nec_2026_000091_scan_hard_02,1099_nec,hard,payer_tin,00-5609255,005609255,00-56C 09255,005609255,53.5,True,100.0,00-5609255,005609255,True,100.0,False,True,100.0
1099_nec_2026_000091_scan_hard_02,1099_nec,hard,recipient_city,NEW EMILY,NEW EMILY,eee eae NEW EMILY,EEE EAE NEW EMILY,66.25,False,69.23,NEWERY SUMMARY,NEWERY SUMMARY,False,52.17,False,False,69.23
1099_nec_2026_000091_scan_hard_02,1099_nec,hard,recipient_state,MD,MD,SS,SS,19.0,False,0.0,***,,False,0.0,False,False,0.0
1099_nec_2026_000091_scan_hard_02,1099_nec,hard,recipient_zip,70279,70279,27,27,19.0,False,57.14,70279 PHANGE CODE,70279600,False,76.92,True,False,76.92
1099_nec_2026_000091_scan_hard_02,1099_nec,hard,federal_income_tax_withheld,0.00,0.00,", 0.00",0.00,48.0,True,100.0,SR: 00,500.00,False,80.0,False,True,100.0
1099_nec_2026_000091_scan_hard_02,1099_nec,hard,state_tax_withheld,0.00,0.00,$0,0.00,56.0,True,100.0,$,,False,0.0,False,True,100.0
1099_nec_2026_000091_scan_hard_02,1099_nec,hard,state_payer_number,MD-5702093,MD5702093,MO-STO0OS,MOSTO0OS,0.0,False,23.53,MO-5702093,MO5702093,False,88.89,True,False,88.89
1099_nec_2026_000091_scan_hard_02,1099_nec,hard,state_income,"65,276.44",65276.44,"$65,276.44",65276.44,15.0,True,100.0,"$ 65,276.44",65276.44,True,100.0,False,True,100.0
1099_nec_2026_000115_scan_mild_01,1099_nec,mild,payer_name,TANNER INC,TANNER INC,TANNER INC,TANNER INC,67.5,True,100.0,TAKE NO.COM.COM.COM,TAKE NO COM COM COM,False,41.38,False,True,100.0
1099_nec_2026_000115_scan_mild_01,1099_nec,mild,payer_city,JENNIFERLAND,JENNIFERLAND,JENNIFERLAND,JENNIFERLAND,92.0,True,100.0,JENNIFERLAND,JENNIFERLAND,True,100.0,False,True,100.0
1099_nec_2026_000115_scan_mild_01,1099_nec,mild,payer_state,MI,MI,MI VVMV,MIVVMV,32.0,False,50.0,STATE OR PROVINCE,STATEORPROVINCE,False,11.76,False,False,50.0
1099_nec_2026_000115_scan_mild_01,1099_nec,mild,payer_zip,79512,79512,79512 iviviyglt! Wye vywew,7951211161,32.25,False,66.67,79512 TORSIGN POSTAL CODE,79512051605100,False,52.63,False,False,66.67
1099_nec_2026_000115_scan_mild_01,1099_nec,mild,recipient_name,MRS. LISA GARZA,MRS LISA GARZA,MRS. LISA GARZA,MRS LISA GARZA,65.0,True,100.0,MRS LSA GAZA,MRS LSA GAZA,False,92.31,False,True,100.0
1099_nec_2026_000115_scan_mild_01,1099_nec,mild,recipient_state,KS,KS,HK,HK,0.0,False,50.0,RATE OF PROVINCE,RATEOFPROVINCE,False,0.0,False,False,50.0
1099_nec_2026_000115_scan_mild_01,1099_nec,mild,recipient_zip,59343,59343,nos,05,23.0,False,28.57,59343 TORSIGN POSTAL CODE,59343051605100,False,52.63,True,False,52.63
1099_nec_2026_000115_scan_mild_01,1099_nec,mild,federal_income_tax_withheld,"11,966.87",11966.87,"Cie Pa eye nee ee ee eT Tae 11,966.87",111966.87,27.44,False,94.12,$,,False,0.0,False,False,94.12
1099_nec_2026_000115_scan_mild_01,1099_nec,mild,account_number,NEC-2026-000115,NEC2026000115,NEC-2026-000115,NEC2026000115,0.0,True,100.0,RECEIPT CODEBOOKS ONCLUSIVE OF RECEIPT,RECEIPTCODEBOOKSONCLUSIVEOFRECEIPT,False,12.77,False,True,100.0
1099_nec_2026_000115_scan_mild_01,1099_nec,mild,state_tax_withheld,254.72,254.72,$2,2.00,8.0,False,40.0,$ 25472,25472.00,False,71.43,True,False,71.43
1099_nec_2026_000115_scan_mild_01,1099_nec,mild,state_payer_number,KS-3645741,KS3645741,K6741,K6741,0.0,False,71.43,KS-3645741,KS3645741,True,100.0,True,True,100.0
1099_nec_2026_000115_scan_mild_01,1099_nec,mild,state_income,"101,095.85",101095.85,"$101,095.85",101095.85,30.0,True,100.0,"$ 101,095.85",101095.85,True,100.0,False,True,100.0
1099_nec_2026_000113_scan_hard_02,1099_nec,hard,payer_name,MORGAN AND SONS,MORGAN AND SONS,— AND SONS SS eseeseeeensesenensmeenemmeen,AND SONS SS ESEESEEEENSESENENSMEENEMMEEN,49.4,False,29.09,MORGAN AND SDN'S AND FOLLOW US ON BACK,MORGAN AND SDN S AND FOLLOW US ON BACK,False,52.83,True,False,52.83
1099_nec_2026_000113_scan_hard_02,1099_nec,hard,payer_city,ANDREWSBOROUGH,ANDREWSBOROUGH,wy WT Sree ANDREWSBOROUGH,WY WT SREE ANDREWSBOROUGH,45.0,False,71.79,ANDREWSBOROUGH,ANDREWSBOROUGH,True,100.0,True,True,100.0
1099_nec_2026_000113_scan_hard_02,1099_nec,hard,payer_zip,54409,54409,009,009,0.0,False,50.0,54409 TORSIGN POSTAL CODE,54409051605100,False,52.63,True,False,52.63
1099_nec_2026_000113_scan_hard_02,1099_nec,hard,payer_tin,00-6236326,006236326,A,,9.0,False,0.0,00-626386,00626386,False,82.35,True,False,82.35
1099_nec_2026_000113_scan_hard_02,1099_nec,hard,recipient_name,DAVID RODGERS,DAVID RODGERS,DAVID RODGERS LS Se essesessspeuiernsnswememememmeerees,DAVID RODGERS LS SE ESSESESSSPEUIERNSNSWEMEMEMEMMEEREES,48.2,False,38.24,SAVOROGES PERCHANGE,SAVOROGES PERCHANGE,False,43.75,True,False,43.75
1099_nec_2026_000113_scan_hard_02,1099_nec,hard,recipient_city,WEST SARAHSTAD,WEST SARAHSTAD,eee wr SNe UES WEST SARAHSTAD rr,EEE WR SNE UES WEST SARAHSTAD RR,46.0,False,60.87,WESTSHATAO,WESTSHATAO,False,66.67,True,False,66.67
1099_nec_2026_000113_scan_hard_02,1099_nec,hard,recipient_state,ID,ID,LR,LR,16.0,False,0.0,PLEASE OF PROUNCE FROM,PLEASEOFPROUNCEFROM,False,0.0,False,False,0.0
1099_nec_2026_000113_scan_hard_02,1099_nec,hard,recipient_zip,97964,97964,9766,9766,69.0,False,66.67,97964 GREEN POSTAL CODE,97964605100,False,62.5,False,False,66.67
1099_nec_2026_000113_scan_hard_02,1099_nec,hard,federal_income_tax_withheld,951.00,951.00,. 951.00,0.95,64.5,False,40.0,SR: 56 PM,556.00,False,66.67,True,False,66.67
1099_nec_2026_000113_scan_hard_02,1099_nec,hard,account_number,NEC-2026-000113,NEC2026000113,NEC-2026-000113 S,NEC2026000113S,29.5,False,96.3,KEEP-2028-0019 PERCHANGE:,KEEP20280019PERCHANGE,False,41.18,False,False,96.3
1099_nec_2026_000113_scan_hard_02,1099_nec,hard,state_tax_withheld,344.54,344.54,$8,8.00,25.0,False,20.0,$ 34.54,34.54,False,90.91,True,False,90.91
1099_nec_2026_000113_scan_hard_02,1099_nec,hard,state_payer_number,ID-9739692,ID9739692,W,W,0.0,False,0.0,ID-9738692,ID9738692,False,88.89,True,False,88.89
1099_nec_2026_000113_scan_hard_02,1099_nec,hard,state_income,"8,622.09",8622.09,$8622.09,8622.09,23.0,True,100.0,"$ 6,622.09",6622.09,False,85.71,False,True,100.0
1099_nec_2026_000124_scan_mild_01,1099_nec,mild,payer_state,IN,IN,NN P WV,NNPWV,3.67,False,28.57,RATE OF PROVINCE,RATEOFPROVINCE,False,25.0,False,False,28.57
1099_nec_2026_000124_scan_mild_01,1099_nec,mild,payer_zip,31861,31861,1861 ows wiygtt vryvese wvuye,186105165,23.4,False,57.14,51861 TORSIGN POSTAL CODE,51861051605100,False,42.11,False,False,57.14
1099_nec_2026_000124_scan_mild_01,1099_nec,mild,recipient_city,MARCUSFURT,MARCUSFURT,MARCUSFURT,MARCUSFURT,92.0,True,100.0,MANCUSTARY INCLUSIVE OF RECEIPT FOR,MANCUSTARY INCLUSIVE OF RECEIPT FOR,False,40.0,False,True,100.0
1099_nec_2026_000124_scan_mild_01,1099_nec,mild,recipient_state,AK,AK,J,J,54.0,False,0.0,TAKE OF PROVINCE,TAKEOFPROVINCE,False,25.0,True,False,25.0
1099_nec_2026_000124_scan_mild_01,1099_nec,mild,recipient_zip,67380,67380,7280,7280,0.0,False,66.67,67380 TORSIGN POSTAL CODE |,673800516051001,False,50.0,False,False,66.67
1099_nec_2026_000124_scan_mild_01,1099_nec,mild,nonemployee_compensation,"47,596.46",47596.46,"$ 47,596.46",47596.46,60.5,True,100.0,"$ 5 CASH GIVEAWAY ON 7,586.46",556107586.46,False,60.0,False,True,100.0
1099_nec_2026_000124_scan_mild_01,1099_nec,mild,state_tax_withheld,0.00,0.00,"$00,",0.00,58.0,True,100.0,$,,False,0.0,False,True,100.0
1099_nec_2026_000124_scan_mild_01,1099_nec,mild,state_payer_number,AK-7464782,AK7464782,ARATE,ARATE,12.0,False,14.29,AK-7464782,AK7464782,True,100.0,True,True,100.0
1099_nec_2026_000124_scan_mild_01,1099_nec,mild,state_income,"47,596.46",47596.46,$4756.46,4756.46,21.0,False,93.33,"$ 47,596.46",47596.46,True,100.0,True,True,100.0
1099_nec_2026_000127_scan_mild_01,1099_nec,mild,payer_city,JOSEPHSHIRE,JOSEPHSHIRE,JOSEPHSHIRE,JOSEPHSHIRE,92.0,True,100.0,JOSEPHSHRE,JOSEPHSHRE,False,95.24,False,True,100.0
1099_nec_2026_000127_scan_mild_01,1099_nec,mild,payer_state,NJ,NJ,SS,SS,0.0,False,0.0,NAME OF PROUNCE,NAMEOFPROUNCE,False,13.33,True,False,13.33
1099_nec_2026_000127_scan_mild_01,1099_nec,mild,payer_zip,08795,08795,08795 mr viyt! pYola VVUS,087951015,26.4,False,71.43,08795 TORSIGN POSTAL CODE,08795051605100,False,52.63,False,False,71.43
1099_nec_2026_000127_scan_mild_01,1099_nec,mild,recipient_city,HARRISVIEW,HARRISVIEW,HARRISVIEW,HARRISVIEW,90.0,True,100.0,HARSAW PERCHANGE,HARSAW PERCHANGE,False,38.46,False,True,100.0
1099_nec_2026_000127_scan_mild_01,1099_nec,mild,recipient_state,AK,AK,P W,PW,0.0,False,0.0,MAKE OF PROUNCE,MAKEOFPROUNCE,False,26.67,True,False,26.67
1099_nec_2026_000127_scan_mild_01,1099_nec,mild,recipient_zip,88482,88482,"| —-"" 3 wwewiy? wpwoww wvUug",13106,22.83,False,0.0,88482 TORSIGN POSTAL CODE,88482051605100,False,52.63,True,False,52.63
1099_nec_2026_000127_scan_mild_01,1099_nec,mild,account_number,NEC-2026-000127,NEC2026000127,NEC-2026-0001 27 S,NEC2026000127S,45.0,False,96.3,DEC-2029-0072,DEC20290072,False,66.67,False,False,96.3
1099_nec_2026_000127_scan_mild_01,1099_nec,mild,state_tax_withheld,"3,143.58",3143.58,$8358,8358.00,23.0,False,42.86,"$ 3,143.58",3143.58,True,100.0,True,True,100.0
1099_nec_2026_000127_scan_mild_01,1099_nec,mild,state_payer_number,AK-7662074,AK7662074,7662074,7662074,4.0,False,87.5,AK-7662074,AK7662074,True,100.0,True,True,100.0
1099_nec_2026_000127_scan_mild_01,1099_nec,mild,state_income,"72,179.72",72179.72,5.,5.00,0.0,False,16.67,"$ 72,179.72",72179.72,True,100.0,True,True,100.0
1099_nec_2026_000124_scan_hard_02,1099_nec,hard,payer_city,PORT RHONDAVIEW,PORT RHONDAVIEW,PORT | RHONDAVIEW Be,PORT RHONDAVIEW BE,69.0,False,90.91,PORT RHONDAVIEW,PORT RHONDAVIEW,True,100.0,True,True,100.0
1099_nec_2026_000124_scan_hard_02,1099_nec,hard,payer_state,IN,IN,NN S,NNS,4.0,False,40.0,SALE OF PROUNCE,SALEOFPROUNCE,False,13.33,False,False,40.0
1099_nec_2026_000124_scan_hard_02,1099_nec,hard,payer_zip,31861,31861,31861 VN Sra) ee,318615,43.25,False,90.91,"51861 ""OREIGN POSTAL CODE",5186101605100,False,44.44,False,False,90.91
1099_nec_2026_000124_scan_hard_02,1099_nec,hard,recipient_city,MARCUSFURT,MARCUSFURT,Why Vt Wivere MARCUSFURT,WHY VT WIVERE MARCUSFURT,51.25,False,58.82,MARCUSFURT @6%,MARCUSFURT 6,False,90.91,True,False,90.91
1099_nec_2026_000124_scan_hard_02,1099_nec,hard,recipient_state,AK,AK,AK,AK,55.0,True,100.0,SAKE OF PROUNCE,SAKEOFPROUNCE,False,26.67,False,True,100.0
1099_nec_2026_000124_scan_hard_02,1099_nec,hard,recipient_zip,67380,67380,ers ee Se a ss ee ee,5555,27.43,False,0.0,67380 CHEGN POSTAL CODE,67380605100,False,62.5,True,False,62.5
1099_nec_2026_000124_scan_hard_02,1099_nec,hard,account_number,NEC-2026-000124,NEC2026000124,NEC-2026-000124,NEC2026000124,15.0,True,100.0,NEC-828-0074,NEC8280074,False,60.87,False,True,100.0
1099_nec_2026_000124_scan_hard_02,1099_nec,hard,state_tax_withheld,0.00,0.00,$0,0.00,31.0,True,100.0,$ 00,0.00,True,100.0,False,True,100.0
1099_nec_2026_000124_scan_hard_02,1099_nec,hard,state_payer_number,AK-7464782,AK7464782,AK7A67E2,AK7A67E2,0.0,False,70.59,AK-7464782,AK7464782,True,100.0,True,True,100.0
1099_nec_2026_000124_scan_hard_02,1099_nec,hard,state_income,"47,596.46",47596.46,"$47,596.46",47596.46,7.0,True,100.0,"$ 47,596.46",47596.46,True,100.0,False,True,100.0
1099_nec_2026_000115_scan_hard_02,1099_nec,hard,payer_name,TANNER INC,TANNER INC,ee,EE,37.0,False,16.67,THANK YOU FOR,THANK YOU FOR,False,34.78,True,False,34.78
1099_nec_2026_000115_scan_hard_02,1099_nec,hard,payer_street,94621 SUZANNE ISLANDS,94621 SUZANNE ISLANDS,a,A,36.0,False,9.09,94621 SUZANNE SLANDS,94621 SUZANNE SLANDS,False,97.56,True,False,97.56
1099_nec_2026_000115_scan_hard_02,1099_nec,hard,payer_city,JENNIFERLAND,JENNIFERLAND,eae Sete en |,EAE SETE EN,24.5,False,26.09,JENFERLAND,JENFERLAND,False,90.91,True,False,90.91
1099_nec_2026_000115_scan_hard_02,1099_nec,hard,payer_state,MI,MI,BS,BS,0.0,False,0.0,AMOUNT,AMOUNT,False,25.0,True,False,25.0
1099_nec_2026_000115_scan_hard_02,1099_nec,hard,payer_zip,79512,79512,ao ete,0,22.0,False,0.0,7552-9999,75529999,False,46.15,True,False,46.15
1099_nec_2026_000115_scan_hard_02,1099_nec,hard,payer_tin,00-8973718,008973718,SS,55,0.0,False,0.0,RECEPATE,,False,0.0,False,False,0.0
1099_nec_2026_000115_scan_hard_02,1099_nec,hard,recipient_tin,000-98-3539,000983539,SS,55,26.0,False,18.18,****,,False,0.0,False,False,18.18
1099_nec_2026_000115_scan_hard_02,1099_nec,hard,recipient_name,MRS. LISA GARZA,MRS LISA GARZA,ee,EE,39.0,False,0.0,MAS ID: 0024,MAS ID 0024,False,40.0,True,False,40.0
1099_nec_2026_000115_scan_hard_02,1099_nec,hard,recipient_street,4384 TRACY EXPRESSWAY,4384 TRACY EXPRESSWAY,sn,SN,27.0,False,8.7,454 TRACY EXPRESSWAY,454 TRACY EXPRESSWAY,False,92.68,True,False,92.68
1099_nec_2026_000115_scan_hard_02,1099_nec,hard,recipient_city,LAKE JOHNPORT,LAKE JOHNPORT,ee Se,EE SE,22.0,False,22.22,THE SHOPPOT SUMMARY,THE SHOPPOT SUMMARY,False,37.5,True,False,37.5
1099_nec_2026_000115_scan_hard_02,1099_nec,hard,recipient_state,KS,KS,SS,SS,0.0,False,50.0,SR:,SR,False,50.0,False,False,50.0
1099_nec_2026_000115_scan_hard_02,1099_nec,hard,recipient_zip,59343,59343,2a. eas,25,27.5,False,28.57,SR04 PERCHASE 00%,504500,False,36.36,True,False,36.36
1099_nec_2026_000115_scan_hard_02,1099_nec,hard,nonemployee_compensation,"101,095.85",101095.85,,,0.0,False,0.0,SR: 01:06:55,5010655.00,False,52.63,True,False,52.63
1099_nec_2026_000115_scan_hard_02,1099_nec,hard,federal_income_tax_withheld,"11,966.87",11966.87,,,0.0,False,0.0,SR: 0138667,50138667.00,False,42.11,True,False,42.11
1099_nec_2026_000115_scan_hard_02,1099_nec,hard,account_number,NEC-2026-000115,NEC2026000115,MO,MO,25.0,False,0.0,RECEIPTIONS FROM,RECEIPTIONSFROM,False,14.29,True,False,14.29
1099_nec_2026_000115_scan_hard_02,1099_nec,hard,state_payer_number,KS-3645741,KS3645741,A,A,11.0,False,0.0,KS-3645741,KS3645741,True,100.0,True,True,100.0
1099_nec_2026_000127_scan_hard_02,1099_nec,hard,payer_state,NJ,NJ,LS,LS,1.0,False,0.0,FREE OF PROUNCE,FREEOFPROUNCE,False,13.33,True,False,13.33
1099_nec_2026_000127_scan_hard_02,1099_nec,hard,payer_zip,08795,08795,08785 Sir pvota VvUuT,08785510,29.25,False,61.54,68795 TORSIGN POSTAL CODE,68795051605100,False,42.11,False,False,61.54
1099_nec_2026_000127_scan_hard_02,1099_nec,hard,recipient_city,HARRISVIEW,HARRISVIEW,wy wt osvyVVr HARRISVIEW te Seeeses—eseE,WY WT OSVYVVR HARRISVIEW TE SEEESES ESEE,35.0,False,40.0,WWW.,WWW,False,15.38,False,False,40.0
1099_nec_2026_000127_scan_hard_02,1099_nec,hard,recipient_state,AK,AK,SG,SG,5.0,False,0.0,TAKE OF PROUNCE,TAKEOFPROUNCE,False,26.67,True,False,26.67
1099_nec_2026_000127_scan_hard_02,1099_nec,hard,recipient_zip,88482,88482,C we wwe wry pV VvvuG,6,17.17,False,0.0,88482 TORGN POSTAL CODE,884820605100,False,58.82,True,False,58.82
1099_nec_2026_000127_scan_hard_02,1099_nec,hard,account_number,NEC-2026-000127,NEC2026000127,NEC-2026-000127 B,NEC2026000127B,44.5,False,96.3,INC:006-0072,INC0060072,False,60.87,False,False,96.3
1099_nec_2026_000127_scan_hard_02,1099_nec,hard,state_tax_withheld,"3,143.58",3143.58,$348.58,348.58,49.0,False,76.92,"$ 3,143.58",3143.58,True,100.0,True,True,100.0
1099_nec_2026_000127_scan_hard_02,1099_nec,hard,state_payer_number,AK-7662074,AK7662074,AK26,AK26,0.0,False,46.15,AK-7662074,AK7662074,True,100.0,True,True,100.0
1099_nec_2026_000127_scan_hard_02,1099_nec,hard,state_income,"72,179.72",72179.72,$7,7.00,0.0,False,33.33,"$ 72,179.72",72179.72,True,100.0,True,True,100.0
1099_nec_2026_000132_scan_mild_01,1099_nec,mild,payer_state,WI,WI,W W W,WWW,0.0,False,40.0,WATE OR PROVINCE,WATEORPROVINCE,False,25.0,False,False,40.0
1099_nec_2026_000132_scan_mild_01,1099_nec,mild,payer_zip,98088,98088,98088 rwewryt! Vw vwwuw,98088,12.75,True,100.0,SR068 TORSIGN POSTAL CODE,5068051605100,False,22.22,False,True,100.0
1099_nec_2026_000132_scan_mild_01,1099_nec,mild,recipient_state,WA,WA,EL,EL,15.0,False,0.0,WATE OR PROWNCE ONCLUSIVE,WATEORPROWNCEONCLUSIVE,False,16.67,True,False,16.67
1099_nec_2026_000132_scan_mild_01,1099_nec,mild,recipient_zip,79826,79826,‘79826 08 OOF? 0) FO NOE OW ee ww ow,79826080000000,25.7,False,52.63,79826 TORSIGN POSTAL CODE,79826051605100,False,52.63,False,False,52.63
1099_nec_2026_000132_scan_mild_01,1099_nec,mild,state_tax_withheld,"6,787.74",6787.74,$74,74.00,0.0,False,33.33,"$ 6,787.74",6787.74,True,100.0,True,True,100.0
1099_nec_2026_000132_scan_mild_01,1099_nec,mild,state_payer_number,WA-9428900,WA9428900,WA94289000,WA94289000,0.0,False,94.74,WA-9428900,WA9428900,True,100.0,True,True,100.0
1099_nec_2026_000132_scan_mild_01,1099_nec,mild,state_income,"145,518.78",145518.78,"$145,518.78",145518.78,42.0,True,100.0,"$ 15,518.78",15518.78,False,94.12,False,True,100.0
1099_nec_2026_000135_scan_mild_01,1099_nec,mild,payer_name,"BOYD, CRAWFORD AND JONES",BOYD CRAWFORD AND JONES,E0vD; CRAWFORD AND JONES,E0VD CRAWFORD AND JONES,69.0,False,86.96,"FOOD, CRAWFORD AND JOES - + + + + + +",FOOD CRAWFORD AND JOES,False,88.89,True,False,88.89
1099_nec_2026_000135_scan_mild_01,1099_nec,mild,payer_state,ME,ME,ME OFPIUVIS,MEOFPIUVIS,32.0,False,33.33,STATE OR PROVINCE,STATEORPROVINCE,False,11.76,False,False,33.33
1099_nec_2026_000135_scan_mild_01,1099_nec,mild,payer_zip,70662,70662,70662 IVISIYI! Puyo. vuun,70662115110,23.25,False,62.5,70662 TORELON POSTAL CODE |,70662010051001,False,52.63,False,False,62.5
1099_nec_2026_000135_scan_mild_01,1099_nec,mild,recipient_tin,000-81-9589,000819589,00-81-9589,00819589,59.0,False,94.12,(000-81-556,00081556,False,70.59,False,False,94.12
1099_nec_2026_000135_scan_mild_01,1099_nec,mild,recipient_name,TAMARA WYATT,TAMARA WYATT,TAMARA WYATT,TAMARA WYATT,68.0,True,100.0,TAKE WITH ***,TAKE WITH,False,47.62,False,True,100.0
1099_nec_2026_000135_scan_mild_01,1099_nec,mild,recipient_state,VI,VI,BR,BR,14.0,False,0.0,STATE OR PROVINCE,STATEORPROVINCE,False,23.53,True,False,23.53
1099_nec_2026_000135_scan_mild_01,1099_nec,mild,recipient_zip,38373,38373,38973 IMEwIyge! Www ve,38973116,24.75,False,61.54,38373 TORSIGN POSTAL CODE |,383730516051001,False,50.0,False,False,61.54
1099_nec_2026_000135_scan_mild_01,1099_nec,mild,nonemployee_compensation,"83,685.40",83685.40,"$ 83,685.40",83685.40,64.5,True,100.0,"SR IKEA, JALAN 8868540",5118868540.00,False,57.14,False,True,100.0
1099_nec_2026_000135_scan_mild_01,1099_nec,mild,federal_income_tax_withheld,0.00,0.00,9.00,9.00,59.0,False,75.0,S RECEIPE INCOME TAX WITHINED ONCLUSIVE 0.00,511011001510.00,False,42.11,False,False,75.0
1099_nec_2026_000135_scan_mild_01,1099_nec,mild,account_number,NEC-2026-000135,NEC2026000135,NEC-2026000185,NEC2026000185,15.0,False,92.31,RECEIPT REG-0075-PRE INCLUSIONS:,RECEIPTREG0075PREINCLUSIONS,False,25.0,False,False,92.31
1099_nec_2026_000135_scan_mild_01,1099_nec,mild,state_tax_withheld,0.00,0.00,$0.00,0.00,55.0,True,100.0,$ 0.00,0.00,True,100.0,False,True,100.0
1099_nec_2026_000135_scan_mild_01,1099_nec,mild,state_payer_number,VI-8215305,VI8215305,25005,25005,0.0,False,57.14,V1-8215305,V18215305,False,88.89,True,False,88.89
1099_nec_2026_000135_scan_mild_01,1099_nec,mild,state_income,"83,685.40",83685.40,$3685.40,3685.40,47.0,False,93.33,"$ 83,685.40",83685.40,True,100.0,True,True,100.0
1099_nec_2026_000132_scan_hard_02,1099_nec,hard,payer_city,WRIGHTFURT,WRIGHTFURT,Vay Of own |,VAY OF OWN,59.5,False,10.0,WAIGHTURT,WAIGHTURT,False,84.21,True,False,84.21
1099_nec_2026_000132_scan_hard_02,1099_nec,hard,payer_state,WI,WI,LS,LS,0.0,False,0.0,SALE OF PRONCE,SALEOFPRONCE,False,0.0,False,False,0.0
1099_nec_2026_000132_scan_hard_02,1099_nec,hard,payer_zip,98088,98088,,,0.0,False,0.0,GOODS FROM PARA COME,6000500,False,16.67,True,False,16.67
1099_nec_2026_000132_scan_hard_02,1099_nec,hard,payer_tin,00-9797692,009797692,,,0.0,False,0.0,0.976762,0976762,False,75.0,True,False,75.0
1099_nec_2026_000132_scan_hard_02,1099_nec,hard,recipient_tin,000-15-6231,000156231,00-18-6231 - -,00186231,11.0,False,82.35,000-15-231,00015231,False,94.12,True,False,94.12
1099_nec_2026_000132_scan_hard_02,1099_nec,hard,recipient_name,SUSAN BARTON,SUSAN BARTON,omen ON |,OMEN ON,63.67,False,42.11,SANDER'S FROM,SANDER S FROM,False,48.0,True,False,48.0
1099_nec_2026_000132_scan_hard_02,1099_nec,hard,recipient_state,WA,WA,LL,LL,30.0,False,0.0,SAVE OF PROUNCE FROM,SAVEOFPROUNCEFROM,False,10.53,True,False,10.53
1099_nec_2026_000132_scan_hard_02,1099_nec,hard,recipient_zip,79826,79826,ne —_—s,5,10.5,False,0.0,78625 SHOPPOWER,78625500,False,46.15,True,False,46.15
1099_nec_2026_000132_scan_hard_02,1099_nec,hard,nonemployee_compensation,"145,518.78",145518.78,2,2.00,0.0,False,15.38,SR: 1455187878,51455187878.00,False,69.57,True,False,69.57
1099_nec_2026_000132_scan_hard_02,1099_nec,hard,federal_income_tax_withheld,0.00,0.00,- 0.00,-0.00,36.0,False,88.89,SR: 00,500.00,False,80.0,False,False,88.89
1099_nec_2026_000132_scan_hard_02,1099_nec,hard,account_number,NEC-2026-000132,NEC2026000132,NEC2000I2 2,NEC2000I22,0.0,False,69.57,RECEIPT #: 065-0072,RECEIPT0650072,False,51.85,False,False,69.57
1099_nec_2026_000132_scan_hard_02,1099_nec,hard,state_tax_withheld,"6,787.74",6787.74,2 878774,2878774.00,12.5,False,58.82,$ 6.787.74,6.79,False,54.55,False,False,58.82
1099_nec_2026_000132_scan_hard_02,1099_nec,hard,state_payer_number,WA-9428900,WA9428900,GB OE TS S,GBOETSS,21.0,False,0.0,WA-9428900,WA9428900,True,100.0,True,True,100.0
1099_nec_2026_000132_scan_hard_02,1099_nec,hard,state_income,"145,518.78",145518.78,"$148,518.78",148518.78,35.0,False,88.89,$ 145.518.78,145.52,False,53.33,False,False,88.89
1099_nec_2026_000138_scan_mild_01,1099_nec,mild,payer_street,08953 LINDA VIEWS,08953 LINDA VIEWS,08953 LINDA VIEWS s,08953 LINDA VIEWS S,65.75,False,94.44,08953 UNDA VIEWS,08953 UNDA VIEWS,False,90.91,False,False,94.44
1099_nec_2026_000138_scan_mild_01,1099_nec,mild,payer_state,GA,GA,TY,TY,0.0,False,0.0,SALE OF PROVINCE,SALEOFPROVINCE,False,12.5,True,False,12.5
1099_nec_2026_000138_scan_mild_01,1099_nec,mild,payer_zip,12451,12451,12451 VISIT! Pwo veww,124511510,52.5,False,71.43,1245 FORSIGN POSTAL CODE |,12450516051001,False,52.63,False,False,71.43
1099_nec_2026_000138_scan_mild_01,1099_nec,mild,recipient_state,OR,OR,SC,SC,0.0,False,0.0,SALE OR PROUNCE,SALEORPROUNCE,False,26.67,True,False,26.67
1099_nec_2026_000138_scan_mild_01,1099_nec,mild,recipient_zip,79107,79107,791 07 wet vy eee aoa,791070,33.83,False,90.91,"79107 ""OREIGN POSTAL CODE]",7910701605100,False,55.56,False,False,90.91
1099_nec_2026_000138_scan_mild_01,1099_nec,mild,nonemployee_compensation,"43,776.73",43776.73,"$ 43,776.73",43776.73,61.0,True,100.0,SR: 03:46:43,5034643.00,False,33.33,False,True,100.0
1099_nec_2026_000138_scan_mild_01,1099_nec,mild,account_number,NEC-2026-000138,NEC2026000138,NEC-2026-000138,NEC2026000138,7.0,True,100.0,***,,False,0.0,False,True,100.0
1099_nec_2026_000138_scan_mild_01,1099_nec,mild,state_tax_withheld,0.00,0.00,$0.00,0.00,63.0,True,100.0,$ 0.00,0.00,True,100.0,False,True,100.0
1099_nec_2026_000138_scan_mild_01,1099_nec,mild,state_payer_number,OR-8550780,OR8550780,50780,50780,0.0,False,71.43,OR-8550780,OR8550780,True,100.0,True,True,100.0
1099_nec_2026_000138_scan_mild_01,1099_nec,mild,state_income,"43,776.73",43776.73,$4376.73,4376.73,56.0,False,93.33,"$ 43,776.73",43776.73,True,100.0,True,True,100.0
1099_nec_2026_000135_scan_hard_02,1099_nec,hard,payer_name,"BOYD, CRAWFORD AND JONES",BOYD CRAWFORD AND JONES,BOYD. CRAWFC wo z,BOYD CRAWFC WO Z,56.0,False,61.54,500.COMPONG.DES,500 COMPONG DES,False,36.84,False,False,61.54
1099_nec_2026_000135_scan_hard_02,1099_nec,hard,payer_street,1812 MIKE LOCK,1812 MIKE LOCK,sei lOc |,SEI LOC,25.67,False,47.62,MEMBER BOOK,MEMBER BOOK,False,40.0,False,False,47.62
1099_nec_2026_000135_scan_hard_02,1099_nec,hard,payer_city,STEVENMOUTH,STEVENMOUTH,a wt WarvNTT i,A WT WARVNTT I,18.0,False,32.0,STEVENION,STEVENION,False,70.0,True,False,70.0
1099_nec_2026_000135_scan_hard_02,1099_nec,hard,payer_state,ME,ME,SS,SS,0.0,False,0.0,CASHIER,CASHIER,False,22.22,True,False,22.22
1099_nec_2026_000135_scan_hard_02,1099_nec,hard,payer_zip,70662,70662,Leoeaaeaanaa,10,0.0,False,28.57,FREE WHOPPER PATEBOOK,0800,False,22.22,False,False,28.57
1099_nec_2026_000135_scan_hard_02,1099_nec,hard,payer_tin,00-4290000,004290000,,,0.0,False,0.0,----,,False,0.0,False,False,0.0
1099_nec_2026_000135_scan_hard_02,1099_nec,hard,recipient_tin,000-81-9589,000819589,---,,0.0,False,0.0,....,,False,0.0,False,False,0.0
1099_nec_2026_000135_scan_hard_02,1099_nec,hard,recipient_name,TAMARA WYATT,TAMARA WYATT,TAMARA WYATT Street artrteace,TAMARA WYATT STREET ARTRTEACE,68.75,False,58.54,WWW.,WWW,False,13.33,False,False,58.54
1099_nec_2026_000135_scan_hard_02,1099_nec,hard,recipient_street,769 TAYLOR COURSE SUITE 588,769 TAYLOR COURSE SUITE 588,aE ae | 769 TAYLOR COURSE SUITE S88 i. ——_—.,AE AE 769 TAYLOR COURSE SUITE S88 I,52.8,False,83.87,THE TAYOR COURGE SURE 5%,THE TAYOR COURGE SURE 5,False,72.0,False,False,83.87
1099_nec_2026_000135_scan_hard_02,1099_nec,hard,recipient_city,WEST CRYSTALVIEW,WEST CRYSTALVIEW,| WEST one,WEST ONE,66.33,False,50.0,NETORNAW.COM.,NETORNAW COM,False,35.71,False,False,50.0
1099_nec_2026_000135_scan_hard_02,1099_nec,hard,recipient_state,VI,VI,PT,PT,0.0,False,0.0,CASHIER,CASHIER,False,22.22,True,False,22.22
1099_nec_2026_000135_scan_hard_02,1099_nec,hard,recipient_zip,38373,38373,a,,0.0,False,0.0,***,,False,0.0,False,False,0.0
1099_nec_2026_000135_scan_hard_02,1099_nec,hard,nonemployee_compensation,"83,685.40",83685.40,2,2.00,18.0,False,33.33,SR: 1 5.65,515.65,False,28.57,False,False,33.33
1099_nec_2026_000135_scan_hard_02,1099_nec,hard,federal_income_tax_withheld,0.00,0.00,| pe ee oe ane,10.00,32.0,False,88.89,:,,False,0.0,False,False,88.89
1099_nec_2026_000135_scan_hard_02,1099_nec,hard,account_number,NEC-2026-000135,NEC2026000135,SRE,SRE,3.0,False,12.5,***,,False,0.0,False,False,12.5
1099_nec_2026_000135_scan_hard_02,1099_nec,hard,state_tax_withheld,0.00,0.00,..,.,0.0,False,40.0,$ 00,0.00,True,100.0,True,True,100.0
1099_nec_2026_000135_scan_hard_02,1099_nec,hard,state_payer_number,VI-8215305,VI8215305,- SO,SO,6.0,False,0.0,V-821505,V821505,False,87.5,True,False,87.5
1099_nec_2026_000135_scan_hard_02,1099_nec,hard,state_income,"83,685.40",83685.40,"$8,685.40",8685.40,0.0,False,93.33,"$ 63,685.40",63685.40,False,87.5,False,False,93.33
1099_nec_2026_000147_scan_mild_01,1099_nec,mild,payer_state,MP,MP,MP,MP,9.0,True,100.0,MAPATE OF PROVINCE ONCLUSIVE,MAPATEOFPROVINCEONCLUSIVE,False,14.81,False,True,100.0
1099_nec_2026_000147_scan_mild_01,1099_nec,mild,payer_zip,48573,48573,48570,48570,0.0,False,80.0,48573 TOREIGN POSTAL CODE,4857301605100,False,55.56,False,False,80.0
1099_nec_2026_000147_scan_mild_01,1099_nec,mild,recipient_state,MH,MH,PM,PM,31.0,False,50.0,MAKE OF PROVINCE ONCLUSIVE,MAKEOFPROVINCEONCLUSIVE,False,8.0,False,False,50.0
1099_nec_2026_000147_scan_mild_01,1099_nec,mild,recipient_zip,51732,51732,51732 Ee Bt ee tate oak atin Sarl,5173280151,23.38,False,66.67,"51732 ""OREIGN POSTAL CODE",5173201605100,False,55.56,False,False,66.67
1099_nec_2026_000147_scan_mild_01,1099_nec,mild,state_tax_withheld,0.00,0.00,$00,0.00,35.0,True,100.0,$ 0.00,0.00,True,100.0,False,True,100.0
1099_nec_2026_000147_scan_mild_01,1099_nec,mild,state_payer_number,MH-5593537,MH5593537,MH-5599597,MH5599597,11.0,False,77.78,MH-5593537,MH5593537,True,100.0,True,True,100.0
1099_nec_2026_000147_scan_mild_01,1099_nec,mild,state_income,"27,414.67",27414.67,"$27,414.67",27414.67,41.0,True,100.0,"$ 27,414.67",27414.67,True,100.0,False,True,100.0
1099_nec_2026_000138_scan_hard_02,1099_nec,hard,payer_name,"DUNCAN, ADAMS AND TRAN",DUNCAN ADAMS AND TRAN,PAYERS name prcmronnwor,PAYERS NAME PRCMRONNWOR,43.33,False,31.82,EXCLUSIONS NOT TAX,EXCLUSIONS NOT TAX,False,41.03,True,False,41.03
1099_nec_2026_000138_scan_hard_02,1099_nec,hard,payer_city,HARRISTOWN,HARRISTOWN,HARRI lee,HARRI LEE,53.5,False,52.63,HAYRSTOWN,HAYRSTOWN,False,84.21,True,False,84.21
1099_nec_2026_000138_scan_hard_02,1099_nec,hard,payer_state,GA,GA,PE,PE,8.0,False,0.0,SR:,SR,False,0.0,False,False,0.0
1099_nec_2026_000138_scan_hard_02,1099_nec,hard,payer_zip,12451,12451,sat,5,26.0,False,33.33,12457 SHOPPER RATE COME,12457500,False,61.54,True,False,61.54
1099_nec_2026_000138_scan_hard_02,1099_nec,hard,payer_tin,00-5826554,005826554,,,0.0,False,0.0,GOODES:,60005,False,42.86,True,False,42.86
1099_nec_2026_000138_scan_hard_02,1099_nec,hard,recipient_tin,000-11-6624,000116624,14-682 7,146827,5.0,False,40.0,***,,False,0.0,False,False,40.0
1099_nec_2026_000138_scan_hard_02,1099_nec,hard,recipient_name,LISA DICKSON,LISA DICKSON,REC! & Nae ae,REC AND NAE AE,43.5,False,23.08,GOOD:,GOOD,False,12.5,False,False,23.08
1099_nec_2026_000138_scan_hard_02,1099_nec,hard,recipient_state,OR,OR,OR SR,ORSR,23.5,False,66.67,SR:,SR,False,50.0,False,False,66.67
1099_nec_2026_000138_scan_hard_02,1099_nec,hard,recipient_zip,79107,79107,WE,,34.0,False,0.0,79107 PERCHASE,791075,False,90.91,True,False,90.91
1099_nec_2026_000138_scan_hard_02,1099_nec,hard,nonemployee_compensation,"43,776.73",43776.73,8,8.00,0.0,False,16.67,SR:,5.00,False,16.67,False,False,16.67
1099_nec_2026_000138_scan_hard_02,1099_nec,hard,federal_income_tax_withheld,0.00,0.00,. 0.00,0.00,62.0,True,100.0,SR: 00,500.00,False,80.0,False,True,100.0
1099_nec_2026_000138_scan_hard_02,1099_nec,hard,account_number,NEC-2026-000138,NEC2026000138,,,0.0,False,0.0,RECEIPT @6%,RECEIPT6,False,28.57,True,False,28.57
1099_nec_2026_000138_scan_hard_02,1099_nec,hard,state_tax_withheld,0.00,0.00,$800,800.00,48.0,False,80.0,$ 00,0.00,True,100.0,True,True,100.0
1099_nec_2026_000138_scan_hard_02,1099_nec,hard,state_payer_number,OR-8550780,OR8550780,0R-8580780 DD --,0R8580780DD,0.0,False,70.0,OR-550780,OR550780,False,94.12,True,False,94.12
1099_nec_2026_000138_scan_hard_02,1099_nec,hard,state_income,"43,776.73",43776.73,$ 477,477.00,24.5,False,57.14,$ 4376.73,4376.73,False,93.33,True,False,93.33
1099_nec_2026_000147_scan_hard_02,1099_nec,hard,payer_city,NORTH DENNIS,NORTH DENNIS,Why VP Svrere NORTH DENNIS,WHY VP SVRERE NORTH DENNIS,61.8,False,63.16,NORTH DENNIS,NORTH DENNIS,True,100.0,True,True,100.0
1099_nec_2026_000147_scan_hard_02,1099_nec,hard,payer_state,MP,MP,MP EEE,MPEEE,53.5,False,57.14,SALE OF PROUNCE FROM,SALEOFPROUNCEFROM,False,10.53,False,False,57.14
1099_nec_2026_000147_scan_hard_02,1099_nec,hard,payer_zip,48573,48573,49573 ey ae,49573,38.67,False,80.0,48573 GREEN POSTAL CODE,48573605100,False,62.5,False,False,80.0
1099_nec_2026_000147_scan_hard_02,1099_nec,hard,recipient_city,PORT SANDRABURGH,PORT SANDRABURGH,PORT SANORABURGH,PORT SANORABURGH,68.0,False,93.75,PORT SANDARUROH PERCHASE,PORT SANDARUROH PERCHASE,False,65.0,False,False,93.75
1099_nec_2026_000147_scan_hard_02,1099_nec,hard,recipient_state,MH,MH,WAS,WAS,0.0,False,0.0,WHE OF PROUNCE,WHEOFPROUNCE,False,14.29,True,False,14.29
1099_nec_2026_000147_scan_hard_02,1099_nec,hard,recipient_zip,51732,51732,72,72,41.0,False,57.14,51732 REGN POSTAL CODE,51732605100,False,62.5,True,False,62.5
1099_nec_2026_000147_scan_hard_02,1099_nec,hard,nonemployee_compensation,"27,414.67",27414.67,"$ 27,414.67",27414.67,60.5,True,100.0,SR: 24147,524147.00,False,58.82,False,True,100.0
1099_nec_2026_000147_scan_hard_02,1099_nec,hard,federal_income_tax_withheld,0.00,0.00,Ses las oe es 0.00,5515050.00,41.0,False,57.14,SR: 00,500.00,False,80.0,True,False,80.0
1099_nec_2026_000147_scan_hard_02,1099_nec,hard,state_tax_withheld,0.00,0.00,$,,0.0,False,0.0,$,,False,0.0,False,False,0.0
1099_nec_2026_000147_scan_hard_02,1099_nec,hard,state_payer_number,MH-5593537,MH5593537,MHSS5O597,MHSS5O597,0.0,False,66.67,MH-5593537,MH5593537,True,100.0,True,True,100.0
1099_nec_2026_000147_scan_hard_02,1099_nec,hard,state_income,"27,414.67",27414.67,$2747,2747.00,0.0,False,53.33,"$ 27,414.67",27414.67,True,100.0,True,True,100.0
1099_nec_2026_000156_scan_mild_01,1099_nec,mild,payer_city,SCOTTFORT,SCOTTFORT,Why Vi ture SCOTTFORT,WHY VI TURE SCOTTFORT,65.75,False,60.0,SCOTFORT,SCOTFORT,False,94.12,True,False,94.12
1099_nec_2026_000156_scan_mild_01,1099_nec,mild,payer_state,AL,AL,SS,SS,0.0,False,0.0,DATE OF PROVINCE,DATEOFPROVINCE,False,12.5,True,False,12.5
1099_nec_2026_000156_scan_mild_01,1099_nec,mild,payer_zip,15523,15523,853,853,29.0,False,50.0,15529 TORELON POSTAL CODE,1552901005100,False,44.44,False,False,50.0
1099_nec_2026_000156_scan_mild_01,1099_nec,mild,recipient_state,VA,VA,WA,WA,38.0,False,50.0,DATE OF PROWNCE,DATEOFPROWNCE,False,13.33,False,False,50.0
1099_nec_2026_000156_scan_mild_01,1099_nec,mild,recipient_zip,09964,09964,ogg64 en ne re!,06664,14.0,False,60.0,09964 TOREIGN POSTAL CODE,0996401605100,False,55.56,False,False,60.0
1099_nec_2026_000156_scan_mild_01,1099_nec,mild,state_tax_withheld,0.00,0.00,$0,0.00,38.0,True,100.0,$ 0.00,0.00,True,100.0,False,True,100.0
1099_nec_2026_000156_scan_mild_01,1099_nec,mild,state_payer_number,VA-3866974,VA3866974,674,674,0.0,False,50.0,VA-3866974,VA3866974,True,100.0,True,True,100.0
1099_nec_2026_000156_scan_mild_01,1099_nec,mild,state_income,"23,727.28",23727.28,"$23,727.28",23727.28,53.0,True,100.0,"$ 23,727.28",23727.28,True,100.0,False,True,100.0
1099_nec_2026_000156_scan_hard_02,1099_nec,hard,payer_state,AL,AL,P MVVHTY,PMVVHTY,0.0,False,0.0,AMOUNT,AMOUNT,False,25.0,True,False,25.0
1099_nec_2026_000156_scan_hard_02,1099_nec,hard,payer_zip,15523,15523,ae,,31.0,False,0.0,1529 REGN POSTAL CODE,1529605100,False,40.0,True,False,40.0
1099_nec_2026_000156_scan_hard_02,1099_nec,hard,recipient_tin,000-75-3619,000753619,000-75-3619 3,0007536193,46.0,False,94.74,000-75-2019,000752019,False,77.78,False,False,94.74
1099_nec_2026_000156_scan_hard_02,1099_nec,hard,recipient_street,291 DAVID CANYON,291 DAVID CANYON,wuvel Guu cs ae | 291 DAVID CANYON POP EEN PURSES,WUVEL GUU CS AE 291 DAVID CANYON POP EEN PURSES,49.18,False,50.79,PET DAVID CANYON,PET DAVID CANYON,False,81.25,True,False,81.25
1099_nec_2026_000156_scan_hard_02,1099_nec,hard,recipient_city,EAST JULIE,EAST JULIE,| wy ww weet | EAST JULIE —_—_— nnn Ctata ar neeuniann ~ :,WY WW WEET EAST JULIE NNN CTATA AR NEEUNIANN,45.21,False,37.04,FREE AMOUNT,FREE AMOUNT,False,28.57,False,False,37.04
1099_nec_2026_000156_scan_hard_02,1099_nec,hard,recipient_state,VA,VA,RT,RT,0.0,False,0.0,SAVE OF PROUNCE,SAVEOFPROUNCE,False,13.33,True,False,13.33
1099_nec_2026_000156_scan_hard_02,1099_nec,hard,recipient_zip,09964,09964,os wr mony pus COUS,050505,11.6,False,18.18,09964 REGION POSTAL CODE,0996461005100,False,55.56,True,False,55.56
1099_nec_2026_000156_scan_hard_02,1099_nec,hard,nonemployee_compensation,"23,727.28",23727.28,"$ , 23,727.28",23727.28,41.67,True,100.0,"SR: 1 2,727AB",5127278.00,False,55.56,False,True,100.0
1099_nec_2026_000156_scan_hard_02,1099_nec,hard,federal_income_tax_withheld,"2,513.53",2513.53,| _ ee ee eee tee WEES POTEET PEEL oniake,150101.00,28.6,False,37.5,SR: 03355,503355.00,False,37.5,False,False,37.5
1099_nec_2026_000156_scan_hard_02,1099_nec,hard,account_number,NEC-2026-000156,NEC2026000156,7,7,52.0,False,0.0,RECEIPT FOR AN OFFER:,RECEIPTFORANOFFER,False,13.33,True,False,13.33
1099_nec_2026_000156_scan_hard_02,1099_nec,hard,state_tax_withheld,0.00,0.00,(2,2.00,0.0,False,75.0,$ 0.00,0.00,True,100.0,True,True,100.0
1099_nec_2026_000156_scan_hard_02,1099_nec,hard,state_payer_number,VA-3866974,VA3866974,7,7,0.0,False,20.0,VA-3866974,VA3866974,True,100.0,True,True,100.0
1099_nec_2026_000156_scan_hard_02,1099_nec,hard,state_income,"23,727.28",23727.28,"$23,727.28",23727.28,12.0,True,100.0,"$ 23,727.28",23727.28,True,100.0,False,True,100.0
1099_nec_2026_000165_scan_mild_01,1099_nec,mild,payer_state,WY,WY,OFPIV,OFPIV,0.0,False,0.0,SALE OF PROVINCE,SALEOFPROVINCE,False,0.0,False,False,0.0
1099_nec_2026_000165_scan_mild_01,1099_nec,mild,payer_zip,76106,76106,76106 IVICIYI pve vewuw,761061111,28.5,False,71.43,76106 TORSIGN POSTAL CODE,76106051605100,False,52.63,False,False,71.43
1099_nec_2026_000165_scan_mild_01,1099_nec,mild,payer_tin,00-4478434,004478434,00-4478434,004478434,60.0,True,100.0,00448454,00448454,False,82.35,False,True,100.0
1099_nec_2026_000165_scan_mild_01,1099_nec,mild,recipient_tin,000-88-7793,000887793,00-88-7793,00887793,55.0,False,94.12,000-88-793,00088793,False,94.12,False,False,94.12
1099_nec_2026_000165_scan_mild_01,1099_nec,mild,recipient_city,NORTH BRUCE,NORTH BRUCE,NORTH BRUCE bi,NORTH BRUCE BI,63.33,False,88.0,SEMORICE |,SEMORICE,False,42.11,False,False,88.0
1099_nec_2026_000165_scan_mild_01,1099_nec,mild,recipient_state,AS,AS,EP,EP,27.0,False,0.0,SALE OR PROVINCE,SALEORPROVINCE,False,12.5,True,False,12.5
1099_nec_2026_000165_scan_mild_01,1099_nec,mild,recipient_zip,06659,06659,pe,,26.0,False,0.0,0669 TORGN POSTAL CODE,06690605100,False,50.0,True,False,50.0
1099_nec_2026_000165_scan_mild_01,1099_nec,mild,account_number,NEC-2026-000165,NEC2026000165,NEC-2026-000165,NEC2026000165,31.0,True,100.0,FACE: 2825-0075-PRE INCLUSIONS(RM),FACE28250075PREINCLUSIONSRM,False,30.0,False,True,100.0
1099_nec_2026_000165_scan_mild_01,1099_nec,mild,state_tax_withheld,0.00,0.00,$00,0.00,46.0,True,100.0,$ 0.00,0.00,True,100.0,False,True,100.0
1099_nec_2026_000165_scan_mild_01,1099_nec,mild,state_payer_number,AS-4562439,AS4562439,AS56209,AS56209,36.0,False,75.0,AS-4562439,AS4562439,True,100.0,True,True,100.0
1099_nec_2026_000165_scan_mild_01,1099_nec,mild,state_income,"35,473.21",35473.21,$8847321,8847321.00,0.0,False,55.56,"$ 35,473.21",35473.21,True,100.0,True,True,100.0
1099_nec_2026_000167_scan_mild_01,1099_nec,mild,payer_state,NY,NY,SN,SN,0.0,False,50.0,STATE OR PROVINCE,STATEORPROVINCE,False,11.76,False,False,50.0
1099_nec_2026_000167_scan_mild_01,1099_nec,mild,payer_zip,03449,03449,03449 CWE s wis www,03449515,19.0,False,76.92,03449 TORELON POSTAL CODE,0344901005100,False,55.56,False,False,76.92
1099_nec_2026_000167_scan_mild_01,1099_nec,mild,recipient_state,PR,PR,PR,PR,40.0,True,100.0,STATE OR PROVINCE,STATEORPROVINCE,False,23.53,False,True,100.0
1099_nec_2026_000167_scan_mild_01,1099_nec,mild,recipient_zip,38692,38692,gpee,6,0.0,False,33.33,38692 TORSIGN POSTAL CODE,38692051605100,False,52.63,True,False,52.63
1099_nec_2026_000167_scan_mild_01,1099_nec,mild,account_number,NEC-2026-000167,NEC2026000167,NEC-2026-000167 UUUDREANRIW,NEC2026000167UUUDREANRIW,8.0,False,70.27,RECE:00067,RECE00067,False,63.64,False,False,70.27
1099_nec_2026_000167_scan_mild_01,1099_nec,mild,state_tax_withheld,0.00,0.00,$00,0.00,44.0,True,100.0,$ 0.00,0.00,True,100.0,False,True,100.0
1099_nec_2026_000167_scan_mild_01,1099_nec,mild,state_payer_number,PR-6622207,PR6622207,PROT,PROT,12.0,False,30.77,PR-6622207,PR6622207,True,100.0,True,True,100.0
1099_nec_2026_000167_scan_mild_01,1099_nec,mild,state_income,"35,550.41",35550.41,"$35,550.41",35550.41,23.0,True,100.0,"$ 35,550.41",35550.41,True,100.0,False,True,100.0
1099_nec_2026_000165_scan_hard_02,1099_nec,hard,payer_name,MORENO-SULLIVAN,MORENO SULLIVAN,; a GAYS s.| = a S| Lee aes USE “a XA,A GAYS S A S LEE AES USE A XA,23.83,False,22.73,CASHIER ***,CASHIER,False,18.18,False,False,22.73
1099_nec_2026_000165_scan_hard_02,1099_nec,hard,payer_street,62483 WOOD CAUSEWAY,62483 WOOD CAUSEWAY,a,A,27.0,False,10.0,SAID WOOD CAUSEWAY,SAID WOOD CAUSEWAY,False,75.68,True,False,75.68
1099_nec_2026_000165_scan_hard_02,1099_nec,hard,payer_city,KYLEBURGH,KYLEBURGH,ae,AE,32.0,False,18.18,EXCLUDER SUMMARY,EXCLUDER SUMMARY,False,32.0,True,False,32.0
1099_nec_2026_000165_scan_hard_02,1099_nec,hard,payer_state,WY,WY,,,0.0,False,0.0,SEE OF PRICE OF PRICE,SEEOFPRICEOFPRICE,False,0.0,False,False,0.0
1099_nec_2026_000165_scan_hard_02,1099_nec,hard,payer_zip,76106,76106,,,0.0,False,0.0,7% OF REGN PASAR CODE,706500,False,54.55,True,False,54.55
1099_nec_2026_000165_scan_hard_02,1099_nec,hard,payer_tin,00-4478434,004478434,SS,55,36.0,False,0.0,***,,False,0.0,False,False,0.0
1099_nec_2026_000165_scan_hard_02,1099_nec,hard,recipient_tin,000-88-7793,000887793,HOVT W,0,0.0,False,20.0,000-98-799,00098799,False,70.59,True,False,70.59
1099_nec_2026_000165_scan_hard_02,1099_nec,hard,recipient_name,ANDREW KLEIN,ANDREW KLEIN,Ll,LL,36.0,False,14.29,***,,False,0.0,False,False,14.29
1099_nec_2026_000165_scan_hard_02,1099_nec,hard,recipient_city,NORTH BRUCE,NORTH BRUCE,"a i a : ‘ : . ud Se ; 7 e) - ’ A Ab iar :"" ' Wwe ae! a mes ire LE | i _ = ~~at Lent S| “et y PCs Renee FS cae | A | U ’ Se PG - _ Zz | , < ~~",A I A UD SE 7 E A AB IAR WWE AE A MES IRE LE I AT LENT S ET Y PCS RENEE FS CAE A U SE PG ZZ,26.42,False,11.76,SERCHANGE: | SEE RECEIPT CONTIONS,SERCHANGE SEE RECEIPT CONTIONS,False,29.27,True,False,29.27
1099_nec_2026_000165_scan_hard_02,1099_nec,hard,recipient_state,AS,AS,,,0.0,False,0.0,SAME OF PROUNCE,SAMEOFPROUNCE,False,13.33,True,False,13.33
1099_nec_2026_000165_scan_hard_02,1099_nec,hard,recipient_zip,06659,06659,Saat eat,5,29.5,False,33.33,PLEASE FORTAIN PASER COME,150150,False,36.36,True,False,36.36
1099_nec_2026_000165_scan_hard_02,1099_nec,hard,federal_income_tax_withheld,127.63,127.63,: meen os ae,5.00,32.25,False,20.0,SR:,5.00,False,20.0,False,False,20.0
1099_nec_2026_000165_scan_hard_02,1099_nec,hard,account_number,NEC-2026-000165,NEC2026000165,PP,PP,0.0,False,0.0,***,,False,0.0,False,False,0.0
1099_nec_2026_000165_scan_hard_02,1099_nec,hard,state_tax_withheld,0.00,0.00,$.. .),.,0.0,False,40.0,$ 00,0.00,True,100.0,True,True,100.0
1099_nec_2026_000165_scan_hard_02,1099_nec,hard,state_payer_number,AS-4562439,AS4562439,18455209,18455209,56.0,False,47.06,AS 4662439,AS4662439,False,88.89,True,False,88.89
1099_nec_2026_000165_scan_hard_02,1099_nec,hard,state_income,"35,473.21",35473.21,$3543.21,3543.21,0.0,False,93.33,"$ 35,473.21",35473.21,True,100.0,True,True,100.0
1099_nec_2026_000169_scan_mild_01,1099_nec,mild,payer_state,FM,FM,EM WS,EMWS,39.5,False,33.33,FACE OF PROVINCE,FACEOFPROVINCE,False,12.5,False,False,33.33
1099_nec_2026_000169_scan_mild_01,1099_nec,mild,payer_zip,81904,81904,00,00,0.0,False,28.57,61964 TORSIGN POSTAL CODE,61964051605100,False,31.58,True,False,31.58
1099_nec_2026_000169_scan_mild_01,1099_nec,mild,payer_tin,00-6690033,006690033,00-6690033 7,0066900337,66.0,False,94.74,10669003,10669003,False,82.35,False,False,94.74
1099_nec_2026_000169_scan_mild_01,1099_nec,mild,recipient_city,EAST RANDY,EAST RANDY,EAST RANDY :,EAST RANDY,63.67,True,100.0,"EASTRANDY SUMMARY,COMPERS",EASTRANDY SUMMARY COMPERS,False,51.43,False,True,100.0
1099_nec_2026_000169_scan_mild_01,1099_nec,mild,recipient_state,NJ,NJ,N W,NW,10.0,False,50.0,INVOICE OF PROVINCE,INVOICEOFPROVINCE,False,10.53,False,False,50.0
1099_nec_2026_000169_scan_mild_01,1099_nec,mild,recipient_zip,45452,45452,| 45a52 wwewrye pvuwa vyUs,145525,20.6,False,72.73,45452 TORSIGN POSTAL CODE,45452051605100,False,52.63,False,False,72.73
1099_nec_2026_000169_scan_mild_01,1099_nec,mild,nonemployee_compensation,"151,986.62",151986.62,"$ 151,986.62",151986.62,47.5,True,100.0,"SR: 01,986.62",501986.62,False,88.89,False,True,100.0
1099_nec_2026_000169_scan_mild_01,1099_nec,mild,federal_income_tax_withheld,0.00,0.00,: ee ee 0.00,0.00,36.25,True,100.0,$,,False,0.0,False,True,100.0
1099_nec_2026_000169_scan_mild_01,1099_nec,mild,state_tax_withheld,"1,361.54",1361.54,$1861.54,1861.54,41.0,False,85.71,"$ 1,361.54",1361.54,True,100.0,True,True,100.0
1099_nec_2026_000169_scan_mild_01,1099_nec,mild,state_payer_number,NJ-7535837,NJ7535837,N7595857,N7595857,0.0,False,70.59,NJ-7535837,NJ7535837,True,100.0,True,True,100.0
1099_nec_2026_000169_scan_mild_01,1099_nec,mild,state_income,"151,986.62",151986.62,"$151,986.62",151986.62,23.0,True,100.0,"$ 151,986.62",151986.62,True,100.0,False,True,100.0
1099_nec_2026_000167_scan_hard_02,1099_nec,hard,payer_name,KRAMER-GRIFFITH,KRAMER GRIFFITH,rao oO aie | NN TN,RAO OO AIE NN TN,43.17,False,32.26,AMERREAM,AMERREAM,False,43.48,True,False,43.48
1099_nec_2026_000167_scan_hard_02,1099_nec,hard,payer_city,WILLIAMHAVEN,WILLIAMHAVEN,Way OF town | WILLIAMHAVEN |,WAY OF TOWN WILLIAMHAVEN,66.17,False,66.67,WILAWAWEN,WILAWAWEN,False,66.67,False,False,66.67
1099_nec_2026_000167_scan_hard_02,1099_nec,hard,payer_state,NY,NY,LE,LE,0.0,False,0.0,***,,False,0.0,False,False,0.0
1099_nec_2026_000167_scan_hard_02,1099_nec,hard,payer_zip,03449,03449,oss ww ee See,0555,36.75,False,22.22,6349-9999,63499999,False,46.15,True,False,46.15
1099_nec_2026_000167_scan_hard_02,1099_nec,hard,payer_tin,00-1596568,001596568,00-1596568 2,0015965682,71.5,False,94.74,00-195588,00195588,False,70.59,False,False,94.74
1099_nec_2026_000167_scan_hard_02,1099_nec,hard,recipient_tin,000-92-3224,000923224,SS,55,18.0,False,0.0,000-2224,0002224,False,87.5,True,False,87.5
1099_nec_2026_000167_scan_hard_02,1099_nec,hard,recipient_name,MONICA RICHARDSON,MONICA RICHARDSON,FW Fee GF Uo | MONICA RICHARDSON,FW FEE GF UO MONICA RICHARDSON,59.86,False,72.34,MONCARDERSON,MONCARDERSON,False,68.97,False,False,72.34
1099_nec_2026_000167_scan_hard_02,1099_nec,hard,recipient_state,PR,PR,PR SV,PRSV,26.0,False,66.67,FREE OF PROMER,FREEOFPROMER,False,28.57,False,False,66.67
1099_nec_2026_000167_scan_hard_02,1099_nec,hard,recipient_zip,38692,38692,306 We wr way vee Se,3065,19.17,False,44.44,55692 PERCH TOTAL:,5569201,False,50.0,True,False,50.0
1099_nec_2026_000167_scan_hard_02,1099_nec,hard,federal_income_tax_withheld,"1,802.07",1802.07,1902.07,1902.07,47.0,False,85.71,SR: 12:02:02:02:02:02:02:17:02:02:02:02:17 PM,512020202020202170202020217,False,29.41,False,False,85.71
1099_nec_2026_000167_scan_hard_02,1099_nec,hard,account_number,NEC-2026-000167,NEC2026000167,PRPAPIPRM 000167 O6DWU,PRPAPIPRM000167O6DWU,20.33,False,36.36,NEC:004-0017,NEC0040017,False,78.26,True,False,78.26
1099_nec_2026_000167_scan_hard_02,1099_nec,hard,state_tax_withheld,0.00,0.00,$0,0.00,34.0,True,100.0,$ 0.00,0.00,True,100.0,False,True,100.0
1099_nec_2026_000167_scan_hard_02,1099_nec,hard,state_payer_number,PR-6622207,PR6622207,P6622 062 07 22,P66220620722,31.75,False,76.19,PR-6622207,PR6622207,True,100.0,True,True,100.0
1099_nec_2026_000167_scan_hard_02,1099_nec,hard,state_income,"35,550.41",35550.41,$5504,5504.00,0.0,False,53.33,"$ 35,550.41",35550.41,True,100.0,True,True,100.0
1099_nec_2026_000169_scan_hard_02,1099_nec,hard,payer_name,"ANDERSON, HARPER AND GLASS",ANDERSON HARPER AND GLASS,PAYER’S name — HARPER AND GLASS Se Ni Sa gS PRO st cater as RISES,PAYER S NAME HARPER AND GLASS SE NI SA GS PRO ST CATER AS RISES,37.87,False,50.0,MASBOOK: HARGE ABO CLASS SUMMARY,MASBOOK HARGE ABO CLASS SUMMARY,False,53.57,True,False,53.57
1099_nec_2026_000169_scan_hard_02,1099_nec,hard,payer_street,657 BAKER HAVEN,657 BAKER HAVEN,Street address eeremmennven,STREET ADDRESS EEREMMENNVEN,45.0,False,33.33,STEXERTAIN,STEXERTAIN,False,32.0,False,False,33.33
1099_nec_2026_000169_scan_hard_02,1099_nec,hard,payer_city,LAKE REBECCATOWN,LAKE REBECCATOWN,City or town Greneneccarowe,CITY OR TOWN GRENENECCAROWE,65.75,False,41.86,LIKE RESECTION,LIKE RESECTION,False,73.33,True,False,73.33
1099_nec_2026_000169_scan_hard_02,1099_nec,hard,payer_state,FM,FM,,,0.0,False,0.0,AMOUNT,AMOUNT,False,25.0,True,False,25.0
1099_nec_2026_000169_scan_hard_02,1099_nec,hard,payer_zip,81904,81904,eee,,15.0,False,0.0,***,,False,0.0,False,False,0.0
1099_nec_2026_000169_scan_hard_02,1099_nec,hard,payer_tin,00-6690033,006690033,-,,0.0,False,0.0,:,,False,0.0,False,False,0.0
1099_nec_2026_000169_scan_hard_02,1099_nec,hard,recipient_tin,000-58-9753,000589753,VO,0,19.0,False,20.0,....,,False,0.0,False,False,20.0
1099_nec_2026_000169_scan_hard_02,1099_nec,hard,recipient_street,01491 MONICA ROUTE SUITE 184,01491 MONICA ROUTE SUITE 184,[01481 MONICA ROUTE SUTE NA,01481 MONICA ROUTE SUTE NA,59.0,False,85.19,CASH MONCA ROUTE SUITE 184,CASH MONCA ROUTE SUITE 184,False,81.48,False,False,85.19
1099_nec_2026_000169_scan_hard_02,1099_nec,hard,recipient_city,EAST RANDY,EAST RANDY,Nee City or town nine ery —— | gm oo Orreinn anette Code,NEE CITY OR TOWN NINE ERY GM OO ORREINN ANETTE CODE,40.15,False,22.95,GSTAWAY |CASH RECEIPTEND ENTER,GSTAWAY CASH RECEIPTEND ENTER,False,30.77,True,False,30.77
1099_nec_2026_000169_scan_hard_02,1099_nec,hard,recipient_state,NJ,NJ,FE,FE,1.0,False,0.0,SHANKS,SHANKS,False,25.0,True,False,25.0
1099_nec_2026_000169_scan_hard_02,1099_nec,hard,recipient_zip,45452,45452,ee,,35.0,False,0.0,***,,False,0.0,False,False,0.0
1099_nec_2026_000169_scan_hard_02,1099_nec,hard,nonemployee_compensation,"151,986.62",151986.62,.,.,0.0,False,20.0,SR: 01386,501386.00,False,55.56,True,False,55.56
1099_nec_2026_000169_scan_hard_02,1099_nec,hard,federal_income_tax_withheld,0.00,0.00,2,2.00,1.0,False,75.0,:,,False,0.0,False,False,75.0
1099_nec_2026_000169_scan_hard_02,1099_nec,hard,account_number,NEC-2026-000169,NEC2026000169,PT,PT,0.0,False,0.0,CASHIER ***,CASHIER,False,10.0,True,False,10.0
1099_nec_2026_000169_scan_hard_02,1099_nec,hard,state_tax_withheld,"1,361.54",1361.54,$84,84.00,0.0,False,16.67,$ 1.361.54,1.36,False,54.55,True,False,54.55
1099_nec_2026_000169_scan_hard_02,1099_nec,hard,state_payer_number,NJ-7535837,NJ7535837,77 7,777,27.5,False,33.33,NO-7505837,NO7505837,False,77.78,True,False,77.78
1099_nec_2026_000169_scan_hard_02,1099_nec,hard,state_income,"151,986.62",151986.62,$. 1519,0.15,6.5,False,30.77,"$ 151,986.62",151986.62,True,100.0,True,True,100.0
1099_nec_2026_000183_scan_mild_01,1099_nec,mild,payer_state,MN,MN,SS,SS,0.0,False,0.0,MATE OR PROUNCE,MATEORPROUNCE,False,26.67,True,False,26.67
1099_nec_2026_000183_scan_mild_01,1099_nec,mild,payer_zip,03864,03864,| 03864 mwrwiyi pvotal vvUuT,1038641101,49.0,False,66.67,03864 TORSIGN POSTAL CODE,03864051605100,False,52.63,False,False,66.67
1099_nec_2026_000183_scan_mild_01,1099_nec,mild,recipient_city,WEST COURTNEY,WEST COURTNEY,wity wi svvVvil WEST COURTNEY a a,WITY WI SVVVVIL WEST COURTNEY A A,60.0,False,56.52,WEST COMEY,WEST COMEY,False,78.26,True,False,78.26
1099_nec_2026_000183_scan_mild_01,1099_nec,mild,recipient_state,DE,DE,SS,SS,28.0,False,0.0,DATE OF PROUNCE,DATEOFPROUNCE,False,26.67,True,False,26.67
1099_nec_2026_000183_scan_mild_01,1099_nec,mild,recipient_zip,89030,89030,89030 mwewiyit pvotal VVvUuTe,890301101,25.0,False,71.43,89030 TORSIGN POSTAL CODE,89030051605100,False,52.63,False,False,71.43
1099_nec_2026_000183_scan_mild_01,1099_nec,mild,federal_income_tax_withheld,0.00,0.00,", 0.00",0.00,43.5,True,100.0,$,,False,0.0,False,True,100.0
1099_nec_2026_000183_scan_mild_01,1099_nec,mild,account_number,NEC-2026-000183,NEC2026000183,CS BIOLUUVUVITO,CSBIOLUUVUVITO,4.0,False,7.41,INVO:028-0018,INVO0280018,False,58.33,True,False,58.33
1099_nec_2026_000183_scan_mild_01,1099_nec,mild,state_tax_withheld,0.00,0.00,"$200,",200.00,55.0,False,80.0,$ 0.00,0.00,True,100.0,True,True,100.0
1099_nec_2026_000183_scan_mild_01,1099_nec,mild,state_payer_number,DE-7808088,DE7808088,DE,DE,0.0,False,36.36,DE 7808088,DE7808088,True,100.0,True,True,100.0
1099_nec_2026_000183_scan_mild_01,1099_nec,mild,state_income,"122,438.48",122438.48,$1298.48,1298.48,31.0,False,75.0,"$ 22,438.48",22438.48,False,94.12,True,False,94.12
1099_nec_2026_000183_scan_hard_02,1099_nec,hard,payer_name,SLOAN LLC,SLOAN LLC,", an PE =) sy eis * 64 — = Se Pie eT ee ~j ae ee Le tn) CAO eas eSsuls, <a EATS fn hal! Dies seer ~*~. oe ae ecco Ay Sak 4 ie ~ ‘Hew erik. Boteolse Serna flea oS Serene ue SS Seay SY a Pe Si OAN 1 ic Nese ER ease aie SoS = ya's jrtaaee Sh be Ven oe BAe ase te 3 es ere = ey sis tert : rae rl fa ee: = ss Lee SF Sy AS) Lael 2 ' ies, {ines ose ty Ti. Sie sene nee 1 3 ve =! Fite CSN a a or Bye : ot Sets Fromeol he teh oer ey aS ee Ess “7; : 4 : alt vais Beis . aie it FN a yt ee oS ah ieee, errata fei tie = a3 a at Y aS, ‘% STE eS a ‘ se aaa AS =H Bates sea NEA es pele site Sie i ee , aes Ce: ee =i Sea fe Ser Ye eae + =a LiesrhiSick rripietoct MEGS eal tie een mie s PR eee te oe SS Sete STANTS el Teta ess (ire by at OT So 2 +o Pi inet RAND SS SS _ oe tae eases Ry ea ea, ease ie ae ENR Se st Ses sith",AN PE SY EIS 64 SE PIE ET EE J AE EE LE TN CAO EAS ESSULS A EATS FN HAL DIES SEER OE AE ECCO AY SAK 4 IE HEW ERIK BOTEOLSE SERNA FLEA OS SERENE UE SS SEAY SY A PE SI OAN 1 IC NESE ER EASE AIE SOS YA S JRTAAEE SH BE VEN OE BAE ASE TE 3 ES ERE EY SIS TERT RAE RL FA EE SS LEE SF SY AS LAEL 2 IES INES OSE TY TI SIE SENE NEE 1 3 VE FITE CSN A A OR BYE OT SETS FROMEOL HE TEH OER EY AS EE ESS 7 4 ALT VAIS BEIS AIE IT FN A YT EE OS AH IEEE ERRATA FEI TIE A3 A AT Y AS STE ES A SE AAA AS H BATES SEA NEA ES PELE SITE SIE I EE AES CE EE I SEA FE SER YE EAE A LIESRHISICK RRIPIETOCT MEGS EAL TIE EEN MIE S PR EEE TE OE SS SETE STANTS EL TETA ESS IRE BY AT OT SO 2 O PI INET RAND SS SS OE TAE EASES RY EA EA EASE IE AE ENR SE ST SES SITH,24.07,False,2.44,SOME CASHIER,SOME CASHIER,False,38.1,True,False,38.1
1099_nec_2026_000183_scan_hard_02,1099_nec,hard,payer_city,NEW JENNIFERSTAD,NEW JENNIFERSTAD,Payee Dey are NEW JENNIFERST : AD,PAYEE DEY ARE NEW JENNIFERST AD,53.0,False,68.09,NEW JENNFERSTAO,NEW JENNFERSTAO,False,90.32,True,False,90.32
1099_nec_2026_000183_scan_hard_02,1099_nec,hard,payer_state,MN,MN,RM,RM,13.0,False,50.0,***,,False,0.0,False,False,50.0
1099_nec_2026_000183_scan_hard_02,1099_nec,hard,payer_zip,03864,03864,one a ae ee,0,30.0,False,33.33,CASH ***,5,False,0.0,False,False,33.33
1099_nec_2026_000183_scan_hard_02,1099_nec,hard,recipient_tin,000-51-2599,000512599,000-51-2569,000512569,45.0,False,88.89,00051-299,00051299,False,94.12,True,False,94.12
1099_nec_2026_000183_scan_hard_02,1099_nec,hard,recipient_city,WEST COURTNEY,WEST COURTNEY,WEST COUR | >) Ro :,WEST COUR RO,59.17,False,72.0,WESTCOUNEY,WESTCOUNEY,False,86.96,True,False,86.96
1099_nec_2026_000183_scan_hard_02,1099_nec,hard,recipient_state,DE,DE,EY,EY,12.0,False,50.0,OF =====,OF,False,0.0,False,False,50.0
1099_nec_2026_000183_scan_hard_02,1099_nec,hard,recipient_zip,89030,89030,0c a ae ee ee,0,23.8,False,33.33,8999,8999,False,44.44,True,False,44.44
1099_nec_2026_000183_scan_hard_02,1099_nec,hard,federal_income_tax_withheld,0.00,0.00,"of ~ _ o = , am —=— +. a ! ae",0.00,18.33,True,100.0,$,,False,0.0,False,True,100.0
1099_nec_2026_000183_scan_hard_02,1099_nec,hard,account_number,NEC-2026-000183,NEC2026000183,NEC-2026-000183,NEC2026000183,10.0,True,100.0,NEC-206-0075,NEC2060075,False,69.57,False,True,100.0
1099_nec_2026_000183_scan_hard_02,1099_nec,hard,state_tax_withheld,0.00,0.00,$0,0.00,41.0,True,100.0,$ 0.00,0.00,True,100.0,False,True,100.0
1099_nec_2026_000183_scan_hard_02,1099_nec,hard,state_payer_number,DE-7808088,DE7808088,7E08088,7E08088,0.0,False,75.0,DE-7800088,DE7800088,False,88.89,True,False,88.89
1099_nec_2026_000183_scan_hard_02,1099_nec,hard,state_income,"122,438.48",122438.48,"$122,436.48",122436.48,0.0,False,88.89,"$ 122,438.48",122438.48,True,100.0,True,True,100.0
1099_nec_2026_000185_scan_mild_01,1099_nec,mild,payer_state,NY,NY,CE,CE,0.0,False,0.0,RATE OF PROVINCE,RATEOFPROVINCE,False,12.5,True,False,12.5
1099_nec_2026_000185_scan_mild_01,1099_nec,mild,payer_zip,54963,54963,S496 writ pve vyvug,549616,26.25,False,72.73,54963 TORSIGN POSTAL CODE,54963051605100,False,52.63,False,False,72.73
1099_nec_2026_000185_scan_mild_01,1099_nec,mild,recipient_name,JOANNA RAMOS,JOANNA RAMOS,"JOANNA RAMOS ,",JOANNA RAMOS,69.33,True,100.0,JOHWA RMOS (RM),JOHWA RMOS RM,False,64.0,False,True,100.0
1099_nec_2026_000185_scan_mild_01,1099_nec,mild,recipient_city,GREGORYBERG,GREGORYBERG,GREGORYBERG,GREGORYBERG,91.0,True,100.0,GREYMENT SUMMARY,GREYMENT SUMMARY,False,44.44,False,True,100.0
1099_nec_2026_000185_scan_mild_01,1099_nec,mild,recipient_state,ME,ME,LS,LS,0.0,False,0.0,MATE OF PROVINCE,MATEOFPROVINCE,False,25.0,True,False,25.0
1099_nec_2026_000185_scan_mild_01,1099_nec,mild,recipient_zip,81029,81029,81029 ows wrage s ryvet vvuy,810290565,34.17,False,71.43,81029 TORSIGN POSTAL CODE,81029051605100,False,52.63,False,False,71.43
1099_nec_2026_000185_scan_mild_01,1099_nec,mild,nonemployee_compensation,"113,877.49",113877.49,"$ 113,877.49",113877.49,47.5,True,100.0,SR: 13377.49,513377.49,False,77.78,False,True,100.0
1099_nec_2026_000185_scan_mild_01,1099_nec,mild,federal_income_tax_withheld,"9,074.71",9074.71,"; Peierls fn 9,074.71",1159074.71,31.25,False,82.35,$,,False,0.0,False,False,82.35
1099_nec_2026_000185_scan_mild_01,1099_nec,mild,state_tax_withheld,"3,948.80",3948.80,$8948.80,8948.80,52.0,False,85.71,"$ 3,948.80",3948.80,True,100.0,True,True,100.0
1099_nec_2026_000185_scan_mild_01,1099_nec,mild,state_payer_number,ME-6775801,ME6775801,ME-S7758010,MES7758010,0.0,False,84.21,ME-6775801,ME6775801,True,100.0,True,True,100.0
1099_nec_2026_000185_scan_mild_01,1099_nec,mild,state_income,"113,877.49",113877.49,"$118,877.49",118877.49,26.0,False,88.89,$ 113877.49,113877.49,True,100.0,True,True,100.0
1099_nec_2026_000188_scan_mild_01,1099_nec,mild,payer_name,HUFFMAN INC,HUFFMAN INC,"HUFFMAN INC ,",HUFFMAN INC,63.67,True,100.0,EXTERNING COME AGAIN,EXTERNING COME AGAIN,False,25.81,False,True,100.0
1099_nec_2026_000188_scan_mild_01,1099_nec,mild,payer_state,NH,NH,LE,LE,0.0,False,0.0,NAME OF PROUNCE,NAMEOFPROUNCE,False,13.33,True,False,13.33
1099_nec_2026_000188_scan_mild_01,1099_nec,mild,payer_zip,90610,90610,90610 wwevry? pvow wvug,9061006,25.0,False,83.33,S0610 TORSIGN POSTAL CODE,50610051605100,False,42.11,False,False,83.33
1099_nec_2026_000188_scan_mild_01,1099_nec,mild,recipient_state,GA,GA,SS,SS,1.0,False,0.0,GATE OF PROUNCE,GATEOFPROUNCE,False,26.67,True,False,26.67
1099_nec_2026_000188_scan_mild_01,1099_nec,mild,recipient_zip,13714,13714,| 13714 ~~? wigs revue wwuy,113714165,36.33,False,71.43,"13714 ""OREIGN POSTAL CODE",1371401605100,False,55.56,False,False,71.43
1099_nec_2026_000188_scan_mild_01,1099_nec,mild,nonemployee_compensation,"63,446.27",63446.27,"$ 63,446.27",63446.27,68.0,True,100.0,$,,False,0.0,False,True,100.0
1099_nec_2026_000188_scan_mild_01,1099_nec,mild,account_number,NEC-2026-000188,NEC2026000188,NEC-2026-000188,NEC2026000188,20.0,True,100.0,DEC-2029-0078,DEC20290078,False,66.67,False,True,100.0
1099_nec_2026_000188_scan_mild_01,1099_nec,mild,state_tax_withheld,"3,797.09",3797.09,$3797.09,3797.09,55.0,True,100.0,"$ 3,797.09",3797.09,True,100.0,False,True,100.0
1099_nec_2026_000188_scan_mild_01,1099_nec,mild,state_payer_number,GA-9165493,GA9165493,GA165,GA165,0.0,False,71.43,GA-9165493,GA9165493,True,100.0,True,True,100.0
1099_nec_2026_000188_scan_mild_01,1099_nec,mild,state_income,"63,446.27",63446.27,$83446.27,83446.27,8.0,False,87.5,"$ 63,446.27",63446.27,True,100.0,True,True,100.0
1099_nec_2026_000185_scan_hard_02,1099_nec,hard,payer_name,JACOBS AND SONS,JACOBS AND SONS,PAYER’S name pom soe Pan aden an,PAYER S NAME POM SOE PAN ADEN AN,53.29,False,38.3,***,,False,0.0,False,False,38.3
1099_nec_2026_000185_scan_hard_02,1099_nec,hard,payer_street,45238 MORALES DAM SUITE 866,45238 MORALES DAM SUITE 866,sScawomnesonssurease,SSCAWOMNESONSSUREASE,0.0,False,29.79,SR28 NORALES DAM SURVE 866,SR28 NORALES DAM SURVE 866,False,79.25,True,False,79.25
1099_nec_2026_000185_scan_hard_02,1099_nec,hard,payer_city,WEST MICHELLESHIRE,WEST MICHELLESHIRE,City of town cs,CITY OF TOWN CS,69.0,False,24.24,WESTMOHLESME,WESTMOHLESME,False,66.67,True,False,66.67
1099_nec_2026_000185_scan_hard_02,1099_nec,hard,payer_state,NY,NY,POORER,POORER,6.0,False,0.0,SR:,SR,False,0.0,False,False,0.0
1099_nec_2026_000185_scan_hard_02,1099_nec,hard,payer_zip,54963,54963,,,0.0,False,0.0,***,,False,0.0,False,False,0.0
1099_nec_2026_000185_scan_hard_02,1099_nec,hard,payer_tin,00-6311628,006311628,TR EES,5,14.5,False,0.0,COME AGAIN,061,False,50.0,True,False,50.0
1099_nec_2026_000185_scan_hard_02,1099_nec,hard,recipient_tin,000-48-5989,000485989,S,5,0.0,False,20.0,....,,False,0.0,False,False,20.0
1099_nec_2026_000185_scan_hard_02,1099_nec,hard,recipient_city,GREGORYBERG,GREGORYBERG,i City of town ae | GREGORYBERG ———«.. | 9am 4» ineainn nnatal code,I CITY OF TOWN AE GREGORYBERG 9AM 4 INEAINN NNATAL CODE,50.93,False,33.33,EXCHANGE ********,EXCHANGE,False,31.58,False,False,33.33
1099_nec_2026_000185_scan_hard_02,1099_nec,hard,recipient_state,ME,ME,ED,ED,0.0,False,50.0,SR:,SR,False,0.0,False,False,50.0
1099_nec_2026_000185_scan_hard_02,1099_nec,hard,recipient_zip,81029,81029,1009,1009,0.0,False,66.67,***,,False,0.0,False,False,66.67
1099_nec_2026_000185_scan_hard_02,1099_nec,hard,nonemployee_compensation,"113,877.49",113877.49,", 113,877.49",113877.49,47.5,True,100.0,SR: 138749,5138749.00,False,63.16,False,True,100.0
1099_nec_2026_000185_scan_hard_02,1099_nec,hard,federal_income_tax_withheld,"9,074.71",9074.71,"7 9,074.71",79074.71,42.5,False,93.33,***,,False,0.0,False,False,93.33
1099_nec_2026_000185_scan_hard_02,1099_nec,hard,account_number,NEC-2026-000185,NEC2026000185,TT,TT,0.0,False,0.0,CASHIER,CASHIER,False,10.0,True,False,10.0
1099_nec_2026_000185_scan_hard_02,1099_nec,hard,state_tax_withheld,"3,948.80",3948.80,$. 3948.80,0.39,30.0,False,36.36,$ 3948.80,3948.80,True,100.0,True,True,100.0
1099_nec_2026_000185_scan_hard_02,1099_nec,hard,state_payer_number,ME-6775801,ME6775801,CC,CC,23.0,False,0.0,ME 677581,ME677581,False,94.12,True,False,94.12
1099_nec_2026_000185_scan_hard_02,1099_nec,hard,state_income,"113,877.49",113877.49,$13.87749,13.88,0.0,False,42.86,S 11387249,511387249.00,False,66.67,True,False,66.67
1099_nec_2026_000195_scan_mild_01,1099_nec,mild,payer_name,BAUTISTA LLC,BAUTISTA LLC,BAUTISTA LLC.,BAUTISTA LLC,67.0,True,100.0,SEMSTALE COME AGAIN,SEMSTALE COME AGAIN,False,32.26,False,True,100.0
1099_nec_2026_000195_scan_mild_01,1099_nec,mild,payer_state,WA,WA,WA VUIYIVVIS,WAVUIYIVVIS,23.0,False,30.77,SALE OF PROVINCE,SALEOFPROVINCE,False,12.5,False,False,30.77
1099_nec_2026_000195_scan_mild_01,1099_nec,mild,payer_zip,54577,54577,54877 wimg yvviwe: vweww,54877161,16.5,False,61.54,54577 TORSIGN POSTAL CODE,54577051605100,False,52.63,False,False,61.54
1099_nec_2026_000195_scan_mild_01,1099_nec,mild,recipient_name,ASHLEE ROSS,ASHLEE ROSS,ASHLEE ROSS eS,ASHLEE ROSS ES,66.0,False,88.0,ASHTEROS,ASHTEROS,False,73.68,False,False,88.0
1099_nec_2026_000195_scan_mild_01,1099_nec,mild,recipient_state,OR,OR,OR MVIWIV,ORMVIWIV,7.0,False,40.0,SATE OF PROVINCE,SATEOFPROVINCE,False,25.0,False,False,40.0
1099_nec_2026_000195_scan_mild_01,1099_nec,mild,recipient_zip,04496,04496,04496 RE TTS Www www,044965,22.8,False,90.91,0446 TORSIGN POSTAL CODE,0446051605100,False,44.44,False,False,90.91
1099_nec_2026_000195_scan_mild_01,1099_nec,mild,nonemployee_compensation,"107,743.01",107743.01,"$ 107,743.01",107743.01,57.5,True,100.0,$,,False,0.0,False,True,100.0
1099_nec_2026_000195_scan_mild_01,1099_nec,mild,federal_income_tax_withheld,"7,834.43",7834.43,"7,934.43",7934.43,45.0,False,85.71,$ ********,,False,0.0,False,False,85.71
1099_nec_2026_000195_scan_mild_01,1099_nec,mild,account_number,NEC-2026-000195,NEC2026000195,NEC-2026-000195,NEC2026000195,18.0,True,100.0,REC:0008-0075-12-12-12-12-12-12-12,REC0008007512121212121212,False,36.84,False,True,100.0
1099_nec_2026_000195_scan_mild_01,1099_nec,mild,state_tax_withheld,496.88,496.88,$896.88,896.88,44.0,False,83.33,$ 496.88,496.88,True,100.0,True,True,100.0
1099_nec_2026_000195_scan_mild_01,1099_nec,mild,state_payer_number,OR-2871488,OR2871488,ORB,ORB,0.0,False,33.33,OR-2871488,OR2871488,True,100.0,True,True,100.0
1099_nec_2026_000195_scan_mild_01,1099_nec,mild,state_income,"107,743.01",107743.01,"$107,743.01",107743.01,23.0,True,100.0,"$ 07,743.01",7743.01,False,87.5,False,True,100.0
1099_nec_2026_000188_scan_hard_02,1099_nec,hard,payer_state,NH,NH,RS,RS,0.0,False,0.0,***,,False,0.0,False,False,0.0
1099_nec_2026_000188_scan_hard_02,1099_nec,hard,payer_zip,90610,90610,ster rurong) pustal COCe,506510,20.0,False,72.73,"SEE 10 ""DELON POSTAL CODE",51001005100,False,37.5,False,False,72.73
1099_nec_2026_000188_scan_hard_02,1099_nec,hard,payer_tin,00-3252801,003252801,00-3252801,003252801,0.0,True,100.0,00-3252601,003252601,False,88.89,False,True,100.0
1099_nec_2026_000188_scan_hard_02,1099_nec,hard,recipient_street,920 WHITE DRIVES,920 WHITE DRIVES,wi MAN GSS - | 820 WHITE DRIVES lot Van,WI MAN GSS 820 WHITE DRIVES LOT VAN,47.1,False,58.82,***,,False,0.0,False,False,58.82
1099_nec_2026_000188_scan_hard_02,1099_nec,hard,recipient_city,LAKE ROBERT,LAKE ROBERT,wny we WaT | LAKE ROBERT ne State ar nrowinra ~,WNY WE WAT LAKE ROBERT NE STATE AR NROWINRA,61.45,False,40.74,EXCHANGE AMOUNT (RM),EXCHANGE AMOUNT RM,False,34.48,False,False,40.74
1099_nec_2026_000188_scan_hard_02,1099_nec,hard,recipient_state,GA,GA,CC,CC,0.0,False,0.0,CASHIER PROUNCE,CASHIERPROUNCE,False,12.5,True,False,12.5
1099_nec_2026_000188_scan_hard_02,1099_nec,hard,recipient_zip,13714,13714,lara ee,1,21.5,False,33.33,(5714 REGN POSTAL CODE),5714605100,False,40.0,True,False,40.0
1099_nec_2026_000188_scan_hard_02,1099_nec,hard,nonemployee_compensation,"63,446.27",63446.27,"$ 3 . 63,446.27",3.63,34.0,False,33.33,SR: 0467,50467.00,False,37.5,True,False,37.5
1099_nec_2026_000188_scan_hard_02,1099_nec,hard,federal_income_tax_withheld,0.00,0.00,( 0.00,0.00,46.0,True,100.0,SR: 00,500.00,False,80.0,False,True,100.0
1099_nec_2026_000188_scan_hard_02,1099_nec,hard,account_number,NEC-2026-000188,NEC2026000188,- WWBILTES,WWBILTES,0.0,False,9.52,SEE RECEIPT FOR AN OFFER:,SEERECEIPTFORANOFFER,False,12.12,True,False,12.12
1099_nec_2026_000188_scan_hard_02,1099_nec,hard,state_tax_withheld,"3,797.09",3797.09,$37708,37708.00,0.0,False,66.67,"$ 3,797.09",3797.09,True,100.0,True,True,100.0
1099_nec_2026_000188_scan_hard_02,1099_nec,hard,state_payer_number,GA-9165493,GA9165493,GA,GA,0.0,False,36.36,GA-9165493,GA9165493,True,100.0,True,True,100.0
1099_nec_2026_000188_scan_hard_02,1099_nec,hard,state_income,"63,446.27",63446.27,$7,7.00,0.0,False,16.67,"$ 63,446.27",63446.27,True,100.0,True,True,100.0
1099_nec_2026_000211_scan_mild_01,1099_nec,mild,payer_city,LARASHIRE,LARASHIRE,LARASHIRE,LARASHIRE,92.0,True,100.0,LARASHREE COME AGAIN,LARASHREE COME AGAIN,False,55.17,False,True,100.0
1099_nec_2026_000211_scan_mild_01,1099_nec,mild,payer_state,OR,OR,PR,PR,43.0,False,50.0,CRE OF PROUNCE,CREOFPROUNCE,False,28.57,False,False,50.0
1099_nec_2026_000211_scan_mild_01,1099_nec,mild,payer_zip,56283,56283,288,288,0.0,False,50.0,56283 TORSIGN POSTAL CODE,56283051605100,False,52.63,True,False,52.63
1099_nec_2026_000211_scan_mild_01,1099_nec,mild,recipient_city,BECKERVIEW,BECKERVIEW,BECKERVIEW eon,BECKERVIEW EON,60.0,False,83.33,BECKERVEY ************,BECKERVEY,False,84.21,True,False,84.21
1099_nec_2026_000211_scan_mild_01,1099_nec,mild,recipient_state,MS,MS,WS,WS,66.0,False,50.0,MASIDE OF PROMICE,MASIDEOFPROMICE,False,23.53,False,False,50.0
1099_nec_2026_000211_scan_mild_01,1099_nec,mild,recipient_zip,30981,30981,08,08,0.0,False,57.14,30981 GREEN POSTAL CODE,30981605100,False,62.5,True,False,62.5
1099_nec_2026_000211_scan_mild_01,1099_nec,mild,state_tax_withheld,0.00,0.00,$0.00,0.00,43.0,True,100.0,$ 0.00,0.00,True,100.0,False,True,100.0
1099_nec_2026_000211_scan_mild_01,1099_nec,mild,state_payer_number,MS-8538125,MS8538125,M8858,M8858,14.0,False,57.14,MS-8558125,MS8558125,False,88.89,True,False,88.89
1099_nec_2026_000211_scan_mild_01,1099_nec,mild,state_income,"26,478.53",26478.53,"$26,478.53",26478.53,43.0,True,100.0,"$ 26,478.53",26478.53,True,100.0,False,True,100.0
1099_nec_2026_000195_scan_hard_02,1099_nec,hard,payer_state,WA,WA,TS,TS,0.0,False,0.0,***,,False,0.0,False,False,0.0
1099_nec_2026_000195_scan_hard_02,1099_nec,hard,payer_zip,54577,54577,,,0.0,False,0.0,5577 0955,55770955,False,61.54,True,False,61.54
1099_nec_2026_000195_scan_hard_02,1099_nec,hard,payer_tin,00-5228713,005228713,00-5228713,005228713,0.0,True,100.0,50-529-73,5052973,False,62.5,False,True,100.0
1099_nec_2026_000195_scan_hard_02,1099_nec,hard,recipient_tin,000-26-5603,000265603,00-26-5603,00265603,20.0,False,94.12,GOOD,6000,False,46.15,False,False,94.12
1099_nec_2026_000195_scan_hard_02,1099_nec,hard,recipient_name,ASHLEE ROSS,ASHLEE ROSS,aes EROSS,AES EROSS,63.0,False,70.0,***,,False,0.0,False,False,70.0
1099_nec_2026_000195_scan_hard_02,1099_nec,hard,recipient_street,2680 ZACHARY VALLEYS,2680 ZACHARY VALLEYS,wewwt As OES | 2680 ZACHARY VALLEYS,WEWWT AS OES 2680 ZACHARY VALLEYS,64.0,False,75.47,2860 ZACHANY VALLEYS,2860 ZACHANY VALLEYS,False,90.0,True,False,90.0
1099_nec_2026_000195_scan_hard_02,1099_nec,hard,recipient_city,SETHBERG,SETHBERG,| wry = : . ve |,WRY VE,49.29,False,14.29,SHANK YOU.,SHANK YOU,False,23.53,True,False,23.53
1099_nec_2026_000195_scan_hard_02,1099_nec,hard,recipient_state,OR,OR,TT,TT,0.0,False,0.0,SR:,SR,False,50.0,True,False,50.0
1099_nec_2026_000195_scan_hard_02,1099_nec,hard,recipient_zip,04496,04496,ae,,37.0,False,0.0,0.49,049,False,75.0,True,False,75.0
1099_nec_2026_000195_scan_hard_02,1099_nec,hard,nonemployee_compensation,"107,743.01",107743.01,,,0.0,False,0.0,SR: 07:43 PM,50743.00,False,70.59,True,False,70.59
1099_nec_2026_000195_scan_hard_02,1099_nec,hard,federal_income_tax_withheld,"7,834.43",7834.43,"Tae eee 7,834.43",7834.43,50.67,True,100.0,SR:,5.00,False,18.18,False,True,100.0
1099_nec_2026_000195_scan_hard_02,1099_nec,hard,account_number,NEC-2026-000195,NEC2026000195,TT,TT,14.0,False,0.0,*CASHIER,CASHIER,False,10.0,True,False,10.0
1099_nec_2026_000195_scan_hard_02,1099_nec,hard,state_tax_withheld,496.88,496.88,$.,.,0.0,False,28.57,$ 496.88,496.88,True,100.0,True,True,100.0
1099_nec_2026_000195_scan_hard_02,1099_nec,hard,state_payer_number,OR-2871488,OR2871488,,,0.0,False,0.0,OR-287168,OR287168,False,82.35,True,False,82.35
1099_nec_2026_000195_scan_hard_02,1099_nec,hard,state_income,"107,743.01",107743.01,"$107,740.00",107740.00,28.0,False,77.78,$ 107.74301,107.74,False,66.67,False,False,77.78
1099_nec_2026_000211_scan_hard_02,1099_nec,hard,payer_name,SCHNEIDER INC,SCHNEIDER INC,SCHNEIDER INC :,SCHNEIDER INC,64.0,True,100.0,SCHEDENCE COME AGAIN,SCHEDENCE COME AGAIN,False,54.55,False,True,100.0
1099_nec_2026_000211_scan_hard_02,1099_nec,hard,payer_city,LARASHIRE,LARASHIRE,MWHy OF wie | LARASHIRE,MWHY OF WIE LARASHIRE,53.4,False,60.0,LARASHIRE,LARASHIRE,True,100.0,True,True,100.0
1099_nec_2026_000211_scan_hard_02,1099_nec,hard,payer_state,OR,OR,OR,OR,42.0,True,100.0,SALE OF PROUNCE,SALEOFPROUNCE,False,26.67,False,True,100.0
1099_nec_2026_000211_scan_hard_02,1099_nec,hard,payer_zip,56283,56283,56283 Sue peas,5628355,37.67,False,83.33,56283 DREAM POSTAL CODE,56283005100,False,62.5,False,False,83.33
1099_nec_2026_000211_scan_hard_02,1099_nec,hard,payer_tin,00-2056840,002056840,S P4,54,0.0,False,36.36,00-2066840,002066840,False,88.89,True,False,88.89
1099_nec_2026_000211_scan_hard_02,1099_nec,hard,recipient_city,BECKERVIEW,BECKERVIEW,Uily OF town ‘BECKERVIEW es,UILY OF TOWN BECKERVIEW ES,45.0,False,55.56,SEXERY WEEK,SEXERY WEEK,False,38.1,False,False,55.56
1099_nec_2026_000211_scan_hard_02,1099_nec,hard,recipient_state,MS,MS,IM,IM,13.0,False,50.0,MAS OR PROUNCE,MASORPROUNCE,False,28.57,False,False,50.0
1099_nec_2026_000211_scan_hard_02,1099_nec,hard,recipient_zip,30981,30981,-*> 4 EN ee ern ee,4,24.5,False,0.0,30981 REGN POSIA CODE,30981605100,False,62.5,True,False,62.5
1099_nec_2026_000211_scan_hard_02,1099_nec,hard,state_tax_withheld,0.00,0.00,$0.,0.00,54.0,True,100.0,$,,False,0.0,False,True,100.0
1099_nec_2026_000211_scan_hard_02,1099_nec,hard,state_payer_number,MS-8538125,MS8538125,55,55,0.0,False,36.36,MS-8538125,MS8538125,True,100.0,True,True,100.0
1099_nec_2026_000211_scan_hard_02,1099_nec,hard,state_income,"26,478.53",26478.53,"$26,478.53",26478.53,8.0,True,100.0,"$ 26,478.53",26478.53,True,100.0,False,True,100.0
1099_nec_2026_000213_scan_mild_01,1099_nec,mild,payer_name,KELLEY LLC,KELLEY LLC,FATEM oO Ilditit KELLEY LLC,FATEM OO ILDITIT KELLEY LLC,67.6,False,54.05,RECEIPT NO. :,RECEIPT NO,False,30.0,False,False,54.05
1099_nec_2026_000213_scan_mild_01,1099_nec,mild,payer_state,OR,OR,OR VIVUVI,ORVIVUVI,1.5,False,40.0,SALE OF PROVINCE,SALEOFPROVINCE,False,25.0,False,False,40.0
1099_nec_2026_000213_scan_mild_01,1099_nec,mild,payer_zip,67391,67391,67391 ice PS,6739115,46.0,False,83.33,67391 TORSIGN POSTAL CODE,67391051605100,False,52.63,False,False,83.33
1099_nec_2026_000213_scan_mild_01,1099_nec,mild,recipient_name,RACHEL HILL,RACHEL HILL,MCVI©TICING O tianic RACHEL HILL Cy,MCVI TICING O TIANIC RACHEL HILL CY,51.5,False,47.83,***,,False,0.0,False,False,47.83
1099_nec_2026_000213_scan_mild_01,1099_nec,mild,recipient_state,PW,PW,PW VIMIVVI B,PWVIMIVVIB,22.33,False,33.33,SATE OR PROUNCE,SATEORPROUNCE,False,13.33,False,False,33.33
1099_nec_2026_000213_scan_mild_01,1099_nec,mild,recipient_zip,24405,24405,0,0,29.0,False,33.33,24405 TORSIGN POSTAL CODE,24405051605100,False,52.63,True,False,52.63
1099_nec_2026_000213_scan_mild_01,1099_nec,mild,nonemployee_compensation,"42,088.50",42088.50,"$ 42,088.50",42088.50,68.5,True,100.0,SR: 42:0850,5420850.00,False,66.67,False,True,100.0
1099_nec_2026_000213_scan_mild_01,1099_nec,mild,federal_income_tax_withheld,0.00,0.00,0.00,0.00,49.0,True,100.0,S FROM NAME ~~,50.00,False,88.89,False,True,100.0
1099_nec_2026_000213_scan_mild_01,1099_nec,mild,account_number,NEC-2026-000213,NEC2026000213,NEC-2026-000213,NEC2026000213,37.0,True,100.0,RECEIPT FOR: 018/2018,RECEIPTFOR0182018,False,40.0,False,True,100.0
1099_nec_2026_000213_scan_mild_01,1099_nec,mild,state_tax_withheld,357.56,357.56,"$887.58,",887.58,55.0,False,50.0,$ 35756,35756.00,False,71.43,True,False,71.43
1099_nec_2026_000213_scan_mild_01,1099_nec,mild,state_payer_number,PW-3889858,PW3889858,PSEESES,PSEESES,0.0,False,12.5,PW-3869658 ................,PW3869658,False,77.78,True,False,77.78
1099_nec_2026_000213_scan_mild_01,1099_nec,mild,state_income,"42,088.50",42088.50,"$42,088.50",42088.50,46.0,True,100.0,"$ 42,088.50",42088.50,True,100.0,False,True,100.0
1099_nec_2026_000223_scan_mild_01,1099_nec,mild,payer_state,DE,DE,LE,LE,0.0,False,50.0,BEARTE OF PROVINCE,BEARTEOFPROVINCE,False,11.11,False,False,50.0
1099_nec_2026_000223_scan_mild_01,1099_nec,mild,payer_zip,00894,00894,083,083,0.0,False,50.0,60594 TORELON POSTAL CODE,6059401005100,False,33.33,False,False,50.0
1099_nec_2026_000223_scan_mild_01,1099_nec,mild,recipient_city,EAST VERONICAMOUTH,EAST VERONICAMOUTH,ads VERONICAMOUTH,ADS VERONICAMOUTH,58.0,False,91.43,EASTVENCANOUGH |,EASTVENCANOUGH,False,75.0,False,False,91.43
1099_nec_2026_000223_scan_mild_01,1099_nec,mild,recipient_state,FM,FM,EM VMWPVV,EMVMWPVV,30.0,False,20.0,(RM)PER PROWNCE,RMPERPROWNCE,False,14.29,False,False,20.0
1099_nec_2026_000223_scan_mild_01,1099_nec,mild,recipient_zip,81159,81159,en 59 weve pvowds VVvUS,590055,34.4,False,36.36,81159 TORSIGN POSTAL CODE,81159051605100,False,52.63,True,False,52.63
1099_nec_2026_000223_scan_mild_01,1099_nec,mild,nonemployee_compensation,"153,721.93",153721.93,"$ 153,721.93",153721.93,64.0,True,100.0,"$ 1,50",150.00,False,40.0,False,True,100.0
1099_nec_2026_000223_scan_mild_01,1099_nec,mild,state_tax_withheld,904.48,904.48,$088,88.00,52.0,False,18.18,$ 004.48,4.48,False,80.0,True,False,80.0
1099_nec_2026_000223_scan_mild_01,1099_nec,mild,state_payer_number,FM-8312602,FM8312602,FM12602,FM12602,0.0,False,87.5,FM-8312602,FM8312602,True,100.0,True,True,100.0
1099_nec_2026_000223_scan_mild_01,1099_nec,mild,state_income,"153,721.93",153721.93,"$153,721.93",153721.93,47.0,True,100.0,$ 153721.93,153721.93,True,100.0,False,True,100.0
1099_nec_2026_000227_scan_mild_01,1099_nec,mild,payer_state,IL,IL,VE,VE,0.0,False,0.0,PLATE OF PROVINCE,PLATEOFPROVINCE,False,11.76,True,False,11.76
1099_nec_2026_000227_scan_mild_01,1099_nec,mild,payer_zip,70694,70694,76,76,0.0,False,57.14,70694 TORSIGN POSTAL CODE,70694051605100,False,52.63,False,False,57.14
1099_nec_2026_000227_scan_mild_01,1099_nec,mild,recipient_city,NICHOLSBOROUGH,NICHOLSBOROUGH,NICHOLSBOROUGH,NICHOLSBOROUGH,92.0,True,100.0,INCHOLSBOUGH |,INCHOLSBOUGH,False,84.62,False,True,100.0
1099_nec_2026_000227_scan_mild_01,1099_nec,mild,recipient_state,CA,CA,CP,CP,17.0,False,50.0,CATE OF PROUNCE,CATEOFPROUNCE,False,26.67,False,False,50.0
1099_nec_2026_000227_scan_mild_01,1099_nec,mild,recipient_zip,72261,72261,72261 swe west vryvest vues,722615555,33.8,False,71.43,72261 TORSIGN POSTAL CODE,72261051605100,False,52.63,False,False,71.43
1099_nec_2026_000227_scan_mild_01,1099_nec,mild,federal_income_tax_withheld,"2,890.90",2890.90,2890.90,2890.90,61.0,True,100.0,$,,False,0.0,False,True,100.0
1099_nec_2026_000227_scan_mild_01,1099_nec,mild,state_tax_withheld,"2,469.79",2469.79,$69.79,69.79,46.0,False,83.33,"$ 2,469.79",2469.79,True,100.0,True,True,100.0
1099_nec_2026_000227_scan_mild_01,1099_nec,mild,state_payer_number,CA-9459346,CA9459346,CAHIMG,CAHIMG,0.0,False,26.67,CA-9459346,CA9459346,True,100.0,True,True,100.0
1099_nec_2026_000227_scan_mild_01,1099_nec,mild,state_income,"44,381.70",44381.70,"$44,981.70",44981.70,51.0,False,87.5,"$ 44,381.70",44381.70,True,100.0,True,True,100.0
1099_nec_2026_000213_scan_hard_02,1099_nec,hard,payer_city,DEBRALAND,DEBRALAND,| why Vi wwii DEBRALAND | —_—_—_——— OO oo en a e§-—™,WHY VI WWII DEBRALAND OO OO EN A E,46.67,False,41.86,DESPLAINO,DESPLAINO,False,55.56,True,False,55.56
1099_nec_2026_000213_scan_hard_02,1099_nec,hard,payer_state,OR,OR,ZS,ZS,0.0,False,0.0,PR:,PR,False,50.0,True,False,50.0
1099_nec_2026_000213_scan_hard_02,1099_nec,hard,payer_zip,67391,67391,er Us eee,5,47.33,False,0.0,6/39T REGN POSTAL CODE,639605100,False,57.14,True,False,57.14
1099_nec_2026_000213_scan_hard_02,1099_nec,hard,payer_tin,00-8905753,008905753,00-8905753,008905753,34.0,True,100.0,00-5905793,005905793,False,77.78,False,True,100.0
1099_nec_2026_000213_scan_hard_02,1099_nec,hard,recipient_name,RACHEL HILL,RACHEL HILL,| RACHEL Hil,RACHEL HIL,61.33,False,95.24,***,,False,0.0,False,False,95.24
1099_nec_2026_000213_scan_hard_02,1099_nec,hard,recipient_street,54695 AUSTIN FLAT,54695 AUSTIN FLAT,wuvrve woo | 54695 AUSTIN FLAT,WUVRVE WOO 54695 AUSTIN FLAT,68.5,False,75.56,SALES AUSTIN FLAT SUMMARY,SALES AUSTIN FLAT SUMMARY,False,57.14,False,False,75.56
1099_nec_2026_000213_scan_hard_02,1099_nec,hard,recipient_city,SOUTH MARYFURT,SOUTH MARYFURT,wisy WT WsUVTE | SOUTH MARYEURT | | Geet ne mes ts -,WISY WT WSUVTE SOUTH MARYEURT GEET NE MES TS,38.77,False,44.83,"SOMMARY,COMMARY,COME AGAIN",SOMMARY COMMARY COME AGAIN,False,35.0,False,False,44.83
1099_nec_2026_000213_scan_hard_02,1099_nec,hard,recipient_state,PW,PW,SS,SS,11.0,False,0.0,WW.POWER,WWPOWER,False,44.44,True,False,44.44
1099_nec_2026_000213_scan_hard_02,1099_nec,hard,recipient_zip,24405,24405,ES ~~ Rey Pvoid CVUG,50106,22.6,False,20.0,24405 ORGAN POSTAL CODE,244050605100,False,58.82,True,False,58.82
1099_nec_2026_000213_scan_hard_02,1099_nec,hard,nonemployee_compensation,"42,088.50",42088.50,,,0.0,False,0.0,SR: 42:08:50,5420850.00,False,66.67,True,False,66.67
1099_nec_2026_000213_scan_hard_02,1099_nec,hard,federal_income_tax_withheld,0.00,0.00,", 0.00",0.00,47.0,True,100.0,SR: 00,500.00,False,80.0,False,True,100.0
1099_nec_2026_000213_scan_hard_02,1099_nec,hard,account_number,NEC-2026-000213,NEC2026000213,TT,TT,28.0,False,0.0,INCLUSIONS FOR EXCLUDES ON RECEIPT,INCLUSIONSFOREXCLUDESONRECEIPT,False,13.95,True,False,13.95
1099_nec_2026_000213_scan_hard_02,1099_nec,hard,state_tax_withheld,357.56,357.56,$,,0.0,False,0.0,$ 35.56,35.56,False,90.91,True,False,90.91
1099_nec_2026_000213_scan_hard_02,1099_nec,hard,state_payer_number,PW-3889858,PW3889858,P-388068 S,P388068S,0.0,False,58.82,WW-3869658,WW3869658,False,66.67,True,False,66.67
1099_nec_2026_000213_scan_hard_02,1099_nec,hard,state_income,"42,088.50",42088.50,$1208850,1208850.00,0.0,False,66.67,"$ 42,088.50",42088.50,True,100.0,True,True,100.0
1099_nec_2026_000223_scan_hard_02,1099_nec,hard,payer_name,GALVAN LTD,GALVAN LTD,— a,A,53.0,False,18.18,CASHIER:,CASHIER,False,11.76,False,False,18.18
1099_nec_2026_000223_scan_hard_02,1099_nec,hard,payer_state,DE,DE,EY,EY,18.0,False,50.0,SEE SHANGE,SEESHANGE,False,18.18,False,False,50.0
1099_nec_2026_000223_scan_hard_02,1099_nec,hard,payer_zip,00894,00894,| _— we Te,1,32.75,False,0.0,00594 JOHEN POSTAL CODE,00594005100,False,50.0,True,False,50.0
1099_nec_2026_000223_scan_hard_02,1099_nec,hard,payer_tin,00-4354702,004354702,-,,0.0,False,0.0,00-48472,0048472,False,75.0,True,False,75.0
1099_nec_2026_000223_scan_hard_02,1099_nec,hard,recipient_tin,000-58-4615,000584615,BS 5,855,29.5,False,33.33,000-515,000515,False,80.0,True,False,80.0
1099_nec_2026_000223_scan_hard_02,1099_nec,hard,recipient_state,FM,FM,,,0.0,False,0.0,***,,False,0.0,False,False,0.0
1099_nec_2026_000223_scan_hard_02,1099_nec,hard,recipient_zip,81159,81159,sv1s0 ea,5150,18.5,False,44.44,81159 PERIPT TOTAL CODE,8115910100,False,66.67,True,False,66.67
1099_nec_2026_000223_scan_hard_02,1099_nec,hard,nonemployee_compensation,"153,721.93",153721.93,.,.,0.0,False,20.0,$ 5,5.00,False,30.77,True,False,30.77
1099_nec_2026_000223_scan_hard_02,1099_nec,hard,federal_income_tax_withheld,"17,961.84",17961.84,Se,5.00,33.0,False,16.67,$ 5 CASH GIVEAWA,5561.00,False,40.0,True,False,40.0
1099_nec_2026_000223_scan_hard_02,1099_nec,hard,account_number,NEC-2026-000223,NEC2026000223,NEC-202 O,NEC202O,23.0,False,60.0,INVO: 006-0029,INVO0060029,False,50.0,False,False,60.0
1099_nec_2026_000223_scan_hard_02,1099_nec,hard,state_tax_withheld,904.48,904.48,$8,8.00,0.0,False,20.0,$ 904.48,904.48,True,100.0,True,True,100.0
1099_nec_2026_000223_scan_hard_02,1099_nec,hard,state_payer_number,FM-8312602,FM8312602,F2,F2,0.0,False,36.36,FM-8312602,FM8312602,True,100.0,True,True,100.0
1099_nec_2026_000223_scan_hard_02,1099_nec,hard,state_income,"153,721.93",153721.93,"$189,721.99.",189721.99,33.0,False,66.67,"$ 153,721.93",153721.93,True,100.0,True,True,100.0
1099_nec_2026_000240_scan_mild_01,1099_nec,mild,payer_city,LINDATON,LINDATON,Vy Or town LINDATON,VY OR TOWN LINDATON,66.75,False,59.26,UNDATION,UNDATION,False,75.0,True,False,75.0
1099_nec_2026_000240_scan_mild_01,1099_nec,mild,payer_state,NJ,NJ,NS,NS,0.0,False,50.0,SALE OF PROVINCE,SALEOFPROVINCE,False,12.5,False,False,50.0
1099_nec_2026_000240_scan_mild_01,1099_nec,mild,payer_zip,00570,00570,00570 Bae ees Pol,005708501,31.75,False,71.43,"60570 ""OREIGN POSTAL CODE",6057001605100,False,44.44,False,False,71.43
1099_nec_2026_000240_scan_mild_01,1099_nec,mild,recipient_street,019 DAVIS STREAM,019 DAVIS STREAM,019 DAVIS STREAM —,019 DAVIS STREAM,68.0,True,100.0,GTS DAVIS STREAM,GTS DAVIS STREAM,False,81.25,False,True,100.0
1099_nec_2026_000240_scan_mild_01,1099_nec,mild,recipient_state,OK,OK,JO,JO,22.0,False,50.0,STATE OR PROUNCE,STATEORPROUNCE,False,12.5,False,False,50.0
1099_nec_2026_000240_scan_mild_01,1099_nec,mild,recipient_zip,32436,32436,32436 owe wie! prwwwe SS,324360155,34.4,False,71.43,"$2436 ""OREIGN POSTAL CODE",243601605100,False,47.06,False,False,71.43
1099_nec_2026_000240_scan_mild_01,1099_nec,mild,account_number,NEC-2026-000240,NEC2026000240,NEC-2026-000240 RT,NEC2026000240RT,7.0,False,92.86,REC:0006-00024-1-12-1-1-1-1-12-12-12-1203-1203,REC000600024112111112121212031203,False,43.48,False,False,92.86
1099_nec_2026_000240_scan_mild_01,1099_nec,mild,state_tax_withheld,0.00,0.00,$200,200.00,46.0,False,80.0,$ 0.00,0.00,True,100.0,True,True,100.0
1099_nec_2026_000240_scan_mild_01,1099_nec,mild,state_payer_number,OK-4441935,OK4441935,OK,OK,0.0,False,36.36,OK-4441935,OK4441935,True,100.0,True,True,100.0
1099_nec_2026_000240_scan_mild_01,1099_nec,mild,state_income,"119,242.49",119242.49,"$119,262.49",119262.49,52.0,False,88.89,"$ 119,242.49",119242.49,True,100.0,True,True,100.0
1099_nec_2026_000227_scan_hard_02,1099_nec,hard,payer_name,MEADOWS-WARREN,MEADOWS WARREN,PAYERS name MEADOWS-WARREN a,PAYERS NAME MEADOWS WARREN A,67.25,False,66.67,$500 CASH GIVEAWAY ON BACK |,500 CASH GIVEAWAY ON BACK,False,30.77,False,False,66.67
1099_nec_2026_000227_scan_hard_02,1099_nec,hard,payer_city,PORT DANIELCHESTER,PORT DANIELCHESTER,| Oy of town | ‘PORT DANIELCHESTER rrr,OY OF TOWN PORT DANIELCHESTER RRR,67.38,False,70.59,PORT DANELOESTER,PORT DANELOESTER,False,88.24,True,False,88.24
1099_nec_2026_000227_scan_hard_02,1099_nec,hard,payer_state,IL,IL,SS,SS,43.0,False,0.0,SAVE OF PROUNCE,SAVEOFPROUNCE,False,0.0,False,False,0.0
1099_nec_2026_000227_scan_hard_02,1099_nec,hard,payer_zip,70694,70694,,,0.0,False,0.0,7666-10656 POSTAL CODE,76661065605100,False,31.58,True,False,31.58
1099_nec_2026_000227_scan_hard_02,1099_nec,hard,recipient_tin,000-63-1724,000631724,00-63-1724,00631724,28.0,False,94.12,0006-1724,00061724,False,94.12,False,False,94.12
1099_nec_2026_000227_scan_hard_02,1099_nec,hard,recipient_name,JOSHUA MILLER,JOSHUA MILLER,| RECMMENT > name JOSHUA MILLER,RECMMENT NAME JOSHUA MILLER,69.33,False,65.0,***,,False,0.0,False,False,65.0
1099_nec_2026_000227_scan_hard_02,1099_nec,hard,recipient_state,CA,CA,,,0.0,False,0.0,SAKE OF PROMER,SAKEOFPROMER,False,14.29,True,False,14.29
1099_nec_2026_000227_scan_hard_02,1099_nec,hard,recipient_zip,72261,72261,72a “Serene,725,11.0,False,50.0,7281 SHOPPHS CASH,72815055,False,46.15,False,False,50.0
1099_nec_2026_000227_scan_hard_02,1099_nec,hard,nonemployee_compensation,"44,381.70",44381.70,"- 44,381.70",-44381.70,48.0,False,94.12,SR: 0438170,50438170.00,False,63.16,False,False,94.12
1099_nec_2026_000227_scan_hard_02,1099_nec,hard,federal_income_tax_withheld,"2,890.90",2890.90,TOUS Si WAS ter Sere 2500.90,551552500.90,22.83,False,52.63,SR:,5.00,False,36.36,False,False,52.63
1099_nec_2026_000227_scan_hard_02,1099_nec,hard,account_number,NEC-2026-000227,NEC2026000227,A,A,11.0,False,0.0,RECEIPT #:,RECEIPT,False,20.0,True,False,20.0
1099_nec_2026_000227_scan_hard_02,1099_nec,hard,state_tax_withheld,"2,469.79",2469.79,$200.70,200.70,37.0,False,46.15,$ 2469.79,2469.79,True,100.0,True,True,100.0
1099_nec_2026_000227_scan_hard_02,1099_nec,hard,state_payer_number,CA-9459346,CA9459346,CA,CA,0.0,False,36.36,CA 9459348,CA9459348,False,88.89,True,False,88.89
1099_nec_2026_000227_scan_hard_02,1099_nec,hard,state_income,"44,381.70",44381.70,$4381.70,4381.70,38.0,False,93.33,"$ 44,381.70",44381.70,True,100.0,True,True,100.0
1099_nec_2026_000242_scan_mild_01,1099_nec,mild,payer_city,CRAWFORDPORT,CRAWFORDPORT,C RAWFORDPORT,C RAWFORDPORT,64.5,False,96.0,CRAWFORDPORT,CRAWFORDPORT,True,100.0,True,True,100.0
1099_nec_2026_000242_scan_mild_01,1099_nec,mild,payer_state,OK,OK,TD,TD,3.0,False,0.0,OKATE OF PROVINCE ONCLUSIVE,OKATEOFPROVINCEONCLUSIVE,False,15.38,True,False,15.38
1099_nec_2026_000242_scan_mild_01,1099_nec,mild,payer_zip,59198,59198,| 591 98 maviyn pyolal VUUS,15919810115,60.17,False,62.5,SR:98 TORSIGN POSTAL CODE |,5980516051001,False,33.33,False,False,62.5
1099_nec_2026_000242_scan_mild_01,1099_nec,mild,recipient_state,MD,MD,MD VMIVVINIUS,MDVMIVVINIUS,40.5,False,28.57,TABLE OF PROVINCE,TABLEOFPROVINCE,False,0.0,False,False,28.57
1099_nec_2026_000242_scan_mild_01,1099_nec,mild,recipient_zip,92124,92124,12,12,38.0,False,57.14,92124 TORSIGN POSTAL CODE,92124051605100,False,52.63,False,False,57.14
1099_nec_2026_000242_scan_mild_01,1099_nec,mild,federal_income_tax_withheld,0.00,0.00,", 0.00",0.00,39.5,True,100.0,$ ********,,False,0.0,False,True,100.0
1099_nec_2026_000242_scan_mild_01,1099_nec,mild,account_number,NEC-2026-000242,NEC2026000242,MIUUVUYVETO,MIUUVUYVETO,0.0,False,8.33,INVO: 2025-00024-1-1-1-1-4-4-4-4-4-4-4-4,INVO202500024111144444444,False,47.37,True,False,47.37
1099_nec_2026_000242_scan_mild_01,1099_nec,mild,state_tax_withheld,"4,647.78",4647.78,$8,8.00,0.0,False,18.18,"$ 4,647.78",4647.78,True,100.0,True,True,100.0
1099_nec_2026_000242_scan_mild_01,1099_nec,mild,state_payer_number,MD-3467651,MD3467651,MO751,MO751,0.0,False,57.14,MD-3467651,MD3467651,True,100.0,True,True,100.0
1099_nec_2026_000242_scan_mild_01,1099_nec,mild,state_income,"79,846.48",79846.48,"7,046.48",7046.48,0.0,False,80.0,"$ 79,846.48",79846.48,True,100.0,True,True,100.0
1099_nec_2026_000240_scan_hard_02,1099_nec,hard,payer_street,693 HAYES PARKS,693 HAYES PARKS,waco auUurTess | 693 HAYES PARKS |,WACO AUUURTESS 693 HAYES PARKS,68.57,False,66.67,GSTRAYES PARKS |,GSTRAYES PARKS,False,68.97,True,False,68.97
1099_nec_2026_000240_scan_hard_02,1099_nec,hard,payer_city,LINDATON,LINDATON,) wesy wt LWT LINDATON pe |,WESY WT LWT LINDATON PE,50.71,False,51.61,UNDATION,UNDATION,False,75.0,True,False,75.0
1099_nec_2026_000240_scan_hard_02,1099_nec,hard,payer_state,NJ,NJ,W IVNVYE,WIVNVYE,0.0,False,22.22,INVOICE,INVOICE,False,22.22,False,False,22.22
1099_nec_2026_000240_scan_hard_02,1099_nec,hard,payer_zip,00570,00570,70 Suntan,705,26.5,False,50.0,60570 MORLON POSTAL CODE,6057001005100,False,44.44,False,False,50.0
1099_nec_2026_000240_scan_hard_02,1099_nec,hard,payer_tin,00-1690406,001690406,00-1690406,001690406,11.0,True,100.0,00-1600408,001600408,False,77.78,False,True,100.0
1099_nec_2026_000240_scan_hard_02,1099_nec,hard,recipient_name,ALICIA JACKSON,ALICIA JACKSON,ator rect Straat artrirace,ATOR RECT STRAAT ARTRIRACE,54.0,False,30.0,AMOUNT,AMOUNT,False,30.0,False,False,30.0
1099_nec_2026_000240_scan_hard_02,1099_nec,hard,recipient_street,019 DAVIS STREAM,019 DAVIS STREAM,| wut MANOS -019 DAVIS STREAM,WUT MANOS 019 DAVIS STREAM,61.0,False,76.19,019 DAYS STREAM,019 DAYS STREAM,False,90.32,True,False,90.32
1099_nec_2026_000240_scan_hard_02,1099_nec,hard,recipient_city,EAST KYLEBOROUGH,EAST KYLEBOROUGH,| wy Vi wwii ¥ | EAST KYLEBOROUGH Ce Re eae: Ctata ar neaviana-~ ~,WY VI WWII EAST KYLEBOROUGH CE RE EAE CTATA AR NEAVIANA,47.8,False,45.07,CASHIER + + +,CASHIER,False,34.78,False,False,45.07
1099_nec_2026_000240_scan_hard_02,1099_nec,hard,recipient_state,OK,OK,TPIS,TPIS,0.0,False,0.0,OK OF PROUNCE,OKOFPROUNCE,False,30.77,True,False,30.77
1099_nec_2026_000240_scan_hard_02,1099_nec,hard,recipient_zip,32436,32436,2408 wrong PUold COUS,24080601005,29.5,False,37.5,3246 OPEN POSTAL CODE,3246005100,False,53.33,True,False,53.33
1099_nec_2026_000240_scan_hard_02,1099_nec,hard,nonemployee_compensation,"119,242.49",119242.49,"$ 119,242.49",119242.49,62.5,True,100.0,SR: 19:24:46,5192446.00,False,52.63,False,True,100.0
1099_nec_2026_000240_scan_hard_02,1099_nec,hard,federal_income_tax_withheld,0.00,0.00,| _ ee ee ee eer eee SSE FRR PIL ve,15511.00,34.0,False,50.0,SR: 00,500.00,False,80.0,True,False,80.0
1099_nec_2026_000240_scan_hard_02,1099_nec,hard,account_number,NEC-2026-000240,NEC2026000240,AAA 3 - LD,AAA3LD,27.25,False,0.0,RECEIPT FOR: 01/2018,RECEIPTFOR012018,False,34.48,True,False,34.48
1099_nec_2026_000240_scan_hard_02,1099_nec,hard,state_tax_withheld,0.00,0.00,$88,88.00,13.0,False,66.67,$ 0.00,0.00,True,100.0,True,True,100.0
1099_nec_2026_000240_scan_hard_02,1099_nec,hard,state_payer_number,OK-4441935,OK4441935,OM,OM,9.0,False,18.18,OK-1441935,OK1441935,False,88.89,True,False,88.89
1099_nec_2026_000240_scan_hard_02,1099_nec,hard,state_income,"119,242.49",119242.49,$119.242.49,119.24,0.0,False,66.67,"$ 119,242.49",119242.49,True,100.0,True,True,100.0
1099_nec_2026_000243_scan_mild_01,1099_nec,mild,payer_city,BRITTNEYTOWN,BRITTNEYTOWN,BRITTNEYTOWN,BRITTNEYTOWN,92.0,True,100.0,BRITTNETOWN,BRITTNETOWN,False,95.65,False,True,100.0
1099_nec_2026_000243_scan_mild_01,1099_nec,mild,payer_state,HI,HI,HH,HH,37.0,False,50.0,RATE OF PROUNCE,RATEOFPROUNCE,False,0.0,False,False,50.0
1099_nec_2026_000243_scan_mild_01,1099_nec,mild,payer_zip,48736,48736,870,870,38.0,False,50.0,48756 TORSIGN POSTAL CODE,48756051605100,False,42.11,False,False,50.0
1099_nec_2026_000243_scan_mild_01,1099_nec,mild,recipient_city,CHERYLSTAD,CHERYLSTAD,CHERYLSTAD,CHERYLSTAD,92.0,True,100.0,CHERYSTAO PERCHASE (RM),CHERYSTAO PERCHASE RM,False,51.61,False,True,100.0
1099_nec_2026_000243_scan_mild_01,1099_nec,mild,recipient_state,LA,LA,CL,CL,31.0,False,50.0,PAKE OF PROWNCE FROM,PAKEOFPROWNCEFROM,False,10.53,False,False,50.0
1099_nec_2026_000243_scan_mild_01,1099_nec,mild,recipient_zip,54757,54757,BAIST se,8155,2.5,False,44.44,54757 CHEGN POSTAL CODE,54757605100,False,62.5,True,False,62.5
1099_nec_2026_000243_scan_mild_01,1099_nec,mild,nonemployee_compensation,"125,229.36",125229.36,"$ 125,229.36",125229.36,48.0,True,100.0,SR: 05:29:26,5052926.00,False,42.11,False,True,100.0
1099_nec_2026_000243_scan_mild_01,1099_nec,mild,account_number,NEC-2026-000243,NEC2026000243,NEC-2026-000243,NEC2026000243,19.0,True,100.0,INEC-205-0029,INEC2050029,False,66.67,False,True,100.0
1099_nec_2026_000243_scan_mild_01,1099_nec,mild,state_tax_withheld,"5,178.09",5178.09,"$5,178.09",5178.09,22.0,True,100.0,$ 5.178.09,5.18,False,54.55,False,True,100.0
1099_nec_2026_000243_scan_mild_01,1099_nec,mild,state_payer_number,LA-4697107,LA4697107,L707,L707,0.0,False,61.54,LA-4697107,LA4697107,True,100.0,True,True,100.0
1099_nec_2026_000243_scan_mild_01,1099_nec,mild,state_income,"125,229.36",125229.36,"$125,229.36",125229.36,19.0,True,100.0,"$ 125,229.36",125229.36,True,100.0,False,True,100.0
1099_nec_2026_000243_scan_hard_02,1099_nec,hard,payer_name,MCCARTY GROUP,MCCARTY GROUP,MCCARTY GRO p -,MCCARTY GRO P,66.0,False,92.31,MCDANYOUP @6 OFF LARGE,MCDANYOUP 6 OFF LARGE,False,41.18,False,False,92.31
1099_nec_2026_000243_scan_hard_02,1099_nec,hard,payer_city,BRITTNEYTOWN,BRITTNEYTOWN,BRITTNEYTOWN oe,BRITTNEYTOWN OE,62.0,False,88.89,BRITNEYTOWN,BRITNEYTOWN,False,95.65,True,False,95.65
1099_nec_2026_000243_scan_hard_02,1099_nec,hard,payer_state,HI,HI,LS,LS,0.0,False,0.0,HATE OF PROUNCE,HATEOFPROUNCE,False,13.33,True,False,13.33
1099_nec_2026_000243_scan_hard_02,1099_nec,hard,payer_zip,48736,48736,48736 Pe wg eee www,487366,37.2,False,90.91,49756 TREGN POSTAL CODE,49756605100,False,37.5,False,False,90.91
1099_nec_2026_000243_scan_hard_02,1099_nec,hard,recipient_name,CHRISTOPHER MARTIN,CHRISTOPHER MARTIN,CHRISTOPHER MARTIN .,CHRISTOPHER MARTIN,63.33,True,100.0,CHISTORES MAIN,CHISTORES MAIN,False,75.0,False,True,100.0
1099_nec_2026_000243_scan_hard_02,1099_nec,hard,recipient_state,LA,LA,VY,VY,13.0,False,0.0,CATE OF PROUNCE,CATEOFPROUNCE,False,13.33,True,False,13.33
1099_nec_2026_000243_scan_hard_02,1099_nec,hard,recipient_zip,54757,54757,Seer,5,20.0,False,33.33,54757 GREEN POSTAL CODE,54757605100,False,62.5,True,False,62.5
1099_nec_2026_000243_scan_hard_02,1099_nec,hard,account_number,NEC-2026-000243,NEC2026000243,NEC-202 00004322CCSM,NEC20200004322CCSM,39.5,False,70.97,NET: 0028-0029-1203-1203-1203,NET00280029120312031203,False,50.0,False,False,70.97
1099_nec_2026_000243_scan_hard_02,1099_nec,hard,state_tax_withheld,"5,178.09",5178.09,5,5.00,0.0,False,54.55,$ 5.178.09,5.18,False,54.55,False,False,54.55
1099_nec_2026_000243_scan_hard_02,1099_nec,hard,state_payer_number,LA-4697107,LA4697107,7,7,0.0,False,20.0,LA 4697107,LA4697107,True,100.0,True,True,100.0
1099_nec_2026_000243_scan_hard_02,1099_nec,hard,state_income,"125,229.36",125229.36,"$125,220.96",125220.96,10.0,False,77.78,"$ 125,229.36",125229.36,True,100.0,True,True,100.0
1099_nec_2026_000242_scan_hard_02,1099_nec,hard,payer_name,SMITH-WILLIAMS,SMITH WILLIAMS,rsa Street arictrace,RSA STREET ARICTRACE,36.33,False,29.41,***,,False,0.0,False,False,29.41
1099_nec_2026_000242_scan_hard_02,1099_nec,hard,payer_street,8764 GARDNER TRACK,8764 GARDNER TRACK,Sees 7,SEES 7,31.0,False,16.67,5764 CARONER TRACK,5764 CARONER TRACK,False,83.33,True,False,83.33
1099_nec_2026_000242_scan_hard_02,1099_nec,hard,payer_city,CRAWFORDPORT,CRAWFORDPORT,wny Vt WWW Ge | CRAWFORDPORT,WNY VT WWW GE CRAWFORDPORT,48.17,False,63.16,ORWPORPORT,ORWPORPORT,False,72.73,True,False,72.73
1099_nec_2026_000242_scan_hard_02,1099_nec,hard,payer_state,OK,OK,GS,GS,0.0,False,0.0,***,,False,0.0,False,False,0.0
1099_nec_2026_000242_scan_hard_02,1099_nec,hard,payer_zip,59198,59198,,,0.0,False,0.0,***,,False,0.0,False,False,0.0
1099_nec_2026_000242_scan_hard_02,1099_nec,hard,payer_tin,00-9512910,009512910,90-9512910,909512910,0.0,False,88.89,***,,False,0.0,False,False,88.89
1099_nec_2026_000242_scan_hard_02,1099_nec,hard,recipient_tin,000-52-5842,000525842,DB,08,0.0,False,36.36,****,,False,0.0,False,False,36.36
1099_nec_2026_000242_scan_hard_02,1099_nec,hard,recipient_name,TAMMY DYER,TAMMY DYER,TAMMY DYER,TAMMY DYER,45.5,True,100.0,***,,False,0.0,False,True,100.0
1099_nec_2026_000242_scan_hard_02,1099_nec,hard,recipient_street,3656 JONATHAN ISLE,3656 JONATHAN ISLE,—_— ee | 9656 JONATHAN ISLE pee OOOO,EE 9656 JONATHAN ISLE PEE OOOO,52.62,False,70.83,***,,False,0.0,False,False,70.83
1099_nec_2026_000242_scan_hard_02,1099_nec,hard,recipient_city,NORTH RICHARDSTAD,NORTH RICHARDSTAD,| NORTH RICHAROSTAD eee A,NORTH RICHAROSTAD EEE A,64.6,False,80.0,"""CHANGEBOOKS FOR RECEIPT FOR",CHANGEBOOKS FOR RECEIPT FOR,False,31.82,False,False,80.0
1099_nec_2026_000242_scan_hard_02,1099_nec,hard,recipient_state,MD,MD,ET,ET,5.0,False,0.0,-,,False,0.0,False,False,0.0
1099_nec_2026_000242_scan_hard_02,1099_nec,hard,recipient_zip,92124,92124,seiee a Tg,516,29.0,False,25.0,***,,False,0.0,False,False,25.0
1099_nec_2026_000242_scan_hard_02,1099_nec,hard,nonemployee_compensation,"79,846.48",79846.48,$ -,-,4.5,False,0.0,SR:,5.00,False,16.67,True,False,16.67
1099_nec_2026_000242_scan_hard_02,1099_nec,hard,federal_income_tax_withheld,0.00,0.00,= ere VR OTL cs,15.00,28.0,False,66.67,SR:,5.00,False,75.0,True,False,75.0
1099_nec_2026_000242_scan_hard_02,1099_nec,hard,account_number,NEC-2026-000242,NEC2026000242,- - TR,TR,29.0,False,0.0,***,,False,0.0,False,False,0.0
1099_nec_2026_000242_scan_hard_02,1099_nec,hard,state_tax_withheld,"4,647.78",4647.78,$78,78.00,0.0,False,33.33,$ 4.647.78,4.65,False,36.36,True,False,36.36
1099_nec_2026_000242_scan_hard_02,1099_nec,hard,state_payer_number,MD-3467651,MD3467651,,,0.0,False,0.0,MO.3467651,MO3467651,False,88.89,True,False,88.89
1099_nec_2026_000242_scan_hard_02,1099_nec,hard,state_income,"79,846.48",79846.48,$7,7.00,3.0,False,33.33,"$ 79,846.48",79846.48,True,100.0,True,True,100.0
1099_nec_2026_000247_scan_mild_01,1099_nec,mild,payer_city,CALEBVIEW,CALEBVIEW,CALEBVIEW,CALEBVIEW,92.0,True,100.0,CALESVIEW (RM),CALESVIEW RM,False,76.19,False,True,100.0
1099_nec_2026_000247_scan_mild_01,1099_nec,mild,payer_state,ID,ID,PY,PY,21.0,False,0.0,TABLE OF PROUNCE,TABLEOFPROUNCE,False,0.0,False,False,0.0
1099_nec_2026_000247_scan_mild_01,1099_nec,mild,payer_zip,05421,05421,05421 pies te! nik sto teetes ad i aati 2,054211515050112,23.4,False,50.0,"65421 ""OREIGN POSTAL CODE",6542101605100,False,44.44,False,False,50.0
1099_nec_2026_000247_scan_mild_01,1099_nec,mild,recipient_city,ROBERTMOUTH,ROBERTMOUTH,ROBERTMOUTH,ROBERTMOUTH,92.0,True,100.0,RECEIPT WITH ************,RECEIPT WITH,False,43.48,False,True,100.0
1099_nec_2026_000247_scan_mild_01,1099_nec,mild,recipient_state,HI,HI,HI NA,HINA,32.5,False,66.67,DATE OF PROWNCE,DATEOFPROWNCE,False,0.0,False,False,66.67
1099_nec_2026_000247_scan_mild_01,1099_nec,mild,recipient_zip,59280,59280,5280,5280,0.0,False,88.89,"59280 ""DEGN POSTAL CODE",592800605100,False,58.82,False,False,88.89
1099_nec_2026_000247_scan_mild_01,1099_nec,mild,account_number,NEC-2026-000247,NEC2026000247,NEC-2026-000247,NEC2026000247,0.0,True,100.0,INEC: 2026-00024,INEC202600024,False,92.31,False,True,100.0
1099_nec_2026_000247_scan_mild_01,1099_nec,mild,state_tax_withheld,903.74,903.74,$903.74,903.74,34.0,True,100.0,$ 903.74,903.74,True,100.0,False,True,100.0
1099_nec_2026_000247_scan_mild_01,1099_nec,mild,state_payer_number,HI-7304414,HI7304414,HI-730441460,HI730441460,7.0,False,90.0,HI-7304414,HI7304414,True,100.0,True,True,100.0
1099_nec_2026_000247_scan_mild_01,1099_nec,mild,state_income,"72,490.18",72490.18,"$72,490.18",72490.18,29.0,True,100.0,"$ 72,490.18",72490.18,True,100.0,False,True,100.0
1099_nec_2026_000247_scan_hard_02,1099_nec,hard,payer_city,CALEBVIEW,CALEBVIEW,wny Wi wwii | CALEBVIEW,WNY WI WWII CALEBVIEW,66.6,False,60.0,CALESVEW,CALESVEW,False,82.35,True,False,82.35
1099_nec_2026_000247_scan_hard_02,1099_nec,hard,payer_state,ID,ID,SS,SS,6.0,False,0.0,PREIPONCE,PREIPONCE,False,18.18,True,False,18.18
1099_nec_2026_000247_scan_hard_02,1099_nec,hard,payer_zip,05421,05421,G “4 APRS,645,9.0,False,25.0,05421 DREAM POSTAL CODE,05421005100,False,62.5,True,False,62.5
1099_nec_2026_000247_scan_hard_02,1099_nec,hard,payer_tin,00-9813089,009813089,SS,55,21.0,False,0.0,100-881389,100881389,False,77.78,True,False,77.78
1099_nec_2026_000247_scan_hard_02,1099_nec,hard,recipient_name,RYAN BROWN,RYAN BROWN,RYAN BROWN Qéisa ni «21. —,RYAN BROWN Q ISA NI 21,58.83,False,62.5,WWW.COM,WWW COM,False,23.53,False,False,62.5
1099_nec_2026_000247_scan_hard_02,1099_nec,hard,recipient_city,ROBERTMOUTH,ROBERTMOUTH,| wry Ut tues | ROBERTMOUTH,WRY UT TUES ROBERTMOUTH,64.17,False,64.71,SALEMON,SALEMON,False,33.33,False,False,64.71
1099_nec_2026_000247_scan_hard_02,1099_nec,hard,recipient_state,HI,HI,,,0.0,False,0.0,FREE OF PROUNCE FROM,FREEOFPROUNCEFROM,False,0.0,False,False,0.0
1099_nec_2026_000247_scan_hard_02,1099_nec,hard,recipient_zip,59280,59280,= owe Eee pve CVU,0,20.4,False,33.33,59280 VISION POSTAL CODE,59280151005100,False,52.63,True,False,52.63
1099_nec_2026_000247_scan_hard_02,1099_nec,hard,federal_income_tax_withheld,"6,384.72",6384.72,"; Ge eee 6,384.72",66384.72,52.0,False,93.33,SR: 03642,503642.00,False,37.5,False,False,93.33
1099_nec_2026_000247_scan_hard_02,1099_nec,hard,account_number,NEC-2026-000247,NEC2026000247,FULTS,FULTS,0.0,False,0.0,MEX:,MEX,False,12.5,True,False,12.5
1099_nec_2026_000247_scan_hard_02,1099_nec,hard,state_tax_withheld,903.74,903.74,$0874,874.00,38.0,False,33.33,$ 903.74,903.74,True,100.0,True,True,100.0
1099_nec_2026_000247_scan_hard_02,1099_nec,hard,state_payer_number,HI-7304414,HI7304414,H,H,0.0,False,20.0,HI-230414,HI230414,False,82.35,True,False,82.35
1099_nec_2026_000247_scan_hard_02,1099_nec,hard,state_income,"72,490.18",72490.18,$72490.18,72490.18,7.0,True,100.0,"$ 72,490.18",72490.18,True,100.0,False,True,100.0
