document_id,parent_document_id,document_type,split,quality,field_name,field_kind,expected_value,predicted_value,normalized_expected,normalized_prediction,exact_match,similarity,ocr_confidence,chosen_engine,baseline_prediction,baseline_confidence,enhanced_prediction,enhanced_confidence,estimated_skew_correction,status,error,router_probability,router_choose_trocr,holdout_router_prediction,holdout_router_exact_match,holdout_router_similarity,holdout_trocr_normalized,holdout_tesseract_normalized,final_engine,final_prediction,final_normalized_prediction,final_exact_match,final_similarity,required_field,format_valid,format_score,format_message,model_confidence,risk_tier,prediction_length,digit_ratio,alpha_ratio,punctuation_ratio,has_trocr_candidate,tesseract_trocr_agreement,cross_field_flag,correctness_probability,risk_threshold,field_review_required
w2_2026_000010,w2_2026_000010,w2,validation,clean,employee_ssn,identifier,000-35-3504,00-35-3504 BE,000353504,003535048,False,88.89,13.5,baseline,00-35-3504 BE,13.5,J00085-3506,0.0,0.0,success,,0.2426023337291636,False,00-35-3504 BE,False,88.89,000353504555111,003535048,tesseract,00-35-3504 BE,003535048,False,88.89,1.0,1.0,1.0,valid_ssn_shape,0.135,critical,9.0,0.615385,0.153846,0.153846,1.0,66.66666666666667,0.0,0.05720323283085658,0.98,True
w2_2026_000010,w2_2026_000010,w2,validation,clean,employer_ein,identifier,00-7273233,00-7273288,007273233,007273288,False,77.78,0.0,baseline,00-7273288,0.0,00-7275288,0.0,0.0,success,,0.0909045111369773,False,00-7273288,False,77.78,072723811,007273288,tesseract,00-7273288,007273288,False,77.78,1.0,1.0,1.0,valid_ein_shape,0.0,critical,9.0,0.9,0.0,0.1,1.0,66.66666666666667,0.0,0.7271501006007911,0.98,True
w2_2026_000010,w2_2026_000010,w2,validation,clean,employer_name_address,multiline,"WAGNER-KING
64005 DANA GREENS
LAKE SCOTT, VT 56558","WAGNER-KING 64005 DANA GREENS LAKE SCOTT, VT 56558",WAGNER KING 64005 DANA GREENS LAKE SCOTT VT 56558,WAGNER KING 64005 DANA GREENS LAKE SCOTT VT 56558,True,100.0,95.12,baseline,"WAGNER-KING 64005 DANA GREENS LAKE SCOTT, VT 56558",95.12,,0.0,0.0,success,,0.0,False,,,,,,tesseract,"WAGNER-KING 64005 DANA GREENS LAKE SCOTT, VT 56558",WAGNER KING 64005 DANA GREENS LAKE SCOTT VT 56558,True,100.0,1.0,1.0,1.0,valid_text,0.9512,descriptive,49.0,0.2,0.62,0.04,0.0,0.0,0.0,0.8596424584665119,0.31,False
w2_2026_000010,w2_2026_000010,w2,validation,clean,control_number,identifier,W2-2026-000010,22026-00010,W22026000010,2202600010,False,90.91,45.0,enhanced,W2-2026-000010,0.0,22026-00010,45.0,0.0,success,,0.0099201530781773,False,22026-00010,False,90.91,WEAREBOOKOFRECEIPT,2202600010,tesseract,22026-00010,2202600010,False,90.91,0.0,1.0,1.0,valid_identifier_shape,0.45,structured,10.0,0.909091,0.0,0.090909,1.0,0.0,0.0,0.29987872648667063,0.8,True
w2_2026_000010,w2_2026_000010,w2,validation,clean,employee_first_name,text,MATTHEW V.,MATTHEW V.,MATTHEW V,MATTHEW V,True,100.0,92.5,baseline,MATTHEW V.,92.5,,0.0,0.0,success,,0.0,False,,,,,,tesseract,MATTHEW V.,MATTHEW V,True,100.0,1.0,1.0,1.0,valid_text,0.925,descriptive,9.0,0.0,0.8,0.1,0.0,0.0,0.0,0.9134245721135116,0.31,False
w2_2026_000010,w2_2026_000010,w2,validation,clean,employee_last_name,text,WALTERS,WALTERS,WALTERS,WALTERS,True,100.0,96.0,baseline,WALTERS,96.0,WALTERS,96.0,0.0,success,,1.4820370942375409e-05,False,WALTERS,True,100.0,WALTERS,WALTERS,tesseract,WALTERS,WALTERS,True,100.0,1.0,1.0,1.0,valid_text,0.96,descriptive,7.0,0.0,1.0,0.0,1.0,100.0,0.0,0.9967792298883141,0.31,False
w2_2026_000010,w2_2026_000010,w2,validation,clean,employee_address,multiline,"12805 RUSSELL CANYON
MICHAELTON, MH 47399","12805 RUSSELL CANYON MICHAELTON, MH 47399 f Employee’s address and ZIP code",12805 RUSSELL CANYON MICHAELTON MH 47399,12805 RUSSELL CANYON MICHAELTON MH 47399 F EMPLOYEE S ADDRESS AND ZIP CODE,False,70.18,94.83,baseline,"12805 RUSSELL CANYON MICHAELTON, MH 47399 f Employee’s address and ZIP code",94.83,,0.0,0.0,success,,0.0,False,,,,,,tesseract,"12805 RUSSELL CANYON MICHAELTON, MH 47399 f Employee’s address and ZIP code",12805 RUSSELL CANYON MICHAELTON MH 47399 F EMPLOYEE S ADDRESS AND ZIP CODE,False,70.18,1.0,1.0,1.0,valid_text,0.9483,descriptive,74.0,0.133333,0.693333,0.026667,0.0,0.0,0.0,0.03238429615037853,0.31,True
w2_2026_000010,w2_2026_000010,w2,validation,clean,wages,money,"113,174.85","418,174.85",113174.85,418174.85,False,77.78,49.0,baseline,"418,174.85",49.0,"118,174.85",53.0,0.0,success,,0.1268396294351506,False,"418,174.85",False,77.78,55151013174.85,418174.85,tesseract,"418,174.85",418174.85,False,77.78,1.0,1.0,1.0,valid_money,0.49,critical,9.0,0.8,0.0,0.2,1.0,60.86956521739131,0.0,0.30048288590470174,0.98,True
w2_2026_000010,w2_2026_000010,w2,validation,clean,federal_tax_withheld,money,"25,579.83","28,579.88)",25579.83,28579.88,False,75.0,66.0,enhanced,"28,579.83",22.0,"28,579.88)",66.0,0.0,success,,0.1447911255426967,False,"28,579.88)",False,75.0,1511511825579.83,28579.88,tesseract,"28,579.88)",28579.88,False,75.0,1.0,1.0,1.0,valid_money,0.66,critical,8.0,0.7,0.0,0.3,1.0,50.0,0.0,0.8076275320697374,0.98,True
w2_2026_000010,w2_2026_000010,w2,validation,clean,social_security_wages,money,"113,174.85",13.1 74.85,113174.85,13.17,False,57.14,82.5,enhanced,"413,174.85",47.0,13.1 74.85,82.5,0.0,success,,0.0,False,,,,,,tesseract,13.1 74.85,13.17,False,57.14,1.0,1.0,1.0,valid_money,0.825,critical,5.0,0.7,0.0,0.2,0.0,0.0,1.0,0.29271629070550853,0.98,True
w2_2026_000010,w2_2026_000010,w2,validation,clean,social_security_tax_withheld,money,"7,016.84",7.01 6.84,7016.84,7.02,False,36.36,79.0,enhanced,7016.84,35.0,7.01 6.84,79.0,0.0,success,,0.0,False,,,,,,tesseract,7.01 6.84,7.02,False,36.36,1.0,1.0,1.0,valid_money,0.79,critical,4.0,0.666667,0.0,0.222222,0.0,0.0,1.0,0.6742393047415539,0.98,True
w2_2026_000010,w2_2026_000010,w2,validation,clean,medicare_wages,money,"113,174.85",113.1 74.85,113174.85,113.17,False,66.67,79.0,enhanced,4943474.85,0.0,113.1 74.85,79.0,0.0,success,,0.0,False,,,,,,tesseract,113.1 74.85,113.17,False,66.67,1.0,1.0,1.0,valid_money,0.79,critical,6.0,0.727273,0.0,0.181818,0.0,0.0,1.0,0.5386170417665906,0.98,True
w2_2026_000010,w2_2026_000010,w2,validation,clean,medicare_tax_withheld,money,"1,641.04","1,641.04",1641.04,1641.04,True,100.0,91.0,baseline,"1,641.04",91.0,,0.0,0.0,success,,0.0,False,,,,,,tesseract,"1,641.04",1641.04,True,100.0,1.0,1.0,1.0,valid_money,0.91,critical,7.0,0.75,0.0,0.25,0.0,0.0,1.0,0.8811379759678186,0.98,True
w2_2026_000010,w2_2026_000010,w2,validation,clean,state,state,MH,MH,MH,MH,True,100.0,58.0,baseline,MH,58.0,,0.0,0.0,success,,0.0042055875536825,False,MH,True,100.0,MM,MH,tesseract,MH,MH,True,100.0,1.0,0.0,0.2,invalid_state_code,0.58,structured,2.0,0.0,1.0,0.0,1.0,50.0,0.0,0.04551267816707903,0.8,True
w2_2026_000010,w2_2026_000010,w2,validation,clean,employer_state_id,identifier,MH-9897858,MH9897858,MH9897858,MH9897858,True,100.0,6.0,baseline,MH9897858,6.0,MH-7,0.0,0.0,success,,0.0003736569862831,False,MH9897858,True,100.0,MH9897858,MH9897858,tesseract,MH9897858,MH9897858,True,100.0,0.0,1.0,1.0,valid_identifier_shape,0.06,structured,9.0,0.777778,0.222222,0.0,1.0,100.0,0.0,0.09525895402338357,0.8,True
w2_2026_000010,w2_2026_000010,w2,validation,clean,state_wages,money,"113,174.85","118,174.85",113174.85,118174.85,False,88.89,52.0,enhanced,"118,174.85.",43.0,"118,174.85",52.0,0.0,success,,0.2735170891050542,False,"118,174.85",False,88.89,0.11,118174.85,tesseract,"118,174.85",118174.85,False,88.89,0.0,1.0,1.0,valid_money,0.52,critical,9.0,0.8,0.0,0.2,1.0,30.76923076923077,0.0,0.23354004592175767,0.98,True
w2_2026_000010,w2_2026_000010,w2,validation,clean,state_income_tax,money,"6,403.85",6.08.85),6403.85,6.09,False,36.36,56.0,enhanced,"8,408.85",38.0,6.08.85),56.0,0.0,success,,0.0514538267460497,False,6.08.85),False,36.36,------------6403.85,6.09,tesseract,6.08.85),6.09,False,36.36,0.0,1.0,1.0,valid_money,0.56,critical,4.0,0.625,0.0,0.375,1.0,17.391304347826086,0.0,0.7852913666601367,0.98,True
w2_2026_000019,w2_2026_000019,w2,validation,clean,employee_ssn,identifier,000-30-1931,00-30-1931 BE,000301931,003019318,False,88.89,9.5,baseline,00-30-1931 BE,9.5,091,0.0,0.0,success,,0.2675972772505053,False,00-30-1931 BE,False,88.89,000301931555111,003019318,tesseract,00-30-1931 BE,003019318,False,88.89,1.0,1.0,1.0,valid_ssn_shape,0.095,critical,9.0,0.615385,0.153846,0.153846,1.0,66.66666666666667,0.0,0.121664609022264,0.98,True
w2_2026_000019,w2_2026_000019,w2,validation,clean,employer_ein,identifier,00-9519948,00-9519948,009519948,009519948,True,100.0,0.0,baseline,00-9519948,0.0,00-9519945,5.0,0.0,success,,0.1023142535770447,False,00-9519948,True,100.0,0053196811,009519948,tesseract,00-9519948,009519948,True,100.0,1.0,1.0,1.0,valid_ein_shape,0.0,critical,9.0,0.9,0.0,0.1,1.0,63.1578947368421,0.0,0.4789532816067887,0.98,True
w2_2026_000019,w2_2026_000019,w2,validation,clean,employer_name_address,multiline,"SANCHEZ-MARSHALL
0752 LEWIS UNION SUITE 549
ANGELAHAVEN, ID 11722","SANCHEZ-MARSHALL 0752 LEWIS UNION SUITE 549 ANGELAHAVEN, ID 11722",SANCHEZ MARSHALL 0752 LEWIS UNION SUITE 549 ANGELAHAVEN ID 11722,SANCHEZ MARSHALL 0752 LEWIS UNION SUITE 549 ANGELAHAVEN ID 11722,True,100.0,94.89,baseline,"SANCHEZ-MARSHALL 0752 LEWIS UNION SUITE 549 ANGELAHAVEN, ID 11722",94.89,,0.0,0.0,success,,0.0,False,,,,,,tesseract,"SANCHEZ-MARSHALL 0752 LEWIS UNION SUITE 549 ANGELAHAVEN, ID 11722",SANCHEZ MARSHALL 0752 LEWIS UNION SUITE 549 ANGELAHAVEN ID 11722,True,100.0,1.0,1.0,1.0,valid_text,0.9489,descriptive,64.0,0.184615,0.661538,0.030769,0.0,0.0,0.0,0.7743618590530248,0.31,False
w2_2026_000019,w2_2026_000019,w2,validation,clean,control_number,identifier,W2-2026-000019,22028-00019,W22026000019,2202800019,False,81.82,30.0,enhanced,W2-2026-000019,0.0,22028-00019,30.0,0.0,success,,0.0057214030246855,False,22028-00019,False,81.82,WEAREBOOKSSOLD9,2202800019,tesseract,22028-00019,2202800019,False,81.82,0.0,1.0,1.0,valid_identifier_shape,0.3,structured,10.0,0.909091,0.0,0.090909,1.0,7.9999999999999964,0.0,0.3482897313745498,0.8,True
w2_2026_000019,w2_2026_000019,w2,validation,clean,employee_first_name,text,MELISSA C.,MELISSA C.,MELISSA C,MELISSA C,True,100.0,92.0,baseline,MELISSA C.,92.0,,0.0,0.0,success,,0.0,False,,,,,,tesseract,MELISSA C.,MELISSA C,True,100.0,1.0,1.0,1.0,valid_text,0.92,descriptive,9.0,0.0,0.8,0.1,0.0,0.0,0.0,0.9230001247003741,0.31,False
w2_2026_000019,w2_2026_000019,w2,validation,clean,employee_last_name,text,RAMIREZ,RAMIREZ,RAMIREZ,RAMIREZ,True,100.0,96.0,baseline,RAMIREZ,96.0,RAMIREZ,96.0,0.0,success,,1.4820370942375409e-05,False,RAMIREZ,True,100.0,RAMIREZ,RAMIREZ,tesseract,RAMIREZ,RAMIREZ,True,100.0,1.0,1.0,1.0,valid_text,0.96,descriptive,7.0,0.0,1.0,0.0,1.0,100.0,0.0,0.9973994121690548,0.31,False
w2_2026_000019,w2_2026_000019,w2,validation,clean,employee_address,multiline,"678 HANNAH RUE
WESTTOWN, CO 39067","678 HANNAH RUE WESTTOWN, CO 39067 f Employee’s address and ZIP code",678 HANNAH RUE WESTTOWN CO 39067,678 HANNAH RUE WESTTOWN CO 39067 F EMPLOYEE S ADDRESS AND ZIP CODE,False,65.31,94.75,baseline,"678 HANNAH RUE WESTTOWN, CO 39067 f Employee’s address and ZIP code",94.75,,0.0,0.0,success,,0.0,False,,,,,,tesseract,"678 HANNAH RUE WESTTOWN, CO 39067 f Employee’s address and ZIP code",678 HANNAH RUE WESTTOWN CO 39067 F EMPLOYEE S ADDRESS AND ZIP CODE,False,65.31,1.0,1.0,1.0,valid_text,0.9475,descriptive,66.0,0.119403,0.686567,0.029851,0.0,0.0,0.0,0.03839197708744459,0.31,True
w2_2026_000019,w2_2026_000019,w2,validation,clean,wages,money,"37,590.74","87,590.74",37590.74,87590.74,False,87.5,56.0,enhanced,"837,590.74",43.0,"87,590.74",56.0,0.0,success,,0.0886436661804634,False,"87,590.74",False,87.5,5510037590.74,87590.74,tesseract,"87,590.74",87590.74,False,87.5,1.0,1.0,1.0,valid_money,0.56,critical,8.0,0.777778,0.0,0.222222,1.0,66.66666666666667,0.0,0.44519311140355455,0.98,True
w2_2026_000019,w2_2026_000019,w2,validation,clean,federal_tax_withheld,money,"3,308.84","3,308.84",3308.84,3308.84,True,100.0,91.0,enhanced,"83,308.84",43.0,"3,308.84",91.0,0.0,success,,0.0,False,,,,,,tesseract,"3,308.84",3308.84,True,100.0,1.0,1.0,1.0,valid_money,0.91,critical,7.0,0.75,0.0,0.25,0.0,0.0,0.0,0.9128484633170699,0.98,True
w2_2026_000019,w2_2026_000019,w2,validation,clean,social_security_wages,money,"37,590.74","37,590.74",37590.74,37590.74,True,100.0,93.0,enhanced,"37,590.74",32.0,"37,590.74",93.0,0.0,success,,0.0,False,,,,,,tesseract,"37,590.74",37590.74,True,100.0,1.0,1.0,1.0,valid_money,0.93,critical,8.0,0.777778,0.0,0.222222,0.0,0.0,1.0,0.36648440766412915,0.98,True
w2_2026_000019,w2_2026_000019,w2,validation,clean,social_security_tax_withheld,money,"2,330.63","2,830.68",2330.63,2830.68,False,71.43,64.0,enhanced,9330.63,21.0,"2,830.68",64.0,0.0,success,,0.1607177387473908,False,"2,830.68",False,71.43,6151112330.63,2830.68,tesseract,"2,830.68",2830.68,False,71.43,1.0,1.0,1.0,valid_money,0.64,critical,7.0,0.75,0.0,0.25,1.0,50.0,1.0,0.472016356625177,0.98,True
w2_2026_000019,w2_2026_000019,w2,validation,clean,medicare_wages,money,"37,590.74","37,590.74",37590.74,37590.74,True,100.0,68.0,enhanced,"837,590.74",21.0,"37,590.74",68.0,0.0,success,,0.0677332216662223,False,"37,590.74",True,100.0,-6155137590.74,37590.74,tesseract,"37,590.74",37590.74,True,100.0,1.0,1.0,1.0,valid_money,0.68,critical,8.0,0.777778,0.0,0.222222,1.0,72.72727272727273,0.0,0.8443504320066973,0.98,True
w2_2026_000019,w2_2026_000019,w2,validation,clean,medicare_tax_withheld,money,545.07,545.07,545.07,545.07,True,100.0,94.0,baseline,545.07,94.0,,0.0,0.0,success,,0.0,False,,,,,,tesseract,545.07,545.07,True,100.0,1.0,1.0,1.0,valid_money,0.94,critical,6.0,0.833333,0.0,0.166667,0.0,0.0,0.0,0.9684000993926487,0.98,True
w2_2026_000019,w2_2026_000019,w2,validation,clean,state,state,CO,CO,CO,CO,True,100.0,0.0,baseline,CO,0.0,O,0.0,0.0,success,,1.2219562216535317e-06,False,CO,True,100.0,,CO,tesseract,CO,CO,True,100.0,1.0,1.0,1.0,valid_state_code,0.0,structured,2.0,0.0,1.0,0.0,0.0,0.0,0.0,0.9639883078194897,0.8,False
w2_2026_000019,w2_2026_000019,w2,validation,clean,employer_state_id,identifier,CO-4946066,6,CO4946066,6,False,20.0,0.0,baseline,6,0.0,J,0.0,0.0,success,,0.9601225331313188,True,[CO-4946066 .................................,True,100.0,CO4946066,6,trocr,[CO-4946066 .................................,CO4946066,True,100.0,0.0,1.0,1.0,valid_identifier_shape,0.6240796465353572,structured,9.0,0.155556,0.044444,0.777778,1.0,19.999999999999996,0.0,0.29482896442618994,0.8,True
w2_2026_000019,w2_2026_000019,w2,validation,clean,state_wages,money,"37,590.74","87,590.74",37590.74,87590.74,False,87.5,59.0,enhanced,"87,890.74",40.0,"87,590.74",59.0,0.0,success,,0.045724963658856,False,"87,590.74",False,87.5,0.38,87590.74,tesseract,"87,590.74",87590.74,False,87.5,0.0,1.0,1.0,valid_money,0.59,critical,8.0,0.777778,0.0,0.222222,1.0,33.333333333333336,0.0,0.6031656832086945,0.98,True
w2_2026_000019,w2_2026_000019,w2,validation,clean,state_income_tax,money,"1,164.98",164.98),1164.98,164.98,False,92.31,38.0,enhanced,"1,164.98",19.0,164.98),38.0,0.0,success,,0.0979006954033442,False,164.98),False,92.31,0.12,164.98,tesseract,164.98),164.98,False,92.31,0.0,1.0,1.0,valid_money,0.38,critical,6.0,0.714286,0.0,0.285714,1.0,19.999999999999996,0.0,0.453482758440737,0.98,True
w2_2026_000070,w2_2026_000070,w2,validation,clean,employee_ssn,identifier,000-66-3725,00-66-3725 BT,000663725,006637258,False,88.89,23.5,baseline,00-66-3725 BT,23.5,3725,0.0,0.0,success,,0.1785763530129648,False,00-66-3725 BT,False,88.89,00056372555115111,006637258,tesseract,00-66-3725 BT,006637258,False,88.89,1.0,1.0,1.0,valid_ssn_shape,0.235,critical,9.0,0.615385,0.153846,0.153846,1.0,53.84615384615385,0.0,0.16866634629401567,0.98,True
w2_2026_000070,w2_2026_000070,w2,validation,clean,employer_ein,identifier,00-6024207,00-6024207,006024207,006024207,True,100.0,0.0,baseline,00-6024207,0.0,006026207,6.0,0.0,success,,0.1425618225998118,False,00-6024207,True,100.0,00824371,006024207,tesseract,00-6024207,006024207,True,100.0,1.0,1.0,1.0,valid_ein_shape,0.0,critical,9.0,0.9,0.0,0.1,1.0,58.82352941176471,0.0,0.44768576981778485,0.98,True
w2_2026_000070,w2_2026_000070,w2,validation,clean,employer_name_address,multiline,"RAMSEY, MASON AND MCCANN
63159 NOVAK ISLANDS
LAKE JOSHUAMOUTH, NM 30403","RAMSEY, MASON AND MCCANN 63159 NOVAK ISLANDS LAKE JOSHUAMOUTH, NM 30403",RAMSEY MASON AND MCCANN 63159 NOVAK ISLANDS LAKE JOSHUAMOUTH NM 30403,RAMSEY MASON AND MCCANN 63159 NOVAK ISLANDS LAKE JOSHUAMOUTH NM 30403,True,100.0,94.55,baseline,"RAMSEY, MASON AND MCCANN 63159 NOVAK ISLANDS LAKE JOSHUAMOUTH, NM 30403",94.55,,0.0,0.0,success,,0.0,False,,,,,,tesseract,"RAMSEY, MASON AND MCCANN 63159 NOVAK ISLANDS LAKE JOSHUAMOUTH, NM 30403",RAMSEY MASON AND MCCANN 63159 NOVAK ISLANDS LAKE JOSHUAMOUTH NM 30403,True,100.0,1.0,1.0,1.0,valid_text,0.9455,descriptive,69.0,0.140845,0.690141,0.028169,0.0,0.0,0.0,0.583745602618136,0.31,False
w2_2026_000070,w2_2026_000070,w2,validation,clean,control_number,identifier,W2-2026-000070,22026-00070,W22026000070,2202600070,False,90.91,45.0,enhanced,W2-2026-000070,0.0,22026-00070,45.0,0.0,success,,0.0118942283275448,False,22026-00070,False,90.91,12200000151,2202600070,tesseract,22026-00070,2202600070,False,90.91,0.0,1.0,1.0,valid_identifier_shape,0.45,structured,10.0,0.909091,0.0,0.090909,1.0,66.66666666666667,0.0,0.8570023590222196,0.8,False
w2_2026_000070,w2_2026_000070,w2,validation,clean,employee_first_name,text,KARLA E.,KARLA E.,KARLA E,KARLA E,True,100.0,91.0,baseline,KARLA E.,91.0,,0.0,0.0,success,,0.0,False,,,,,,tesseract,KARLA E.,KARLA E,True,100.0,1.0,1.0,1.0,valid_text,0.91,descriptive,7.0,0.0,0.75,0.125,0.0,0.0,0.0,0.9296188817667967,0.31,False
w2_2026_000070,w2_2026_000070,w2,validation,clean,employee_last_name,text,GIBBS,GIBBS,GIBBS,GIBBS,True,100.0,96.0,baseline,GIBBS,96.0,GIBBS,96.0,0.0,success,,0.1141614816402769,False,GIBBS,True,100.0,GIBS,GIBBS,tesseract,GIBBS,GIBBS,True,100.0,1.0,1.0,1.0,valid_text,0.96,descriptive,5.0,0.0,1.0,0.0,1.0,88.88888888888889,0.0,0.995224208517838,0.31,False
w2_2026_000070,w2_2026_000070,w2,validation,clean,employee_address,multiline,"662 MILLER RIVER SUITE 311
ERICBERG, WA 51569","662 MILLER RIVER SUITE 311 ERICBERG, WA 51569 f Employee’s address and ZIP code",662 MILLER RIVER SUITE 311 ERICBERG WA 51569,662 MILLER RIVER SUITE 311 ERICBERG WA 51569 F EMPLOYEE S ADDRESS AND ZIP CODE,False,72.13,94.79,baseline,"662 MILLER RIVER SUITE 311 ERICBERG, WA 51569 f Employee’s address and ZIP code",94.79,,0.0,0.0,success,,0.0,False,,,,,,tesseract,"662 MILLER RIVER SUITE 311 ERICBERG, WA 51569 f Employee’s address and ZIP code",662 MILLER RIVER SUITE 311 ERICBERG WA 51569 F EMPLOYEE S ADDRESS AND ZIP CODE,False,72.13,1.0,1.0,1.0,valid_text,0.9479000000000001,descriptive,78.0,0.139241,0.670886,0.025316,0.0,0.0,0.0,0.014919924873812466,0.31,True
w2_2026_000070,w2_2026_000070,w2,validation,clean,wages,money,"100,808.33","400,808.33",100808.33,400808.33,False,88.89,54.0,enhanced,"490,808.33",41.0,"400,808.33",54.0,0.0,success,,0.093034714222353,False,"400,808.33",False,88.89,5510100808.33,400808.33,tesseract,"400,808.33",400808.33,False,88.89,1.0,1.0,1.0,valid_money,0.54,critical,9.0,0.8,0.0,0.2,1.0,72.72727272727273,0.0,0.4789131535772476,0.98,True
w2_2026_000070,w2_2026_000070,w2,validation,clean,federal_tax_withheld,money,"23,844.60","283,844.60)",23844.60,283844.60,False,94.12,60.0,enhanced,"93,844.60",32.0,"283,844.60)",60.0,0.0,success,,0.0779798604760559,False,"283,844.60)",False,94.12,15115123844.60,283844.60,tesseract,"283,844.60)",283844.60,False,94.12,1.0,1.0,1.0,valid_money,0.6,critical,9.0,0.727273,0.0,0.272727,1.0,69.56521739130434,0.0,0.8567089679666925,0.98,True
w2_2026_000070,w2_2026_000070,w2,validation,clean,social_security_wages,money,"100,808.33","4 00,808.33",100808.33,400808.33,False,88.89,79.0,baseline,"4 00,808.33",79.0,,0.0,0.0,success,,0.0,False,,,,,,tesseract,"4 00,808.33",400808.33,False,88.89,1.0,1.0,1.0,valid_money,0.79,critical,9.0,0.727273,0.0,0.181818,0.0,0.0,1.0,0.18665806875049926,0.98,True
w2_2026_000070,w2_2026_000070,w2,validation,clean,social_security_tax_withheld,money,"6,250.12",6250.12,6250.12,6250.12,True,100.0,60.0,enhanced,"6,250.12",32.0,6250.12,60.0,0.0,success,,0.0930779680843787,False,6250.12,True,100.0,61516250.12,6250.12,tesseract,6250.12,6250.12,True,100.0,1.0,1.0,1.0,valid_money,0.6,critical,7.0,0.857143,0.0,0.142857,1.0,77.77777777777779,1.0,0.604680132227683,0.98,True
w2_2026_000070,w2_2026_000070,w2,validation,clean,medicare_wages,money,"100,808.33","100,808.33",100808.33,100808.33,True,100.0,95.0,enhanced,"499,808.33",34.0,"100,808.33",95.0,0.0,success,,0.0,False,,,,,,tesseract,"100,808.33",100808.33,True,100.0,1.0,1.0,1.0,valid_money,0.95,critical,9.0,0.8,0.0,0.2,0.0,0.0,0.0,0.9584519210556102,0.98,True
w2_2026_000070,w2_2026_000070,w2,validation,clean,medicare_tax_withheld,money,"1,461.72","1,461.72",1461.72,1461.72,True,100.0,96.0,baseline,"1,461.72",96.0,,0.0,0.0,success,,0.0,False,,,,,,tesseract,"1,461.72",1461.72,True,100.0,1.0,1.0,1.0,valid_money,0.96,critical,7.0,0.75,0.0,0.25,0.0,0.0,0.0,0.984664680154829,0.98,False
w2_2026_000070,w2_2026_000070,w2,validation,clean,state,state,WA,WA,WA,WA,True,100.0,51.0,baseline,WA,51.0,,0.0,0.0,success,,0.0075700408210592,False,WA,True,100.0,WAIL,WA,tesseract,WA,WA,True,100.0,1.0,1.0,1.0,valid_state_code,0.51,structured,2.0,0.0,1.0,0.0,1.0,66.66666666666667,0.0,0.9966171873618507,0.8,False
w2_2026_000070,w2_2026_000070,w2,validation,clean,employer_state_id,identifier,WA-5921894,2994,WA5921894,2994,False,46.15,0.0,baseline,2994,0.0,J,0.0,0.0,success,,0.8996784217231732,True,WA-5921894 .................................,True,100.0,WA5921894,2994,trocr,WA-5921894 .................................,WA5921894,True,100.0,0.0,1.0,1.0,valid_identifier_shape,0.5847909741200626,structured,9.0,0.159091,0.045455,0.772727,1.0,46.15384615384615,0.0,0.5165585483869497,0.8,True
w2_2026_000070,w2_2026_000070,w2,validation,clean,state_wages,money,"100,808.33","100,808.83",100808.33,100808.83,False,88.89,51.0,enhanced,"100,808.33",41.0,"100,808.83",51.0,0.0,success,,0.0964182738542208,False,"100,808.83",False,88.89,0.10,100808.83,tesseract,"100,808.83",100808.83,False,88.89,0.0,1.0,1.0,valid_money,0.51,critical,9.0,0.8,0.0,0.2,1.0,30.76923076923077,0.0,0.4222782034739073,0.98,True
w2_2026_000070,w2_2026_000070,w2,validation,clean,state_income_tax,money,"4,982.35","4,982.35",4982.35,4982.35,True,100.0,52.0,enhanced,"4,982.35",45.0,"4,982.35",52.0,0.0,success,,0.0434714345603821,False,"4,982.35",True,100.0,0.50,4982.35,tesseract,"4,982.35",4982.35,True,100.0,0.0,1.0,1.0,valid_money,0.52,critical,7.0,0.75,0.0,0.25,1.0,36.36363636363637,0.0,0.5480868508851744,0.98,True
w2_2026_000115,w2_2026_000115,w2,validation,clean,employee_ssn,identifier,000-68-1605,00-68-1605 BT,000681605,006816058,False,88.89,23.0,baseline,00-68-1605 BT,23.0,08605,0.0,0.0,success,,0.240413516965442,False,00-68-1605 BT,False,88.89,00058166555015111,006816058,tesseract,00-68-1605 BT,006816058,False,88.89,1.0,1.0,1.0,valid_ssn_shape,0.23,critical,9.0,0.615385,0.153846,0.153846,1.0,53.84615384615385,0.0,0.15515978376097436,0.98,True
w2_2026_000115,w2_2026_000115,w2,validation,clean,employer_ein,identifier,00-5923149,005923149,005923149,005923149,True,100.0,1.0,baseline,005923149,1.0,00-5925149,0.0,0.0,success,,0.1581861639319636,False,005923149,True,100.0,005523991,005923149,tesseract,005923149,005923149,True,100.0,1.0,1.0,1.0,valid_ein_shape,0.01,critical,9.0,1.0,0.0,0.0,1.0,66.66666666666667,0.0,0.37765206812109015,0.98,True
w2_2026_000115,w2_2026_000115,w2,validation,clean,employer_name_address,multiline,"THOMAS-SANTIAGO
2442 HANNAH HILL
PORT AMBER, MI 59823","THOMAS-SANTIAGO 2442 HANNAH HILL PORT AMBER, MI 59823",THOMAS SANTIAGO 2442 HANNAH HILL PORT AMBER MI 59823,THOMAS SANTIAGO 2442 HANNAH HILL PORT AMBER MI 59823,True,100.0,95.0,baseline,"THOMAS-SANTIAGO 2442 HANNAH HILL PORT AMBER, MI 59823",95.0,,0.0,0.0,success,,0.0,False,,,,,,tesseract,"THOMAS-SANTIAGO 2442 HANNAH HILL PORT AMBER, MI 59823",THOMAS SANTIAGO 2442 HANNAH HILL PORT AMBER MI 59823,True,100.0,1.0,1.0,1.0,valid_text,0.95,descriptive,52.0,0.169811,0.660377,0.037736,0.0,0.0,0.0,0.8727284114787508,0.31,False
w2_2026_000115,w2_2026_000115,w2,validation,clean,control_number,identifier,W2-2026-000115,22026000115,W22026000115,22026000115,False,95.65,27.0,enhanced,W2-2026-000115,0.0,22026000115,27.0,0.0,success,,0.0043480838410056,False,22026000115,False,95.65,WEAREBOOK5,22026000115,tesseract,22026000115,22026000115,False,95.65,0.0,1.0,1.0,valid_identifier_shape,0.27,structured,11.0,1.0,0.0,0.0,1.0,9.523809523809524,0.0,0.22259902468369952,0.8,True
w2_2026_000115,w2_2026_000115,w2,validation,clean,employee_first_name,text,LINDSEY Q.,LINDSEY Q.,LINDSEY Q,LINDSEY Q,True,100.0,91.5,baseline,LINDSEY Q.,91.5,,0.0,0.0,success,,0.0,False,,,,,,tesseract,LINDSEY Q.,LINDSEY Q,True,100.0,1.0,1.0,1.0,valid_text,0.915,descriptive,9.0,0.0,0.8,0.1,0.0,0.0,0.0,0.9123568441169385,0.31,False
w2_2026_000115,w2_2026_000115,w2,validation,clean,employee_last_name,text,RODRIGUEZ,RODRIGUEZ,RODRIGUEZ,RODRIGUEZ,True,100.0,96.0,baseline,RODRIGUEZ,96.0,RODRIGUEZ,96.0,0.0,success,,1.1625106332978983e-05,False,RODRIGUEZ,True,100.0,RODRIGUEZ,RODRIGUEZ,tesseract,RODRIGUEZ,RODRIGUEZ,True,100.0,1.0,1.0,1.0,valid_text,0.96,descriptive,9.0,0.0,1.0,0.0,1.0,100.0,0.0,0.9967396623330448,0.31,False
w2_2026_000115,w2_2026_000115,w2,validation,clean,employee_address,multiline,"838 YOUNG TUNNEL
HEATHERTON, MS 51298","838 YOUNG TUNNEL HEATHERTON, MS 51298 f Employee’s address and ZIP code",838 YOUNG TUNNEL HEATHERTON MS 51298,838 YOUNG TUNNEL HEATHERTON MS 51298 F EMPLOYEE S ADDRESS AND ZIP CODE,False,67.92,94.58,baseline,"838 YOUNG TUNNEL HEATHERTON, MS 51298 f Employee’s address and ZIP code",94.58,,0.0,0.0,success,,0.0,False,,,,,,tesseract,"838 YOUNG TUNNEL HEATHERTON, MS 51298 f Employee’s address and ZIP code",838 YOUNG TUNNEL HEATHERTON MS 51298 F EMPLOYEE S ADDRESS AND ZIP CODE,False,67.92,1.0,1.0,1.0,valid_text,0.9458,descriptive,70.0,0.112676,0.704225,0.028169,0.0,0.0,0.0,0.029421268627177588,0.31,True
w2_2026_000115,w2_2026_000115,w2,validation,clean,wages,money,"142,870.67","442,870.67",142870.67,442870.67,False,88.89,44.0,baseline,"442,870.67",44.0,"442,870.67",49.0,0.0,success,,0.0927816866081577,False,"442,870.67",False,88.89,551042870.67,442870.67,tesseract,"442,870.67",442870.67,False,88.89,1.0,1.0,1.0,valid_money,0.44,critical,9.0,0.8,0.0,0.2,1.0,76.19047619047619,0.0,0.27387763316355296,0.98,True
w2_2026_000115,w2_2026_000115,w2,validation,clean,federal_tax_withheld,money,"22,050.61","22,080.61",22050.61,22080.61,False,87.5,60.0,enhanced,"88,050.61",27.0,"22,080.61",60.0,0.0,success,,0.1384117118707285,False,"22,080.61",False,87.5,1511511822050.61,22080.61,tesseract,"22,080.61",22080.61,False,87.5,1.0,1.0,1.0,valid_money,0.6,critical,8.0,0.777778,0.0,0.222222,1.0,58.33333333333333,0.0,0.6496653906685301,0.98,True
w2_2026_000115,w2_2026_000115,w2,validation,clean,social_security_wages,money,"142,870.67","442,870.67",142870.67,442870.67,False,88.89,54.0,enhanced,"442,870.67",3.0,"442,870.67",54.0,0.0,success,,0.2576806431852803,False,"442,870.67",False,88.89,595342870.67,442870.67,tesseract,"442,870.67",442870.67,False,88.89,1.0,1.0,1.0,valid_money,0.54,critical,9.0,0.8,0.0,0.2,1.0,76.19047619047619,1.0,0.14728595501504843,0.98,True
w2_2026_000115,w2_2026_000115,w2,validation,clean,social_security_tax_withheld,money,"8,857.98","8,857.98",8857.98,8857.98,True,100.0,53.0,baseline,"8,857.98",53.0,"8,857.98",58.0,0.0,success,,0.1384495686602255,False,"8,857.98",True,100.0,6151118857.98,8857.98,tesseract,"8,857.98",8857.98,True,100.0,1.0,1.0,1.0,valid_money,0.53,critical,7.0,0.75,0.0,0.25,1.0,70.0,1.0,0.49616306836650503,0.98,True
w2_2026_000115,w2_2026_000115,w2,validation,clean,medicare_wages,money,"142,870.67","442,870.67",142870.67,442870.67,False,88.89,55.0,enhanced,"442,870.67",47.0,"442,870.67",55.0,0.0,success,,0.1168219089038825,False,"442,870.67",False,88.89,-61550142870.67,442870.67,tesseract,"442,870.67",442870.67,False,88.89,1.0,1.0,1.0,valid_money,0.55,critical,9.0,0.8,0.0,0.2,1.0,66.66666666666667,1.0,0.4414505002944822,0.98,True
w2_2026_000115,w2_2026_000115,w2,validation,clean,medicare_tax_withheld,money,"2,071.62","2,074.62",2071.62,2074.62,False,85.71,63.0,enhanced,"2,071.62",14.0,"2,074.62",63.0,0.0,success,,0.0386678543912223,False,"2,074.62",False,85.71,-,2074.62,tesseract,"2,074.62",2074.62,False,85.71,1.0,1.0,1.0,valid_money,0.63,critical,7.0,0.75,0.0,0.25,1.0,0.0,1.0,0.335120379596373,0.98,True
w2_2026_000115,w2_2026_000115,w2,validation,clean,state,state,MS,MS,MS,MS,True,100.0,52.0,baseline,MS,52.0,I,0.0,0.0,success,,3.28150069575834e-06,False,MS,True,100.0,MS,MS,tesseract,MS,MS,True,100.0,1.0,1.0,1.0,valid_state_code,0.52,structured,2.0,0.0,1.0,0.0,1.0,100.0,0.0,0.9977915501188289,0.8,False
w2_2026_000115,w2_2026_000115,w2,validation,clean,employer_state_id,identifier,MS-6294819,M-62048190,MS6294819,M62048190,False,77.78,0.0,baseline,M-62048190,0.0,M19,0.0,0.0,success,,0.6867188216099251,True,MS-6294819 ..........................................,True,100.0,MS6294819,M62048190,trocr,MS-6294819 ..........................................,MS6294819,True,100.0,0.0,1.0,1.0,valid_identifier_shape,0.44636723404645134,structured,9.0,0.132075,0.037736,0.811321,1.0,77.77777777777779,0.0,0.5754174702368551,0.8,True
w2_2026_000115,w2_2026_000115,w2,validation,clean,state_wages,money,"142,870.67","142,870.67",142870.67,142870.67,True,100.0,55.0,baseline,"142,870.67",55.0,"142,870.67",55.0,0.0,success,,0.0848646178661914,False,"142,870.67",True,100.0,0.14,142870.67,tesseract,"142,870.67",142870.67,True,100.0,0.0,1.0,1.0,valid_money,0.55,critical,9.0,0.8,0.0,0.2,1.0,30.76923076923077,0.0,0.4623714667206663,0.98,True
w2_2026_000115,w2_2026_000115,w2,validation,clean,state_income_tax,money,"6,457.80",6.87.80),6457.80,6.88,False,54.55,51.0,enhanced,"8,457.80",33.0,6.87.80),51.0,0.0,success,,0.048184998164135,False,6.87.80),False,54.55,------------6457.80,6.88,tesseract,6.87.80),6.88,False,54.55,0.0,1.0,1.0,valid_money,0.51,critical,4.0,0.625,0.0,0.375,1.0,26.086956521739136,0.0,0.6657378154586522,0.98,True
w2_2026_000143,w2_2026_000143,w2,validation,clean,employee_ssn,identifier,000-66-5201,00-66-5201 BT,000665201,006652018,False,88.89,13.0,baseline,00-66-5201 BT,13.0,S21,0.0,0.0,success,,0.2798629556885819,False,00-66-5201 BT,False,88.89,00056520155015111,006652018,tesseract,00-66-5201 BT,006652018,False,88.89,1.0,1.0,1.0,valid_ssn_shape,0.13,critical,9.0,0.615385,0.153846,0.153846,1.0,53.84615384615385,0.0,0.09156998188765678,0.98,True
w2_2026_000143,w2_2026_000143,w2,validation,clean,employer_ein,identifier,00-9037616,00-9037616,009037616,009037616,True,100.0,0.0,baseline,00-9037616,0.0,00-9087616,0.0,0.0,success,,0.1210123885190012,False,00-9037616,True,100.0,0085076611,009037616,tesseract,00-9037616,009037616,True,100.0,1.0,1.0,1.0,valid_ein_shape,0.0,critical,9.0,0.9,0.0,0.1,1.0,63.1578947368421,0.0,0.36844790220988655,0.98,True
w2_2026_000143,w2_2026_000143,w2,validation,clean,employer_name_address,multiline,"PARSONS PLC
209 PARSONS GARDEN SUITE 186
NEW FELICIA, WI 72782","PARSONS PLC 209 PARSONS GARDEN SUITE 186 NEW FELICIA, WI 72782",PARSONS PLC 209 PARSONS GARDEN SUITE 186 NEW FELICIA WI 72782,PARSONS PLC 209 PARSONS GARDEN SUITE 186 NEW FELICIA WI 72782,True,100.0,95.0,baseline,"PARSONS PLC 209 PARSONS GARDEN SUITE 186 NEW FELICIA, WI 72782",95.0,,0.0,0.0,success,,0.0,False,,,,,,tesseract,"PARSONS PLC 209 PARSONS GARDEN SUITE 186 NEW FELICIA, WI 72782",PARSONS PLC 209 PARSONS GARDEN SUITE 186 NEW FELICIA WI 72782,True,100.0,1.0,1.0,1.0,valid_text,0.95,descriptive,61.0,0.177419,0.645161,0.016129,0.0,0.0,0.0,0.7310983420464733,0.31,False
w2_2026_000143,w2_2026_000143,w2,validation,clean,control_number,identifier,W2-2026-000143,22026-00088,W22026000143,2202600088,False,72.73,39.0,enhanced,W2-2026-000143,0.0,22026-00088,39.0,0.0,success,,0.0118877939925914,False,22026-00088,False,72.73,WEAREBOOKSFOREXCLUDINGONBACK,2202600088,tesseract,22026-00088,2202600088,False,72.73,0.0,1.0,1.0,valid_identifier_shape,0.39,structured,10.0,0.909091,0.0,0.090909,1.0,0.0,0.0,0.47590012627331735,0.8,True
w2_2026_000143,w2_2026_000143,w2,validation,clean,employee_first_name,text,LORI R.,LORI R.,LORI R,LORI R,True,100.0,92.0,baseline,LORI R.,92.0,,0.0,0.0,success,,0.0,False,,,,,,tesseract,LORI R.,LORI R,True,100.0,1.0,1.0,1.0,valid_text,0.92,descriptive,6.0,0.0,0.714286,0.142857,0.0,0.0,0.0,0.9310661042819806,0.31,False
w2_2026_000143,w2_2026_000143,w2,validation,clean,employee_last_name,text,RICHARDSON,RICHARDSON,RICHARDSON,RICHARDSON,True,100.0,96.0,baseline,RICHARDSON,96.0,RICHARDSON,96.0,0.0,success,,1.029593394178813e-05,False,RICHARDSON,True,100.0,RICHARDSON,RICHARDSON,tesseract,RICHARDSON,RICHARDSON,True,100.0,1.0,1.0,1.0,valid_text,0.96,descriptive,10.0,0.0,1.0,0.0,1.0,100.0,0.0,0.981836155990451,0.31,False
w2_2026_000143,w2_2026_000143,w2,validation,clean,employee_address,multiline,"456 RODRIGUEZ PIKE
NORTH MARYBERG, HI 04600","456 RODRIGUEZ PIKE NORTH MARYBERG, HI 04600 f Employee’s address and ZIP code",456 RODRIGUEZ PIKE NORTH MARYBERG HI 04600,456 RODRIGUEZ PIKE NORTH MARYBERG HI 04600 F EMPLOYEE S ADDRESS AND ZIP CODE,False,71.19,94.38,baseline,"456 RODRIGUEZ PIKE NORTH MARYBERG, HI 04600 f Employee’s address and ZIP code",94.38,,0.0,0.0,success,,0.0,False,,,,,,tesseract,"456 RODRIGUEZ PIKE NORTH MARYBERG, HI 04600 f Employee’s address and ZIP code",456 RODRIGUEZ PIKE NORTH MARYBERG HI 04600 F EMPLOYEE S ADDRESS AND ZIP CODE,False,71.19,1.0,1.0,1.0,valid_text,0.9438,descriptive,76.0,0.103896,0.714286,0.025974,0.0,0.0,0.0,0.020748033733198452,0.31,True
w2_2026_000143,w2_2026_000143,w2,validation,clean,wages,money,"52,574.61","52,574.61",52574.61,52574.61,True,100.0,53.0,baseline,"52,574.61",53.0,"82,674.61",55.0,0.0,success,,0.0706729583915314,False,"52,574.61",True,100.0,551052574.61,52574.61,tesseract,"52,574.61",52574.61,True,100.0,1.0,1.0,1.0,valid_money,0.53,critical,8.0,0.777778,0.0,0.222222,1.0,80.0,0.0,0.5101922053878518,0.98,True
w2_2026_000143,w2_2026_000143,w2,validation,clean,federal_tax_withheld,money,"6,649.24","6,649.24",6649.24,6649.24,True,100.0,91.0,enhanced,6.9.24,45.0,"6,649.24",91.0,0.0,success,,0.0,False,,,,,,tesseract,"6,649.24",6649.24,True,100.0,1.0,1.0,1.0,valid_money,0.91,critical,7.0,0.75,0.0,0.25,0.0,0.0,0.0,0.887696396193941,0.98,True
w2_2026_000143,w2_2026_000143,w2,validation,clean,social_security_wages,money,"52,574.61","82,574.61",52574.61,82574.61,False,87.5,59.0,enhanced,59574.64,0.0,"82,574.61",59.0,0.0,success,,0.1812267858170526,False,"82,574.61",False,87.5,56552574.61,82574.61,tesseract,"82,574.61",82574.61,False,87.5,1.0,1.0,1.0,valid_money,0.59,critical,8.0,0.777778,0.0,0.222222,1.0,73.6842105263158,1.0,0.17719083327816462,0.98,True
w2_2026_000143,w2_2026_000143,w2,validation,clean,social_security_tax_withheld,money,"3,259.63","3,259.68",3259.63,3259.68,False,85.71,56.0,enhanced,3059.63,25.0,"3,259.68",56.0,0.0,success,,0.1599901266064273,False,"3,259.68",False,85.71,6151113259.63,3259.68,tesseract,"3,259.68",3259.68,False,85.71,1.0,1.0,1.0,valid_money,0.56,critical,7.0,0.75,0.0,0.25,1.0,60.0,1.0,0.587941276939531,0.98,True
w2_2026_000143,w2_2026_000143,w2,validation,clean,medicare_wages,money,"52,574.61","82,574.61",52574.61,82574.61,False,87.5,63.0,enhanced,59574.,10.0,"82,574.61",63.0,0.0,success,,0.1916702492825629,False,"82,574.61",False,87.5,-61551527461.00,82574.61,tesseract,"82,574.61",82574.61,False,87.5,1.0,1.0,1.0,valid_money,0.63,critical,8.0,0.777778,0.0,0.222222,1.0,43.47826086956522,1.0,0.202072004032809,0.98,True
w2_2026_000143,w2_2026_000143,w2,validation,clean,medicare_tax_withheld,money,762.33,762.33,762.33,762.33,True,100.0,80.0,baseline,762.33,80.0,,0.0,0.0,success,,0.0,False,,,,,,tesseract,762.33,762.33,True,100.0,1.0,1.0,1.0,valid_money,0.8,critical,6.0,0.833333,0.0,0.166667,0.0,0.0,1.0,0.8411665841062282,0.98,True
w2_2026_000143,w2_2026_000143,w2,validation,clean,state,state,HI,HO,HI,HO,False,50.0,16.0,baseline,HO,16.0,IH,2.0,0.0,success,,0.4036663042302822,False,HO,False,50.0,ED,HO,tesseract,HO,HO,False,50.0,1.0,0.0,0.2,invalid_state_code,0.16,structured,2.0,0.0,1.0,0.0,1.0,0.0,0.0,0.022059368210827043,0.8,True
w2_2026_000143,w2_2026_000143,w2,validation,clean,employer_state_id,identifier,HI-5557052,HIS5570520,HI5557052,HIS5570520,False,84.21,0.0,baseline,HIS5570520,0.0,H7052,0.0,0.0,success,,0.8900105207203703,True,CHI-5657052.........................,False,84.21,CHI5657052,HIS5570520,trocr,CHI-5657052.........................,CHI5657052,False,84.21,0.0,1.0,1.0,valid_identifier_shape,0.5785068384682407,structured,10.0,0.194444,0.083333,0.722222,1.0,80.0,0.0,0.7983126460482856,0.8,True
w2_2026_000143,w2_2026_000143,w2,validation,clean,state_wages,money,"52,574.61","82,874.61",52574.61,82874.61,False,75.0,53.0,baseline,"82,874.61",53.0,"82,874.61",48.0,0.0,success,,0.1195894035953129,False,"82,874.61",False,75.0,0.53,82874.61,tesseract,"82,874.61",82874.61,False,75.0,0.0,1.0,1.0,valid_money,0.53,critical,8.0,0.777778,0.0,0.222222,1.0,16.666666666666664,0.0,0.47084089802037493,0.98,True
w2_2026_000143,w2_2026_000143,w2,validation,clean,state_income_tax,money,982.93,982.98),982.93,982.98,False,83.33,58.0,enhanced,(982.93,38.0,982.98),58.0,0.0,success,,0.0157195652340825,False,982.98),False,83.33,0.98,982.98,tesseract,982.98),982.98,False,83.33,0.0,1.0,1.0,valid_money,0.58,critical,6.0,0.714286,0.0,0.285714,1.0,60.0,0.0,0.855830801965742,0.98,True
w2_2026_000152,w2_2026_000152,w2,validation,clean,employee_ssn,identifier,000-67-9653,00-67-9653 BT,000679653,006796538,False,88.89,17.5,baseline,00-67-9653 BT,17.5,7968,0.0,0.0,success,,0.3788644369336604,False,00-67-9653 BT,False,88.89,00057965350,006796538,tesseract,00-67-9653 BT,006796538,False,88.89,1.0,1.0,1.0,valid_ssn_shape,0.175,critical,9.0,0.615385,0.153846,0.153846,1.0,70.0,0.0,0.055743579210949384,0.98,True
w2_2026_000152,w2_2026_000152,w2,validation,clean,employer_ein,identifier,00-7069742,00-7069742,007069742,007069742,True,100.0,0.0,baseline,00-7069742,0.0,00-7068742,0.0,0.0,success,,0.1240467105763429,False,00-7069742,True,100.0,0765721,007069742,tesseract,00-7069742,007069742,True,100.0,1.0,1.0,1.0,valid_ein_shape,0.0,critical,9.0,0.9,0.0,0.1,1.0,62.5,0.0,0.686882139156644,0.98,True
w2_2026_000152,w2_2026_000152,w2,validation,clean,employer_name_address,multiline,"PARKS, BUTLER AND BERRY
9578 JAMIE DAM APT. 248
SOUTH WENDY, WI 19526","PARKS, BUTLER AND BERRY 9578 JAMIE DAM APT. 248 SOUTH WENDY, WI 19526",PARKS BUTLER AND BERRY 9578 JAMIE DAM APT 248 SOUTH WENDY WI 19526,PARKS BUTLER AND BERRY 9578 JAMIE DAM APT 248 SOUTH WENDY WI 19526,True,100.0,95.62,baseline,"PARKS, BUTLER AND BERRY 9578 JAMIE DAM APT. 248 SOUTH WENDY, WI 19526",95.62,,0.0,0.0,success,,0.0,False,,,,,,tesseract,"PARKS, BUTLER AND BERRY 9578 JAMIE DAM APT. 248 SOUTH WENDY, WI 19526",PARKS BUTLER AND BERRY 9578 JAMIE DAM APT 248 SOUTH WENDY WI 19526,True,100.0,1.0,1.0,1.0,valid_text,0.9562,descriptive,66.0,0.173913,0.608696,0.043478,0.0,0.0,0.0,0.6089740615555754,0.31,False
w2_2026_000152,w2_2026_000152,w2,validation,clean,control_number,identifier,W2-2026-000152,22026-00082,W22026000152,2202600082,False,81.82,41.0,enhanced,W2-2026-000152,0.0,22026-00082,41.0,0.0,success,,0.042216923845676,False,22026-00082,False,81.82,122350052,2202600082,tesseract,22026-00082,2202600082,False,81.82,0.0,1.0,1.0,valid_identifier_shape,0.41,structured,10.0,0.909091,0.0,0.090909,1.0,52.63157894736843,0.0,0.5688978379409829,0.8,True
w2_2026_000152,w2_2026_000152,w2,validation,clean,employee_first_name,text,ABIGAIL V.,ABIGAIL V.,ABIGAIL V,ABIGAIL V,True,100.0,91.0,baseline,ABIGAIL V.,91.0,,0.0,0.0,success,,0.0,False,,,,,,tesseract,ABIGAIL V.,ABIGAIL V,True,100.0,1.0,1.0,1.0,valid_text,0.91,descriptive,9.0,0.0,0.8,0.1,0.0,0.0,0.0,0.9067032114249279,0.31,False
w2_2026_000152,w2_2026_000152,w2,validation,clean,employee_last_name,text,SALAZAR,SALAZAR,SALAZAR,SALAZAR,True,100.0,96.0,baseline,SALAZAR,96.0,SALAZAR,96.0,0.0,success,,1.4820370942375409e-05,False,SALAZAR,True,100.0,SALAZAR,SALAZAR,tesseract,SALAZAR,SALAZAR,True,100.0,1.0,1.0,1.0,valid_text,0.96,descriptive,7.0,0.0,1.0,0.0,1.0,100.0,0.0,0.9967792298883141,0.31,False
w2_2026_000152,w2_2026_000152,w2,validation,clean,employee_address,multiline,"1881 LONNIE DRIVE
PORT LUCASCHESTER, MT 40261","1881 LONNIE DRIVE PORT LUCASCHESTER, MT 40261 f Employee’s address and ZIP code",1881 LONNIE DRIVE PORT LUCASCHESTER MT 40261,1881 LONNIE DRIVE PORT LUCASCHESTER MT 40261 F EMPLOYEE S ADDRESS AND ZIP CODE,False,72.13,94.15,baseline,"1881 LONNIE DRIVE PORT LUCASCHESTER, MT 40261 f Employee’s address and ZIP code",94.15,,0.0,0.0,success,,0.0,False,,,,,,tesseract,"1881 LONNIE DRIVE PORT LUCASCHESTER, MT 40261 f Employee’s address and ZIP code",1881 LONNIE DRIVE PORT LUCASCHESTER MT 40261 F EMPLOYEE S ADDRESS AND ZIP CODE,False,72.13,1.0,1.0,1.0,valid_text,0.9415,descriptive,78.0,0.113924,0.708861,0.025316,0.0,0.0,0.0,0.022914113936147763,0.31,True
w2_2026_000152,w2_2026_000152,w2,validation,clean,wages,money,"139,416.55","439,416.55",139416.55,439416.55,False,88.89,54.0,baseline,"439,416.55",54.0,"999,416.55",55.0,0.0,success,,0.093034714222353,False,"439,416.55",False,88.89,5510139416.55,439416.55,tesseract,"439,416.55",439416.55,False,88.89,1.0,1.0,1.0,valid_money,0.54,critical,9.0,0.8,0.0,0.2,1.0,72.72727272727273,0.0,0.45840179711328893,0.98,True
w2_2026_000152,w2_2026_000152,w2,validation,clean,federal_tax_withheld,money,"29,569.77","29,568.77",29569.77,29568.77,False,87.5,64.0,enhanced,"899,569.77",47.0,"29,568.77",64.0,0.0,success,,0.1158613594980064,False,"29,568.77",False,87.5,15115129569.77,29568.77,tesseract,"29,568.77",29568.77,False,87.5,1.0,1.0,1.0,valid_money,0.64,critical,8.0,0.777778,0.0,0.222222,1.0,63.63636363636363,0.0,0.8071002597590338,0.98,True
w2_2026_000152,w2_2026_000152,w2,validation,clean,social_security_wages,money,"139,416.55","39,41 6.55",139416.55,39416.55,False,94.12,88.0,enhanced,"439,416.55",28.0,"39,41 6.55",88.0,0.0,success,,0.0,False,,,,,,tesseract,"39,41 6.55",39416.55,False,94.12,1.0,1.0,1.0,valid_money,0.88,critical,8.0,0.7,0.0,0.2,0.0,0.0,1.0,0.3131039818199778,0.98,True
w2_2026_000152,w2_2026_000152,w2,validation,clean,social_security_tax_withheld,money,"8,643.83","8,649.88",8643.83,8649.88,False,71.43,55.0,enhanced,8643.83,39.0,"8,649.88",55.0,0.0,success,,0.2131266943589596,False,"8,649.88",False,71.43,61511118643.83,8649.88,tesseract,"8,649.88",8649.88,False,71.43,1.0,1.0,1.0,valid_money,0.55,critical,7.0,0.75,0.0,0.25,1.0,47.61904761904761,1.0,0.40927640599245535,0.98,True
w2_2026_000152,w2_2026_000152,w2,validation,clean,medicare_wages,money,"139,416.55","139,41 6.55",139416.55,139416.55,True,100.0,86.0,enhanced,4399.416.55,0.0,"139,41 6.55",86.0,0.0,success,,0.0,False,,,,,,tesseract,"139,41 6.55",139416.55,True,100.0,1.0,1.0,1.0,valid_money,0.86,critical,9.0,0.727273,0.0,0.181818,0.0,0.0,0.0,0.8760743114606361,0.98,True
w2_2026_000152,w2_2026_000152,w2,validation,clean,medicare_tax_withheld,money,"2,021.54","2,021.54",2021.54,2021.54,True,100.0,65.0,enhanced,"2,021.54",47.0,"2,021.54",65.0,0.0,success,,0.0362944810945724,False,"2,021.54",True,100.0,-,2021.54,tesseract,"2,021.54",2021.54,True,100.0,1.0,1.0,1.0,valid_money,0.65,critical,7.0,0.75,0.0,0.25,1.0,0.0,0.0,0.695925833072545,0.98,True
w2_2026_000152,w2_2026_000152,w2,validation,clean,state,state,MT,MT,MT,MT,True,100.0,65.0,baseline,MT,65.0,J,0.0,0.0,success,,1.4394423559602234e-07,False,MT,True,100.0,,MT,tesseract,MT,MT,True,100.0,1.0,1.0,1.0,valid_state_code,0.65,structured,2.0,0.0,1.0,0.0,0.0,0.0,0.0,0.9941562505637033,0.8,False
w2_2026_000152,w2_2026_000152,w2,validation,clean,employer_state_id,identifier,MT-9480665,T8065,MT9480665,T8065,False,71.43,3.0,baseline,T8065,3.0,M,0.0,0.0,success,,0.9176724828714322,True,LMT-94800665 .................................,False,90.0,LMT94800665,T8065,trocr,LMT-94800665 .................................,LMT94800665,False,90.0,0.0,1.0,1.0,valid_identifier_shape,0.6069871138664309,structured,11.0,0.173913,0.065217,0.73913,1.0,62.5,0.0,0.6723892939014895,0.8,True
w2_2026_000152,w2_2026_000152,w2,validation,clean,state_wages,money,"139,416.55","199,416.55",139416.55,199416.55,False,88.89,64.0,enhanced,"189,416.55.",48.0,"199,416.55",64.0,0.0,success,,0.2023448112840458,False,"199,416.55",False,88.89,0.14,199416.55,tesseract,"199,416.55",199416.55,False,88.89,0.0,1.0,1.0,valid_money,0.64,critical,9.0,0.8,0.0,0.2,1.0,30.76923076923077,0.0,0.41208862581137373,0.98,True
w2_2026_000152,w2_2026_000152,w2,validation,clean,state_income_tax,money,"6,904.03","6,904.08)",6904.03,6904.08,False,85.71,58.0,enhanced,"8,904.03",38.0,"6,904.08)",58.0,0.0,success,,0.0369435671324989,False,"6,904.08)",False,85.71,0.69,6904.08,tesseract,"6,904.08)",6904.08,False,85.71,0.0,1.0,1.0,valid_money,0.58,critical,7.0,0.666667,0.0,0.333333,1.0,36.36363636363637,0.0,0.828036146769028,0.98,True
w2_2026_000157,w2_2026_000157,w2,validation,clean,employee_ssn,identifier,000-78-7214,00-78-7214,000787214,00787214,False,94.12,18.0,baseline,00-78-7214,18.0,77,0.0,0.0,success,,0.1115673191922878,False,00-78-7214,False,94.12,000787214555111,00787214,tesseract,00-78-7214,00787214,False,94.12,1.0,0.0,0.8200000000000001,invalid_ssn_length,0.18,critical,8.0,0.8,0.0,0.2,1.0,69.56521739130434,0.0,0.009828705055894863,0.98,True
w2_2026_000157,w2_2026_000157,w2,validation,clean,employer_ein,identifier,00-4853123,00-4853123,004853123,004853123,True,100.0,14.0,baseline,00-4853123,14.0,00-8855125,2.0,0.0,success,,0.0614382054952071,False,00-4853123,True,100.0,0043312311,004853123,tesseract,00-4853123,004853123,True,100.0,1.0,1.0,1.0,valid_ein_shape,0.14,critical,9.0,0.9,0.0,0.1,1.0,73.6842105263158,0.0,0.6311539028947293,0.98,True
w2_2026_000157,w2_2026_000157,w2,validation,clean,employer_name_address,multiline,"FRANKLIN GROUP
97767 CAROLYN AVENUE
NEW JOSHUA, SC 73580","FRANKLIN GROUP 97767 CAROLYN AVENUE NEW JOSHUA, SC 73580",FRANKLIN GROUP 97767 CAROLYN AVENUE NEW JOSHUA SC 73580,FRANKLIN GROUP 97767 CAROLYN AVENUE NEW JOSHUA SC 73580,True,100.0,96.0,baseline,"FRANKLIN GROUP 97767 CAROLYN AVENUE NEW JOSHUA, SC 73580",96.0,,0.0,0.0,success,,0.0,False,,,,,,tesseract,"FRANKLIN GROUP 97767 CAROLYN AVENUE NEW JOSHUA, SC 73580",FRANKLIN GROUP 97767 CAROLYN AVENUE NEW JOSHUA SC 73580,True,100.0,1.0,1.0,1.0,valid_text,0.96,descriptive,55.0,0.178571,0.660714,0.017857,0.0,0.0,0.0,0.8347266984660981,0.31,False
w2_2026_000157,w2_2026_000157,w2,validation,clean,control_number,identifier,W2-2026-000157,22028000187,W22026000157,22028000187,False,78.26,19.0,enhanced,W2-2026-000157,0.0,22028000187,19.0,0.0,success,,0.0675481721460573,False,22028000187,False,78.26,WEARE0057,22028000187,tesseract,22028000187,22028000187,False,78.26,0.0,1.0,1.0,valid_identifier_shape,0.19,structured,11.0,1.0,0.0,0.0,1.0,30.000000000000004,0.0,0.3450797069456946,0.8,True
w2_2026_000157,w2_2026_000157,w2,validation,clean,employee_first_name,text,STEPHEN P.,STEPHEN P.,STEPHEN P,STEPHEN P,True,100.0,91.5,baseline,STEPHEN P.,91.5,,0.0,0.0,success,,0.0,False,,,,,,tesseract,STEPHEN P.,STEPHEN P,True,100.0,1.0,1.0,1.0,valid_text,0.915,descriptive,9.0,0.0,0.8,0.1,0.0,0.0,0.0,0.9281414511500711,0.31,False
w2_2026_000157,w2_2026_000157,w2,validation,clean,employee_last_name,text,STEPHENS,STEPHENS,STEPHENS,STEPHENS,True,100.0,96.0,baseline,STEPHENS,96.0,STEPHENS,96.0,0.0,success,,1.312586840858235e-05,False,STEPHENS,True,100.0,STEPHENS,STEPHENS,tesseract,STEPHENS,STEPHENS,True,100.0,1.0,1.0,1.0,valid_text,0.96,descriptive,8.0,0.0,1.0,0.0,1.0,100.0,0.0,0.9842203522314616,0.31,False
w2_2026_000157,w2_2026_000157,w2,validation,clean,employee_address,multiline,"22050 MELISSA SHORES
MARKLAND, AR 14773","22050 MELISSA SHORES MARKLAND, AR 14773 f Employee’s address and ZIP code",22050 MELISSA SHORES MARKLAND AR 14773,22050 MELISSA SHORES MARKLAND AR 14773 F EMPLOYEE S ADDRESS AND ZIP CODE,False,69.09,94.67,baseline,"22050 MELISSA SHORES MARKLAND, AR 14773 f Employee’s address and ZIP code",94.67,,0.0,0.0,success,,0.0,False,,,,,,tesseract,"22050 MELISSA SHORES MARKLAND, AR 14773 f Employee’s address and ZIP code",22050 MELISSA SHORES MARKLAND AR 14773 F EMPLOYEE S ADDRESS AND ZIP CODE,False,69.09,1.0,1.0,1.0,valid_text,0.9467,descriptive,72.0,0.136986,0.684932,0.027397,0.0,0.0,0.0,0.029777612114370595,0.31,True
w2_2026_000157,w2_2026_000157,w2,validation,clean,wages,money,"31,814.35","831,814.35",31814.35,831814.35,False,94.12,54.0,baseline,"831,814.35",54.0,"81,814.35",53.0,0.0,success,,0.0738140294880317,False,"831,814.35",False,94.12,5510031814.35,831814.35,tesseract,"831,814.35",831814.35,False,94.12,1.0,1.0,1.0,valid_money,0.54,critical,9.0,0.8,0.0,0.2,1.0,72.72727272727273,0.0,0.44581915241177,0.98,True
w2_2026_000157,w2_2026_000157,w2,validation,clean,federal_tax_withheld,money,"7,525.96","7,525.96)",7525.96,7525.96,True,100.0,38.0,enhanced,"7,525.96",23.0,"7,525.96)",38.0,0.0,success,,0.2436600439333329,False,"7,525.96)",True,100.0,15115117525.96,7525.96,tesseract,"7,525.96)",7525.96,True,100.0,1.0,1.0,1.0,valid_money,0.38,critical,7.0,0.666667,0.0,0.333333,1.0,66.66666666666667,0.0,0.36117232768047425,0.98,True
w2_2026_000157,w2_2026_000157,w2,validation,clean,social_security_wages,money,"31,814.35",34 81 4.35,31814.35,34814.35,False,87.5,76.0,enhanced,"834,814.35",44.0,34 81 4.35,76.0,0.0,success,,0.0,False,,,,,,tesseract,34 81 4.35,34814.35,False,87.5,1.0,1.0,1.0,valid_money,0.76,critical,8.0,0.7,0.0,0.1,0.0,0.0,1.0,0.06350264728799881,0.98,True
w2_2026_000157,w2_2026_000157,w2,validation,clean,social_security_tax_withheld,money,"1,972.49","4,972.49",1972.49,4972.49,False,85.71,56.0,enhanced,"4,972.49",48.0,"4,972.49",56.0,0.0,success,,0.1767477537315653,False,"4,972.49",False,85.71,105001611972.49,4972.49,tesseract,"4,972.49",4972.49,False,85.71,1.0,1.0,1.0,valid_money,0.56,critical,7.0,0.75,0.0,0.25,1.0,54.54545454545454,1.0,0.5463790174764284,0.98,True
w2_2026_000157,w2_2026_000157,w2,validation,clean,medicare_wages,money,"31,814.35","31,814.35",31814.35,31814.35,True,100.0,63.0,enhanced,8914.35,32.0,"31,814.35",63.0,0.0,success,,0.0694638386415723,False,"31,814.35",True,100.0,-6155031814.35,31814.35,tesseract,"31,814.35",31814.35,True,100.0,1.0,1.0,1.0,valid_money,0.63,critical,8.0,0.777778,0.0,0.222222,1.0,72.72727272727273,0.0,0.7859987404098683,0.98,True
w2_2026_000157,w2_2026_000157,w2,validation,clean,medicare_tax_withheld,money,461.31,461.31,461.31,461.31,True,100.0,92.0,baseline,461.31,92.0,,0.0,0.0,success,,0.0,False,,,,,,tesseract,461.31,461.31,True,100.0,1.0,1.0,1.0,valid_money,0.92,critical,6.0,0.833333,0.0,0.166667,0.0,0.0,0.0,0.9818284065119219,0.98,False
w2_2026_000157,w2_2026_000157,w2,validation,clean,state,state,AR,AR,AR,AR,True,100.0,54.0,baseline,AR,54.0,J,0.0,0.0,success,,2.0672178851009445e-07,False,AR,True,100.0,,AR,tesseract,AR,AR,True,100.0,1.0,1.0,1.0,valid_state_code,0.54,structured,2.0,0.0,1.0,0.0,0.0,0.0,0.0,0.9954800006025607,0.8,False
w2_2026_000157,w2_2026_000157,w2,validation,clean,employer_state_id,identifier,AR-2893218,AR2898218,AR2893218,AR2898218,False,88.89,17.0,baseline,AR2898218,17.0,JR,0.0,0.0,success,,0.782786418961625,True,LAR-2883218 .........................,False,84.21,LAR2883218,AR2898218,trocr,LAR-2883218 .........................,LAR2883218,False,84.21,0.0,1.0,1.0,valid_identifier_shape,0.5683111723250563,structured,10.0,0.189189,0.081081,0.702703,1.0,84.21052631578947,0.0,0.7447528581875174,0.8,True
w2_2026_000157,w2_2026_000157,w2,validation,clean,state_wages,money,"31,814.35","81,814.85",31814.35,81814.85,False,75.0,61.0,enhanced,"81,814.35.",54.0,"81,814.85",61.0,0.0,success,,0.198659740133136,False,"81,814.85",False,75.0,0.32,81814.85,tesseract,"81,814.85",81814.85,False,75.0,0.0,1.0,1.0,valid_money,0.61,critical,8.0,0.777778,0.0,0.222222,1.0,16.666666666666664,0.0,0.5414442077749733,0.98,True
w2_2026_000157,w2_2026_000157,w2,validation,clean,state_income_tax,money,957.46,987.46),957.46,987.46,False,83.33,59.0,enhanced,987.46,33.0,987.46),59.0,0.0,success,,0.0194042938941486,False,987.46),False,83.33,0.97,987.46,tesseract,987.46),987.46,False,83.33,0.0,1.0,1.0,valid_money,0.59,critical,6.0,0.714286,0.0,0.285714,1.0,40.0,0.0,0.7856711216348408,0.98,True
w2_2026_000172,w2_2026_000172,w2,validation,clean,employee_ssn,identifier,000-22-9653,00-22-9653 BT,000229653,002296538,False,88.89,16.5,baseline,00-22-9653 BT,16.5,22963,0.0,0.0,success,,0.3251715678682796,False,00-22-9653 BT,False,88.89,00022965350,002296538,tesseract,00-22-9653 BT,002296538,False,88.89,1.0,1.0,1.0,valid_ssn_shape,0.165,critical,9.0,0.615385,0.153846,0.153846,1.0,80.0,0.0,0.07718929528548188,0.98,True
w2_2026_000172,w2_2026_000172,w2,validation,clean,employer_ein,identifier,00-1713900,001718900,001713900,001718900,False,88.89,0.0,baseline,001718900,0.0,00-1713900,0.0,0.0,success,,0.0899324489558905,False,001718900,False,88.89,001713901,001718900,tesseract,001718900,001718900,False,88.89,1.0,1.0,1.0,valid_ein_shape,0.0,critical,9.0,1.0,0.0,0.0,1.0,77.77777777777779,0.0,0.7012888331366924,0.98,True
w2_2026_000172,w2_2026_000172,w2,validation,clean,employer_name_address,multiline,"JENKINS PLC
753 KING BYPASS
NEW CHRISTOPHERBOROUGH, PA 84135","JENKINS PLC 753 KING BYPASS NEW CHRISTOPHERBOROUGH, PA 84135",JENKINS PLC 753 KING BYPASS NEW CHRISTOPHERBOROUGH PA 84135,JENKINS PLC 753 KING BYPASS NEW CHRISTOPHERBOROUGH PA 84135,True,100.0,94.44,baseline,"JENKINS PLC 753 KING BYPASS NEW CHRISTOPHERBOROUGH, PA 84135",94.44,,0.0,0.0,success,,0.0,False,,,,,,tesseract,"JENKINS PLC 753 KING BYPASS NEW CHRISTOPHERBOROUGH, PA 84135",JENKINS PLC 753 KING BYPASS NEW CHRISTOPHERBOROUGH PA 84135,True,100.0,1.0,1.0,1.0,valid_text,0.9444,descriptive,59.0,0.133333,0.716667,0.016667,0.0,0.0,0.0,0.738347156204557,0.31,False
w2_2026_000172,w2_2026_000172,w2,validation,clean,control_number,identifier,W2-2026-000172,22026-00072,W22026000172,2202600072,False,90.91,23.0,enhanced,W2-2026-000172,0.0,22026-00072,23.0,0.0,success,,0.0048391450077326,False,22026-00072,False,90.91,WEAREBOOK2,2202600072,tesseract,22026-00072,2202600072,False,90.91,0.0,1.0,1.0,valid_identifier_shape,0.23,structured,10.0,0.909091,0.0,0.090909,1.0,9.999999999999998,0.0,0.1455815211186735,0.8,True
w2_2026_000172,w2_2026_000172,w2,validation,clean,employee_first_name,text,ALEX A.,ALEX A.,ALEX A,ALEX A,True,100.0,89.0,baseline,ALEX A.,89.0,,0.0,0.0,success,,0.0,False,,,,,,tesseract,ALEX A.,ALEX A,True,100.0,1.0,1.0,1.0,valid_text,0.89,descriptive,6.0,0.0,0.714286,0.142857,0.0,0.0,0.0,0.9036582147323963,0.31,False
w2_2026_000172,w2_2026_000172,w2,validation,clean,employee_last_name,text,DECKER,DECKER,DECKER,DECKER,True,100.0,96.0,baseline,DECKER,96.0,DECKER,96.0,0.0,success,,1.6733624015113268e-05,False,DECKER,True,100.0,DECKER,DECKER,tesseract,DECKER,DECKER,True,100.0,1.0,1.0,1.0,valid_text,0.96,descriptive,6.0,0.0,1.0,0.0,1.0,100.0,0.0,0.9969909660103532,0.31,False
w2_2026_000172,w2_2026_000172,w2,validation,clean,employee_address,multiline,"119 NICHOLAS TRACK
NORTH HEATHER, KS 39110","119 NICHOLAS TRACK NORTH HEATHER, KS 39110 f Employee’s address and ZIP code",119 NICHOLAS TRACK NORTH HEATHER KS 39110,119 NICHOLAS TRACK NORTH HEATHER KS 39110 F EMPLOYEE S ADDRESS AND ZIP CODE,False,70.69,95.08,baseline,"119 NICHOLAS TRACK NORTH HEATHER, KS 39110 f Employee’s address and ZIP code",95.08,,0.0,0.0,success,,0.0,False,,,,,,tesseract,"119 NICHOLAS TRACK NORTH HEATHER, KS 39110 f Employee’s address and ZIP code",119 NICHOLAS TRACK NORTH HEATHER KS 39110 F EMPLOYEE S ADDRESS AND ZIP CODE,False,70.69,1.0,1.0,1.0,valid_text,0.9508,descriptive,75.0,0.105263,0.710526,0.026316,0.0,0.0,0.0,0.02825947991466868,0.31,True
w2_2026_000172,w2_2026_000172,w2,validation,clean,wages,money,"41,872.42",872.42,41872.42,872.42,False,85.71,47.0,enhanced,"44,872.42",25.0,872.42,47.0,0.0,success,,0.1580693512922315,False,872.42,False,85.71,155104872.42,872.42,tesseract,872.42,872.42,False,85.71,1.0,1.0,1.0,valid_money,0.47,critical,6.0,0.833333,0.0,0.166667,1.0,66.66666666666667,1.0,0.08048957495725281,0.98,True
w2_2026_000172,w2_2026_000172,w2,validation,clean,federal_tax_withheld,money,"6,698.64","6,698.64",6698.64,6698.64,True,100.0,91.0,enhanced,698.64,33.0,"6,698.64",91.0,0.0,success,,0.0,False,,,,,,tesseract,"6,698.64",6698.64,True,100.0,1.0,1.0,1.0,valid_money,0.91,critical,7.0,0.75,0.0,0.25,0.0,0.0,1.0,0.7897886529514974,0.98,True
w2_2026_000172,w2_2026_000172,w2,validation,clean,social_security_wages,money,"41,872.42",872.42,41872.42,872.42,False,85.71,94.0,enhanced,"44,872.42",30.0,872.42,94.0,0.0,success,,0.0,False,,,,,,tesseract,872.42,872.42,False,85.71,1.0,1.0,1.0,valid_money,0.94,critical,6.0,0.833333,0.0,0.166667,0.0,0.0,1.0,0.5697218571127819,0.98,True
w2_2026_000172,w2_2026_000172,w2,validation,clean,social_security_tax_withheld,money,"2,596.09","2,596.09",2596.09,2596.09,True,100.0,67.0,enhanced,9596.09,18.0,"2,596.09",67.0,0.0,success,,0.0920474007827123,False,"2,596.09",True,100.0,6151112596.09,2596.09,tesseract,"2,596.09",2596.09,True,100.0,1.0,1.0,1.0,valid_money,0.67,critical,7.0,0.75,0.0,0.25,1.0,70.0,1.0,0.7676389049034028,0.98,True
w2_2026_000172,w2_2026_000172,w2,validation,clean,medicare_wages,money,"41,872.42","8,872.42",41872.42,8872.42,False,80.0,50.0,enhanced,4370.40,28.0,"8,872.42",50.0,0.0,success,,0.1636660233049649,False,"8,872.42",False,80.0,-6155041872.42,8872.42,tesseract,"8,872.42",8872.42,False,80.0,1.0,1.0,1.0,valid_money,0.5,critical,7.0,0.75,0.0,0.25,1.0,57.14285714285714,1.0,0.33763019852451454,0.98,True
w2_2026_000172,w2_2026_000172,w2,validation,clean,medicare_tax_withheld,money,607.15,607.15,607.15,607.15,True,100.0,96.0,baseline,607.15,96.0,,0.0,0.0,success,,0.0,False,,,,,,tesseract,607.15,607.15,True,100.0,1.0,1.0,1.0,valid_money,0.96,critical,6.0,0.833333,0.0,0.166667,0.0,0.0,1.0,0.8794404773711612,0.98,True
w2_2026_000172,w2_2026_000172,w2,validation,clean,state,state,KS,KS,KS,KS,True,100.0,57.0,baseline,KS,57.0,K,0.0,0.0,success,,0.0008424326943714,False,KS,True,100.0,S,KS,tesseract,KS,KS,True,100.0,1.0,1.0,1.0,valid_state_code,0.57,structured,2.0,0.0,1.0,0.0,1.0,66.66666666666667,0.0,0.9946019999569136,0.8,False
w2_2026_000172,w2_2026_000172,w2,validation,clean,employer_state_id,identifier,KS-8977571,KS8977871,KS8977571,KS8977871,False,88.89,34.0,baseline,KS8977871,34.0,K-771,0.0,0.0,success,,0.5715757131231309,True,KKS-8977571 ..................................,False,94.74,KKS8977571,KS8977871,trocr,KKS-8977571 ..................................,KKS8977571,False,94.74,0.0,1.0,1.0,valid_identifier_shape,0.4905242135300351,structured,10.0,0.152174,0.065217,0.76087,1.0,84.21052631578947,0.0,0.5835737573586964,0.8,True
w2_2026_000172,w2_2026_000172,w2,validation,clean,state_wages,money,"41,872.42","41,872.42",41872.42,41872.42,True,100.0,52.0,baseline,"41,872.42",52.0,4872.42,42.0,0.0,success,,0.1417631303675011,False,"41,872.42",True,100.0,0.42,41872.42,tesseract,"41,872.42",41872.42,True,100.0,0.0,1.0,1.0,valid_money,0.52,critical,8.0,0.777778,0.0,0.222222,1.0,50.0,0.0,0.4554141994477407,0.98,True
w2_2026_000172,w2_2026_000172,w2,validation,clean,state_income_tax,money,"1,180.98","1,180.98)",1180.98,1180.98,True,100.0,55.0,enhanced,"1,180.98",19.0,"1,180.98)",55.0,0.0,success,,0.0406207518070747,False,"1,180.98)",True,100.0,0.12,1180.98,tesseract,"1,180.98)",1180.98,True,100.0,0.0,1.0,1.0,valid_money,0.55,critical,7.0,0.666667,0.0,0.333333,1.0,36.36363636363637,0.0,0.8019261448244861,0.98,True
1099_nec_2026_000008,1099_nec_2026_000008,1099_nec,validation,clean,payer_name,text,MCCANN-WHITE,MCCANN-WHITE,MCCANN WHITE,MCCANN WHITE,True,100.0,90.0,baseline,MCCANN-WHITE,90.0,,0.0,0.0,success,,0.0,False,,,,,,tesseract,MCCANN-WHITE,MCCANN WHITE,True,100.0,1.0,1.0,1.0,valid_text,0.9,descriptive,12.0,0.0,0.916667,0.083333,0.0,0.0,0.0,0.9576852760922759,0.31,False
1099_nec_2026_000008,1099_nec_2026_000008,1099_nec,validation,clean,payer_street,text,85962 SANCHEZ CREST,85962 SANCHEZ CREST,85962 SANCHEZ CREST,85962 SANCHEZ CREST,True,100.0,96.0,baseline,85962 SANCHEZ CREST,96.0,,0.0,0.0,success,,0.0,False,,,,,,tesseract,85962 SANCHEZ CREST,85962 SANCHEZ CREST,True,100.0,0.0,1.0,1.0,valid_text,0.96,descriptive,19.0,0.263158,0.631579,0.0,0.0,0.0,0.0,0.9568583865798123,0.31,False
1099_nec_2026_000008,1099_nec_2026_000008,1099_nec,validation,clean,payer_city,text,SOUTH TRACY,SOUTH TRACY,SOUTH TRACY,SOUTH TRACY,True,100.0,96.0,baseline,SOUTH TRACY,96.0,,0.0,0.0,success,,0.0,False,,,,,,tesseract,SOUTH TRACY,SOUTH TRACY,True,100.0,0.0,1.0,1.0,valid_text,0.96,descriptive,11.0,0.0,0.909091,0.0,0.0,0.0,0.0,0.806412352716661,0.31,False
1099_nec_2026_000008,1099_nec_2026_000008,1099_nec,validation,clean,payer_state,state,UT,PT,UT,PT,False,50.0,27.0,enhanced,UT ST,30.5,PT,27.0,0.0,success,,0.5023920072297726,True,LOTATE OR PROVINCE,False,11.11,LOTATEORPROVINCE,PT,trocr,LOTATE OR PROVINCE,LOTATEORPROVINCE,False,11.11,0.0,0.0,0.2,invalid_state_code,0.4210548046993522,structured,16.0,0.0,0.888889,0.0,1.0,11.111111111111116,0.0,0.00034802796880305194,0.8,True
1099_nec_2026_000008,1099_nec_2026_000008,1099_nec,validation,clean,payer_zip,text,78640,360,78640,360,False,50.0,32.0,enhanced,7664002020,41.0,360,32.0,0.0,success,,0.0585508671118137,False,360,False,50.0,7864001005100,360,tesseract,360,360,False,50.0,0.0,0.0,0.6,invalid_zip_length,0.32,structured,3.0,1.0,0.0,0.0,1.0,25.0,0.0,0.008046572778520148,0.8,True
1099_nec_2026_000008,1099_nec_2026_000008,1099_nec,validation,clean,payer_tin,identifier,00-9344531,00-9344531,009344531,009344531,True,100.0,90.0,baseline,00-9344531,90.0,,0.0,0.0,success,,0.0,False,,,,,,tesseract,00-9344531,009344531,True,100.0,1.0,1.0,1.0,valid_ein_shape,0.9,critical,9.0,0.9,0.0,0.1,0.0,0.0,0.0,0.9955589938618659,0.98,False
1099_nec_2026_000008,1099_nec_2026_000008,1099_nec,validation,clean,recipient_tin,identifier,000-47-5250,000-47-5250,000475250,000475250,True,100.0,92.0,baseline,000-47-5250,92.0,,0.0,0.0,success,,0.0,False,,,,,,tesseract,000-47-5250,000475250,True,100.0,1.0,1.0,1.0,valid_ssn_shape,0.92,critical,9.0,0.818182,0.0,0.181818,0.0,0.0,0.0,0.9697781784697426,0.98,True
1099_nec_2026_000008,1099_nec_2026_000008,1099_nec,validation,clean,recipient_name,text,MARISSA BENNETT,MARISSA BENNETT,MARISSA BENNETT,MARISSA BENNETT,True,100.0,96.0,baseline,MARISSA BENNETT,96.0,,0.0,0.0,success,,0.0,False,,,,,,tesseract,MARISSA BENNETT,MARISSA BENNETT,True,100.0,1.0,1.0,1.0,valid_text,0.96,descriptive,15.0,0.0,0.933333,0.0,0.0,0.0,0.0,0.8748324346974427,0.31,False
1099_nec_2026_000008,1099_nec_2026_000008,1099_nec,validation,clean,recipient_street,text,6475 DAVID CORNER,6475 DAVID CORNER,6475 DAVID CORNER,6475 DAVID CORNER,True,100.0,96.0,baseline,6475 DAVID CORNER,96.0,,0.0,0.0,success,,0.0,False,,,,,,tesseract,6475 DAVID CORNER,6475 DAVID CORNER,True,100.0,1.0,1.0,1.0,valid_text,0.96,descriptive,17.0,0.235294,0.647059,0.0,0.0,0.0,0.0,0.9169502553946414,0.31,False
1099_nec_2026_000008,1099_nec_2026_000008,1099_nec,validation,clean,recipient_city,text,SOUTH DARLENEHAVEN,SOUTH DARLENEHAVEN,SOUTH DARLENEHAVEN,SOUTH DARLENEHAVEN,True,100.0,92.5,baseline,SOUTH DARLENEHAVEN,92.5,,0.0,0.0,success,,0.0,False,,,,,,tesseract,SOUTH DARLENEHAVEN,SOUTH DARLENEHAVEN,True,100.0,1.0,1.0,1.0,valid_text,0.925,descriptive,18.0,0.0,0.944444,0.0,0.0,0.0,0.0,0.8638822175336656,0.31,False
1099_nec_2026_000008,1099_nec_2026_000008,1099_nec,validation,clean,recipient_state,state,IN,IN,IN,IN,True,100.0,56.0,baseline,IN,56.0,,0.0,0.0,success,,0.248365094281883,False,IN,True,100.0,TABLEOFPROVINICE,IN,tesseract,IN,IN,True,100.0,1.0,1.0,1.0,valid_state_code,0.56,structured,2.0,0.0,1.0,0.0,1.0,22.22222222222222,0.0,0.7207585713300296,0.8,True
1099_nec_2026_000008,1099_nec_2026_000008,1099_nec,validation,clean,recipient_zip,text,03519,03519 Sa eR YR Se ee Oe,03519,03519550,False,76.92,34.71,baseline,03519 Sa eR YR Se ee Oe,34.71,,0.0,0.0,success,,0.2970839439267255,False,03519 Sa eR YR Se ee Oe,False,76.92,03519010051001,03519550,tesseract,03519 Sa eR YR Se ee Oe,03519550,False,76.92,1.0,0.0,0.8,invalid_zip_length,0.3471,structured,8.0,0.217391,0.521739,0.0,1.0,63.63636363636363,0.0,0.0007537247816407192,0.8,True
1099_nec_2026_000008,1099_nec_2026_000008,1099_nec,validation,clean,nonemployee_compensation,money,"137,614.29","5 137,614.29",137614.29,5137614.29,False,94.74,72.5,baseline,"5 137,614.29",72.5,,0.0,0.0,success,,0.0,False,,,,,,tesseract,"5 137,614.29",5137614.29,False,94.74,1.0,1.0,1.0,valid_money,0.725,critical,10.0,0.75,0.0,0.166667,0.0,0.0,0.0,0.8502929914084646,0.98,True
1099_nec_2026_000008,1099_nec_2026_000008,1099_nec,validation,clean,federal_income_tax_withheld,text,0.00,0.00,0.00,0.00,True,100.0,96.0,enhanced,: 0.00,48.0,0.00,96.0,0.0,success,,0.0,False,,,,,,tesseract,0.00,0.00,True,100.0,1.0,1.0,1.0,valid_money,0.96,critical,4.0,0.75,0.0,0.25,0.0,0.0,0.0,0.9612308894754372,0.98,True
1099_nec_2026_000008,1099_nec_2026_000008,1099_nec,validation,clean,account_number,identifier,NEC-2026-000008,NEC-2026-000008,NEC2026000008,NEC2026000008,True,100.0,92.0,baseline,NEC-2026-000008,92.0,,0.0,0.0,success,,0.0,False,,,,,,tesseract,NEC-2026-000008,NEC2026000008,True,100.0,0.0,1.0,1.0,valid_identifier_shape,0.92,structured,13.0,0.666667,0.2,0.133333,0.0,0.0,0.0,0.9670730944824898,0.8,False
1099_nec_2026_000008,1099_nec_2026_000008,1099_nec,validation,clean,state_tax_withheld,money,"2,638.77","$8,688.77",2638.77,8688.77,False,71.43,58.0,enhanced,"$2,638.77",34.0,"$8,688.77",58.0,0.0,success,,0.7452976896225201,True,"$ 2,638.77",True,100.0,2638.77,8688.77,trocr,"$ 2,638.77",2638.77,True,100.0,0.0,1.0,1.0,valid_money,0.687443498254638,critical,7.0,0.6,0.0,0.3,1.0,71.42857142857143,0.0,0.7476337403377613,0.98,True
1099_nec_2026_000008,1099_nec_2026_000008,1099_nec,validation,clean,state_payer_number,identifier,IN-1592554,INWS9265000,IN1592554,INWS9265000,False,50.0,0.0,baseline,INWS9265000,0.0,IN15925540,0.0,0.0,success,,0.9965116419756715,True,IN-1592554,True,100.0,IN1592554,INWS9265000,trocr,IN-1592554,IN1592554,True,100.0,0.0,1.0,1.0,valid_identifier_shape,0.6477325672841865,structured,9.0,0.7,0.2,0.1,1.0,50.0,0.0,0.827148593226209,0.8,False
1099_nec_2026_000008,1099_nec_2026_000008,1099_nec,validation,clean,state_income,money,"137,614.29","$137,614.20",137614.29,137614.20,False,88.89,25.0,enhanced,"$187,614.29",0.0,"$137,614.20",25.0,0.0,success,,0.8507137133599532,True,"$ 137,614.29",True,100.0,137614.29,137614.20,trocr,"$ 137,614.29",137614.29,True,100.0,0.0,1.0,1.0,valid_money,0.6404639136839696,critical,9.0,0.666667,0.0,0.25,1.0,88.88888888888889,0.0,0.6993583306539414,0.98,True
1099_nec_2026_000032,1099_nec_2026_000032,1099_nec,validation,clean,payer_name,text,BELL GROUP,BELL GROUP,BELL GROUP,BELL GROUP,True,100.0,96.0,baseline,BELL GROUP,96.0,,0.0,0.0,success,,0.0,False,,,,,,tesseract,BELL GROUP,BELL GROUP,True,100.0,1.0,1.0,1.0,valid_text,0.96,descriptive,10.0,0.0,0.9,0.0,0.0,0.0,0.0,0.9336082318331028,0.31,False
1099_nec_2026_000032,1099_nec_2026_000032,1099_nec,validation,clean,payer_street,text,605 WILLIAM GROVE SUITE 463,605 WILLIAM GROVE SUITE 463,605 WILLIAM GROVE SUITE 463,605 WILLIAM GROVE SUITE 463,True,100.0,96.0,baseline,605 WILLIAM GROVE SUITE 463,96.0,,0.0,0.0,success,,0.0,False,,,,,,tesseract,605 WILLIAM GROVE SUITE 463,605 WILLIAM GROVE SUITE 463,True,100.0,0.0,1.0,1.0,valid_text,0.96,descriptive,27.0,0.222222,0.62963,0.0,0.0,0.0,0.0,0.7765659367935089,0.31,False
1099_nec_2026_000032,1099_nec_2026_000032,1099_nec,validation,clean,payer_city,text,SOUTH ANTONIOTOWN,SOUTH ANTONIOTOWN,SOUTH ANTONIOTOWN,SOUTH ANTONIOTOWN,True,100.0,94.0,baseline,SOUTH ANTONIOTOWN,94.0,,0.0,0.0,success,,0.0,False,,,,,,tesseract,SOUTH ANTONIOTOWN,SOUTH ANTONIOTOWN,True,100.0,0.0,1.0,1.0,valid_text,0.94,descriptive,17.0,0.0,0.941176,0.0,0.0,0.0,0.0,0.7025047680891521,0.31,False
1099_nec_2026_000032,1099_nec_2026_000032,1099_nec,validation,clean,payer_state,state,FL,FO,FL,FO,False,50.0,25.0,enhanced,FL S,38.5,FO,25.0,0.0,success,,0.5188352884941548,True,PLEASE OR PROVINCE,False,11.11,PLEASEORPROVINCE,FO,trocr,PLEASE OR PROVINCE,PLEASEORPROVINCE,False,11.11,0.0,0.0,0.2,invalid_state_code,0.4247429375212006,structured,16.0,0.0,0.888889,0.0,1.0,11.111111111111116,0.0,0.0005060208905860778,0.8,True
1099_nec_2026_000032,1099_nec_2026_000032,1099_nec,validation,clean,payer_zip,text,49575,49575,49575,49575,True,100.0,74.0,baseline,49575,74.0,,0.0,0.0,success,,0.0,False,,,,,,tesseract,49575,49575,True,100.0,0.0,1.0,1.0,valid_zip_shape,0.74,structured,5.0,1.0,0.0,0.0,0.0,0.0,0.0,0.8822553927982546,0.8,False
1099_nec_2026_000032,1099_nec_2026_000032,1099_nec,validation,clean,payer_tin,identifier,00-8937865,00-8937865,008937865,008937865,True,100.0,92.0,baseline,00-8937865,92.0,,0.0,0.0,success,,0.0,False,,,,,,tesseract,00-8937865,008937865,True,100.0,1.0,1.0,1.0,valid_ein_shape,0.92,critical,9.0,0.9,0.0,0.1,0.0,0.0,0.0,0.9644699087012527,0.98,True
1099_nec_2026_000032,1099_nec_2026_000032,1099_nec,validation,clean,recipient_tin,identifier,000-94-6952,000-94-6952,000946952,000946952,True,100.0,91.0,baseline,000-94-6952,91.0,,0.0,0.0,success,,0.0,False,,,,,,tesseract,000-94-6952,000946952,True,100.0,1.0,1.0,1.0,valid_ssn_shape,0.91,critical,9.0,0.818182,0.0,0.181818,0.0,0.0,0.0,0.9587013295236063,0.98,True
1099_nec_2026_000032,1099_nec_2026_000032,1099_nec,validation,clean,recipient_name,text,KELLY FIGUEROA,KELLY FIGUEROA,KELLY FIGUEROA,KELLY FIGUEROA,True,100.0,96.0,baseline,KELLY FIGUEROA,96.0,,0.0,0.0,success,,0.0,False,,,,,,tesseract,KELLY FIGUEROA,KELLY FIGUEROA,True,100.0,1.0,1.0,1.0,valid_text,0.96,descriptive,14.0,0.0,0.928571,0.0,0.0,0.0,0.0,0.8917239937044797,0.31,False
1099_nec_2026_000032,1099_nec_2026_000032,1099_nec,validation,clean,recipient_street,text,2963 LEE ROW SUITE 096,2963 LEE ROW SUITE 096,2963 LEE ROW SUITE 096,2963 LEE ROW SUITE 096,True,100.0,95.6,baseline,2963 LEE ROW SUITE 096,95.6,,0.0,0.0,success,,0.0,False,,,,,,tesseract,2963 LEE ROW SUITE 096,2963 LEE ROW SUITE 096,True,100.0,1.0,1.0,1.0,valid_text,0.956,descriptive,22.0,0.318182,0.5,0.0,0.0,0.0,0.0,0.843101418305765,0.31,False
1099_nec_2026_000032,1099_nec_2026_000032,1099_nec,validation,clean,recipient_city,text,LAKE PETER,LAKE PETER,LAKE PETER,LAKE PETER,True,100.0,96.0,baseline,LAKE PETER,96.0,,0.0,0.0,success,,0.0,False,,,,,,tesseract,LAKE PETER,LAKE PETER,True,100.0,1.0,1.0,1.0,valid_text,0.96,descriptive,10.0,0.0,0.9,0.0,0.0,0.0,0.0,0.8878081207223583,0.31,False
1099_nec_2026_000032,1099_nec_2026_000032,1099_nec,validation,clean,recipient_state,state,VA,VA R,VA,VAR,False,80.0,38.0,baseline,VA R,38.0,W,0.0,0.0,success,,0.3246448756354903,False,VA R,False,80.0,SALEOFPROVINICE,VAR,tesseract,VA R,VAR,False,80.0,1.0,0.0,0.2,invalid_state_code,0.38,structured,3.0,0.0,0.75,0.0,1.0,22.22222222222222,0.0,0.0009731828778743363,0.8,True
1099_nec_2026_000032,1099_nec_2026_000032,1099_nec,validation,clean,recipient_zip,text,23270,93070 Sa eR YR Se ee Oe,23270,93070550,False,46.15,29.0,baseline,93070 Sa eR YR Se ee Oe,29.0,20,0.0,0.0,success,,0.4494787008383473,False,93070 Sa eR YR Se ee Oe,False,46.15,2327006051001,93070550,tesseract,93070 Sa eR YR Se ee Oe,93070550,False,46.15,1.0,0.0,0.8,invalid_zip_length,0.29,structured,8.0,0.217391,0.521739,0.0,1.0,47.61904761904761,0.0,0.0003315694135274201,0.8,True
1099_nec_2026_000032,1099_nec_2026_000032,1099_nec,validation,clean,nonemployee_compensation,money,"144,652.96","$ 144,652.96",144652.96,144652.96,True,100.0,47.5,baseline,"$ 144,652.96",47.5,"$ 144,652.96",51.5,0.0,success,,0.1956151957483339,False,"$ 144,652.96",True,100.0,51445296.00,144652.96,tesseract,"$ 144,652.96",144652.96,True,100.0,1.0,1.0,1.0,valid_money,0.475,critical,9.0,0.666667,0.0,0.25,1.0,70.0,0.0,0.6859732565284998,0.98,True
1099_nec_2026_000032,1099_nec_2026_000032,1099_nec,validation,clean,federal_income_tax_withheld,text,0.00,0.00,0.00,0.00,True,100.0,96.0,enhanced,: 0.00,48.0,0.00,96.0,0.0,success,,0.0,False,,,,,,tesseract,0.00,0.00,True,100.0,1.0,1.0,1.0,valid_money,0.96,critical,4.0,0.75,0.0,0.25,0.0,0.0,0.0,0.9607449124801191,0.98,True
1099_nec_2026_000032,1099_nec_2026_000032,1099_nec,validation,clean,account_number,identifier,NEC-2026-000032,NEC-2026-000032,NEC2026000032,NEC2026000032,True,100.0,91.0,baseline,NEC-2026-000032,91.0,,0.0,0.0,success,,0.0,False,,,,,,tesseract,NEC-2026-000032,NEC2026000032,True,100.0,0.0,1.0,1.0,valid_identifier_shape,0.91,structured,13.0,0.666667,0.2,0.133333,0.0,0.0,0.0,0.959754220843161,0.8,False
1099_nec_2026_000032,1099_nec_2026_000032,1099_nec,validation,clean,state_tax_withheld,money,0.00,$0.00,0.00,0.00,True,100.0,57.0,enhanced,,0.0,$0.00,57.0,0.0,success,,0.0910785593602498,False,$0.00,True,100.0,------------0.00,0.00,tesseract,$0.00,0.00,True,100.0,0.0,1.0,1.0,valid_money,0.57,critical,4.0,0.6,0.0,0.4,1.0,40.0,0.0,0.945247104946253,0.98,True
1099_nec_2026_000032,1099_nec_2026_000032,1099_nec,validation,clean,state_payer_number,identifier,VA-4720299,VARAT09,VA4720299,VARAT09,False,50.0,0.0,baseline,VARAT09,0.0,A720299,0.0,0.0,success,,0.9993054269057644,True,VA-4720299,True,100.0,VA4720299,VARAT09,trocr,VA-4720299,VA4720299,True,100.0,0.0,1.0,1.0,valid_identifier_shape,0.6495485274887469,structured,9.0,0.7,0.2,0.1,1.0,50.0,0.0,0.7325295778268558,0.8,True
1099_nec_2026_000032,1099_nec_2026_000032,1099_nec,validation,clean,state_income,money,"144,652.96","$144,652.96",144652.96,144652.96,True,100.0,46.0,enhanced,"$-144,652.96",0.0,"$144,652.96",46.0,0.0,success,,0.6985154837386338,True,"$ 14,652.96",False,94.12,14652.96,144652.96,trocr,"$ 14,652.96",14652.96,False,94.12,0.0,1.0,1.0,valid_money,0.615035064430112,critical,8.0,0.636364,0.0,0.272727,1.0,94.11764705882352,0.0,0.8988217372856621,0.98,True
1099_nec_2026_000044,1099_nec_2026_000044,1099_nec,validation,clean,payer_name,text,GLOVER-SHAW,GLOVER-SHAW,GLOVER SHAW,GLOVER SHAW,True,100.0,91.0,baseline,GLOVER-SHAW,91.0,,0.0,0.0,success,,0.0,False,,,,,,tesseract,GLOVER-SHAW,GLOVER SHAW,True,100.0,1.0,1.0,1.0,valid_text,0.91,descriptive,11.0,0.0,0.909091,0.090909,0.0,0.0,0.0,0.9664628935520573,0.31,False
1099_nec_2026_000044,1099_nec_2026_000044,1099_nec,validation,clean,payer_street,text,42369 KELLY BYPASS,42369 KELLY BYPASS,42369 KELLY BYPASS,42369 KELLY BYPASS,True,100.0,96.0,baseline,42369 KELLY BYPASS,96.0,,0.0,0.0,success,,0.0,False,,,,,,tesseract,42369 KELLY BYPASS,42369 KELLY BYPASS,True,100.0,0.0,1.0,1.0,valid_text,0.96,descriptive,18.0,0.277778,0.611111,0.0,0.0,0.0,0.0,0.9346435294000776,0.31,False
1099_nec_2026_000044,1099_nec_2026_000044,1099_nec,validation,clean,payer_city,text,FITZPATRICKBURY,FITZPATRICKBURY,FITZPATRICKBURY,FITZPATRICKBURY,True,100.0,92.0,baseline,FITZPATRICKBURY,92.0,FITZPATRICKBURY,91.0,0.0,success,,0.3378265463240374,False,FITZPATRICKBURY,True,100.0,ENTZATRICKBURY,FITZPATRICKBURY,tesseract,FITZPATRICKBURY,FITZPATRICKBURY,True,100.0,0.0,1.0,1.0,valid_text,0.92,descriptive,15.0,0.0,1.0,0.0,1.0,82.75862068965517,0.0,0.8742881503133546,0.31,False
1099_nec_2026_000044,1099_nec_2026_000044,1099_nec,validation,clean,payer_state,state,AS,PS,AS,PS,False,50.0,45.0,enhanced,AS,0.0,PS,45.0,0.0,success,,0.2929295522192811,False,PS,False,50.0,PLEASEORPROVINCE,PS,tesseract,PS,PS,False,50.0,0.0,0.0,0.2,invalid_state_code,0.45,structured,2.0,0.0,1.0,0.0,1.0,22.22222222222222,0.0,0.023696663810019426,0.8,True
1099_nec_2026_000044,1099_nec_2026_000044,1099_nec,validation,clean,payer_zip,text,89433,80433,89433,80433,False,80.0,44.0,baseline,80433,44.0,,0.0,0.0,success,,0.0187176352148486,False,80433,False,80.0,89433051605100,80433,tesseract,80433,80433,False,80.0,0.0,1.0,1.0,valid_zip_shape,0.44,structured,5.0,1.0,0.0,0.0,1.0,42.10526315789473,0.0,0.5593369703374863,0.8,True
1099_nec_2026_000044,1099_nec_2026_000044,1099_nec,validation,clean,payer_tin,identifier,00-4296204,00-4296204,004296204,004296204,True,100.0,92.0,baseline,00-4296204,92.0,,0.0,0.0,success,,0.0,False,,,,,,tesseract,00-4296204,004296204,True,100.0,1.0,1.0,1.0,valid_ein_shape,0.92,critical,9.0,0.9,0.0,0.1,0.0,0.0,0.0,0.9571158489983814,0.98,True
1099_nec_2026_000044,1099_nec_2026_000044,1099_nec,validation,clean,recipient_tin,identifier,000-34-5819,000-34-5819,000345819,000345819,True,100.0,91.0,baseline,000-34-5819,91.0,,0.0,0.0,success,,0.0,False,,,,,,tesseract,000-34-5819,000345819,True,100.0,1.0,1.0,1.0,valid_ssn_shape,0.91,critical,9.0,0.818182,0.0,0.181818,0.0,0.0,0.0,0.9688739490685031,0.98,True
1099_nec_2026_000044,1099_nec_2026_000044,1099_nec,validation,clean,recipient_name,text,JENNY RASMUSSEN,JENNY RASMUSSEN,JENNY RASMUSSEN,JENNY RASMUSSEN,True,100.0,95.5,baseline,JENNY RASMUSSEN,95.5,,0.0,0.0,success,,0.0,False,,,,,,tesseract,JENNY RASMUSSEN,JENNY RASMUSSEN,True,100.0,1.0,1.0,1.0,valid_text,0.955,descriptive,15.0,0.0,0.933333,0.0,0.0,0.0,0.0,0.8732087700221468,0.31,False
1099_nec_2026_000044,1099_nec_2026_000044,1099_nec,validation,clean,recipient_street,text,4942 SHELTON ISLANDS,4942 SHELTON ISLANDS,4942 SHELTON ISLANDS,4942 SHELTON ISLANDS,True,100.0,96.0,baseline,4942 SHELTON ISLANDS,96.0,,0.0,0.0,success,,0.0,False,,,,,,tesseract,4942 SHELTON ISLANDS,4942 SHELTON ISLANDS,True,100.0,1.0,1.0,1.0,valid_text,0.96,descriptive,20.0,0.2,0.7,0.0,0.0,0.0,0.0,0.9126173758879209,0.31,False
1099_nec_2026_000044,1099_nec_2026_000044,1099_nec,validation,clean,recipient_city,text,LAKE KATRINA,LAKE KATRINA,LAKE KATRINA,LAKE KATRINA,True,100.0,95.0,baseline,LAKE KATRINA,95.0,,0.0,0.0,success,,0.0,False,,,,,,tesseract,LAKE KATRINA,LAKE KATRINA,True,100.0,1.0,1.0,1.0,valid_text,0.95,descriptive,12.0,0.0,0.916667,0.0,0.0,0.0,0.0,0.8327916387145763,0.31,False
1099_nec_2026_000044,1099_nec_2026_000044,1099_nec,validation,clean,recipient_state,state,KS,KS,KS,KS,True,100.0,41.0,enhanced,KS R,24.5,KS,41.0,0.0,success,,0.4957976157865204,True,PLATE OF PROVINICE,False,0.0,PLATEOFPROVINICE,KS,trocr,PLATE OF PROVINICE,PLATEOFPROVINICE,False,0.0,1.0,0.0,0.2,invalid_state_code,0.46576845026123825,structured,16.0,0.0,0.888889,0.0,1.0,0.0,0.0,0.00026807962476712004,0.8,True
1099_nec_2026_000044,1099_nec_2026_000044,1099_nec,validation,clean,recipient_zip,text,18286,18286 Sa eR YR Se ee Oe,18286,18286550,False,76.92,34.14,baseline,18286 Sa eR YR Se ee Oe,34.14,205,0.0,0.0,success,,0.2659784056906064,False,18286 Sa eR YR Se ee Oe,False,76.92,182860516051001,18286550,tesseract,18286 Sa eR YR Se ee Oe,18286550,False,76.92,1.0,0.0,0.8,invalid_zip_length,0.3414,structured,8.0,0.217391,0.521739,0.0,1.0,69.56521739130434,0.0,0.0010597365781883025,0.8,True
1099_nec_2026_000044,1099_nec_2026_000044,1099_nec,validation,clean,nonemployee_compensation,money,"155,922.03","$ 155,922.03",155922.03,155922.03,True,100.0,48.0,baseline,"$ 155,922.03",48.0,"$ 155,922.03",52.0,0.0,success,,0.1545933669517239,False,"$ 155,922.03",True,100.0,51559223.00,155922.03,tesseract,"$ 155,922.03",155922.03,True,100.0,1.0,1.0,1.0,valid_money,0.48,critical,9.0,0.666667,0.0,0.25,1.0,80.0,0.0,0.7523215059979693,0.98,True
1099_nec_2026_000044,1099_nec_2026_000044,1099_nec,validation,clean,federal_income_tax_withheld,text,0.00,0.00,0.00,0.00,True,100.0,96.0,enhanced,: 0.00,48.0,0.00,96.0,0.0,success,,0.0,False,,,,,,tesseract,0.00,0.00,True,100.0,1.0,1.0,1.0,valid_money,0.96,critical,4.0,0.75,0.0,0.25,0.0,0.0,0.0,0.9551025589281915,0.98,True
1099_nec_2026_000044,1099_nec_2026_000044,1099_nec,validation,clean,account_number,identifier,NEC-2026-000044,NEC-2026-000044,NEC2026000044,NEC2026000044,True,100.0,92.0,baseline,NEC-2026-000044,92.0,,0.0,0.0,success,,0.0,False,,,,,,tesseract,NEC-2026-000044,NEC2026000044,True,100.0,0.0,1.0,1.0,valid_identifier_shape,0.92,structured,13.0,0.666667,0.2,0.133333,0.0,0.0,0.0,0.968351354618258,0.8,False
1099_nec_2026_000044,1099_nec_2026_000044,1099_nec,validation,clean,state_tax_withheld,money,0.00,$0.00,0.00,0.00,True,100.0,57.0,enhanced,,0.0,$0.00,57.0,0.0,success,,0.0910785593602498,False,$0.00,True,100.0,------------0.00,0.00,tesseract,$0.00,0.00,True,100.0,0.0,1.0,1.0,valid_money,0.57,critical,4.0,0.6,0.0,0.4,1.0,40.0,0.0,0.9695842291903498,0.98,True
1099_nec_2026_000044,1099_nec_2026_000044,1099_nec,validation,clean,state_payer_number,identifier,KS-2249382,820498820,KS2249382,820498820,False,55.56,25.0,enhanced,K,0.0,820498820,25.0,0.0,success,,0.9638903740471212,True,KS-22499382,False,94.74,KS22499382,820498820,trocr,KS-22499382,KS22499382,False,94.74,0.0,1.0,1.0,valid_identifier_shape,0.7140287431306288,structured,10.0,0.727273,0.181818,0.090909,1.0,52.63157894736843,0.0,0.8447190852712031,0.8,False
1099_nec_2026_000044,1099_nec_2026_000044,1099_nec,validation,clean,state_income,money,"155,922.03","$185,922.03",155922.03,185922.03,False,88.89,30.0,enhanced,"$155,922.03",0.0,"$185,922.03",30.0,0.0,success,,0.8285929677524826,True,"$ 155,922.03",True,100.0,155922.03,185922.03,trocr,"$ 155,922.03",155922.03,True,100.0,0.0,1.0,1.0,valid_money,0.6435854290391136,critical,9.0,0.666667,0.0,0.25,1.0,88.88888888888889,0.0,0.6795584657883349,0.98,True
1099_nec_2026_000051,1099_nec_2026_000051,1099_nec,validation,clean,payer_name,text,BARRON-BROWN,BARRON-BROWN,BARRON BROWN,BARRON BROWN,True,100.0,91.0,baseline,BARRON-BROWN,91.0,,0.0,0.0,success,,0.0,False,,,,,,tesseract,BARRON-BROWN,BARRON BROWN,True,100.0,1.0,1.0,1.0,valid_text,0.91,descriptive,12.0,0.0,0.916667,0.083333,0.0,0.0,0.0,0.9543556779505041,0.31,False
1099_nec_2026_000051,1099_nec_2026_000051,1099_nec,validation,clean,payer_street,text,503 JONES PORT,503 JONES PORT,503 JONES PORT,503 JONES PORT,True,100.0,96.0,baseline,503 JONES PORT,96.0,,0.0,0.0,success,,0.0,False,,,,,,tesseract,503 JONES PORT,503 JONES PORT,True,100.0,0.0,1.0,1.0,valid_text,0.96,descriptive,14.0,0.214286,0.642857,0.0,0.0,0.0,0.0,0.9191537314629189,0.31,False
1099_nec_2026_000051,1099_nec_2026_000051,1099_nec,validation,clean,payer_city,text,WEST TINACHESTER,WEST TINAC HESTER,WEST TINACHESTER,WEST TINAC HESTER,False,96.97,89.67,baseline,WEST TINAC HESTER,89.67,,0.0,0.0,success,,0.0,False,,,,,,tesseract,WEST TINAC HESTER,WEST TINAC HESTER,False,96.97,0.0,1.0,1.0,valid_text,0.8967,descriptive,17.0,0.0,0.882353,0.0,0.0,0.0,0.0,0.6196063301802454,0.31,False
1099_nec_2026_000051,1099_nec_2026_000051,1099_nec,validation,clean,payer_state,state,PA,PA,PA,PA,True,100.0,75.0,baseline,PA,75.0,,0.0,0.0,success,,0.0,False,,,,,,tesseract,PA,PA,True,100.0,0.0,1.0,1.0,valid_state_code,0.75,structured,2.0,0.0,1.0,0.0,0.0,0.0,0.0,0.9876492413671798,0.8,False
1099_nec_2026_000051,1099_nec_2026_000051,1099_nec,validation,clean,payer_zip,text,97401,97401,97401,97401,True,100.0,54.0,baseline,97401,54.0,,0.0,0.0,success,,0.0102394452226686,False,97401,True,100.0,97401051605100,97401,tesseract,97401,97401,True,100.0,0.0,1.0,1.0,valid_zip_shape,0.54,structured,5.0,1.0,0.0,0.0,1.0,52.63157894736843,0.0,0.7424253348070928,0.8,True
1099_nec_2026_000051,1099_nec_2026_000051,1099_nec,validation,clean,payer_tin,identifier,00-8302077,00-8302077,008302077,008302077,True,100.0,91.0,baseline,00-8302077,91.0,,0.0,0.0,success,,0.0,False,,,,,,tesseract,00-8302077,008302077,True,100.0,1.0,1.0,1.0,valid_ein_shape,0.91,critical,9.0,0.9,0.0,0.1,0.0,0.0,0.0,0.9759094470174676,0.98,True
1099_nec_2026_000051,1099_nec_2026_000051,1099_nec,validation,clean,recipient_tin,identifier,000-92-2181,000-92-2181,000922181,000922181,True,100.0,91.0,baseline,000-92-2181,91.0,,0.0,0.0,success,,0.0,False,,,,,,tesseract,000-92-2181,000922181,True,100.0,1.0,1.0,1.0,valid_ssn_shape,0.91,critical,9.0,0.818182,0.0,0.181818,0.0,0.0,0.0,0.9788118891254308,0.98,True
1099_nec_2026_000051,1099_nec_2026_000051,1099_nec,validation,clean,recipient_name,text,ANGELA ARNOLD,ANGELA ARNOLD,ANGELA ARNOLD,ANGELA ARNOLD,True,100.0,96.0,baseline,ANGELA ARNOLD,96.0,,0.0,0.0,success,,0.0,False,,,,,,tesseract,ANGELA ARNOLD,ANGELA ARNOLD,True,100.0,1.0,1.0,1.0,valid_text,0.96,descriptive,13.0,0.0,0.923077,0.0,0.0,0.0,0.0,0.88480065514132,0.31,False
1099_nec_2026_000051,1099_nec_2026_000051,1099_nec,validation,clean,recipient_street,text,0107 DEBRA MEADOWS,0107 DEBRA MEADOWS,0107 DEBRA MEADOWS,0107 DEBRA MEADOWS,True,100.0,96.0,baseline,0107 DEBRA MEADOWS,96.0,,0.0,0.0,success,,0.0,False,,,,,,tesseract,0107 DEBRA MEADOWS,0107 DEBRA MEADOWS,True,100.0,1.0,1.0,1.0,valid_text,0.96,descriptive,18.0,0.222222,0.666667,0.0,0.0,0.0,0.0,0.9261469424129757,0.31,False
1099_nec_2026_000051,1099_nec_2026_000051,1099_nec,validation,clean,recipient_city,text,TURNERBURY,TURNERBURY,TURNERBURY,TURNERBURY,True,100.0,93.0,baseline,TURNERBURY,93.0,TURNERBURY,93.0,0.0,success,,0.0059926331153612,False,TURNERBURY,True,100.0,TURNEBURY,TURNERBURY,tesseract,TURNERBURY,TURNERBURY,True,100.0,1.0,1.0,1.0,valid_text,0.93,descriptive,10.0,0.0,1.0,0.0,1.0,94.73684210526316,0.0,0.9662333313657255,0.31,False
1099_nec_2026_000051,1099_nec_2026_000051,1099_nec,validation,clean,recipient_state,state,AK,KR,AK,KR,False,50.0,45.0,enhanced,AK BR,37.5,KR,45.0,0.0,success,,0.3250426069466853,False,KR,False,50.0,TAKATEORPROVINICE,KR,tesseract,KR,KR,False,50.0,1.0,0.0,0.2,invalid_state_code,0.45,structured,2.0,0.0,1.0,0.0,1.0,21.052631578947366,0.0,0.006246364450914872,0.8,True
1099_nec_2026_000051,1099_nec_2026_000051,1099_nec,validation,clean,recipient_zip,text,07756,07756 So eR Re ee Oe,07756,07756500,False,76.92,39.17,baseline,07756 So eR Re ee Oe,39.17,6,0.0,0.0,success,,0.2136456970414462,False,07756 So eR Re ee Oe,False,76.92,077560516051001,07756500,tesseract,07756 So eR Re ee Oe,07756500,False,76.92,1.0,0.0,0.8,invalid_zip_length,0.3917,structured,8.0,0.25,0.5,0.0,1.0,69.56521739130434,0.0,0.0014749532630920891,0.8,True
1099_nec_2026_000051,1099_nec_2026_000051,1099_nec,validation,clean,nonemployee_compensation,money,"37,490.52","6 37,490.52",37490.52,637490.52,False,94.12,71.0,enhanced,"$ 37,490.52",50.5,"6 37,490.52",71.0,0.0,success,,0.0,False,,,,,,tesseract,"6 37,490.52",637490.52,False,94.12,1.0,1.0,1.0,valid_money,0.71,critical,9.0,0.727273,0.0,0.181818,0.0,0.0,0.0,0.8945690512900293,0.98,True
1099_nec_2026_000051,1099_nec_2026_000051,1099_nec,validation,clean,federal_income_tax_withheld,text,0.00,0.00,0.00,0.00,True,100.0,96.0,enhanced,: 0.00,48.0,0.00,96.0,0.0,success,,0.0,False,,,,,,tesseract,0.00,0.00,True,100.0,1.0,1.0,1.0,valid_money,0.96,critical,4.0,0.75,0.0,0.25,0.0,0.0,0.0,0.9809716643480967,0.98,False
1099_nec_2026_000051,1099_nec_2026_000051,1099_nec,validation,clean,account_number,identifier,NEC-2026-000051,NEC-2026-000051,NEC2026000051,NEC2026000051,True,100.0,92.0,baseline,NEC-2026-000051,92.0,,0.0,0.0,success,,0.0,False,,,,,,tesseract,NEC-2026-000051,NEC2026000051,True,100.0,0.0,1.0,1.0,valid_identifier_shape,0.92,structured,13.0,0.666667,0.2,0.133333,0.0,0.0,0.0,0.9902417494480916,0.8,False
1099_nec_2026_000051,1099_nec_2026_000051,1099_nec,validation,clean,state_tax_withheld,money,0.00,$0.00,0.00,0.00,True,100.0,57.0,enhanced,,0.0,$0.00,57.0,0.0,success,,0.0910785593602498,False,$0.00,True,100.0,------------0.00,0.00,tesseract,$0.00,0.00,True,100.0,0.0,1.0,1.0,valid_money,0.57,critical,4.0,0.6,0.0,0.4,1.0,40.0,0.0,0.9850641107354287,0.98,False
1099_nec_2026_000051,1099_nec_2026_000051,1099_nec,validation,clean,state_payer_number,identifier,AK-8704520,ARSTOS2O,AK8704520,ARSTOS2O,False,23.53,0.0,baseline,ARSTOS2O,0.0,AS74520,0.0,0.0,success,,0.9998074247086968,True,AK-8704520,True,100.0,AK8704520,ARSTOS2O,trocr,AK-8704520,AK8704520,True,100.0,0.0,1.0,1.0,valid_identifier_shape,0.6498748260606529,structured,9.0,0.7,0.2,0.1,1.0,23.529411764705888,0.0,0.6062316482161948,0.8,True
1099_nec_2026_000051,1099_nec_2026_000051,1099_nec,validation,clean,state_income,money,"37,490.52","$37,490.52",37490.52,37490.52,True,100.0,50.0,enhanced,"$87,490.52",5.0,"$37,490.52",50.0,0.0,success,,0.0003903434663141,False,"$37,490.52",True,100.0,37490.52,37490.52,tesseract,"$37,490.52",37490.52,True,100.0,0.0,1.0,1.0,valid_money,0.5,critical,8.0,0.7,0.0,0.3,1.0,100.0,0.0,0.9835658739698545,0.98,False
1099_nec_2026_000055,1099_nec_2026_000055,1099_nec,validation,clean,payer_name,text,"FOSTER, GILBERT AND WARD","FOSTER, GILBERT AND WARD",FOSTER GILBERT AND WARD,FOSTER GILBERT AND WARD,True,100.0,95.25,baseline,"FOSTER, GILBERT AND WARD",95.25,,0.0,0.0,success,,0.0,False,,,,,,tesseract,"FOSTER, GILBERT AND WARD",FOSTER GILBERT AND WARD,True,100.0,1.0,1.0,1.0,valid_text,0.9525,descriptive,23.0,0.0,0.833333,0.041667,0.0,0.0,0.0,0.8005439752709153,0.31,False
1099_nec_2026_000055,1099_nec_2026_000055,1099_nec,validation,clean,payer_street,text,901 CARROLL ISLANDS SUITE 277,901 CARROLL ISLANDS SUITE 277,901 CARROLL ISLANDS SUITE 277,901 CARROLL ISLANDS SUITE 277,True,100.0,95.4,baseline,901 CARROLL ISLANDS SUITE 277,95.4,,0.0,0.0,success,,0.0,False,,,,,,tesseract,901 CARROLL ISLANDS SUITE 277,901 CARROLL ISLANDS SUITE 277,True,100.0,0.0,1.0,1.0,valid_text,0.9540000000000001,descriptive,29.0,0.206897,0.655172,0.0,0.0,0.0,0.0,0.8349178344263923,0.31,False
1099_nec_2026_000055,1099_nec_2026_000055,1099_nec,validation,clean,payer_city,text,SOUTH ALANTON,SOUTH ALANTON,SOUTH ALANTON,SOUTH ALANTON,True,100.0,92.5,baseline,SOUTH ALANTON,92.5,,0.0,0.0,success,,0.0,False,,,,,,tesseract,SOUTH ALANTON,SOUTH ALANTON,True,100.0,0.0,1.0,1.0,valid_text,0.925,descriptive,13.0,0.0,0.923077,0.0,0.0,0.0,0.0,0.7506432247990791,0.31,False
1099_nec_2026_000055,1099_nec_2026_000055,1099_nec,validation,clean,payer_state,state,MI,MI,MI,MI,True,100.0,64.0,baseline,MI,64.0,MM,0.0,0.0,success,,0.2300740319662453,False,MI,True,100.0,PLEASEOFPROVINCE,MI,tesseract,MI,MI,True,100.0,0.0,1.0,1.0,valid_state_code,0.64,structured,2.0,0.0,1.0,0.0,1.0,11.111111111111116,0.0,0.9267606814302792,0.8,False
1099_nec_2026_000055,1099_nec_2026_000055,1099_nec,validation,clean,payer_zip,text,63442,63442000¢«C~*S,63442,634420005,False,71.43,0.0,baseline,63442000¢«C~*S,0.0,,0.0,0.0,success,,0.0451042919347432,False,63442000¢«C~*S,False,71.43,6344201605100,634420005,tesseract,63442000¢«C~*S,634420005,False,71.43,0.0,1.0,1.0,valid_zip_shape,0.0,structured,9.0,0.571429,0.142857,0.285714,1.0,72.72727272727273,0.0,0.3717991718742639,0.8,True
1099_nec_2026_000055,1099_nec_2026_000055,1099_nec,validation,clean,payer_tin,identifier,00-3417186,00-3417186,003417186,003417186,True,100.0,91.0,baseline,00-3417186,91.0,,0.0,0.0,success,,0.0,False,,,,,,tesseract,00-3417186,003417186,True,100.0,1.0,1.0,1.0,valid_ein_shape,0.91,critical,9.0,0.9,0.0,0.1,0.0,0.0,0.0,0.9834061755078216,0.98,False
1099_nec_2026_000055,1099_nec_2026_000055,1099_nec,validation,clean,recipient_tin,identifier,000-48-7113,000-48-7113,000487113,000487113,True,100.0,90.0,baseline,000-48-7113,90.0,,0.0,0.0,success,,0.0,False,,,,,,tesseract,000-48-7113,000487113,True,100.0,1.0,1.0,1.0,valid_ssn_shape,0.9,critical,9.0,0.818182,0.0,0.181818,0.0,0.0,0.0,0.960511722512902,0.98,True
1099_nec_2026_000055,1099_nec_2026_000055,1099_nec,validation,clean,recipient_name,text,KRISTIN ORTIZ,KRISTIN ORTIZ,KRISTIN ORTIZ,KRISTIN ORTIZ,True,100.0,96.0,baseline,KRISTIN ORTIZ,96.0,,0.0,0.0,success,,0.0,False,,,,,,tesseract,KRISTIN ORTIZ,KRISTIN ORTIZ,True,100.0,1.0,1.0,1.0,valid_text,0.96,descriptive,13.0,0.0,0.923077,0.0,0.0,0.0,0.0,0.8921078875672372,0.31,False
1099_nec_2026_000055,1099_nec_2026_000055,1099_nec,validation,clean,recipient_street,text,9851 WHITE TRAFFICWAY,9851 WHITE TRAFFICWAY,9851 WHITE TRAFFICWAY,9851 WHITE TRAFFICWAY,True,100.0,93.67,baseline,9851 WHITE TRAFFICWAY,93.67,,0.0,0.0,success,,0.0,False,,,,,,tesseract,9851 WHITE TRAFFICWAY,9851 WHITE TRAFFICWAY,True,100.0,1.0,1.0,1.0,valid_text,0.9367,descriptive,21.0,0.190476,0.714286,0.0,0.0,0.0,0.0,0.8950731549023428,0.31,False
1099_nec_2026_000055,1099_nec_2026_000055,1099_nec,validation,clean,recipient_city,text,JORDANFORT,JORDANFORT,JORDANFORT,JORDANFORT,True,100.0,92.0,baseline,JORDANFORT,92.0,JORDANFORT,92.0,0.0,success,,0.211631101586528,False,JORDANFORT,True,100.0,JOHDARORT 1 DAY,JORDANFORT,tesseract,JORDANFORT,JORDANFORT,True,100.0,1.0,1.0,1.0,valid_text,0.92,descriptive,10.0,0.0,1.0,0.0,1.0,56.00000000000001,0.0,0.8907918182882878,0.31,False
1099_nec_2026_000055,1099_nec_2026_000055,1099_nec,validation,clean,recipient_state,state,DC,PO,DC,PO,False,0.0,0.0,enhanced,DC BR,47.0,PO,0.0,0.0,success,,0.6759657714679131,True,TABLE OF PROVINICE,False,11.11,TABLEOFPROVINICE,PO,trocr,TABLE OF PROVINICE,TABLEOFPROVINICE,False,11.11,1.0,0.0,0.2,invalid_state_code,0.43937775145414354,structured,16.0,0.0,0.888889,0.0,1.0,22.22222222222222,0.0,3.9989343038586014e-05,0.8,True
1099_nec_2026_000055,1099_nec_2026_000055,1099_nec,validation,clean,recipient_zip,text,30309,2009,30309,2009,False,66.67,0.0,enhanced,30309 Sa eR YR Se ee Oe,34.86,2009,0.0,0.0,success,,0.1809544191892799,False,2009,False,66.67,30309010051001,2009,tesseract,2009,2009,False,66.67,1.0,0.0,0.8,invalid_zip_length,0.0,structured,4.0,1.0,0.0,0.0,1.0,33.333333333333336,0.0,0.0003264710901834533,0.8,True
1099_nec_2026_000055,1099_nec_2026_000055,1099_nec,validation,clean,nonemployee_compensation,money,"136,675.89","$ 136,675.89",136675.89,136675.89,True,100.0,49.5,baseline,"$ 136,675.89",49.5,"$ 136,675.89",54.0,0.0,success,,0.0620251667778417,False,"$ 136,675.89",True,100.0,5136675.99,136675.89,tesseract,"$ 136,675.89",136675.89,True,100.0,1.0,1.0,1.0,valid_money,0.495,critical,9.0,0.666667,0.0,0.25,1.0,84.21052631578947,0.0,0.8042901611654643,0.98,True
1099_nec_2026_000055,1099_nec_2026_000055,1099_nec,validation,clean,federal_income_tax_withheld,text,0.00,0.00,0.00,0.00,True,100.0,96.0,enhanced,: 0.00,48.0,0.00,96.0,0.0,success,,0.0,False,,,,,,tesseract,0.00,0.00,True,100.0,1.0,1.0,1.0,valid_money,0.96,critical,4.0,0.75,0.0,0.25,0.0,0.0,0.0,0.9636037087726923,0.98,True
1099_nec_2026_000055,1099_nec_2026_000055,1099_nec,validation,clean,account_number,identifier,NEC-2026-000055,NEC-2026-000055,NEC2026000055,NEC2026000055,True,100.0,90.0,baseline,NEC-2026-000055,90.0,,0.0,0.0,success,,0.0,False,,,,,,tesseract,NEC-2026-000055,NEC2026000055,True,100.0,0.0,1.0,1.0,valid_identifier_shape,0.9,structured,13.0,0.666667,0.2,0.133333,0.0,0.0,0.0,0.9753501356843371,0.8,False
1099_nec_2026_000055,1099_nec_2026_000055,1099_nec,validation,clean,state_tax_withheld,money,0.00,$0.00,0.00,0.00,True,100.0,57.0,enhanced,,0.0,$0.00,57.0,0.0,success,,0.0910785593602498,False,$0.00,True,100.0,------------0.00,0.00,tesseract,$0.00,0.00,True,100.0,0.0,1.0,1.0,valid_money,0.57,critical,4.0,0.6,0.0,0.4,1.0,40.0,0.0,0.9860785806529714,0.98,False
1099_nec_2026_000055,1099_nec_2026_000055,1099_nec,validation,clean,state_payer_number,identifier,DC-3371859,D871859,DC3371859,D871859,False,75.0,0.0,enhanced,D,0.0,D871859,0.0,0.0,success,,0.9849508045964596,True,DC-3371859,True,100.0,DC3371859,D871859,trocr,DC-3371859,DC3371859,True,100.0,0.0,1.0,1.0,valid_identifier_shape,0.6402180229876987,structured,9.0,0.7,0.2,0.1,1.0,75.0,0.0,0.8741250823947513,0.8,False
1099_nec_2026_000055,1099_nec_2026_000055,1099_nec,validation,clean,state_income,money,"136,675.89","$136,675.89",136675.89,136675.89,True,100.0,31.0,enhanced,"$-136,675.89",0.0,"$136,675.89",31.0,0.0,success,,0.0008066999424983,False,"$136,675.89",True,100.0,136675.89,136675.89,tesseract,"$136,675.89",136675.89,True,100.0,0.0,1.0,1.0,valid_money,0.31,critical,9.0,0.727273,0.0,0.272727,1.0,100.0,0.0,0.9379444619749768,0.98,True
1099_nec_2026_000087,1099_nec_2026_000087,1099_nec,validation,clean,payer_name,text,WEBSTER-GUZMAN,WEBSTER-GUZMAN,WEBSTER GUZMAN,WEBSTER GUZMAN,True,100.0,91.0,baseline,WEBSTER-GUZMAN,91.0,,0.0,0.0,success,,0.0,False,,,,,,tesseract,WEBSTER-GUZMAN,WEBSTER GUZMAN,True,100.0,1.0,1.0,1.0,valid_text,0.91,descriptive,14.0,0.0,0.928571,0.071429,0.0,0.0,0.0,0.9514764523127914,0.31,False
1099_nec_2026_000087,1099_nec_2026_000087,1099_nec,validation,clean,payer_street,text,258 PALMER RUE SUITE 483,258 PALMER RUE SUITE 483,258 PALMER RUE SUITE 483,258 PALMER RUE SUITE 483,True,100.0,95.8,baseline,258 PALMER RUE SUITE 483,95.8,,0.0,0.0,success,,0.0,False,,,,,,tesseract,258 PALMER RUE SUITE 483,258 PALMER RUE SUITE 483,True,100.0,0.0,1.0,1.0,valid_text,0.958,descriptive,24.0,0.25,0.583333,0.0,0.0,0.0,0.0,0.9050401673383891,0.31,False
1099_nec_2026_000087,1099_nec_2026_000087,1099_nec,validation,clean,payer_city,text,JOSHUASIDE,JOSHUASIDE,JOSHUASIDE,JOSHUASIDE,True,100.0,92.0,baseline,JOSHUASIDE,92.0,JOSHUASIDE,93.0,0.0,success,,0.6240005133783723,True,JOSHUASIDE COME AGAIN,False,64.52,JOSHUASIDE COME AGAIN,JOSHUASIDE,trocr,JOSHUASIDE COME AGAIN,JOSHUASIDE COME AGAIN,False,64.52,0.0,1.0,1.0,valid_text,0.727600333695942,descriptive,21.0,0.0,0.904762,0.0,1.0,64.51612903225806,0.0,0.014747319736558899,0.31,True
1099_nec_2026_000087,1099_nec_2026_000087,1099_nec,validation,clean,payer_state,state,NY,NY,NY,NY,True,100.0,23.0,baseline,NY,23.0,,0.0,0.0,success,,0.5352378711354369,True,INVATE OR PROVINCE,False,11.11,INVATEORPROVINCE,NY,trocr,INVATE OR PROVINCE,INVATEORPROVINCE,False,11.11,0.0,0.0,0.2,invalid_state_code,0.428404616238034,structured,16.0,0.0,0.888889,0.0,1.0,11.111111111111116,0.0,0.00038293338902598185,0.8,True
1099_nec_2026_000087,1099_nec_2026_000087,1099_nec,validation,clean,payer_zip,text,40976,40976,40976,40976,True,100.0,50.0,baseline,40976,50.0,097,8.0,0.0,success,,0.0116630475707103,False,40976,True,100.0,40976051605100,40976,tesseract,40976,40976,True,100.0,0.0,1.0,1.0,valid_zip_shape,0.5,structured,5.0,1.0,0.0,0.0,1.0,52.63157894736843,0.0,0.6847215441263468,0.8,True
1099_nec_2026_000087,1099_nec_2026_000087,1099_nec,validation,clean,payer_tin,identifier,00-1458868,00-1458868,001458868,001458868,True,100.0,91.0,baseline,00-1458868,91.0,,0.0,0.0,success,,0.0,False,,,,,,tesseract,00-1458868,001458868,True,100.0,1.0,1.0,1.0,valid_ein_shape,0.91,critical,9.0,0.9,0.0,0.1,0.0,0.0,0.0,0.995722908468457,0.98,False
1099_nec_2026_000087,1099_nec_2026_000087,1099_nec,validation,clean,recipient_tin,identifier,000-71-2904,000-71-2904,000712904,000712904,True,100.0,91.0,baseline,000-71-2904,91.0,,0.0,0.0,success,,0.0,False,,,,,,tesseract,000-71-2904,000712904,True,100.0,1.0,1.0,1.0,valid_ssn_shape,0.91,critical,9.0,0.818182,0.0,0.181818,0.0,0.0,0.0,0.9686512659647794,0.98,True
1099_nec_2026_000087,1099_nec_2026_000087,1099_nec,validation,clean,recipient_name,text,ASHLEY SHERMAN,ASHLEY SHERMAN,ASHLEY SHERMAN,ASHLEY SHERMAN,True,100.0,96.0,baseline,ASHLEY SHERMAN,96.0,,0.0,0.0,success,,0.0,False,,,,,,tesseract,ASHLEY SHERMAN,ASHLEY SHERMAN,True,100.0,1.0,1.0,1.0,valid_text,0.96,descriptive,14.0,0.0,0.928571,0.0,0.0,0.0,0.0,0.8796763896264922,0.31,False
1099_nec_2026_000087,1099_nec_2026_000087,1099_nec,validation,clean,recipient_street,text,0587 MARTIN CIRCLES,0587 MARTIN CIRCLES,0587 MARTIN CIRCLES,0587 MARTIN CIRCLES,True,100.0,95.67,baseline,0587 MARTIN CIRCLES,95.67,,0.0,0.0,success,,0.0,False,,,,,,tesseract,0587 MARTIN CIRCLES,0587 MARTIN CIRCLES,True,100.0,1.0,1.0,1.0,valid_text,0.9567,descriptive,19.0,0.210526,0.684211,0.0,0.0,0.0,0.0,0.9091728790798034,0.31,False
1099_nec_2026_000087,1099_nec_2026_000087,1099_nec,validation,clean,recipient_city,text,CHAMBERSVILLE,CHAMBERSVILLE,CHAMBERSVILLE,CHAMBERSVILLE,True,100.0,87.0,baseline,CHAMBERSVILLE,87.0,CHAMBERSVILLE,86.0,0.0,success,,0.0124562725476732,False,CHAMBERSVILLE,True,100.0,CHANGEVILLE,CHAMBERSVILLE,tesseract,CHAMBERSVILLE,CHAMBERSVILLE,True,100.0,1.0,1.0,1.0,valid_text,0.87,descriptive,13.0,0.0,1.0,0.0,1.0,75.0,0.0,0.9247598373196294,0.31,False
1099_nec_2026_000087,1099_nec_2026_000087,1099_nec,validation,clean,recipient_state,state,VI,WM,VI,WM,False,0.0,0.0,enhanced,VI SB,33.5,WM,0.0,0.0,success,,0.7884418418507189,True,PLEASE OF PROVINICE,False,21.05,PLEASEOFPROVINICE,WM,trocr,PLEASE OF PROVINICE,PLEASEOFPROVINICE,False,21.05,1.0,0.0,0.2,invalid_state_code,0.5124871972029673,structured,17.0,0.0,0.894737,0.0,1.0,0.0,0.0,0.00018179335167698758,0.8,True
1099_nec_2026_000087,1099_nec_2026_000087,1099_nec,validation,clean,recipient_zip,text,58591,58591 Sa eR YR Se ee Oe,58591,58591550,False,76.92,30.86,baseline,58591 Sa eR YR Se ee Oe,30.86,,0.0,0.0,success,,0.2875737554089481,False,58591 Sa eR YR Se ee Oe,False,76.92,585910516051001,58591550,tesseract,58591 Sa eR YR Se ee Oe,58591550,False,76.92,1.0,0.0,0.8,invalid_zip_length,0.3086,structured,8.0,0.217391,0.521739,0.0,1.0,69.56521739130434,0.0,0.000766235967957864,0.8,True
1099_nec_2026_000087,1099_nec_2026_000087,1099_nec,validation,clean,nonemployee_compensation,money,"133,123.88","$ 133,123.88",133123.88,133123.88,True,100.0,48.0,baseline,"$ 133,123.88",48.0,"$ 133,123.88",49.0,0.0,success,,0.1190671009672952,False,"$ 133,123.88",True,100.0,5032328.00,133123.88,tesseract,"$ 133,123.88",133123.88,True,100.0,1.0,1.0,1.0,valid_money,0.48,critical,9.0,0.666667,0.0,0.25,1.0,42.10526315789473,0.0,0.5178383327510214,0.98,True
1099_nec_2026_000087,1099_nec_2026_000087,1099_nec,validation,clean,federal_income_tax_withheld,text,0.00,0.00,0.00,0.00,True,100.0,96.0,enhanced,: 0.00,48.0,0.00,96.0,0.0,success,,0.0,False,,,,,,tesseract,0.00,0.00,True,100.0,1.0,1.0,1.0,valid_money,0.96,critical,4.0,0.75,0.0,0.25,0.0,0.0,0.0,0.9612308894754372,0.98,True
1099_nec_2026_000087,1099_nec_2026_000087,1099_nec,validation,clean,account_number,identifier,NEC-2026-000087,NEC-2026-000087,NEC2026000087,NEC2026000087,True,100.0,92.0,baseline,NEC-2026-000087,92.0,,0.0,0.0,success,,0.0,False,,,,,,tesseract,NEC-2026-000087,NEC2026000087,True,100.0,0.0,1.0,1.0,valid_identifier_shape,0.92,structured,13.0,0.666667,0.2,0.133333,0.0,0.0,0.0,0.9670730944824898,0.8,False
1099_nec_2026_000087,1099_nec_2026_000087,1099_nec,validation,clean,state_tax_withheld,money,0.00,$0.00,0.00,0.00,True,100.0,57.0,enhanced,,0.0,$0.00,57.0,0.0,success,,0.0910785593602498,False,$0.00,True,100.0,------------0.00,0.00,tesseract,$0.00,0.00,True,100.0,0.0,1.0,1.0,valid_money,0.57,critical,4.0,0.6,0.0,0.4,1.0,40.0,0.0,0.9823198152072071,0.98,False
1099_nec_2026_000087,1099_nec_2026_000087,1099_nec,validation,clean,state_payer_number,identifier,VI-4697401,MT0T,VI4697401,MT0T,False,15.38,0.0,baseline,MT0T,0.0,7401,0.0,0.0,success,,0.9999067228452192,True,V1-4697401,False,88.89,V14697401,MT0T,trocr,V1-4697401,V14697401,False,88.89,0.0,1.0,1.0,valid_identifier_shape,0.6499393698493925,structured,9.0,0.8,0.1,0.1,1.0,15.384615384615385,0.0,0.692163727952487,0.8,True
1099_nec_2026_000087,1099_nec_2026_000087,1099_nec,validation,clean,state_income,money,"133,123.88","$133,128.88",133123.88,133128.88,False,88.89,32.0,enhanced,"$183,128.88",0.0,"$133,128.88",32.0,0.0,success,,0.819043316718075,True,"$ 133,123.88",True,100.0,133123.88,133128.88,trocr,"$ 133,123.88",133123.88,True,100.0,0.0,1.0,1.0,valid_money,0.6443781558667487,critical,9.0,0.666667,0.0,0.25,1.0,88.88888888888889,0.0,0.6757054795153584,0.98,True
1099_nec_2026_000124,1099_nec_2026_000124,1099_nec,validation,clean,payer_name,text,COOPER-JONES,COOPER-JONES,COOPER JONES,COOPER JONES,True,100.0,92.0,baseline,COOPER-JONES,92.0,,0.0,0.0,success,,0.0,False,,,,,,tesseract,COOPER-JONES,COOPER JONES,True,100.0,1.0,1.0,1.0,valid_text,0.92,descriptive,12.0,0.0,0.916667,0.083333,0.0,0.0,0.0,0.9616494199740855,0.31,False
1099_nec_2026_000124,1099_nec_2026_000124,1099_nec,validation,clean,payer_street,text,086 NEAL PLAZA APT. 372,086 NEAL PLAZA APT. 372,086 NEAL PLAZA APT 372,086 NEAL PLAZA APT 372,True,100.0,95.2,baseline,086 NEAL PLAZA APT. 372,95.2,,0.0,0.0,success,,0.0,False,,,,,,tesseract,086 NEAL PLAZA APT. 372,086 NEAL PLAZA APT 372,True,100.0,0.0,1.0,1.0,valid_text,0.9520000000000001,descriptive,22.0,0.26087,0.521739,0.043478,0.0,0.0,0.0,0.8224649273675316,0.31,False
1099_nec_2026_000124,1099_nec_2026_000124,1099_nec,validation,clean,payer_city,text,PORT RHONDAVIEW,PORT RHONDAVIEW,PORT RHONDAVIEW,PORT RHONDAVIEW,True,100.0,92.0,baseline,PORT RHONDAVIEW,92.0,,0.0,0.0,success,,0.0,False,,,,,,tesseract,PORT RHONDAVIEW,PORT RHONDAVIEW,True,100.0,0.0,1.0,1.0,valid_text,0.92,descriptive,15.0,0.0,0.933333,0.0,0.0,0.0,0.0,0.7023692839555382,0.31,False
1099_nec_2026_000124,1099_nec_2026_000124,1099_nec,validation,clean,payer_state,state,IN,PM,IN,PM,False,0.0,9.0,enhanced,IN S,19.5,PM,9.0,0.0,success,,0.6460786626244833,True,PLEASE OF PROVINCE,False,22.22,PLEASEOFPROVINCE,PM,trocr,PLEASE OF PROVINCE,PLEASEOFPROVINCE,False,22.22,0.0,0.0,0.2,invalid_state_code,0.45145113070591414,structured,16.0,0.0,0.888889,0.0,1.0,11.111111111111116,0.0,0.0005912570387099508,0.8,True
1099_nec_2026_000124,1099_nec_2026_000124,1099_nec,validation,clean,payer_zip,text,31861,3186,31861,3186,False,88.89,63.0,baseline,3186,63.0,,0.0,0.0,success,,0.0143272736183117,False,3186,False,88.89,5186101005100,3186,tesseract,3186,3186,False,88.89,0.0,0.0,0.8,invalid_zip_length,0.63,structured,4.0,1.0,0.0,0.0,1.0,35.29411764705882,0.0,0.06304789856777634,0.8,True
1099_nec_2026_000124,1099_nec_2026_000124,1099_nec,validation,clean,payer_tin,identifier,00-2307538,00-2307538,002307538,002307538,True,100.0,91.0,baseline,00-2307538,91.0,,0.0,0.0,success,,0.0,False,,,,,,tesseract,00-2307538,002307538,True,100.0,1.0,1.0,1.0,valid_ein_shape,0.91,critical,9.0,0.9,0.0,0.1,0.0,0.0,0.0,0.9626942244826087,0.98,True
1099_nec_2026_000124,1099_nec_2026_000124,1099_nec,validation,clean,recipient_tin,identifier,000-37-9511,000-37-9511,000379511,000379511,True,100.0,90.0,baseline,000-37-9511,90.0,,0.0,0.0,success,,0.0,False,,,,,,tesseract,000-37-9511,000379511,True,100.0,1.0,1.0,1.0,valid_ssn_shape,0.9,critical,9.0,0.818182,0.0,0.181818,0.0,0.0,0.0,0.9566503074648872,0.98,True
1099_nec_2026_000124,1099_nec_2026_000124,1099_nec,validation,clean,recipient_name,text,MICHAEL JOHNSON,MICHAEL JOHNSON,MICHAEL JOHNSON,MICHAEL JOHNSON,True,100.0,95.5,baseline,MICHAEL JOHNSON,95.5,,0.0,0.0,success,,0.0,False,,,,,,tesseract,MICHAEL JOHNSON,MICHAEL JOHNSON,True,100.0,1.0,1.0,1.0,valid_text,0.955,descriptive,15.0,0.0,0.933333,0.0,0.0,0.0,0.0,0.8848351412923087,0.31,False
1099_nec_2026_000124,1099_nec_2026_000124,1099_nec,validation,clean,recipient_street,text,0033 STEPHANIE DAM,0033 STEPHANIE DAM,0033 STEPHANIE DAM,0033 STEPHANIE DAM,True,100.0,95.67,baseline,0033 STEPHANIE DAM,95.67,,0.0,0.0,success,,0.0,False,,,,,,tesseract,0033 STEPHANIE DAM,0033 STEPHANIE DAM,True,100.0,1.0,1.0,1.0,valid_text,0.9567,descriptive,18.0,0.222222,0.666667,0.0,0.0,0.0,0.0,0.9230570431626836,0.31,False
1099_nec_2026_000124,1099_nec_2026_000124,1099_nec,validation,clean,recipient_city,text,MARCUSFURT,MARCUSFURT,MARCUSFURT,MARCUSFURT,True,100.0,92.0,baseline,MARCUSFURT,92.0,MARCUSFURT,93.0,0.0,success,,0.2056160368278442,False,MARCUSFURT,True,100.0,MANCUST SUMMARY,MARCUSFURT,tesseract,MARCUSFURT,MARCUSFURT,True,100.0,1.0,1.0,1.0,valid_text,0.92,descriptive,10.0,0.0,1.0,0.0,1.0,56.00000000000001,0.0,0.8908449155996937,0.31,False
1099_nec_2026_000124,1099_nec_2026_000124,1099_nec,validation,clean,recipient_state,state,AK,KR,AK,KR,False,50.0,45.0,enhanced,AK BR,37.5,KR,45.0,0.0,success,,0.3250426069466853,False,KR,False,50.0,TAKATEORPROVINICE,KR,tesseract,KR,KR,False,50.0,1.0,0.0,0.2,invalid_state_code,0.45,structured,2.0,0.0,1.0,0.0,1.0,21.052631578947366,0.0,0.008943540110971522,0.8,True
1099_nec_2026_000124,1099_nec_2026_000124,1099_nec,validation,clean,recipient_zip,text,67380,7300,67380,7300,False,66.67,0.0,enhanced,67380 Sa eR YR Se ee Oe,34.86,7300,0.0,0.0,success,,0.1372476568660073,False,7300,False,66.67,6738006051001,7300,tesseract,7300,7300,False,66.67,1.0,0.0,0.8,invalid_zip_length,0.0,structured,4.0,1.0,0.0,0.0,1.0,47.05882352941176,0.0,0.0018815856965198944,0.8,True
1099_nec_2026_000124,1099_nec_2026_000124,1099_nec,validation,clean,nonemployee_compensation,money,"47,596.46","5 47,596.46",47596.46,547596.46,False,94.12,72.5,baseline,"5 47,596.46",72.5,,0.0,0.0,success,,0.0,False,,,,,,tesseract,"5 47,596.46",547596.46,False,94.12,1.0,1.0,1.0,valid_money,0.725,critical,9.0,0.727273,0.0,0.181818,0.0,0.0,0.0,0.8668841610640573,0.98,True
1099_nec_2026_000124,1099_nec_2026_000124,1099_nec,validation,clean,federal_income_tax_withheld,text,0.00,0.00,0.00,0.00,True,100.0,96.0,enhanced,: 0.00,48.0,0.00,96.0,0.0,success,,0.0,False,,,,,,tesseract,0.00,0.00,True,100.0,1.0,1.0,1.0,valid_money,0.96,critical,4.0,0.75,0.0,0.25,0.0,0.0,0.0,0.9607449124801191,0.98,True
1099_nec_2026_000124,1099_nec_2026_000124,1099_nec,validation,clean,account_number,identifier,NEC-2026-000124,NEC-2026-000124,NEC2026000124,NEC2026000124,True,100.0,90.0,baseline,NEC-2026-000124,90.0,,0.0,0.0,success,,0.0,False,,,,,,tesseract,NEC-2026-000124,NEC2026000124,True,100.0,0.0,1.0,1.0,valid_identifier_shape,0.9,structured,13.0,0.666667,0.2,0.133333,0.0,0.0,0.0,0.9577531844398317,0.8,False
1099_nec_2026_000124,1099_nec_2026_000124,1099_nec,validation,clean,state_tax_withheld,money,0.00,$0.00,0.00,0.00,True,100.0,57.0,enhanced,,0.0,$0.00,57.0,0.0,success,,0.0910785593602498,False,$0.00,True,100.0,------------0.00,0.00,tesseract,$0.00,0.00,True,100.0,0.0,1.0,1.0,valid_money,0.57,critical,4.0,0.6,0.0,0.4,1.0,40.0,0.0,0.945247104946253,0.98,True
1099_nec_2026_000124,1099_nec_2026_000124,1099_nec,validation,clean,state_payer_number,identifier,AK-7464782,ACTAGATOS,AK7464782,ACTAGATOS,False,11.11,0.0,baseline,ACTAGATOS,0.0,AKANE,0.0,0.0,success,,0.9999094465220878,True,AK-7464782,True,100.0,AK7464782,ACTAGATOS,trocr,AK-7464782,AK7464782,True,100.0,0.0,1.0,1.0,valid_identifier_shape,0.6499411402393571,structured,9.0,0.7,0.2,0.1,1.0,11.111111111111116,0.0,0.44245360111713605,0.8,True
1099_nec_2026_000124,1099_nec_2026_000124,1099_nec,validation,clean,state_income,money,"47,596.46","$47,596.46",47596.46,47596.46,True,100.0,46.0,enhanced,"$47,596.46",0.0,"$47,596.46",46.0,0.0,success,,0.0004452293607561,False,"$47,596.46",True,100.0,47596.46,47596.46,tesseract,"$47,596.46",47596.46,True,100.0,0.0,1.0,1.0,valid_money,0.46,critical,8.0,0.7,0.0,0.3,1.0,100.0,0.0,0.9902316988559525,0.98,False
1099_nec_2026_000156,1099_nec_2026_000156,1099_nec,validation,clean,payer_name,text,BROWN AND SONS,BROWN AND SONS,BROWN AND SONS,BROWN AND SONS,True,100.0,95.33,baseline,BROWN AND SONS,95.33,,0.0,0.0,success,,0.0,False,,,,,,tesseract,BROWN AND SONS,BROWN AND SONS,True,100.0,1.0,1.0,1.0,valid_text,0.9533,descriptive,14.0,0.0,0.857143,0.0,0.0,0.0,0.0,0.8692643406656723,0.31,False
1099_nec_2026_000156,1099_nec_2026_000156,1099_nec,validation,clean,payer_street,text,84526 BARTLETT HEIGHTS SUITE 391,84526 BARTLETT HEIGHTS SUITE 391,84526 BARTLETT HEIGHTS SUITE 391,84526 BARTLETT HEIGHTS SUITE 391,True,100.0,95.6,baseline,84526 BARTLETT HEIGHTS SUITE 391,95.6,,0.0,0.0,success,,0.0,False,,,,,,tesseract,84526 BARTLETT HEIGHTS SUITE 391,84526 BARTLETT HEIGHTS SUITE 391,True,100.0,0.0,1.0,1.0,valid_text,0.956,descriptive,32.0,0.25,0.625,0.0,0.0,0.0,0.0,0.815072420859395,0.31,False
1099_nec_2026_000156,1099_nec_2026_000156,1099_nec,validation,clean,payer_city,text,SCOTTFORT,SCOTTFORT,SCOTTFORT,SCOTTFORT,True,100.0,92.0,baseline,SCOTTFORT,92.0,SCOTTFORT,91.0,0.0,success,,4.638169619594944e-05,False,SCOTTFORT,True,100.0,SCOTTFORT,SCOTTFORT,tesseract,SCOTTFORT,SCOTTFORT,True,100.0,0.0,1.0,1.0,valid_text,0.92,descriptive,9.0,0.0,1.0,0.0,1.0,100.0,0.0,0.9703499453684167,0.31,False
1099_nec_2026_000156,1099_nec_2026_000156,1099_nec,validation,clean,payer_state,state,AL,PO,AL,PO,False,0.0,1.0,enhanced,AL ST,32.5,PO,1.0,0.0,success,,0.6379768167649869,True,PLEASE OR PROVINCE,False,11.11,PLEASEORPROVINCE,PO,trocr,PLEASE OR PROVINCE,PLEASEORPROVINCE,False,11.11,0.0,0.0,0.2,invalid_state_code,0.41818493089724146,structured,16.0,0.0,0.888889,0.0,1.0,22.22222222222222,0.0,0.0008267006813950866,0.8,True
1099_nec_2026_000156,1099_nec_2026_000156,1099_nec,validation,clean,payer_zip,text,15523,15523,15523,15523,True,100.0,64.0,baseline,15523,64.0,88,0.0,0.0,success,,0.0093134655260574,False,15523,True,100.0,1552901605100,15523,tesseract,15523,15523,True,100.0,0.0,1.0,1.0,valid_zip_shape,0.64,structured,5.0,1.0,0.0,0.0,1.0,44.44444444444444,0.0,0.7737436342308969,0.8,True
1099_nec_2026_000156,1099_nec_2026_000156,1099_nec,validation,clean,payer_tin,identifier,00-7443916,00-7443916,007443916,007443916,True,100.0,93.0,baseline,00-7443916,93.0,,0.0,0.0,success,,0.0,False,,,,,,tesseract,00-7443916,007443916,True,100.0,1.0,1.0,1.0,valid_ein_shape,0.93,critical,9.0,0.9,0.0,0.1,0.0,0.0,0.0,0.9589454867824253,0.98,True
1099_nec_2026_000156,1099_nec_2026_000156,1099_nec,validation,clean,recipient_tin,identifier,000-75-3619,000-75-3619,000753619,000753619,True,100.0,92.0,baseline,000-75-3619,92.0,,0.0,0.0,success,,0.0,False,,,,,,tesseract,000-75-3619,000753619,True,100.0,1.0,1.0,1.0,valid_ssn_shape,0.92,critical,9.0,0.818182,0.0,0.181818,0.0,0.0,0.0,0.9702175414431212,0.98,True
1099_nec_2026_000156,1099_nec_2026_000156,1099_nec,validation,clean,recipient_name,text,COREY KING,COREY KING,COREY KING,COREY KING,True,100.0,95.5,baseline,COREY KING,95.5,,0.0,0.0,success,,0.0,False,,,,,,tesseract,COREY KING,COREY KING,True,100.0,1.0,1.0,1.0,valid_text,0.955,descriptive,10.0,0.0,0.9,0.0,0.0,0.0,0.0,0.8821273499696521,0.31,False
1099_nec_2026_000156,1099_nec_2026_000156,1099_nec,validation,clean,recipient_street,text,291 DAVID CANYON,291 DAVID CANYON,291 DAVID CANYON,291 DAVID CANYON,True,100.0,96.0,baseline,291 DAVID CANYON,96.0,,0.0,0.0,success,,0.0,False,,,,,,tesseract,291 DAVID CANYON,291 DAVID CANYON,True,100.0,1.0,1.0,1.0,valid_text,0.96,descriptive,16.0,0.1875,0.6875,0.0,0.0,0.0,0.0,0.9186031414929877,0.31,False
1099_nec_2026_000156,1099_nec_2026_000156,1099_nec,validation,clean,recipient_city,text,EAST JULIE,EAST JULIE,EAST JULIE,EAST JULIE,True,100.0,95.0,baseline,EAST JULIE,95.0,,0.0,0.0,success,,0.0,False,,,,,,tesseract,EAST JULIE,EAST JULIE,True,100.0,1.0,1.0,1.0,valid_text,0.95,descriptive,10.0,0.0,0.9,0.0,0.0,0.0,0.0,0.8334408654411241,0.31,False
1099_nec_2026_000156,1099_nec_2026_000156,1099_nec,validation,clean,recipient_state,state,VA,VA R,VA,VAR,False,80.0,38.0,baseline,VA R,38.0,W,0.0,0.0,success,,0.3246448756354903,False,VA R,False,80.0,SALEOFPROVINICE,VAR,tesseract,VA R,VAR,False,80.0,1.0,0.0,0.2,invalid_state_code,0.38,structured,3.0,0.0,0.75,0.0,1.0,22.22222222222222,0.0,0.0012470775553504447,0.8,True
1099_nec_2026_000156,1099_nec_2026_000156,1099_nec,validation,clean,recipient_zip,text,09964,09964 Sa eR YR Se ee Oe,09964,09964550,False,76.92,34.0,baseline,09964 Sa eR YR Se ee Oe,34.0,,0.0,0.0,success,,0.3019855486599947,False,09964 Sa eR YR Se ee Oe,False,76.92,09964010051001,09964550,tesseract,09964 Sa eR YR Se ee Oe,09964550,False,76.92,1.0,0.0,0.8,invalid_zip_length,0.34,structured,8.0,0.217391,0.521739,0.0,1.0,63.63636363636363,0.0,0.0008384162553512358,0.8,True
1099_nec_2026_000156,1099_nec_2026_000156,1099_nec,validation,clean,nonemployee_compensation,money,"23,727.28","23,727.28",23727.28,23727.28,True,100.0,95.0,enhanced,". 23,727.28",47.0,"23,727.28",95.0,0.0,success,,0.0,False,,,,,,tesseract,"23,727.28",23727.28,True,100.0,1.0,1.0,1.0,valid_money,0.95,critical,8.0,0.777778,0.0,0.222222,0.0,0.0,0.0,0.9712476085872828,0.98,True
1099_nec_2026_000156,1099_nec_2026_000156,1099_nec,validation,clean,federal_income_tax_withheld,text,"2,513.53",": 2,513.53",2513.53,2513.53,True,100.0,48.0,baseline,": 2,513.53",48.0,2513.53,51.0,0.0,success,,1.0991713706772174e-06,False,": 2,513.53",True,100.0,2513.53,2513.53,tesseract,": 2,513.53",2513.53,True,100.0,1.0,1.0,1.0,valid_money,0.48,critical,7.0,0.6,0.0,0.3,1.0,100.0,0.0,0.766449314859678,0.98,True
1099_nec_2026_000156,1099_nec_2026_000156,1099_nec,validation,clean,account_number,identifier,NEC-2026-000156,NEC-2026-000156,NEC2026000156,NEC2026000156,True,100.0,91.0,baseline,NEC-2026-000156,91.0,,0.0,0.0,success,,0.0,False,,,,,,tesseract,NEC-2026-000156,NEC2026000156,True,100.0,0.0,1.0,1.0,valid_identifier_shape,0.91,structured,13.0,0.666667,0.2,0.133333,0.0,0.0,0.0,0.9669264418818385,0.8,False
1099_nec_2026_000156,1099_nec_2026_000156,1099_nec,validation,clean,state_tax_withheld,money,0.00,$0.00,0.00,0.00,True,100.0,57.0,enhanced,,0.0,$0.00,57.0,0.0,success,,0.0910785593602498,False,$0.00,True,100.0,------------0.00,0.00,tesseract,$0.00,0.00,True,100.0,0.0,1.0,1.0,valid_money,0.57,critical,4.0,0.6,0.0,0.4,1.0,40.0,0.0,0.9695842291903498,0.98,True
1099_nec_2026_000156,1099_nec_2026_000156,1099_nec,validation,clean,state_payer_number,identifier,VA-3866974,MASBCOSTS,VA3866974,MASBCOSTS,False,11.11,0.0,baseline,MASBCOSTS,0.0,AS6674,0.0,0.0,success,,0.9999094465220878,True,VA-3866974,True,100.0,VA3866974,MASBCOSTS,trocr,VA-3866974,VA3866974,True,100.0,0.0,1.0,1.0,valid_identifier_shape,0.6499411402393571,structured,9.0,0.7,0.2,0.1,1.0,11.111111111111116,0.0,0.6553986730438364,0.8,True
1099_nec_2026_000156,1099_nec_2026_000156,1099_nec,validation,clean,state_income,money,"23,727.28","$23,727.28",23727.28,23727.28,True,100.0,55.0,enhanced,"$23,727.28",32.0,"$23,727.28",55.0,0.0,success,,0.0003311476836367,False,"$23,727.28",True,100.0,23727.28,23727.28,tesseract,"$23,727.28",23727.28,True,100.0,0.0,1.0,1.0,valid_money,0.55,critical,8.0,0.7,0.0,0.3,1.0,100.0,0.0,0.9786892878033908,0.98,True
1099_nec_2026_000167,1099_nec_2026_000167,1099_nec,validation,clean,payer_name,text,KRAMER-GRIFFITH,KRAMER-GRIFFITH,KRAMER GRIFFITH,KRAMER GRIFFITH,True,100.0,91.0,baseline,KRAMER-GRIFFITH,91.0,,0.0,0.0,success,,0.0,False,,,,,,tesseract,KRAMER-GRIFFITH,KRAMER GRIFFITH,True,100.0,1.0,1.0,1.0,valid_text,0.91,descriptive,15.0,0.0,0.933333,0.066667,0.0,0.0,0.0,0.9416127521849827,0.31,False
1099_nec_2026_000167,1099_nec_2026_000167,1099_nec,validation,clean,payer_street,text,8243 ELIZABETH MOUNTAINS SUITE 464,8243 ELIZABETH MOUNTAINS SUITE 464,8243 ELIZABETH MOUNTAINS SUITE 464,8243 ELIZABETH MOUNTAINS SUITE 464,True,100.0,95.6,baseline,8243 ELIZABETH MOUNTAINS SUITE 464,95.6,,0.0,0.0,success,,0.0,False,,,,,,tesseract,8243 ELIZABETH MOUNTAINS SUITE 464,8243 ELIZABETH MOUNTAINS SUITE 464,True,100.0,0.0,1.0,1.0,valid_text,0.956,descriptive,34.0,0.205882,0.676471,0.0,0.0,0.0,0.0,0.7604103085326217,0.31,False
1099_nec_2026_000167,1099_nec_2026_000167,1099_nec,validation,clean,payer_city,text,WILLIAMHAVEN,WILLIAMHAVEN,WILLIAMHAVEN,WILLIAMHAVEN,True,100.0,92.0,baseline,WILLIAMHAVEN,92.0,WILLIAMHAVEN,88.0,0.0,success,,0.3418393968272707,False,WILLIAMHAVEN,True,100.0,WILLAMHAVEN,WILLIAMHAVEN,tesseract,WILLIAMHAVEN,WILLIAMHAVEN,True,100.0,0.0,1.0,1.0,valid_text,0.92,descriptive,12.0,0.0,1.0,0.0,1.0,95.65217391304348,0.0,0.9102523325815478,0.31,False
1099_nec_2026_000167,1099_nec_2026_000167,1099_nec,validation,clean,payer_state,state,NY,NY,NY,NY,True,100.0,23.0,baseline,NY,23.0,,0.0,0.0,success,,0.5352378711354369,True,INVATE OR PROVINCE,False,11.11,INVATEORPROVINCE,NY,trocr,INVATE OR PROVINCE,INVATEORPROVINCE,False,11.11,0.0,0.0,0.2,invalid_state_code,0.428404616238034,structured,16.0,0.0,0.888889,0.0,1.0,11.111111111111116,0.0,0.0003208634058828421,0.8,True
1099_nec_2026_000167,1099_nec_2026_000167,1099_nec,validation,clean,payer_zip,text,03449,0344900¢°¢£©22,03449,034490022,False,71.43,0.0,baseline,0344900¢°¢£©22,0.0,,0.0,0.0,success,,0.0346162759191276,False,0344900¢°¢£©22,False,71.43,03449051605100,034490022,tesseract,0344900¢°¢£©22,034490022,False,71.43,0.0,1.0,1.0,valid_zip_shape,0.0,structured,9.0,0.642857,0.0,0.357143,1.0,60.86956521739131,0.0,0.24612256306223138,0.8,True
1099_nec_2026_000167,1099_nec_2026_000167,1099_nec,validation,clean,payer_tin,identifier,00-1596568,00-1596568,001596568,001596568,True,100.0,91.0,baseline,00-1596568,91.0,,0.0,0.0,success,,0.0,False,,,,,,tesseract,00-1596568,001596568,True,100.0,1.0,1.0,1.0,valid_ein_shape,0.91,critical,9.0,0.9,0.0,0.1,0.0,0.0,0.0,0.9759094470174676,0.98,True
1099_nec_2026_000167,1099_nec_2026_000167,1099_nec,validation,clean,recipient_tin,identifier,000-92-3224,000-92-3224,000923224,000923224,True,100.0,92.0,baseline,000-92-3224,92.0,,0.0,0.0,success,,0.0,False,,,,,,tesseract,000-92-3224,000923224,True,100.0,1.0,1.0,1.0,valid_ssn_shape,0.92,critical,9.0,0.818182,0.0,0.181818,0.0,0.0,0.0,0.9798347704718077,0.98,True
1099_nec_2026_000167,1099_nec_2026_000167,1099_nec,validation,clean,recipient_name,text,MONICA RICHARDSON,MONICA RICHARDSON,MONICA RICHARDSON,MONICA RICHARDSON,True,100.0,96.0,baseline,MONICA RICHARDSON,96.0,,0.0,0.0,success,,0.0,False,,,,,,tesseract,MONICA RICHARDSON,MONICA RICHARDSON,True,100.0,1.0,1.0,1.0,valid_text,0.96,descriptive,17.0,0.0,0.941176,0.0,0.0,0.0,0.0,0.8680350225989151,0.31,False
1099_nec_2026_000167,1099_nec_2026_000167,1099_nec,validation,clean,recipient_street,text,5279 EMILY JUNCTIONS,5279 EMILY JUNCTIONS,5279 EMILY JUNCTIONS,5279 EMILY JUNCTIONS,True,100.0,96.0,baseline,5279 EMILY JUNCTIONS,96.0,,0.0,0.0,success,,0.0,False,,,,,,tesseract,5279 EMILY JUNCTIONS,5279 EMILY JUNCTIONS,True,100.0,1.0,1.0,1.0,valid_text,0.96,descriptive,20.0,0.2,0.7,0.0,0.0,0.0,0.0,0.9203675659892527,0.31,False
1099_nec_2026_000167,1099_nec_2026_000167,1099_nec,validation,clean,recipient_city,text,WEST GLORIATON,WEST GLORIATON,WEST GLORIATON,WEST GLORIATON,True,100.0,92.0,baseline,WEST GLORIATON,92.0,,0.0,0.0,success,,0.0,False,,,,,,tesseract,WEST GLORIATON,WEST GLORIATON,True,100.0,1.0,1.0,1.0,valid_text,0.92,descriptive,14.0,0.0,0.928571,0.0,0.0,0.0,0.0,0.8187822145898596,0.31,False
1099_nec_2026_000167,1099_nec_2026_000167,1099_nec,validation,clean,recipient_state,state,PR,PR,PR,PR,True,100.0,61.0,enhanced,PR BR,37.5,PR,61.0,0.0,success,,0.221462642129354,False,PR,True,100.0,PLEASEOFPROVINICE,PR,tesseract,PR,PR,True,100.0,1.0,1.0,1.0,valid_state_code,0.61,structured,2.0,0.0,1.0,0.0,1.0,21.052631578947366,0.0,0.7406272670752754,0.8,True
1099_nec_2026_000167,1099_nec_2026_000167,1099_nec,validation,clean,recipient_zip,text,38692,38692 Sa eR YR Se ee Oe,38692,38692550,False,76.92,34.43,baseline,38692 Sa eR YR Se ee Oe,34.43,22,0.0,0.0,success,,0.264119597244445,False,38692 Sa eR YR Se ee Oe,False,76.92,386920516051001,38692550,tesseract,38692 Sa eR YR Se ee Oe,38692550,False,76.92,1.0,0.0,0.8,invalid_zip_length,0.3443,structured,8.0,0.217391,0.521739,0.0,1.0,69.56521739130434,0.0,0.0009660180028996976,0.8,True
1099_nec_2026_000167,1099_nec_2026_000167,1099_nec,validation,clean,nonemployee_compensation,money,"35,550.41","5 35,550.41",35550.41,535550.41,False,94.12,72.0,baseline,"5 35,550.41",72.0,,0.0,0.0,success,,0.0,False,,,,,,tesseract,"5 35,550.41",535550.41,False,94.12,1.0,1.0,1.0,valid_money,0.72,critical,9.0,0.727273,0.0,0.181818,0.0,0.0,0.0,0.8992402033457917,0.98,True
1099_nec_2026_000167,1099_nec_2026_000167,1099_nec,validation,clean,federal_income_tax_withheld,text,"1,802.07","1,802.07",1802.07,1802.07,True,100.0,84.0,enhanced,": 1,802.07",47.0,"1,802.07",84.0,0.0,success,,0.0,False,,,,,,tesseract,"1,802.07",1802.07,True,100.0,1.0,1.0,1.0,valid_money,0.84,critical,7.0,0.75,0.0,0.25,0.0,0.0,0.0,0.9577751105064712,0.98,True
1099_nec_2026_000167,1099_nec_2026_000167,1099_nec,validation,clean,account_number,identifier,NEC-2026-000167,NEC-2026-000167,NEC2026000167,NEC2026000167,True,100.0,89.0,baseline,NEC-2026-000167,89.0,,0.0,0.0,success,,0.0,False,,,,,,tesseract,NEC-2026-000167,NEC2026000167,True,100.0,0.0,1.0,1.0,valid_identifier_shape,0.89,structured,13.0,0.666667,0.2,0.133333,0.0,0.0,0.0,0.9886627702697831,0.8,False
1099_nec_2026_000167,1099_nec_2026_000167,1099_nec,validation,clean,state_tax_withheld,money,0.00,$0.00,0.00,0.00,True,100.0,57.0,enhanced,,0.0,$0.00,57.0,0.0,success,,0.0910785593602498,False,$0.00,True,100.0,------------0.00,0.00,tesseract,$0.00,0.00,True,100.0,0.0,1.0,1.0,valid_money,0.57,critical,4.0,0.6,0.0,0.4,1.0,40.0,0.0,0.9850641107354287,0.98,False
1099_nec_2026_000167,1099_nec_2026_000167,1099_nec,validation,clean,state_payer_number,identifier,PR-6622207,PRZ20F,PR6622207,PRZ20F,False,53.33,0.0,baseline,PRZ20F,0.0,PR66222070,0.0,0.0,success,,0.9991660087614388,True,PR-6622207,True,100.0,PR6622207,PRZ20F,trocr,PR-6622207,PR6622207,True,100.0,0.0,1.0,1.0,valid_identifier_shape,0.6494579056949352,structured,9.0,0.7,0.2,0.1,1.0,53.333333333333336,0.0,0.7711773018256726,0.8,True
1099_nec_2026_000167,1099_nec_2026_000167,1099_nec,validation,clean,state_income,money,"35,550.41","$35,550.41",35550.41,35550.41,True,100.0,48.0,enhanced,"$38,550.41",13.0,"$35,550.41",48.0,0.0,success,,0.0004168844992755,False,"$35,550.41",True,100.0,35550.41,35550.41,tesseract,"$35,550.41",35550.41,True,100.0,0.0,1.0,1.0,valid_money,0.48,critical,8.0,0.7,0.0,0.3,1.0,100.0,0.0,0.9818493963382351,0.98,False
1099_nec_2026_000169,1099_nec_2026_000169,1099_nec,validation,clean,payer_name,text,"ANDERSON, HARPER AND GLASS","ANDERSON, HARPER AND GLASS",ANDERSON HARPER AND GLASS,ANDERSON HARPER AND GLASS,True,100.0,95.25,baseline,"ANDERSON, HARPER AND GLASS",95.25,,0.0,0.0,success,,0.0,False,,,,,,tesseract,"ANDERSON, HARPER AND GLASS",ANDERSON HARPER AND GLASS,True,100.0,1.0,1.0,1.0,valid_text,0.9525,descriptive,25.0,0.0,0.846154,0.038462,0.0,0.0,0.0,0.7875867892547502,0.31,False
1099_nec_2026_000169,1099_nec_2026_000169,1099_nec,validation,clean,payer_street,text,657 BAKER HAVEN,657 BAKER HAVEN,657 BAKER HAVEN,657 BAKER HAVEN,True,100.0,96.0,baseline,657 BAKER HAVEN,96.0,,0.0,0.0,success,,0.0,False,,,,,,tesseract,657 BAKER HAVEN,657 BAKER HAVEN,True,100.0,0.0,1.0,1.0,valid_text,0.96,descriptive,15.0,0.2,0.666667,0.0,0.0,0.0,0.0,0.9335453787067981,0.31,False
1099_nec_2026_000169,1099_nec_2026_000169,1099_nec,validation,clean,payer_city,text,LAKE REBECCATOWN,LAKE REBECCATOWN,LAKE REBECCATOWN,LAKE REBECCATOWN,True,100.0,92.5,baseline,LAKE REBECCATOWN,92.5,,0.0,0.0,success,,0.0,False,,,,,,tesseract,LAKE REBECCATOWN,LAKE REBECCATOWN,True,100.0,0.0,1.0,1.0,valid_text,0.925,descriptive,16.0,0.0,0.9375,0.0,0.0,0.0,0.0,0.7318554095330446,0.31,False
1099_nec_2026_000169,1099_nec_2026_000169,1099_nec,validation,clean,payer_state,state,FM,EM,FM,EM,False,50.0,66.0,baseline,EM,66.0,PM,0.0,0.0,success,,0.169355129409175,False,EM,False,50.0,PLEMEOFPROVINCE,EM,tesseract,EM,EM,False,50.0,0.0,0.0,0.2,invalid_state_code,0.66,structured,2.0,0.0,1.0,0.0,1.0,23.529411764705888,0.0,0.008823705491344553,0.8,True
1099_nec_2026_000169,1099_nec_2026_000169,1099_nec,validation,clean,payer_zip,text,81904,81904,81904,81904,True,100.0,69.0,baseline,81904,69.0,1900,0.0,0.0,success,,0.0062756610694144,False,81904,True,100.0,81904051605100,81904,tesseract,81904,81904,True,100.0,0.0,1.0,1.0,valid_zip_shape,0.69,structured,5.0,1.0,0.0,0.0,1.0,52.63157894736843,0.0,0.865159624637188,0.8,False
1099_nec_2026_000169,1099_nec_2026_000169,1099_nec,validation,clean,payer_tin,identifier,00-6690033,00-6690033,006690033,006690033,True,100.0,92.0,baseline,00-6690033,92.0,,0.0,0.0,success,,0.0,False,,,,,,tesseract,00-6690033,006690033,True,100.0,1.0,1.0,1.0,valid_ein_shape,0.92,critical,9.0,0.9,0.0,0.1,0.0,0.0,0.0,0.9842766759440242,0.98,False
1099_nec_2026_000169,1099_nec_2026_000169,1099_nec,validation,clean,recipient_tin,identifier,000-58-9753,000-58-9753,000589753,000589753,True,100.0,92.0,baseline,000-58-9753,92.0,,0.0,0.0,success,,0.0,False,,,,,,tesseract,000-58-9753,000589753,True,100.0,1.0,1.0,1.0,valid_ssn_shape,0.92,critical,9.0,0.818182,0.0,0.181818,0.0,0.0,0.0,0.9644631933727197,0.98,True
1099_nec_2026_000169,1099_nec_2026_000169,1099_nec,validation,clean,recipient_name,text,JENNA LYNCH,JENNA LYNCH,JENNA LYNCH,JENNA LYNCH,True,100.0,95.5,baseline,JENNA LYNCH,95.5,,0.0,0.0,success,,0.0,False,,,,,,tesseract,JENNA LYNCH,JENNA LYNCH,True,100.0,1.0,1.0,1.0,valid_text,0.955,descriptive,11.0,0.0,0.909091,0.0,0.0,0.0,0.0,0.8926473806086603,0.31,False
1099_nec_2026_000169,1099_nec_2026_000169,1099_nec,validation,clean,recipient_street,text,01491 MONICA ROUTE SUITE 184,01491 MONICA ROUTE SUITE 184,01491 MONICA ROUTE SUITE 184,01491 MONICA ROUTE SUITE 184,True,100.0,95.6,baseline,01491 MONICA ROUTE SUITE 184,95.6,,0.0,0.0,success,,0.0,False,,,,,,tesseract,01491 MONICA ROUTE SUITE 184,01491 MONICA ROUTE SUITE 184,True,100.0,1.0,1.0,1.0,valid_text,0.956,descriptive,28.0,0.285714,0.571429,0.0,0.0,0.0,0.0,0.8060316715843351,0.31,False
1099_nec_2026_000169,1099_nec_2026_000169,1099_nec,validation,clean,recipient_city,text,EAST RANDY,EAST RANDY,EAST RANDY,EAST RANDY,True,100.0,96.0,baseline,EAST RANDY,96.0,,0.0,0.0,success,,0.0,False,,,,,,tesseract,EAST RANDY,EAST RANDY,True,100.0,1.0,1.0,1.0,valid_text,0.96,descriptive,10.0,0.0,0.9,0.0,0.0,0.0,0.0,0.8664408776432492,0.31,False
1099_nec_2026_000169,1099_nec_2026_000169,1099_nec,validation,clean,recipient_state,state,NJ,WH,NJ,WH,False,0.0,0.0,enhanced,NU R,23.5,WH,0.0,0.0,success,,0.7912156798905666,True,TABLE OF PROVINICE,False,11.11,TABLEOFPROVINICE,WH,trocr,TABLE OF PROVINICE,TABLEOFPROVINICE,False,11.11,1.0,0.0,0.2,invalid_state_code,0.5142901919288684,structured,16.0,0.0,0.888889,0.0,1.0,0.0,0.0,3.1489312788092996e-05,0.8,True
1099_nec_2026_000169,1099_nec_2026_000169,1099_nec,validation,clean,recipient_zip,text,45452,45452 Sa eR YR Se ee Oe,45452,45452550,False,76.92,34.86,baseline,45452 Sa eR YR Se ee Oe,34.86,2,0.0,0.0,success,,0.2613788086960769,False,45452 Sa eR YR Se ee Oe,False,76.92,454520516051001,45452550,tesseract,45452 Sa eR YR Se ee Oe,45452550,False,76.92,1.0,0.0,0.8,invalid_zip_length,0.3486,structured,8.0,0.217391,0.521739,0.0,1.0,69.56521739130434,0.0,0.0005116642515190661,0.8,True
1099_nec_2026_000169,1099_nec_2026_000169,1099_nec,validation,clean,nonemployee_compensation,money,"151,986.62","$ 151,986.62",151986.62,151986.62,True,100.0,49.5,baseline,"$ 151,986.62",49.5,"$ 151,986.62",48.0,0.0,success,,0.1854671403628999,False,"$ 151,986.62",True,100.0,51519662.00,151986.62,tesseract,"$ 151,986.62",151986.62,True,100.0,1.0,1.0,1.0,valid_money,0.495,critical,9.0,0.666667,0.0,0.25,1.0,70.0,0.0,0.6734483724535085,0.98,True
1099_nec_2026_000169,1099_nec_2026_000169,1099_nec,validation,clean,federal_income_tax_withheld,text,0.00,0.00,0.00,0.00,True,100.0,96.0,enhanced,: 0.00,48.0,0.00,96.0,0.0,success,,0.0,False,,,,,,tesseract,0.00,0.00,True,100.0,1.0,1.0,1.0,valid_money,0.96,critical,4.0,0.75,0.0,0.25,0.0,0.0,0.0,0.9636037087726923,0.98,True
1099_nec_2026_000169,1099_nec_2026_000169,1099_nec,validation,clean,account_number,identifier,NEC-2026-000169,NEC-2026-000169,NEC2026000169,NEC2026000169,True,100.0,92.0,baseline,NEC-2026-000169,92.0,,0.0,0.0,success,,0.0,False,,,,,,tesseract,NEC-2026-000169,NEC2026000169,True,100.0,0.0,1.0,1.0,valid_identifier_shape,0.92,structured,13.0,0.666667,0.2,0.133333,0.0,0.0,0.0,0.9778510116785908,0.8,False
1099_nec_2026_000169,1099_nec_2026_000169,1099_nec,validation,clean,state_tax_withheld,money,"1,361.54","$1,961.54",1361.54,1961.54,False,85.71,59.0,enhanced,"$,861.54",0.0,"$1,961.54",59.0,0.0,success,,0.658589286176228,True,"$ 1,361.54",True,100.0,1361.54,1961.54,trocr,"$ 1,361.54",1361.54,True,100.0,0.0,1.0,1.0,valid_money,0.6345830360145482,critical,7.0,0.6,0.0,0.3,1.0,85.71428571428572,0.0,0.8526852865045177,0.98,True
1099_nec_2026_000169,1099_nec_2026_000169,1099_nec,validation,clean,state_payer_number,identifier,NJ-7535837,NUT595687,NJ7535837,NUT595687,False,55.56,0.0,enhanced,N-,0.0,NUT595687,0.0,0.0,success,,0.9950022957439674,True,NJ-7535837,True,100.0,NJ7535837,NUT595687,trocr,NJ-7535837,NJ7535837,True,100.0,0.0,1.0,1.0,valid_identifier_shape,0.6467514922335789,structured,9.0,0.7,0.2,0.1,1.0,55.55555555555556,0.0,0.8089813765603899,0.8,False
1099_nec_2026_000169,1099_nec_2026_000169,1099_nec,validation,clean,state_income,money,"151,986.62","$151,986.62",151986.62,151986.62,True,100.0,19.0,enhanced,"$-151,,986.62",0.0,"$151,986.62",19.0,0.0,success,,0.0021424812506419,False,"$151,986.62",True,100.0,151986.62,151986.62,tesseract,"$151,986.62",151986.62,True,100.0,0.0,1.0,1.0,valid_money,0.19,critical,9.0,0.727273,0.0,0.272727,1.0,100.0,0.0,0.8864637797233911,0.98,True
1099_nec_2026_000185,1099_nec_2026_000185,1099_nec,validation,clean,payer_name,text,JACOBS AND SONS,JACOBS AND SONS,JACOBS AND SONS,JACOBS AND SONS,True,100.0,96.0,baseline,JACOBS AND SONS,96.0,,0.0,0.0,success,,0.0,False,,,,,,tesseract,JACOBS AND SONS,JACOBS AND SONS,True,100.0,1.0,1.0,1.0,valid_text,0.96,descriptive,15.0,0.0,0.866667,0.0,0.0,0.0,0.0,0.8806976506642671,0.31,False
1099_nec_2026_000185,1099_nec_2026_000185,1099_nec,validation,clean,payer_street,text,45238 MORALES DAM SUITE 866,45238 MORALES DAM SUITE 866,45238 MORALES DAM SUITE 866,45238 MORALES DAM SUITE 866,True,100.0,94.8,baseline,45238 MORALES DAM SUITE 866,94.8,,0.0,0.0,success,,0.0,False,,,,,,tesseract,45238 MORALES DAM SUITE 866,45238 MORALES DAM SUITE 866,True,100.0,0.0,1.0,1.0,valid_text,0.948,descriptive,27.0,0.296296,0.555556,0.0,0.0,0.0,0.0,0.8948627722491439,0.31,False
1099_nec_2026_000185,1099_nec_2026_000185,1099_nec,validation,clean,payer_city,text,WEST MICHELLESHIRE,WEST MICHELLESHIRE,WEST MICHELLESHIRE,WEST MICHELLESHIRE,True,100.0,92.5,baseline,WEST MICHELLESHIRE,92.5,,0.0,0.0,success,,0.0,False,,,,,,tesseract,WEST MICHELLESHIRE,WEST MICHELLESHIRE,True,100.0,0.0,1.0,1.0,valid_text,0.925,descriptive,18.0,0.0,0.944444,0.0,0.0,0.0,0.0,0.7298839653004877,0.31,False
1099_nec_2026_000185,1099_nec_2026_000185,1099_nec,validation,clean,payer_state,state,NY,NY,NY,NY,True,100.0,23.0,baseline,NY,23.0,,0.0,0.0,success,,0.5352378711354369,True,INVATE OR PROVINCE,False,11.11,INVATEORPROVINCE,NY,trocr,INVATE OR PROVINCE,INVATEORPROVINCE,False,11.11,0.0,0.0,0.2,invalid_state_code,0.428404616238034,structured,16.0,0.0,0.888889,0.0,1.0,11.111111111111116,0.0,0.00038293338902598185,0.8,True
1099_nec_2026_000185,1099_nec_2026_000185,1099_nec,validation,clean,payer_zip,text,54963,54963,54963,54963,True,100.0,55.0,baseline,54963,55.0,5908,0.0,0.0,success,,0.0099112906290823,False,54963,True,100.0,54963051605100,54963,tesseract,54963,54963,True,100.0,0.0,1.0,1.0,valid_zip_shape,0.55,structured,5.0,1.0,0.0,0.0,1.0,52.63157894736843,0.0,0.7247513409147559,0.8,True
1099_nec_2026_000185,1099_nec_2026_000185,1099_nec,validation,clean,payer_tin,identifier,00-6311628,00-6311628,006311628,006311628,True,100.0,91.0,baseline,00-6311628,91.0,,0.0,0.0,success,,0.0,False,,,,,,tesseract,00-6311628,006311628,True,100.0,1.0,1.0,1.0,valid_ein_shape,0.91,critical,9.0,0.9,0.0,0.1,0.0,0.0,0.0,0.995722908468457,0.98,False
1099_nec_2026_000185,1099_nec_2026_000185,1099_nec,validation,clean,recipient_tin,identifier,000-48-5989,000-48-5989,000485989,000485989,True,100.0,91.0,baseline,000-48-5989,91.0,,0.0,0.0,success,,0.0,False,,,,,,tesseract,000-48-5989,000485989,True,100.0,1.0,1.0,1.0,valid_ssn_shape,0.91,critical,9.0,0.818182,0.0,0.181818,0.0,0.0,0.0,0.9686512659647794,0.98,True
1099_nec_2026_000185,1099_nec_2026_000185,1099_nec,validation,clean,recipient_name,text,JOANNA RAMOS,JOANNA RAMOS,JOANNA RAMOS,JOANNA RAMOS,True,100.0,96.0,baseline,JOANNA RAMOS,96.0,,0.0,0.0,success,,0.0,False,,,,,,tesseract,JOANNA RAMOS,JOANNA RAMOS,True,100.0,1.0,1.0,1.0,valid_text,0.96,descriptive,12.0,0.0,0.916667,0.0,0.0,0.0,0.0,0.8872034072366899,0.31,False
1099_nec_2026_000185,1099_nec_2026_000185,1099_nec,validation,clean,recipient_street,text,27585 WEAVER JUNCTION SUITE 559,27585 WEAVER JUNCTION SUITE 559,27585 WEAVER JUNCTION SUITE 559,27585 WEAVER JUNCTION SUITE 559,True,100.0,94.8,baseline,27585 WEAVER JUNCTION SUITE 559,94.8,,0.0,0.0,success,,0.0,False,,,,,,tesseract,27585 WEAVER JUNCTION SUITE 559,27585 WEAVER JUNCTION SUITE 559,True,100.0,1.0,1.0,1.0,valid_text,0.948,descriptive,31.0,0.258065,0.612903,0.0,0.0,0.0,0.0,0.7663862412510705,0.31,False
1099_nec_2026_000185,1099_nec_2026_000185,1099_nec,validation,clean,recipient_city,text,GREGORYBERG,GREGORYBERG,GREGORYBERG,GREGORYBERG,True,100.0,92.0,baseline,GREGORYBERG,92.0,GREGORYBERG,92.0,0.0,success,,1.1934413497878864e-06,False,GREGORYBERG,True,100.0,GREGORYBERG,GREGORYBERG,tesseract,GREGORYBERG,GREGORYBERG,True,100.0,1.0,1.0,1.0,valid_text,0.92,descriptive,11.0,0.0,1.0,0.0,1.0,100.0,0.0,0.9700808291546561,0.31,False
1099_nec_2026_000185,1099_nec_2026_000185,1099_nec,validation,clean,recipient_state,state,ME,ME,ME,ME,True,100.0,33.0,enhanced,ME SP,21.5,ME,33.0,0.0,success,,0.4869872324883407,True,PLEASE OF PROVINCE,False,11.11,PLEASEOFPROVINCE,ME,trocr,PLEASE OF PROVINCE,PLEASEOFPROVINCE,False,11.11,1.0,0.0,0.2,invalid_state_code,0.43204170111742146,structured,16.0,0.0,0.888889,0.0,1.0,11.111111111111116,0.0,0.00010451325923335148,0.8,True
1099_nec_2026_000185,1099_nec_2026_000185,1099_nec,validation,clean,recipient_zip,text,81029,81029 Sa eR YR Se ee Oe,81029,81029550,False,76.92,34.71,baseline,81029 Sa eR YR Se ee Oe,34.71,029,0.0,0.0,success,,0.248779853269848,False,81029 Sa eR YR Se ee Oe,False,76.92,8102901605100,81029550,tesseract,81029 Sa eR YR Se ee Oe,81029550,False,76.92,1.0,0.0,0.8,invalid_zip_length,0.3471,structured,8.0,0.217391,0.521739,0.0,1.0,66.66666666666667,0.0,0.0008980994717663834,0.8,True
1099_nec_2026_000185,1099_nec_2026_000185,1099_nec,validation,clean,nonemployee_compensation,money,"113,877.49","$ 113,877.49",113877.49,113877.49,True,100.0,48.0,baseline,"$ 113,877.49",48.0,"$ 113,877.49",48.0,0.0,success,,0.1900609534930253,False,"$ 113,877.49",True,100.0,511387749.00,113877.49,tesseract,"$ 113,877.49",113877.49,True,100.0,1.0,1.0,1.0,valid_money,0.48,critical,9.0,0.666667,0.0,0.25,1.0,76.19047619047619,0.0,0.6757131267385258,0.98,True
1099_nec_2026_000185,1099_nec_2026_000185,1099_nec,validation,clean,federal_income_tax_withheld,text,"9,074.71","9,074.71",9074.71,9074.71,True,100.0,68.0,enhanced,": 9,074.71",46.5,"9,074.71",68.0,0.0,success,,6.461513789678026e-07,False,"9,074.71",True,100.0,,9074.71,tesseract,"9,074.71",9074.71,True,100.0,1.0,1.0,1.0,valid_money,0.68,critical,7.0,0.75,0.0,0.25,0.0,0.0,0.0,0.8717790230601874,0.98,True
1099_nec_2026_000185,1099_nec_2026_000185,1099_nec,validation,clean,account_number,identifier,NEC-2026-000185,NEC-2026-000185,NEC2026000185,NEC2026000185,True,100.0,91.0,baseline,NEC-2026-000185,91.0,,0.0,0.0,success,,0.0,False,,,,,,tesseract,NEC-2026-000185,NEC2026000185,True,100.0,0.0,1.0,1.0,valid_identifier_shape,0.91,structured,13.0,0.666667,0.2,0.133333,0.0,0.0,0.0,0.9658488667786342,0.8,False
1099_nec_2026_000185,1099_nec_2026_000185,1099_nec,validation,clean,state_tax_withheld,money,"3,948.80","$8,948.80",3948.80,8948.80,False,85.71,59.0,enhanced,$4..,0.0,"$8,948.80",59.0,0.0,success,,0.2264924275762519,False,"$8,948.80",False,85.71,3948.80,8948.80,tesseract,"$8,948.80",8948.80,False,85.71,0.0,1.0,1.0,valid_money,0.59,critical,7.0,0.666667,0.0,0.333333,1.0,85.71428571428572,0.0,0.9897453863762107,0.98,False
1099_nec_2026_000185,1099_nec_2026_000185,1099_nec,validation,clean,state_payer_number,identifier,ME-6775801,MEO7S80T,ME6775801,MEO7S80T,False,58.82,0.0,baseline,MEO7S80T,0.0,ME677560100,0.0,0.0,success,,0.9985698330902424,True,ME-6775801,True,100.0,ME6775801,MEO7S80T,trocr,ME-6775801,ME6775801,True,100.0,0.0,1.0,1.0,valid_identifier_shape,0.6490703915086575,structured,9.0,0.7,0.2,0.1,1.0,58.82352941176471,0.0,0.855804460417895,0.8,False
1099_nec_2026_000185,1099_nec_2026_000185,1099_nec,validation,clean,state_income,money,"113,877.49","$113,877.49",113877.49,113877.49,True,100.0,39.0,enhanced,"$118,877.49",21.0,"$113,877.49",39.0,0.0,success,,0.0011106117224432,False,"$113,877.49",True,100.0,113877.49,113877.49,tesseract,"$113,877.49",113877.49,True,100.0,0.0,1.0,1.0,valid_money,0.39,critical,9.0,0.727273,0.0,0.272727,1.0,100.0,0.0,0.9680842727175195,0.98,True
1099_nec_2026_000195,1099_nec_2026_000195,1099_nec,validation,clean,payer_name,text,BAUTISTA LLC,BAUTISTA LLC,BAUTISTA LLC,BAUTISTA LLC,True,100.0,96.0,baseline,BAUTISTA LLC,96.0,,0.0,0.0,success,,0.0,False,,,,,,tesseract,BAUTISTA LLC,BAUTISTA LLC,True,100.0,1.0,1.0,1.0,valid_text,0.96,descriptive,12.0,0.0,0.916667,0.0,0.0,0.0,0.0,0.9313451792265479,0.31,False
1099_nec_2026_000195,1099_nec_2026_000195,1099_nec,validation,clean,payer_street,text,24760 BRADLEY CIRCLE APT. 810,24760 BRADLEY CIRCLE APT. 810,24760 BRADLEY CIRCLE APT 810,24760 BRADLEY CIRCLE APT 810,True,100.0,94.0,baseline,24760 BRADLEY CIRCLE APT. 810,94.0,,0.0,0.0,success,,0.0,False,,,,,,tesseract,24760 BRADLEY CIRCLE APT. 810,24760 BRADLEY CIRCLE APT 810,True,100.0,0.0,1.0,1.0,valid_text,0.94,descriptive,28.0,0.275862,0.551724,0.034483,0.0,0.0,0.0,0.776427611000482,0.31,False
1099_nec_2026_000195,1099_nec_2026_000195,1099_nec,validation,clean,payer_city,text,NORTH LINDA,NORTH LINDA,NORTH LINDA,NORTH LINDA,True,100.0,96.0,baseline,NORTH LINDA,96.0,,0.0,0.0,success,,0.0,False,,,,,,tesseract,NORTH LINDA,NORTH LINDA,True,100.0,0.0,1.0,1.0,valid_text,0.96,descriptive,11.0,0.0,0.909091,0.0,0.0,0.0,0.0,0.7684414324201161,0.31,False
1099_nec_2026_000195,1099_nec_2026_000195,1099_nec,validation,clean,payer_state,state,WA,WR,WA,WR,False,50.0,37.0,enhanced,WA EE,25.5,WR,37.0,0.0,success,,0.3461562750763636,False,WR,False,50.0,LOWEROFPROVINCE,WR,tesseract,WR,WR,False,50.0,0.0,0.0,0.2,invalid_state_code,0.37,structured,2.0,0.0,1.0,0.0,1.0,23.529411764705888,0.0,0.01084648792023481,0.8,True
1099_nec_2026_000195,1099_nec_2026_000195,1099_nec,validation,clean,payer_zip,text,54577,54577,54577,54577,True,100.0,49.0,baseline,54577,49.0,577,30.0,0.0,success,,0.0151666797587883,False,54577,True,100.0,5457001605100,54577,tesseract,54577,54577,True,100.0,0.0,1.0,1.0,valid_zip_shape,0.49,structured,5.0,1.0,0.0,0.0,1.0,44.44444444444444,0.0,0.5789009586152947,0.8,True
1099_nec_2026_000195,1099_nec_2026_000195,1099_nec,validation,clean,payer_tin,identifier,00-5228713,00-5228713,005228713,005228713,True,100.0,92.0,baseline,00-5228713,92.0,,0.0,0.0,success,,0.0,False,,,,,,tesseract,00-5228713,005228713,True,100.0,1.0,1.0,1.0,valid_ein_shape,0.92,critical,9.0,0.9,0.0,0.1,0.0,0.0,0.0,0.9644699087012527,0.98,True
1099_nec_2026_000195,1099_nec_2026_000195,1099_nec,validation,clean,recipient_tin,identifier,000-26-5603,000-26-5603,000265603,000265603,True,100.0,91.0,baseline,000-26-5603,91.0,,0.0,0.0,success,,0.0,False,,,,,,tesseract,000-26-5603,000265603,True,100.0,1.0,1.0,1.0,valid_ssn_shape,0.91,critical,9.0,0.818182,0.0,0.181818,0.0,0.0,0.0,0.9587013295236063,0.98,True
1099_nec_2026_000195,1099_nec_2026_000195,1099_nec,validation,clean,recipient_name,text,ASHLEE ROSS,ASHLEE ROSS,ASHLEE ROSS,ASHLEE ROSS,True,100.0,94.0,baseline,ASHLEE ROSS,94.0,,0.0,0.0,success,,0.0,False,,,,,,tesseract,ASHLEE ROSS,ASHLEE ROSS,True,100.0,1.0,1.0,1.0,valid_text,0.94,descriptive,11.0,0.0,0.909091,0.0,0.0,0.0,0.0,0.8910587940909097,0.31,False
1099_nec_2026_000195,1099_nec_2026_000195,1099_nec,validation,clean,recipient_street,text,2680 ZACHARY VALLEYS,2680 ZACHARY VALLEYS,2680 ZACHARY VALLEYS,2680 ZACHARY VALLEYS,True,100.0,96.0,baseline,2680 ZACHARY VALLEYS,96.0,,0.0,0.0,success,,0.0,False,,,,,,tesseract,2680 ZACHARY VALLEYS,2680 ZACHARY VALLEYS,True,100.0,1.0,1.0,1.0,valid_text,0.96,descriptive,20.0,0.2,0.7,0.0,0.0,0.0,0.0,0.91809530472139,0.31,False
1099_nec_2026_000195,1099_nec_2026_000195,1099_nec,validation,clean,recipient_city,text,SETHBERG,ENT wt GN Ue SETHBERG,SETHBERG,ENT WT GN UE SETHBERG,False,55.17,47.2,enhanced,SETHBERG,10.0,ENT wt GN Ue SETHBERG,47.2,0.0,success,,0.4016102603701749,False,ENT wt GN Ue SETHBERG,False,55.17,SETHBERG SUMMARY,ENT WT GN UE SETHBERG,tesseract,ENT wt GN Ue SETHBERG,ENT WT GN UE SETHBERG,False,55.17,1.0,1.0,1.0,valid_text,0.47200000000000003,descriptive,21.0,0.0,0.809524,0.0,1.0,43.24324324324324,0.0,0.035958892791342914,0.31,True
1099_nec_2026_000195,1099_nec_2026_000195,1099_nec,validation,clean,recipient_state,state,OR,PR,OR,PR,False,50.0,52.0,enhanced,OR BP,29.0,PR,52.0,0.0,success,,0.2701723727235304,False,PR,False,50.0,DATEOFPROVINICE,PR,tesseract,PR,PR,False,50.0,1.0,1.0,1.0,valid_state_code,0.52,structured,2.0,0.0,1.0,0.0,1.0,23.529411764705888,0.0,0.7951158471804564,0.8,True
1099_nec_2026_000195,1099_nec_2026_000195,1099_nec,validation,clean,recipient_zip,text,04496,04496 Sa eR YR Se ee Oe,04496,04496550,False,76.92,34.86,baseline,04496 Sa eR YR Se ee Oe,34.86,05,0.0,0.0,success,,0.2613788086960769,False,04496 Sa eR YR Se ee Oe,False,76.92,044960516051001,04496550,tesseract,04496 Sa eR YR Se ee Oe,04496550,False,76.92,1.0,0.0,0.8,invalid_zip_length,0.3486,structured,8.0,0.217391,0.521739,0.0,1.0,69.56521739130434,0.0,0.0013814109946339906,0.8,True
1099_nec_2026_000195,1099_nec_2026_000195,1099_nec,validation,clean,nonemployee_compensation,money,"107,743.01","$ 107,743.01",107743.01,107743.01,True,100.0,49.0,baseline,"$ 107,743.01",49.0,"$ 107,743.01",48.0,0.0,success,,0.1154397824920466,False,"$ 107,743.01",True,100.0,510774301.00,107743.01,tesseract,"$ 107,743.01",107743.01,True,100.0,1.0,1.0,1.0,valid_money,0.49,critical,9.0,0.666667,0.0,0.25,1.0,76.19047619047619,0.0,0.7753351053303549,0.98,True
1099_nec_2026_000195,1099_nec_2026_000195,1099_nec,validation,clean,federal_income_tax_withheld,text,"7,834.43","7,834.43",7834.43,7834.43,True,100.0,52.0,enhanced,": 7,834.43",45.5,"7,834.43",52.0,0.0,success,,1.09389841952449e-06,False,"7,834.43",True,100.0,,7834.43,tesseract,"7,834.43",7834.43,True,100.0,1.0,1.0,1.0,valid_money,0.52,critical,7.0,0.75,0.0,0.25,0.0,0.0,0.0,0.675620360783171,0.98,True
1099_nec_2026_000195,1099_nec_2026_000195,1099_nec,validation,clean,account_number,identifier,NEC-2026-000195,NEC-2026-000195,NEC2026000195,NEC2026000195,True,100.0,91.0,baseline,NEC-2026-000195,91.0,,0.0,0.0,success,,0.0,False,,,,,,tesseract,NEC-2026-000195,NEC2026000195,True,100.0,0.0,1.0,1.0,valid_identifier_shape,0.91,structured,13.0,0.666667,0.2,0.133333,0.0,0.0,0.0,0.959754220843161,0.8,False
1099_nec_2026_000195,1099_nec_2026_000195,1099_nec,validation,clean,state_tax_withheld,money,496.88,$496.88,496.88,496.88,True,100.0,56.0,enhanced,$(,0.0,$496.88,56.0,0.0,success,,0.4215353811463042,False,$496.88,True,100.0,0.50,496.88,tesseract,$496.88,496.88,True,100.0,0.0,1.0,1.0,valid_money,0.56,critical,6.0,0.714286,0.0,0.285714,1.0,19.999999999999996,0.0,0.7313606555877821,0.98,True
1099_nec_2026_000195,1099_nec_2026_000195,1099_nec,validation,clean,state_payer_number,identifier,OR-2871488,OR2E71488,OR2871488,OR2E71488,False,88.89,0.0,enhanced,C24,0.0,OR2E71488,0.0,0.0,success,,0.9878512165261384,True,OR-2871488,True,100.0,OR2871488,OR2E71488,trocr,OR-2871488,OR2871488,True,100.0,0.0,1.0,1.0,valid_identifier_shape,0.64210329074199,structured,9.0,0.7,0.2,0.1,1.0,88.88888888888889,0.0,0.902348891246695,0.8,False
1099_nec_2026_000195,1099_nec_2026_000195,1099_nec,validation,clean,state_income,money,"107,743.01","$107,743.01",107743.01,107743.01,True,100.0,32.0,enhanced,"$107,743.01",0.0,"$107,743.01",32.0,0.0,success,,0.0007806083352424,False,"$107,743.01",True,100.0,107743.01,107743.01,tesseract,"$107,743.01",107743.01,True,100.0,0.0,1.0,1.0,valid_money,0.32,critical,9.0,0.727273,0.0,0.272727,1.0,100.0,0.0,0.9775257033560021,0.98,True
1099_nec_2026_000240,1099_nec_2026_000240,1099_nec,validation,clean,payer_name,text,"PETERSON, PATTERSON AND SMITH","PETERSON, PATTERSON AND SMITH",PETERSON PATTERSON AND SMITH,PETERSON PATTERSON AND SMITH,True,100.0,95.25,baseline,"PETERSON, PATTERSON AND SMITH",95.25,,0.0,0.0,success,,0.0,False,,,,,,tesseract,"PETERSON, PATTERSON AND SMITH",PETERSON PATTERSON AND SMITH,True,100.0,1.0,1.0,1.0,valid_text,0.9525,descriptive,28.0,0.0,0.862069,0.034483,0.0,0.0,0.0,0.7822385582330866,0.31,False
1099_nec_2026_000240,1099_nec_2026_000240,1099_nec,validation,clean,payer_street,text,693 HAYES PARKS,693 HAYES PARKS,693 HAYES PARKS,693 HAYES PARKS,True,100.0,96.0,baseline,693 HAYES PARKS,96.0,,0.0,0.0,success,,0.0,False,,,,,,tesseract,693 HAYES PARKS,693 HAYES PARKS,True,100.0,0.0,1.0,1.0,valid_text,0.96,descriptive,15.0,0.2,0.666667,0.0,0.0,0.0,0.0,0.9352829358039058,0.31,False
1099_nec_2026_000240,1099_nec_2026_000240,1099_nec,validation,clean,payer_city,text,LINDATON,wy wt hw eee LINDATON,LINDATON,WY WT HW EEE LINDATON,False,55.17,49.2,enhanced,LINDATON —,23.5,wy wt hw eee LINDATON,49.2,0.0,success,,0.6578226970973046,True,"LINDATION"" ****",False,94.12,LINDATION,WY WT HW EEE LINDATON,trocr,"LINDATION"" ****",LINDATION,False,94.12,0.0,1.0,1.0,valid_text,0.5997847531132481,descriptive,9.0,0.0,0.6,0.333333,1.0,53.333333333333336,0.0,0.19953576004851922,0.31,True
1099_nec_2026_000240,1099_nec_2026_000240,1099_nec,validation,clean,payer_state,state,NJ,NJ,NJ,NJ,True,100.0,65.0,baseline,NJ,65.0,PM,0.0,0.0,success,,0.1894094196120748,False,NJ,True,100.0,PLEASEORPROVINCE,NJ,tesseract,NJ,NJ,True,100.0,0.0,1.0,1.0,valid_state_code,0.65,structured,2.0,0.0,1.0,0.0,1.0,11.111111111111116,0.0,0.899905594679673,0.8,False
1099_nec_2026_000240,1099_nec_2026_000240,1099_nec,validation,clean,payer_zip,text,00570,00570,00570,00570,True,100.0,51.0,baseline,00570,51.0,870,0.0,0.0,success,,0.0142144437539384,False,00570,True,100.0,6057001605100,00570,tesseract,00570,00570,True,100.0,0.0,1.0,1.0,valid_zip_shape,0.51,structured,5.0,1.0,0.0,0.0,1.0,44.44444444444444,0.0,0.6521744480680851,0.8,True
1099_nec_2026_000240,1099_nec_2026_000240,1099_nec,validation,clean,payer_tin,identifier,00-1690406,00-1690406,001690406,001690406,True,100.0,91.0,baseline,00-1690406,91.0,,0.0,0.0,success,,0.0,False,,,,,,tesseract,00-1690406,001690406,True,100.0,1.0,1.0,1.0,valid_ein_shape,0.91,critical,9.0,0.9,0.0,0.1,0.0,0.0,0.0,0.955208480123519,0.98,True
1099_nec_2026_000240,1099_nec_2026_000240,1099_nec,validation,clean,recipient_tin,identifier,000-50-3072,000-50-3072,000503072,000503072,True,100.0,92.0,baseline,000-50-3072,92.0,,0.0,0.0,success,,0.0,False,,,,,,tesseract,000-50-3072,000503072,True,100.0,1.0,1.0,1.0,valid_ssn_shape,0.92,critical,9.0,0.818182,0.0,0.181818,0.0,0.0,0.0,0.9702175414431212,0.98,True
1099_nec_2026_000240,1099_nec_2026_000240,1099_nec,validation,clean,recipient_name,text,ALICIA JACKSON,ALICIA JACKSON,ALICIA JACKSON,ALICIA JACKSON,True,100.0,96.0,baseline,ALICIA JACKSON,96.0,,0.0,0.0,success,,0.0,False,,,,,,tesseract,ALICIA JACKSON,ALICIA JACKSON,True,100.0,1.0,1.0,1.0,valid_text,0.96,descriptive,14.0,0.0,0.928571,0.0,0.0,0.0,0.0,0.8792482234905529,0.31,False
1099_nec_2026_000240,1099_nec_2026_000240,1099_nec,validation,clean,recipient_street,text,019 DAVIS STREAM,019 DAVIS STREAM,019 DAVIS STREAM,019 DAVIS STREAM,True,100.0,96.0,baseline,019 DAVIS STREAM,96.0,,0.0,0.0,success,,0.0,False,,,,,,tesseract,019 DAVIS STREAM,019 DAVIS STREAM,True,100.0,1.0,1.0,1.0,valid_text,0.96,descriptive,16.0,0.1875,0.6875,0.0,0.0,0.0,0.0,0.9186031414929877,0.31,False
1099_nec_2026_000240,1099_nec_2026_000240,1099_nec,validation,clean,recipient_city,text,EAST KYLEBOROUGH,EAST KYLEBOROUGH,EAST KYLEBOROUGH,EAST KYLEBOROUGH,True,100.0,92.0,baseline,EAST KYLEBOROUGH,92.0,,0.0,0.0,success,,0.0,False,,,,,,tesseract,EAST KYLEBOROUGH,EAST KYLEBOROUGH,True,100.0,1.0,1.0,1.0,valid_text,0.92,descriptive,16.0,0.0,0.9375,0.0,0.0,0.0,0.0,0.7945443639075662,0.31,False
1099_nec_2026_000240,1099_nec_2026_000240,1099_nec,validation,clean,recipient_state,state,OK,PR,OK,PR,False,0.0,41.0,enhanced,OK BR,23.0,PR,41.0,0.0,success,,0.3511961618059209,False,PR,False,0.0,OKATEORPROVINICE,PR,tesseract,PR,PR,False,0.0,1.0,1.0,1.0,valid_state_code,0.41,structured,2.0,0.0,1.0,0.0,1.0,22.22222222222222,0.0,0.6733768523551019,0.8,True
1099_nec_2026_000240,1099_nec_2026_000240,1099_nec,validation,clean,recipient_zip,text,32436,32436 Sa eR YR Se ee Oe,32436,32436550,False,76.92,32.43,baseline,32436 Sa eR YR Se ee Oe,32.43,5,0.0,0.0,success,,0.2771071272688407,False,32436 Sa eR YR Se ee Oe,False,76.92,324360516051001,32436550,tesseract,32436 Sa eR YR Se ee Oe,32436550,False,76.92,1.0,0.0,0.8,invalid_zip_length,0.3243,structured,8.0,0.217391,0.521739,0.0,1.0,69.56521739130434,0.0,0.0009599707231101846,0.8,True
1099_nec_2026_000240,1099_nec_2026_000240,1099_nec,validation,clean,nonemployee_compensation,money,"119,242.49","6 119,242.49",119242.49,6119242.49,False,94.74,69.0,enhanced,"$ 119,242.49",47.5,"6 119,242.49",69.0,0.0,success,,0.0352652216952216,False,"6 119,242.49",False,94.74,5194249.00,6119242.49,tesseract,"6 119,242.49",6119242.49,False,94.74,1.0,1.0,1.0,valid_money,0.69,critical,10.0,0.75,0.0,0.166667,1.0,60.0,0.0,0.8180153267656528,0.98,True
1099_nec_2026_000240,1099_nec_2026_000240,1099_nec,validation,clean,federal_income_tax_withheld,text,0.00,0.00,0.00,0.00,True,100.0,96.0,enhanced,: 0.00,48.0,0.00,96.0,0.0,success,,0.0,False,,,,,,tesseract,0.00,0.00,True,100.0,1.0,1.0,1.0,valid_money,0.96,critical,4.0,0.75,0.0,0.25,0.0,0.0,0.0,0.9551025589281915,0.98,True
1099_nec_2026_000240,1099_nec_2026_000240,1099_nec,validation,clean,account_number,identifier,NEC-2026-000240,NEC-2026-000240,NEC2026000240,NEC2026000240,True,100.0,91.0,baseline,NEC-2026-000240,91.0,,0.0,0.0,success,,0.0,False,,,,,,tesseract,NEC-2026-000240,NEC2026000240,True,100.0,0.0,1.0,1.0,valid_identifier_shape,0.91,structured,13.0,0.666667,0.2,0.133333,0.0,0.0,0.0,0.9669264418818385,0.8,False
1099_nec_2026_000240,1099_nec_2026_000240,1099_nec,validation,clean,state_tax_withheld,money,0.00,$0.00,0.00,0.00,True,100.0,57.0,enhanced,,0.0,$0.00,57.0,0.0,success,,0.0910785593602498,False,$0.00,True,100.0,------------0.00,0.00,tesseract,$0.00,0.00,True,100.0,0.0,1.0,1.0,valid_money,0.57,critical,4.0,0.6,0.0,0.4,1.0,40.0,0.0,0.9695842291903498,0.98,True
1099_nec_2026_000240,1099_nec_2026_000240,1099_nec,validation,clean,state_payer_number,identifier,OK-4441935,OK-444985,OK4441935,OK444985,False,82.35,6.0,enhanced,CRS,22.0,OK-444985,6.0,0.0,success,,0.9828997984627214,True,OK-4441935,True,100.0,OK4441935,OK444985,trocr,OK-4441935,OK4441935,True,100.0,0.0,1.0,1.0,valid_identifier_shape,0.6598848690007689,structured,9.0,0.7,0.2,0.1,1.0,82.35294117647058,0.0,0.9274349938520909,0.8,False
1099_nec_2026_000240,1099_nec_2026_000240,1099_nec,validation,clean,state_income,money,"119,242.49","$119,242.49",119242.49,119242.49,True,100.0,25.0,enhanced,"$119,242.49",12.0,"$119,242.49",25.0,0.0,success,,0.0009825997695344,False,"$119,242.49",True,100.0,119242.49,119242.49,tesseract,"$119,242.49",119242.49,True,100.0,0.0,1.0,1.0,valid_money,0.25,critical,9.0,0.727273,0.0,0.272727,1.0,100.0,0.0,0.911199507551072,0.98,True
w2_2026_000010_scan_mild_01,w2_2026_000010,w2,validation,mild,employee_ssn,identifier,000-35-3504,000-35-3504 VRS,000353504,0003535045,False,94.74,5.5,baseline,000-35-3504 VRS,5.5,J035-3506,0.0,0.0,success,,0.2982483050199611,False,000-35-3504 VRS,False,94.74,00035356455015105,0003535045,tesseract,000-35-3504 VRS,0003535045,False,94.74,1.0,0.0,0.8200000000000001,invalid_ssn_length,0.055,critical,10.0,0.6,0.2,0.133333,1.0,66.66666666666667,0.0,0.00042325937312261586,0.98,True
w2_2026_000010_scan_mild_01,w2_2026_000010,w2,validation,mild,employer_ein,identifier,00-7273233,B IVCMUNCAOMUITIOCELCIUN,007273233,81011011,False,23.53,0.0,enhanced,00-7273233 SNANPRSEUNSGAENEDFUNAEE,20.0,B IVCMUNCAOMUITIOCELCIUN,0.0,0.0,success,,0.8902484952029909,True,09-7279293 TRANSICATION NUMBER PAY ONCLUSIONS ON BACK OF RECEIPT,False,36.36,097279293511080151050801,81011011,trocr,09-7279293 TRANSICATION NUMBER PAY ONCLUSIONS ON BACK OF RECEIPT,097279293511080151050801,False,36.36,1.0,0.0,0.0,invalid_ein_length,0.5786615218819441,critical,24.0,0.140625,0.71875,0.015625,1.0,37.5,0.0,0.00014803191810295878,0.98,True
w2_2026_000010_scan_mild_01,w2_2026_000010,w2,validation,mild,employer_name_address,multiline,"WAGNER-KING
64005 DANA GREENS
LAKE SCOTT, VT 56558","© CMPlOyer os Malle, AUUICos, ally LIF VUUS WAGNER-KING 64005 DANA GREENS LAKE SCOTT, VT 56558",WAGNER KING 64005 DANA GREENS LAKE SCOTT VT 56558,CMPLOYER OS MALLE AUUICOS ALLY LIF VUUS WAGNER KING 64005 DANA GREENS LAKE SCOTT VT 56558,False,71.01,66.88,enhanced,"MN ATR msnetedhs pede’ Bertie Mobos stich dist hes terol xed nate rd Lomein od begs i ana WAGNER-KING 64005 DANA GREENS LAKE SCOTT, VT 56558",42.54,"© CMPlOyer os Malle, AUUICos, ally LIF VUUS WAGNER-KING 64005 DANA GREENS LAKE SCOTT, VT 56558",66.88,0.0,success,,0.0,False,,,,,,tesseract,"© CMPlOyer os Malle, AUUICos, ally LIF VUUS WAGNER-KING 64005 DANA GREENS LAKE SCOTT, VT 56558",CMPLOYER OS MALLE AUUICOS ALLY LIF VUUS WAGNER KING 64005 DANA GREENS LAKE SCOTT VT 56558,False,71.01,1.0,1.0,1.0,valid_text,0.6688,descriptive,89.0,0.106383,0.680851,0.053191,0.0,0.0,0.0,0.07207556634154173,0.31,True
w2_2026_000010_scan_mild_01,w2_2026_000010,w2,validation,mild,control_number,identifier,W2-2026-000010,W2-2026-000010,W22026000010,W22026000010,True,100.0,8.0,enhanced,W2-2026-000010,0.0,W2-2026-000010,8.0,0.0,success,,0.0562051734717155,False,W2-2026-000010,True,100.0,SR22250076121212121212121212121212,W22026000010,tesseract,W2-2026-000010,W22026000010,True,100.0,0.0,1.0,1.0,valid_identifier_shape,0.08,structured,12.0,0.785714,0.071429,0.142857,1.0,26.086956521739136,0.0,0.09978557689658431,0.8,True
w2_2026_000010_scan_mild_01,w2_2026_000010,w2,validation,mild,employee_first_name,text,MATTHEW V.,MATTHEW V.,MATTHEW V,MATTHEW V,True,100.0,91.5,baseline,MATTHEW V.,91.5,,0.0,0.0,success,,0.0,False,,,,,,tesseract,MATTHEW V.,MATTHEW V,True,100.0,1.0,1.0,1.0,valid_text,0.915,descriptive,9.0,0.0,0.8,0.1,0.0,0.0,0.0,0.9089941263925073,0.31,False
w2_2026_000010_scan_mild_01,w2_2026_000010,w2,validation,mild,employee_last_name,text,WALTERS,WALTERS,WALTERS,WALTERS,True,100.0,96.0,baseline,WALTERS,96.0,WALTERS,96.0,0.0,success,,0.1718755033876059,False,WALTERS,True,100.0,WALTERS WITHIN,WALTERS,tesseract,WALTERS,WALTERS,True,100.0,1.0,1.0,1.0,valid_text,0.96,descriptive,7.0,0.0,1.0,0.0,1.0,66.66666666666667,0.0,0.9879711825219609,0.31,False
w2_2026_000010_scan_mild_01,w2_2026_000010,w2,validation,mild,employee_address,multiline,"12805 RUSSELL CANYON
MICHAELTON, MH 47399","12805 RUSSELL CANYON MICHAELTON, MH 47399 f Employee’s address and ZIP code",12805 RUSSELL CANYON MICHAELTON MH 47399,12805 RUSSELL CANYON MICHAELTON MH 47399 F EMPLOYEE S ADDRESS AND ZIP CODE,False,70.18,94.42,baseline,"12805 RUSSELL CANYON MICHAELTON, MH 47399 f Employee’s address and ZIP code",94.42,,0.0,0.0,success,,0.0,False,,,,,,tesseract,"12805 RUSSELL CANYON MICHAELTON, MH 47399 f Employee’s address and ZIP code",12805 RUSSELL CANYON MICHAELTON MH 47399 F EMPLOYEE S ADDRESS AND ZIP CODE,False,70.18,1.0,1.0,1.0,valid_text,0.9442,descriptive,74.0,0.133333,0.693333,0.026667,0.0,0.0,0.0,0.031687973086172536,0.31,True
w2_2026_000010_scan_mild_01,w2_2026_000010,w2,validation,mild,wages,money,"113,174.85","118,174.85",113174.85,118174.85,False,88.89,53.0,enhanced,"113,174.85",0.0,"118,174.85",53.0,0.0,success,,0.1133161266583901,False,"118,174.85",False,88.89,5510013174.85,118174.85,tesseract,"118,174.85",118174.85,False,88.89,1.0,1.0,1.0,valid_money,0.53,critical,9.0,0.8,0.0,0.2,1.0,72.72727272727273,0.0,0.432499908776175,0.98,True
w2_2026_000010_scan_mild_01,w2_2026_000010,w2,validation,mild,federal_tax_withheld,money,"25,579.83","28,879.88)",25579.83,28879.88,False,62.5,19.0,enhanced,"25,579.83",0.0,"28,879.88)",19.0,0.0,success,,0.4331011963067511,False,"28,879.88)",False,62.5,-6111511825579.83,28879.88,tesseract,"28,879.88)",28879.88,False,62.5,1.0,1.0,1.0,valid_money,0.19,critical,8.0,0.7,0.0,0.3,1.0,40.0,0.0,0.10693349629100836,0.98,True
w2_2026_000010_scan_mild_01,w2_2026_000010,w2,validation,mild,social_security_wages,money,"113,174.85","13,174.85",113174.85,13174.85,False,94.12,90.0,enhanced,"443,174.85",0.0,"13,174.85",90.0,0.0,success,,0.0,False,,,,,,tesseract,"13,174.85",13174.85,False,94.12,1.0,1.0,1.0,valid_money,0.9,critical,8.0,0.777778,0.0,0.222222,0.0,0.0,1.0,0.5409040194553457,0.98,True
w2_2026_000010_scan_mild_01,w2_2026_000010,w2,validation,mild,social_security_tax_withheld,money,"7,016.84","7,01 6.84",7016.84,7016.84,True,100.0,86.5,baseline,"7,01 6.84",86.5,,0.0,0.0,success,,0.0,False,,,,,,tesseract,"7,01 6.84",7016.84,True,100.0,1.0,1.0,1.0,valid_money,0.865,critical,7.0,0.666667,0.0,0.222222,0.0,0.0,1.0,0.7177935035676504,0.98,True
w2_2026_000010_scan_mild_01,w2_2026_000010,w2,validation,mild,medicare_wages,money,"113,174.85",113.1 74.85,113174.85,113.17,False,66.67,85.0,enhanced,94943.174.85,0.0,113.1 74.85,85.0,0.0,success,,0.0,False,,,,,,tesseract,113.1 74.85,113.17,False,66.67,1.0,1.0,1.0,valid_money,0.85,critical,6.0,0.727273,0.0,0.181818,0.0,0.0,1.0,0.6185498304139223,0.98,True
w2_2026_000010_scan_mild_01,w2_2026_000010,w2,validation,mild,medicare_tax_withheld,money,"1,641.04",1 641 04,1641.04,164104.00,False,75.0,81.33,enhanced,"1,641.04",63.0,1 641 04,81.33,0.0,success,,0.0,False,,,,,,tesseract,1 641 04,164104.00,False,75.0,1.0,1.0,1.0,valid_money,0.8133,critical,9.0,0.75,0.0,0.0,0.0,0.0,1.0,0.16815040847045878,0.98,True
w2_2026_000010_scan_mild_01,w2_2026_000010,w2,validation,mild,state,state,MH,MH,MH,MH,True,100.0,69.0,baseline,MH,69.0,,0.0,0.0,success,,1.2619250371196536e-07,False,MH,True,100.0,,MH,tesseract,MH,MH,True,100.0,1.0,0.0,0.2,invalid_state_code,0.69,structured,2.0,0.0,1.0,0.0,0.0,0.0,0.0,0.07590111041361537,0.8,True
w2_2026_000010_scan_mild_01,w2_2026_000010,w2,validation,mild,employer_state_id,identifier,MH-9897858,MH9897858,MH9897858,MH9897858,True,100.0,8.0,baseline,MH9897858,8.0,J7,0.0,0.0,success,,0.98796788905867,True,[MH-9897558 !!!,False,88.89,MH9897558,MH9897858,trocr,[MH-9897558 !!!,MH9897558,False,88.89,0.0,1.0,1.0,valid_identifier_shape,0.6701791278881355,structured,9.0,0.466667,0.133333,0.333333,1.0,88.88888888888889,0.0,0.42592086649663075,0.8,True
w2_2026_000010_scan_mild_01,w2_2026_000010,w2,validation,mild,state_wages,money,"113,174.85","118,174.85,",113174.85,118174.85,False,88.89,50.0,baseline,"118,174.85,",50.0,"118,174.85.",54.0,0.0,success,,0.7040737935309093,True,11374.85,False,94.12,11374.85,118174.85,trocr,11374.85,11374.85,False,94.12,0.0,1.0,1.0,valid_money,0.632647965795091,critical,8.0,0.875,0.0,0.125,1.0,82.35294117647058,0.0,0.17810768227443372,0.98,True
w2_2026_000010_scan_mild_01,w2_2026_000010,w2,validation,mild,state_income_tax,money,"6,403.85","6,403.85",6403.85,6403.85,True,100.0,37.0,baseline,"6,403.85",37.0,6408.88,38.0,0.0,success,,0.2123319490488278,False,"6,403.85",True,100.0,0.64,6403.85,tesseract,"6,403.85",6403.85,True,100.0,0.0,1.0,1.0,valid_money,0.37,critical,7.0,0.75,0.0,0.25,1.0,36.36363636363637,0.0,0.4085603015433138,0.98,True
w2_2026_000010_scan_hard_02,w2_2026_000010,w2,validation,hard,employee_ssn,identifier,000-35-3504,35-3504 FFSPS,000353504,35350455,False,70.59,33.5,baseline,35-3504 FFSPS,33.5,J353504 SJOCWWSCU,0.0,-0.5,success,,0.5191234252802017,True,000-35-3564 SUMM SECANY,False,80.0,00035356455,35350455,trocr,000-35-3564 SUMM SECANY,00035356455,False,80.0,1.0,0.0,0.64,invalid_ssn_length,0.45468022643213113,critical,11.0,0.391304,0.434783,0.086957,1.0,73.6842105263158,0.0,0.00036333944025009177,0.98,True
w2_2026_000010_scan_hard_02,w2_2026_000010,w2,validation,hard,employer_ein,identifier,00-7273233,2,007273233,2,False,20.0,23.0,enhanced,ON,0.0,2,23.0,-0.5,success,,0.2499627892046371,False,2,False,20.0,6722751108,2,tesseract,2,2,False,20.0,1.0,0.0,0.0,invalid_ein_length,0.23,critical,1.0,1.0,0.0,0.0,1.0,18.181818181818176,0.0,0.0005134967586592675,0.98,True
w2_2026_000010_scan_hard_02,w2_2026_000010,w2,validation,hard,employer_name_address,multiline,"WAGNER-KING
64005 DANA GREENS
LAKE SCOTT, VT 56558","CS Cmproyer S nang, u0iuss, ay air wwe WAGNER-KING 64005 DANA GREENS LAKE SCOTT, VT 56558",WAGNER KING 64005 DANA GREENS LAKE SCOTT VT 56558,CS CMPROYER S NANG U0IUSS AY AIR WWE WAGNER KING 64005 DANA GREENS LAKE SCOTT VT 56558,False,72.59,65.06,baseline,"CS Cmproyer S nang, u0iuss, ay air wwe WAGNER-KING 64005 DANA GREENS LAKE SCOTT, VT 56558",65.06,,0.0,-0.5,success,,0.0,False,,,,,,tesseract,"CS Cmproyer S nang, u0iuss, ay air wwe WAGNER-KING 64005 DANA GREENS LAKE SCOTT, VT 56558",CS CMPROYER S NANG U0IUSS AY AIR WWE WAGNER KING 64005 DANA GREENS LAKE SCOTT VT 56558,False,72.59,1.0,1.0,1.0,valid_text,0.6506000000000001,descriptive,86.0,0.123596,0.662921,0.044944,0.0,0.0,0.0,0.07232227299657865,0.31,True
w2_2026_000010_scan_hard_02,w2_2026_000010,w2,validation,hard,control_number,identifier,W2-2026-000010,W2-2026-000010,W22026000010,W22026000010,True,100.0,0.0,baseline,W2-2026-000010,0.0,W2-2026-000010,0.0,-0.5,success,,4.634929216008229e-07,False,W2-2026-000010,True,100.0,,W22026000010,tesseract,W2-2026-000010,W22026000010,True,100.0,0.0,1.0,1.0,valid_identifier_shape,0.0,structured,12.0,0.785714,0.071429,0.142857,0.0,0.0,0.0,0.12775798522621548,0.8,True
w2_2026_000010_scan_hard_02,w2_2026_000010,w2,validation,hard,employee_first_name,text,MATTHEW V.,MATTHEW V.,MATTHEW V,MATTHEW V,True,100.0,91.5,baseline,MATTHEW V.,91.5,,0.0,-0.5,success,,0.0,False,,,,,,tesseract,MATTHEW V.,MATTHEW V,True,100.0,1.0,1.0,1.0,valid_text,0.915,descriptive,9.0,0.0,0.8,0.1,0.0,0.0,0.0,0.9089941263925073,0.31,False
w2_2026_000010_scan_hard_02,w2_2026_000010,w2,validation,hard,employee_last_name,text,WALTERS,WALTERS,WALTERS,WALTERS,True,100.0,96.0,baseline,WALTERS,96.0,WALTERS,96.0,-0.5,success,,1.4820370942375409e-05,False,WALTERS,True,100.0,WALTERS,WALTERS,tesseract,WALTERS,WALTERS,True,100.0,1.0,1.0,1.0,valid_text,0.96,descriptive,7.0,0.0,1.0,0.0,1.0,100.0,0.0,0.9967792298883141,0.31,False
w2_2026_000010_scan_hard_02,w2_2026_000010,w2,validation,hard,employee_address,multiline,"12805 RUSSELL CANYON
MICHAELTON, MH 47399","12805 RUSSELL CANYON MICHAELTON, MH 47399 f Employee’s address and ZIP code —",12805 RUSSELL CANYON MICHAELTON MH 47399,12805 RUSSELL CANYON MICHAELTON MH 47399 F EMPLOYEE S ADDRESS AND ZIP CODE,False,70.18,88.0,baseline,"12805 RUSSELL CANYON MICHAELTON, MH 47399 f Employee’s address and ZIP code —",88.0,,0.0,-0.5,success,,0.0,False,,,,,,tesseract,"12805 RUSSELL CANYON MICHAELTON, MH 47399 f Employee’s address and ZIP code —",12805 RUSSELL CANYON MICHAELTON MH 47399 F EMPLOYEE S ADDRESS AND ZIP CODE,False,70.18,1.0,1.0,1.0,valid_text,0.88,descriptive,74.0,0.12987,0.675325,0.038961,0.0,0.0,0.0,0.022186687532795887,0.31,True
w2_2026_000010_scan_hard_02,w2_2026_000010,w2,validation,hard,wages,money,"113,174.85","113,174.85",113174.85,113174.85,True,100.0,12.0,enhanced,,0.0,"113,174.85",12.0,-0.5,success,,1.338879402471084e-05,False,"113,174.85",True,100.0,,113174.85,tesseract,"113,174.85",113174.85,True,100.0,1.0,1.0,1.0,valid_money,0.12,critical,9.0,0.8,0.0,0.2,0.0,0.0,0.0,0.051109790528349935,0.98,True
w2_2026_000010_scan_hard_02,w2_2026_000010,w2,validation,hard,federal_tax_withheld,money,"25,579.83",8 23,25579.83,823.00,False,28.57,0.0,baseline,8 23,0.0,25.570.83,0.0,-0.5,success,,0.944637806326306,True,: 25.579.83,False,61.54,25.58,823.00,trocr,: 25.579.83,25.58,False,61.54,1.0,1.0,1.0,valid_money,0.6140145741120989,critical,5.0,0.636364,0.0,0.272727,1.0,36.36363636363637,0.0,0.21994578344106647,0.98,True
w2_2026_000010_scan_hard_02,w2_2026_000010,w2,validation,hard,social_security_wages,money,"113,174.85","113,174.85",113174.85,113174.85,True,100.0,92.0,enhanced,", 13,174.85",56.5,"113,174.85",92.0,-0.5,success,,0.0,False,,,,,,tesseract,"113,174.85",113174.85,True,100.0,1.0,1.0,1.0,valid_money,0.92,critical,9.0,0.8,0.0,0.2,0.0,0.0,1.0,0.5274201691327082,0.98,True
w2_2026_000010_scan_hard_02,w2_2026_000010,w2,validation,hard,social_security_tax_withheld,money,"7,016.84",71 7.01684,7016.84,717.02,False,46.15,18.0,baseline,71 7.01684,18.0,"83, 701884",12.0,-0.5,success,,0.7654527575154255,True,. SUMMARY ** 7.016.84,False,36.36,0.57,717.02,trocr,. SUMMARY ** 7.016.84,0.57,False,36.36,1.0,1.0,1.0,valid_money,0.5605442923850266,critical,4.0,0.285714,0.333333,0.238095,1.0,19.999999999999996,1.0,0.026592487343398342,0.98,True
w2_2026_000010_scan_hard_02,w2_2026_000010,w2,validation,hard,medicare_wages,money,"113,174.85","493,174.85",113174.85,493174.85,False,77.78,25.0,baseline,"493,174.85",25.0,". 113,176.85",2.0,-0.5,success,,0.3796089858951398,False,"493,174.85",False,77.78,-13174.85,493174.85,tesseract,"493,174.85",493174.85,False,77.78,1.0,1.0,1.0,valid_money,0.25,critical,9.0,0.8,0.0,0.2,1.0,77.77777777777779,1.0,0.08551478890210776,0.98,True
w2_2026_000010_scan_hard_02,w2_2026_000010,w2,validation,hard,medicare_tax_withheld,money,"1,641.04","1,641.04",1641.04,1641.04,True,100.0,0.0,enhanced,,0.0,"1,641.04",0.0,-0.5,success,,0.802514373575182,True,"- 1,641.04",False,93.33,-1641.04,1641.04,trocr,"- 1,641.04",-1641.04,False,93.33,1.0,0.0,0.0,negative_money,0.5216343428238683,critical,8.0,0.6,0.0,0.3,1.0,93.33333333333333,1.0,0.0005673085767957337,0.98,True
w2_2026_000010_scan_hard_02,w2_2026_000010,w2,validation,hard,state,state,MH,,MH,,False,0.0,0.0,baseline,,0.0,,0.0,-0.5,success,,0.5022191756076507,True,ML,False,50.0,ML,,trocr,ML,ML,False,50.0,1.0,0.0,0.2,invalid_state_code,0.32644246414497297,structured,2.0,0.0,1.0,0.0,1.0,0.0,0.0,0.0005879070203092732,0.8,True
w2_2026_000010_scan_hard_02,w2_2026_000010,w2,validation,hard,employer_state_id,identifier,MH-9897858,,MH9897858,,False,0.0,0.0,baseline,,0.0,,0.0,-0.5,success,,0.9999978151429108,True,MH-8697858,False,88.89,MH8697858,,trocr,MH-8697858,MH8697858,False,88.89,0.0,1.0,1.0,valid_identifier_shape,0.649998579842892,structured,9.0,0.7,0.2,0.1,1.0,0.0,0.0,0.04051524663240045,0.8,True
w2_2026_000010_scan_hard_02,w2_2026_000010,w2,validation,hard,state_wages,money,"113,174.85","118,174.85)",113174.85,118174.85,False,88.89,13.0,enhanced,"-22 113,174.85,",3.0,"118,174.85)",13.0,-0.5,success,,0.7451873498215245,True,"113,174.85",True,100.0,113174.85,118174.85,trocr,"113,174.85",113174.85,True,100.0,0.0,1.0,1.0,valid_money,0.5298717773839909,critical,9.0,0.8,0.0,0.2,1.0,88.88888888888889,0.0,0.2853435661778331,0.98,True
w2_2026_000010_scan_hard_02,w2_2026_000010,w2,validation,hard,state_income_tax,money,"6,403.85",-222,6403.85,-222.00,False,14.29,0.0,enhanced,,0.0,-222,0.0,-0.5,success,,0.9591402485334084,True,6.403.85,False,54.55,6.40,-222.00,trocr,6.403.85,6.40,False,54.55,0.0,1.0,1.0,valid_money,0.6234411615467155,critical,4.0,0.75,0.0,0.25,1.0,36.36363636363637,0.0,0.4733547442236524,0.98,True
w2_2026_000019_scan_mild_01,w2_2026_000019,w2,validation,mild,employee_ssn,identifier,000-30-1931,J SOCSECUIU,000301931,5051,False,30.77,0.0,enhanced,000-20-1931 DOVVYIALQOVUEELYH,0.5,J SOCSECUIU,0.0,-1.0,success,,0.9848890383849612,True,000-30-193766 S SOCIAI SECURNA PERINDER,False,64.29,0003019376655011510,5051,trocr,000-30-193766 S SOCIAI SECURNA PERINDER,0003019376655011510,False,64.29,1.0,0.0,0.0,invalid_ssn_length,0.6401778749502248,critical,19.0,0.282051,0.564103,0.051282,1.0,34.78260869565217,0.0,0.00018359947586881454,0.98,True
w2_2026_000019_scan_mild_01,w2_2026_000019,w2,validation,mild,employer_ein,identifier,00-9519948,SS,009519948,55,False,18.18,24.0,enhanced,B NMEIN,0.0,SS,24.0,-1.0,success,,0.9526599487645414,True,BE ENVOICE (BEMITCHAN NUMBER EM),False,40.0,801818,55,trocr,BE ENVOICE (BEMITCHAN NUMBER EM),801818,False,40.0,1.0,0.0,0.45999999999999996,invalid_ein_length,0.7032289666969519,critical,6.0,0.0,0.8125,0.0625,1.0,0.0,0.0,0.00013668272958508145,0.98,True
w2_2026_000019_scan_mild_01,w2_2026_000019,w2,validation,mild,employer_name_address,multiline,"SANCHEZ-MARSHALL
0752 LEWIS UNION SUITE 549
ANGELAHAVEN, ID 11722","c Employer’s name, adaress, and Zir couge SANCHEZ-MARSHALL 0752 LEWIS UNION SUITE 549 ANGELAHAVEN, ID 11722",SANCHEZ MARSHALL 0752 LEWIS UNION SUITE 549 ANGELAHAVEN ID 11722,C EMPLOYER S NAME ADARESS AND ZIR COUGE SANCHEZ MARSHALL 0752 LEWIS UNION SUITE 549 ANGELAHAVEN ID 11722,False,76.19,88.31,baseline,"c Employer’s name, adaress, and Zir couge SANCHEZ-MARSHALL 0752 LEWIS UNION SUITE 549 ANGELAHAVEN, ID 11722",88.31,,0.0,-1.0,success,,0.0,False,,,,,,tesseract,"c Employer’s name, adaress, and Zir couge SANCHEZ-MARSHALL 0752 LEWIS UNION SUITE 549 ANGELAHAVEN, ID 11722",C EMPLOYER S NAME ADARESS AND ZIR COUGE SANCHEZ MARSHALL 0752 LEWIS UNION SUITE 549 ANGELAHAVEN ID 11722,False,76.19,1.0,1.0,1.0,valid_text,0.8831,descriptive,104.0,0.11215,0.700935,0.046729,0.0,0.0,0.0,0.09109816100428365,0.31,True
w2_2026_000019_scan_mild_01,w2_2026_000019,w2,validation,mild,control_number,identifier,W2-2026-000019,W00018 2,W22026000019,W000182,False,52.63,6.5,enhanced,W-2026-000019 F,0.0,W00018 2,6.5,-1.0,success,,5.154259906862615e-07,False,W00018 2,False,52.63,,W000182,tesseract,W00018 2,W000182,False,52.63,0.0,1.0,1.0,valid_identifier_shape,0.065,structured,7.0,0.75,0.125,0.0,0.0,0.0,0.0,0.2804649170200837,0.8,True
w2_2026_000019_scan_mild_01,w2_2026_000019,w2,validation,mild,employee_first_name,text,MELISSA C.,MELISSA C.,MELISSA C,MELISSA C,True,100.0,88.0,baseline,MELISSA C.,88.0,,0.0,-1.0,success,,0.0,False,,,,,,tesseract,MELISSA C.,MELISSA C,True,100.0,1.0,1.0,1.0,valid_text,0.88,descriptive,9.0,0.0,0.8,0.1,0.0,0.0,0.0,0.9115521847411359,0.31,False
w2_2026_000019_scan_mild_01,w2_2026_000019,w2,validation,mild,employee_last_name,text,RAMIREZ,RAMIREZ,RAMIREZ,RAMIREZ,True,100.0,96.0,baseline,RAMIREZ,96.0,RAMIREZ,96.0,-1.0,success,,1.4820370942375409e-05,False,RAMIREZ,True,100.0,RAMIREZ,RAMIREZ,tesseract,RAMIREZ,RAMIREZ,True,100.0,1.0,1.0,1.0,valid_text,0.96,descriptive,7.0,0.0,1.0,0.0,1.0,100.0,0.0,0.9973994121690548,0.31,False
w2_2026_000019_scan_mild_01,w2_2026_000019,w2,validation,mild,employee_address,multiline,"678 HANNAH RUE
WESTTOWN, CO 39067","678 HANNAH RUE WESTTOWN, CO 39067 f Employee’s address and ZIP code = EE Ee ee ee",678 HANNAH RUE WESTTOWN CO 39067,678 HANNAH RUE WESTTOWN CO 39067 F EMPLOYEE S ADDRESS AND ZIP CODE EE EE EE EE,False,58.18,75.29,baseline,"678 HANNAH RUE WESTTOWN, CO 39067 f Employee’s address and ZIP code = EE Ee ee ee",75.29,,0.0,-1.0,success,,0.0,False,,,,,,tesseract,"678 HANNAH RUE WESTTOWN, CO 39067 f Employee’s address and ZIP code = EE Ee ee ee",678 HANNAH RUE WESTTOWN CO 39067 F EMPLOYEE S ADDRESS AND ZIP CODE EE EE EE EE,False,58.18,1.0,1.0,1.0,valid_text,0.7529,descriptive,78.0,0.098765,0.666667,0.037037,0.0,0.0,0.0,0.005848477134808339,0.31,True
w2_2026_000019_scan_mild_01,w2_2026_000019,w2,validation,mild,wages,money,"37,590.74",500.74,37590.74,500.74,False,71.43,43.0,enhanced,", 3759074",11.0,500.74,43.0,-1.0,success,,0.2482512659628469,False,500.74,False,71.43,16550037590.74,500.74,tesseract,500.74,500.74,False,71.43,1.0,1.0,1.0,valid_money,0.43,critical,6.0,0.833333,0.0,0.166667,1.0,60.0,1.0,0.05474319807084954,0.98,True
w2_2026_000019_scan_mild_01,w2_2026_000019,w2,validation,mild,federal_tax_withheld,money,"3,308.84",3308.84,3308.84,3308.84,True,100.0,49.0,baseline,3308.84,49.0,3.308.64,3.0,-1.0,success,,0.186663985374048,False,3308.84,True,100.0,2611103308.84,3308.84,tesseract,3308.84,3308.84,True,100.0,1.0,1.0,1.0,valid_money,0.49,critical,7.0,0.857143,0.0,0.142857,1.0,70.0,1.0,0.1805912114171728,0.98,True
w2_2026_000019_scan_mild_01,w2_2026_000019,w2,validation,mild,social_security_wages,money,"37,590.74","37,590.74",37590.74,37590.74,True,100.0,89.0,baseline,"37,590.74",89.0,,0.0,-1.0,success,,0.0,False,,,,,,tesseract,"37,590.74",37590.74,True,100.0,1.0,1.0,1.0,valid_money,0.89,critical,8.0,0.777778,0.0,0.222222,0.0,0.0,1.0,0.3321630533065507,0.98,True
w2_2026_000019_scan_mild_01,w2_2026_000019,w2,validation,mild,social_security_tax_withheld,money,"2,330.63",- 2330.63,2330.63,-2330.63,False,93.33,21.0,baseline,- 2330.63,21.0,2880.68,22.0,-1.0,success,,0.4600304530073205,False,- 2330.63,False,93.33,45011512330.63,-2330.63,tesseract,- 2330.63,-2330.63,False,93.33,1.0,0.0,0.0,negative_money,0.21,critical,8.0,0.666667,0.0,0.222222,1.0,63.63636363636363,1.0,0.0005275518908241891,0.98,True
w2_2026_000019_scan_mild_01,w2_2026_000019,w2,validation,mild,medicare_wages,money,"37,590.74","37,590.74",37590.74,37590.74,True,100.0,53.0,baseline,"37,590.74",53.0,"9 37,590.74",26.5,-1.0,success,,0.1036151839444957,False,"37,590.74",True,100.0,15037590.74,37590.74,tesseract,"37,590.74",37590.74,True,100.0,1.0,1.0,1.0,valid_money,0.53,critical,8.0,0.777778,0.0,0.222222,1.0,84.21052631578947,0.0,0.789537699961199,0.98,True
w2_2026_000019_scan_mild_01,w2_2026_000019,w2,validation,mild,medicare_tax_withheld,money,545.07,545.07,545.07,545.07,True,100.0,83.0,baseline,545.07,83.0,,0.0,-1.0,success,,0.0,False,,,,,,tesseract,545.07,545.07,True,100.0,1.0,1.0,1.0,valid_money,0.83,critical,6.0,0.833333,0.0,0.166667,0.0,0.0,0.0,0.9528891562354546,0.98,True
w2_2026_000019_scan_mild_01,w2_2026_000019,w2,validation,mild,state,state,CO,OI,CO,OI,False,50.0,0.0,enhanced,COT,0.0,OI,0.0,-1.0,success,,1.2219562216535317e-06,False,OI,False,50.0,,OI,tesseract,OI,OI,False,50.0,1.0,0.0,0.2,invalid_state_code,0.0,structured,2.0,0.0,1.0,0.0,0.0,0.0,0.0,0.11126718681458622,0.8,True
w2_2026_000019_scan_mild_01,w2_2026_000019,w2,validation,mild,employer_state_id,identifier,CO-4946066,J,CO4946066,J,False,0.0,0.0,baseline,J,0.0,,0.0,-1.0,success,,0.9996478736275524,True,[CO-4946066 .................................,True,100.0,CO4946066,J,trocr,[CO-4946066 .................................,CO4946066,True,100.0,0.0,1.0,1.0,valid_identifier_shape,0.6497711178579091,structured,9.0,0.155556,0.044444,0.777778,1.0,0.0,0.0,0.22059633324602756,0.8,True
w2_2026_000019_scan_mild_01,w2_2026_000019,w2,validation,mild,state_wages,money,"37,590.74",37.590.74,37590.74,37.59,False,61.54,0.0,enhanced,,0.0,37.590.74,0.0,-1.0,success,,0.9216514583191502,True,"37,590.74",True,100.0,37590.74,37.59,trocr,"37,590.74",37590.74,True,100.0,0.0,1.0,1.0,valid_money,0.5990734479074477,critical,8.0,0.777778,0.0,0.222222,1.0,61.53846153846154,0.0,0.28985741784281416,0.98,True
w2_2026_000019_scan_mild_01,w2_2026_000019,w2,validation,mild,state_income_tax,money,"1,164.98",1164.98,1164.98,1164.98,True,100.0,28.0,enhanced,,0.0,1164.98,28.0,-1.0,success,,0.0002324783632879,False,1164.98,True,100.0,1164.98,1164.98,tesseract,1164.98,1164.98,True,100.0,0.0,1.0,1.0,valid_money,0.28,critical,7.0,0.857143,0.0,0.142857,1.0,100.0,0.0,0.7829106409456059,0.98,True
w2_2026_000019_scan_hard_02,w2_2026_000019,w2,validation,hard,employee_ssn,identifier,000-30-1931,30-1931 EEE,000301931,301931,False,80.0,34.5,baseline,30-1931 EEE,34.5,030131,0.0,0.0,success,,0.5498478377441022,True,000-30-1931 SUMMARY,False,94.74,0003019315,301931,trocr,000-30-1931 SUMMARY,0003019315,False,94.74,1.0,0.0,0.8200000000000001,invalid_ssn_length,0.4781510945336664,critical,10.0,0.473684,0.368421,0.105263,1.0,75.0,0.0,0.0011119154655471633,0.98,True
w2_2026_000019_scan_hard_02,w2_2026_000019,w2,validation,hard,employer_ein,identifier,00-9519948,P 9519948,009519948,9519948,False,87.5,28.5,baseline,P 9519948,28.5,0808,34.0,0.0,success,,1.0331095919238047e-06,False,P 9519948,False,87.5,,9519948,tesseract,P 9519948,9519948,False,87.5,1.0,0.0,0.64,invalid_ein_length,0.285,critical,7.0,0.777778,0.111111,0.0,0.0,0.0,0.0,0.0034588341305794618,0.98,True
w2_2026_000019_scan_hard_02,w2_2026_000019,w2,validation,hard,employer_name_address,multiline,"SANCHEZ-MARSHALL
0752 LEWIS UNION SUITE 549
ANGELAHAVEN, ID 11722","& tare, wwe 0752 LEWIS UNION ANGELAHAVEN, ID 11722",SANCHEZ MARSHALL 0752 LEWIS UNION SUITE 549 ANGELAHAVEN ID 11722,AND TARE WWE 0752 LEWIS UNION ANGELAHAVEN ID 11722,False,75.44,64.56,enhanced,"beige, soe Vamsi aheteugetinn, [ur sae a oto Pe oat bit tee”, boc ee 0752 LEWIS UNION SUITE 549 ANGELAHAVEN, 10 11722",47.36,"& tare, wwe 0752 LEWIS UNION ANGELAHAVEN, ID 11722",64.56,0.0,success,,0.0,False,,,,,,tesseract,"& tare, wwe 0752 LEWIS UNION ANGELAHAVEN, ID 11722",AND TARE WWE 0752 LEWIS UNION ANGELAHAVEN ID 11722,False,75.44,1.0,1.0,1.0,valid_text,0.6456000000000001,descriptive,50.0,0.18,0.6,0.06,0.0,0.0,0.0,0.7277835030080109,0.31,False
w2_2026_000019_scan_hard_02,w2_2026_000019,w2,validation,hard,control_number,identifier,W2-2026-000019,WN,W22026000019,WN,False,14.29,0.0,enhanced,,0.0,WN,0.0,0.0,success,,0.3675547782199792,False,WN,False,14.29,WW,WN,tesseract,WN,WN,False,14.29,0.0,0.0,0.25,identifier_too_short,0.0,structured,2.0,0.0,1.0,0.0,1.0,50.0,0.0,0.0014139815204104102,0.8,True
w2_2026_000019_scan_hard_02,w2_2026_000019,w2,validation,hard,employee_first_name,text,MELISSA C.,MELISSA C.,MELISSA C,MELISSA C,True,100.0,92.5,baseline,MELISSA C.,92.5,,0.0,0.0,success,,0.0,False,,,,,,tesseract,MELISSA C.,MELISSA C,True,100.0,1.0,1.0,1.0,valid_text,0.925,descriptive,9.0,0.0,0.8,0.1,0.0,0.0,0.0,0.9243317050515348,0.31,False
w2_2026_000019_scan_hard_02,w2_2026_000019,w2,validation,hard,employee_last_name,text,RAMIREZ,RAMIRE i Z,RAMIREZ,RAMIRE I Z,False,82.35,76.0,enhanced,,0.0,RAMIRE i Z,76.0,0.0,success,,0.0,False,,,,,,tesseract,RAMIRE i Z,RAMIRE I Z,False,82.35,1.0,1.0,1.0,valid_text,0.76,descriptive,10.0,0.0,0.8,0.0,0.0,0.0,0.0,0.9445755549477706,0.31,False
w2_2026_000019_scan_hard_02,w2_2026_000019,w2,validation,hard,employee_address,multiline,"678 HANNAH RUE
WESTTOWN, CO 39067","678 HANNAH RUE WESTTOWN, CO 39067 f Employee's address and ZIP code",678 HANNAH RUE WESTTOWN CO 39067,678 HANNAH RUE WESTTOWN CO 39067 F EMPLOYEE S ADDRESS AND ZIP CODE,False,65.31,84.67,baseline,"678 HANNAH RUE WESTTOWN, CO 39067 f Employee's address and ZIP code",84.67,,0.0,0.0,success,,0.0,False,,,,,,tesseract,"678 HANNAH RUE WESTTOWN, CO 39067 f Employee's address and ZIP code",678 HANNAH RUE WESTTOWN CO 39067 F EMPLOYEE S ADDRESS AND ZIP CODE,False,65.31,1.0,1.0,1.0,valid_text,0.8467,descriptive,66.0,0.119403,0.686567,0.029851,0.0,0.0,0.0,0.026558088605251887,0.31,True
w2_2026_000019_scan_hard_02,w2_2026_000019,w2,validation,hard,wages,money,"37,590.74",8790.74),37590.74,8790.74,False,80.0,53.0,enhanced,,0.0,8790.74),53.0,0.0,success,,0.7923720725493522,True,37.590.74,False,61.54,37.59,8790.74,trocr,37.590.74,37.59,False,61.54,1.0,1.0,1.0,valid_money,0.7005418471570789,critical,5.0,0.777778,0.0,0.222222,1.0,33.333333333333336,1.0,0.007591769214433987,0.98,True
w2_2026_000019_scan_hard_02,w2_2026_000019,w2,validation,hard,federal_tax_withheld,money,"3,308.84",8308.84),3308.84,8308.84,False,85.71,57.0,enhanced,"3,808.84",38.0,8308.84),57.0,0.0,success,,0.326068584368877,False,8308.84),False,85.71,3308.84,8308.84,tesseract,8308.84),8308.84,False,85.71,1.0,1.0,1.0,valid_money,0.57,critical,7.0,0.75,0.0,0.25,1.0,85.71428571428572,1.0,0.2714931087000305,0.98,True
w2_2026_000019_scan_hard_02,w2_2026_000019,w2,validation,hard,social_security_wages,money,"37,590.74","37,590.74",37590.74,37590.74,True,100.0,96.0,enhanced,"8 37,590.74",54.5,"37,590.74",96.0,0.0,success,,0.0,False,,,,,,tesseract,"37,590.74",37590.74,True,100.0,1.0,1.0,1.0,valid_money,0.96,critical,8.0,0.777778,0.0,0.222222,0.0,0.0,0.0,0.7835120779481632,0.98,True
w2_2026_000019_scan_hard_02,w2_2026_000019,w2,validation,hard,social_security_tax_withheld,money,"2,330.63",6,2330.63,6.00,False,18.18,65.0,enhanced,048 63,46.5,6,65.0,0.0,success,,0.8859002794806017,True,2330.63,True,100.0,2330.63,6.00,trocr,2330.63,2330.63,True,100.0,1.0,1.0,1.0,valid_money,0.803335181662391,critical,7.0,0.857143,0.0,0.142857,1.0,18.181818181818176,0.0,0.15718785044247133,0.98,True
w2_2026_000019_scan_hard_02,w2_2026_000019,w2,validation,hard,medicare_wages,money,"37,590.74",8800.74,37590.74,8800.74,False,53.33,53.0,enhanced,,0.0,8800.74,53.0,0.0,success,,0.8274524026059604,True,37.590.74,False,61.54,37.59,8800.74,trocr,37.590.74,37.59,False,61.54,1.0,1.0,1.0,valid_money,0.7233440616938743,critical,5.0,0.777778,0.0,0.222222,1.0,16.666666666666664,1.0,0.019359886267314906,0.98,True
w2_2026_000019_scan_hard_02,w2_2026_000019,w2,validation,hard,medicare_tax_withheld,money,545.07,545.07,545.07,545.07,True,100.0,44.0,enhanced,,0.0,545.07,44.0,0.0,success,,0.0009874116691927,False,545.07,True,100.0,545.07,545.07,tesseract,545.07,545.07,True,100.0,1.0,1.0,1.0,valid_money,0.44,critical,6.0,0.833333,0.0,0.166667,1.0,100.0,1.0,0.6263682125737444,0.98,True
w2_2026_000019_scan_hard_02,w2_2026_000019,w2,validation,hard,state,state,CO,C,CO,C,False,66.67,0.0,baseline,C,0.0,J,0.0,0.0,success,,1.4772426863087692e-06,False,C,False,66.67,,C,tesseract,C,C,False,66.67,1.0,0.0,0.2,invalid_state_code,0.0,structured,1.0,0.0,1.0,0.0,0.0,0.0,0.0,0.11929374198019832,0.8,True
w2_2026_000019_scan_hard_02,w2_2026_000019,w2,validation,hard,employer_state_id,identifier,CO-4946066,CO- 2BPGC,CO4946066,CO2BPGC,False,25.0,0.0,baseline,CO- 2BPGC,0.0,,0.0,0.0,success,,0.9954670728377883,True,[CO-4945066 .................................,False,88.89,CO4945066,CO2BPGC,trocr,[CO-4945066 .................................,CO4945066,False,88.89,0.0,1.0,1.0,valid_identifier_shape,0.6470535973445625,structured,9.0,0.155556,0.044444,0.777778,1.0,25.0,0.0,0.33753339292223145,0.8,True
w2_2026_000019_scan_hard_02,w2_2026_000019,w2,validation,hard,state_wages,money,"37,590.74","37,590.74",37590.74,37590.74,True,100.0,58.0,enhanced,"87,590.74",0.0,"37,590.74",58.0,0.0,success,,0.0001044357592541,False,"37,590.74",True,100.0,37590.74,37590.74,tesseract,"37,590.74",37590.74,True,100.0,0.0,1.0,1.0,valid_money,0.58,critical,8.0,0.777778,0.0,0.222222,1.0,100.0,0.0,0.8880124920303714,0.98,True
w2_2026_000019_scan_hard_02,w2_2026_000019,w2,validation,hard,state_income_tax,money,"1,164.98",1164.98),1164.98,1164.98,True,100.0,61.0,enhanced,,0.0,1164.98),61.0,0.0,success,,8.136879362524668e-05,False,1164.98),True,100.0,1164.98,1164.98,tesseract,1164.98),1164.98,True,100.0,0.0,1.0,1.0,valid_money,0.61,critical,7.0,0.75,0.0,0.25,1.0,100.0,0.0,0.9355097192805205,0.98,True
w2_2026_000070_scan_mild_01,w2_2026_000070,w2,validation,mild,employee_ssn,identifier,000-66-3725,00-66-3725 SO S I,000663725,006637255051,False,76.19,15.25,baseline,00-66-3725 SO S I,15.25,6-9725,0.0,0.0,success,,0.2697742293376978,False,00-66-3725 SO S I,False,76.19,0006637255501058,006637255051,tesseract,00-66-3725 SO S I,006637255051,False,76.19,1.0,0.0,0.45999999999999996,invalid_ssn_length,0.1525,critical,12.0,0.470588,0.235294,0.117647,1.0,78.57142857142857,0.0,0.001033163459509303,0.98,True
w2_2026_000070_scan_mild_01,w2_2026_000070,w2,validation,mild,employer_ein,identifier,00-6024207,008028207,006024207,008028207,False,77.78,46.0,enhanced,00-6024207 PPSSCPNESFFE 7,0.0,008028207,46.0,0.0,success,,0.014296582922663,False,008028207,False,77.78,005027510800,008028207,tesseract,008028207,008028207,False,77.78,1.0,1.0,1.0,valid_ein_shape,0.46,critical,9.0,1.0,0.0,0.0,1.0,57.14285714285714,0.0,0.895380884153809,0.98,True
w2_2026_000070_scan_mild_01,w2_2026_000070,w2,validation,mild,employer_name_address,multiline,"RAMSEY, MASON AND MCCANN
63159 NOVAK ISLANDS
LAKE JOSHUAMOUTH, NM 30403","RAMSEY, MASON AND MCCANN 63159 NOVAK ISLANDS LAKE JOSHUAMOUTH, NM 30403",RAMSEY MASON AND MCCANN 63159 NOVAK ISLANDS LAKE JOSHUAMOUTH NM 30403,RAMSEY MASON AND MCCANN 63159 NOVAK ISLANDS LAKE JOSHUAMOUTH NM 30403,True,100.0,94.91,baseline,"RAMSEY, MASON AND MCCANN 63159 NOVAK ISLANDS LAKE JOSHUAMOUTH, NM 30403",94.91,,0.0,0.0,success,,0.0,False,,,,,,tesseract,"RAMSEY, MASON AND MCCANN 63159 NOVAK ISLANDS LAKE JOSHUAMOUTH, NM 30403",RAMSEY MASON AND MCCANN 63159 NOVAK ISLANDS LAKE JOSHUAMOUTH NM 30403,True,100.0,1.0,1.0,1.0,valid_text,0.9490999999999999,descriptive,69.0,0.140845,0.690141,0.028169,0.0,0.0,0.0,0.5881659404739236,0.31,False
w2_2026_000070_scan_mild_01,w2_2026_000070,w2,validation,mild,control_number,identifier,W2-2026-000070,W2-2026-000070,W22026000070,W22026000070,True,100.0,13.0,enhanced,W2-2026-000070,0.0,W2-2026-000070,13.0,0.0,success,,0.1245124060164598,False,W2-2026-000070,True,100.0,W22350070,W22026000070,tesseract,W2-2026-000070,W22026000070,True,100.0,0.0,1.0,1.0,valid_identifier_shape,0.13,structured,12.0,0.785714,0.071429,0.142857,1.0,66.66666666666667,0.0,0.45986913978734945,0.8,True
w2_2026_000070_scan_mild_01,w2_2026_000070,w2,validation,mild,employee_first_name,text,KARLA E.,KARLA E.,KARLA E,KARLA E,True,100.0,89.0,baseline,KARLA E.,89.0,,0.0,0.0,success,,0.0,False,,,,,,tesseract,KARLA E.,KARLA E,True,100.0,1.0,1.0,1.0,valid_text,0.89,descriptive,7.0,0.0,0.75,0.125,0.0,0.0,0.0,0.9227012508869565,0.31,False
w2_2026_000070_scan_mild_01,w2_2026_000070,w2,validation,mild,employee_last_name,text,GIBBS,GIBBS,GIBBS,GIBBS,True,100.0,96.0,baseline,GIBBS,96.0,GIBBS,96.0,0.0,success,,0.4635989308672611,False,GIBBS,True,100.0,GREPS SUMMARY,GIBBS,tesseract,GIBBS,GIBBS,True,100.0,1.0,1.0,1.0,valid_text,0.96,descriptive,5.0,0.0,1.0,0.0,1.0,22.22222222222222,0.0,0.9177146893710744,0.31,False
w2_2026_000070_scan_mild_01,w2_2026_000070,w2,validation,mild,employee_address,multiline,"662 MILLER RIVER SUITE 311
ERICBERG, WA 51569","662 MILLER RIVER SUITE 311 ERICBERG, WA 51569 f Employee’s address and ZIP code",662 MILLER RIVER SUITE 311 ERICBERG WA 51569,662 MILLER RIVER SUITE 311 ERICBERG WA 51569 F EMPLOYEE S ADDRESS AND ZIP CODE,False,72.13,94.79,baseline,"662 MILLER RIVER SUITE 311 ERICBERG, WA 51569 f Employee’s address and ZIP code",94.79,,0.0,0.0,success,,0.0,False,,,,,,tesseract,"662 MILLER RIVER SUITE 311 ERICBERG, WA 51569 f Employee’s address and ZIP code",662 MILLER RIVER SUITE 311 ERICBERG WA 51569 F EMPLOYEE S ADDRESS AND ZIP CODE,False,72.13,1.0,1.0,1.0,valid_text,0.9479000000000001,descriptive,78.0,0.139241,0.670886,0.025316,0.0,0.0,0.0,0.014919924873812466,0.31,True
w2_2026_000070_scan_mild_01,w2_2026_000070,w2,validation,mild,wages,money,"100,808.33","100,808.83",100808.33,100808.83,False,88.89,51.0,enhanced,10080888,6.0,"100,808.83",51.0,0.0,success,,0.4563414500031839,False,"100,808.83",False,88.89,6.00,100808.83,tesseract,"100,808.83",100808.83,False,88.89,1.0,1.0,1.0,valid_money,0.51,critical,9.0,0.8,0.0,0.2,1.0,30.76923076923077,1.0,0.011337247704031966,0.98,True
w2_2026_000070_scan_mild_01,w2_2026_000070,w2,validation,mild,federal_tax_withheld,money,"23,844.60","23,844 60",23844.60,2384460.00,False,77.78,64.0,baseline,"23,844 60",64.0,"23,844.60",0.0,0.0,success,,0.0175906535697674,False,"23,844 60",False,77.78,-,2384460.00,tesseract,"23,844 60",2384460.00,False,77.78,1.0,1.0,1.0,valid_money,0.64,critical,10.0,0.777778,0.0,0.111111,1.0,0.0,1.0,0.03154699655172934,0.98,True
w2_2026_000070_scan_mild_01,w2_2026_000070,w2,validation,mild,social_security_wages,money,"100,808.33","00,808.33",100808.33,808.33,False,80.0,88.0,enhanced,"400,808.33",8.0,"00,808.33",88.0,0.0,success,,0.0,False,,,,,,tesseract,"00,808.33",808.33,False,80.0,1.0,1.0,1.0,valid_money,0.88,critical,6.0,0.777778,0.0,0.222222,0.0,0.0,1.0,0.5011586829755205,0.98,True
w2_2026_000070_scan_mild_01,w2_2026_000070,w2,validation,mild,social_security_tax_withheld,money,"6,250.12","6,250.12",6250.12,6250.12,True,100.0,88.0,enhanced,"6,250.12",29.0,"6,250.12",88.0,0.0,success,,0.0,False,,,,,,tesseract,"6,250.12",6250.12,True,100.0,1.0,1.0,1.0,valid_money,0.88,critical,7.0,0.75,0.0,0.25,0.0,0.0,1.0,0.8341955606556691,0.98,True
w2_2026_000070_scan_mild_01,w2_2026_000070,w2,validation,mild,medicare_wages,money,"100,808.33","100,808.33",100808.33,100808.33,True,100.0,94.0,enhanced,"490,808.33",21.0,"100,808.33",94.0,0.0,success,,0.0,False,,,,,,tesseract,"100,808.33",100808.33,True,100.0,1.0,1.0,1.0,valid_money,0.94,critical,9.0,0.8,0.0,0.2,0.0,0.0,0.0,0.9563890760394157,0.98,True
w2_2026_000070_scan_mild_01,w2_2026_000070,w2,validation,mild,medicare_tax_withheld,money,"1,461.72","1,461.72",1461.72,1461.72,True,100.0,95.0,baseline,"1,461.72",95.0,,0.0,0.0,success,,0.0,False,,,,,,tesseract,"1,461.72",1461.72,True,100.0,1.0,1.0,1.0,valid_money,0.95,critical,7.0,0.75,0.0,0.25,0.0,0.0,0.0,0.9838814008820811,0.98,False
w2_2026_000070_scan_mild_01,w2_2026_000070,w2,validation,mild,state,state,WA,WA,WA,WA,True,100.0,13.0,baseline,WA,13.0,,0.0,0.0,success,,0.0527746942811839,False,WA,True,100.0,WAL,WA,tesseract,WA,WA,True,100.0,1.0,1.0,1.0,valid_state_code,0.13,structured,2.0,0.0,1.0,0.0,1.0,80.0,0.0,0.9834358923588715,0.8,False
w2_2026_000070_scan_mild_01,w2_2026_000070,w2,validation,mild,employer_state_id,identifier,WA-5921894,W,WA5921894,W,False,20.0,0.0,baseline,W,0.0,W,0.0,0.0,success,,0.9994761963872394,True,LWA-5921994 .................................,False,84.21,LWA5921994,W,trocr,LWA-5921994 .................................,LWA5921994,False,84.21,0.0,1.0,1.0,valid_identifier_shape,0.6496595276517056,structured,10.0,0.155556,0.066667,0.755556,1.0,18.181818181818176,0.0,0.3236905209600348,0.8,True
w2_2026_000070_scan_mild_01,w2_2026_000070,w2,validation,mild,state_wages,money,"100,808.33","100,808.33",100808.33,100808.33,True,100.0,16.0,enhanced,"100,808.33",0.0,"100,808.33",16.0,0.0,success,,0.9164291301491092,True,100.808.33,False,53.33,100.81,100808.33,trocr,100.808.33,100.81,False,53.33,0.0,1.0,1.0,valid_money,0.651678934596921,critical,6.0,0.8,0.0,0.2,1.0,53.333333333333336,0.0,0.34714563396164405,0.98,True
w2_2026_000070_scan_mild_01,w2_2026_000070,w2,validation,mild,state_income_tax,money,"4,982.35",4982.35,4982.35,4982.35,True,100.0,53.0,baseline,4982.35,53.0,4982.35,18.0,0.0,success,,0.1124165410330025,False,4982.35,True,100.0,0.50,4982.35,tesseract,4982.35,4982.35,True,100.0,0.0,1.0,1.0,valid_money,0.53,critical,7.0,0.857143,0.0,0.142857,1.0,36.36363636363637,0.0,0.46460633572417676,0.98,True
w2_2026_000070_scan_hard_02,w2_2026_000070,w2,validation,hard,employee_ssn,identifier,000-66-3725,ES,000663725,5,False,20.0,41.0,enhanced,0 T SOUE,23.67,ES,41.0,0.0,success,,0.978760449208232,True,000.50.3725'S SOLD SECURNY NUMBER,False,56.0,0005037255501058,5,trocr,000.50.3725'S SOLD SECURNY NUMBER,0005037255501058,False,56.0,1.0,0.0,0.0,invalid_ssn_length,0.7796942919853508,critical,16.0,0.272727,0.545455,0.090909,1.0,11.764705882352944,0.0,0.00031484494618873565,0.98,True
w2_2026_000070_scan_hard_02,w2_2026_000070,w2,validation,hard,employer_ein,identifier,00-6024207,SL,006024207,51,False,0.0,0.0,enhanced,,0.0,SL,0.0,0.0,success,,7.951585644645233e-05,False,SL,False,0.0,,51,tesseract,SL,51,False,0.0,1.0,0.0,0.0,invalid_ein_length,0.0,critical,2.0,0.0,1.0,0.0,0.0,0.0,0.0,0.0036568280534796257,0.98,True
w2_2026_000070_scan_hard_02,w2_2026_000070,w2,validation,hard,employer_name_address,multiline,"RAMSEY, MASON AND MCCANN
63159 NOVAK ISLANDS
LAKE JOSHUAMOUTH, NM 30403","nn ae © Employer's name, address, and ZIP code RAMSEY, MASON AND MCCANN 63159 NOVAK ISLANDS LAKE JOSHUAMOUTH, NM 30403",RAMSEY MASON AND MCCANN 63159 NOVAK ISLANDS LAKE JOSHUAMOUTH NM 30403,NN AE EMPLOYER S NAME ADDRESS AND ZIP CODE RAMSEY MASON AND MCCANN 63159 NOVAK ISLANDS LAKE JOSHUAMOUTH NM 30403,False,76.24,80.85,baseline,"nn ae © Employer's name, address, and ZIP code RAMSEY, MASON AND MCCANN 63159 NOVAK ISLANDS LAKE JOSHUAMOUTH, NM 30403",80.85,,0.0,0.0,success,,0.0,False,,,,,,tesseract,"nn ae © Employer's name, address, and ZIP code RAMSEY, MASON AND MCCANN 63159 NOVAK ISLANDS LAKE JOSHUAMOUTH, NM 30403",NN AE EMPLOYER S NAME ADDRESS AND ZIP CODE RAMSEY MASON AND MCCANN 63159 NOVAK ISLANDS LAKE JOSHUAMOUTH NM 30403,False,76.24,1.0,1.0,1.0,valid_text,0.8085,descriptive,112.0,0.084746,0.70339,0.050847,0.0,0.0,0.0,0.020548722208038918,0.31,True
w2_2026_000070_scan_hard_02,w2_2026_000070,w2,validation,hard,control_number,identifier,W2-2026-000070,CG,W22026000070,CG,False,0.0,1.0,enhanced,,0.0,CG,1.0,0.0,success,,1.7112617077431587e-05,False,CG,False,0.0,,CG,tesseract,CG,CG,False,0.0,0.0,0.0,0.25,identifier_too_short,0.01,structured,2.0,0.0,1.0,0.0,0.0,0.0,0.0,0.006674845521023851,0.8,True
w2_2026_000070_scan_hard_02,w2_2026_000070,w2,validation,hard,employee_first_name,text,KARLA E.,Steere ee KARLA E.,KARLA E,STEERE EE KARLA E,False,58.33,50.75,enhanced,KARAE,41.0,Steere ee KARLA E.,50.75,0.0,success,,0.9174369935685962,True,KARLAE,False,92.31,KARLAE,STEERE EE KARLA E,trocr,KARLAE,KARLAE,False,92.31,1.0,1.0,1.0,valid_text,0.7739590458195875,descriptive,6.0,0.0,1.0,0.0,1.0,52.17391304347826,0.0,0.4589858694842771,0.31,False
w2_2026_000070_scan_hard_02,w2_2026_000070,w2,validation,hard,employee_last_name,text,GIBBS,GIBBS,GIBBS,GIBBS,True,100.0,84.0,enhanced,eee,30.0,GIBBS,84.0,0.0,success,,0.3869579989995674,False,GIBBS,True,100.0,GOES,GIBBS,tesseract,GIBBS,GIBBS,True,100.0,1.0,1.0,1.0,valid_text,0.84,descriptive,5.0,0.0,1.0,0.0,1.0,44.44444444444444,0.0,0.9363640898574908,0.31,False
w2_2026_000070_scan_hard_02,w2_2026_000070,w2,validation,hard,employee_address,multiline,"662 MILLER RIVER SUITE 311
ERICBERG, WA 51569","662 MILLER RIVER SUITE 311 ERICBERG, WA 51569 { Employee's address and ZIP code ganas umn tee o6c.1 17 State inco",662 MILLER RIVER SUITE 311 ERICBERG WA 51569,662 MILLER RIVER SUITE 311 ERICBERG WA 51569 EMPLOYEE S ADDRESS AND ZIP CODE GANAS UMN TEE O6C 1 17 STATE INCO,False,57.14,72.48,baseline,"662 MILLER RIVER SUITE 311 ERICBERG, WA 51569 { Employee's address and ZIP code ganas umn tee o6c.1 17 State inco",72.48,,0.0,0.0,success,,0.0,False,,,,,,tesseract,"662 MILLER RIVER SUITE 311 ERICBERG, WA 51569 { Employee's address and ZIP code ganas umn tee o6c.1 17 State inco",662 MILLER RIVER SUITE 311 ERICBERG WA 51569 EMPLOYEE S ADDRESS AND ZIP CODE GANAS UMN TEE O6C 1 17 STATE INCO,False,57.14,1.0,1.0,1.0,valid_text,0.7248,descriptive,110.0,0.132743,0.654867,0.035398,0.0,0.0,0.0,0.00036477829766566654,0.31,True
w2_2026_000070_scan_hard_02,w2_2026_000070,w2,validation,hard,wages,money,"100,808.33","-400,808.33",100808.33,-400808.33,False,84.21,0.0,baseline,"-400,808.33",0.0,"100,80833)",0.0,0.0,success,,0.7994459410942154,True,"1 WEGES, IPS. COME 00.608.33",False,35.29,16515.00,-400808.33,trocr,"1 WEGES, IPS. COME 00.608.33",16515.00,False,35.29,1.0,1.0,1.0,valid_money,0.51963986171124,critical,8.0,0.285714,0.428571,0.142857,1.0,22.22222222222222,0.0,0.008370222240721481,0.98,True
w2_2026_000070_scan_hard_02,w2_2026_000070,w2,validation,hard,federal_tax_withheld,money,"23,844.60",2,23844.60,2.00,False,50.0,96.0,baseline,2,96.0,,0.0,0.0,success,,0.0,False,,,,,,tesseract,2,2.00,False,50.0,1.0,1.0,1.0,valid_money,0.96,critical,4.0,1.0,0.0,0.0,0.0,0.0,0.0,0.9608634518589255,0.98,True
w2_2026_000070_scan_hard_02,w2_2026_000070,w2,validation,hard,social_security_wages,money,"100,808.33",10080833,100808.33,10080833.00,False,80.0,32.0,enhanced,,0.0,10080833,32.0,0.0,success,,0.5540927260542774,True,3 SOCIAL SECURITY WITH 100.808.33,False,34.78,35011511100.81,10080833.00,trocr,3 SOCIAL SECURITY WITH 100.808.33,35011511100.81,False,34.78,1.0,1.0,1.0,valid_money,0.4721602719352803,critical,14.0,0.272727,0.545455,0.060606,1.0,31.999999999999996,1.0,0.0010042069972540334,0.98,True
w2_2026_000070_scan_hard_02,w2_2026_000070,w2,validation,hard,social_security_tax_withheld,money,"6,250.12",$8,6250.12,8.00,False,18.18,0.0,enhanced,,0.0,$8,0.0,0.0,success,,0.8203837718279832,True,* SOLD SECURNY TAX 6.250.12,False,50.0,501056.25,8.00,trocr,* SOLD SECURNY TAX 6.250.12,501056.25,False,50.0,1.0,1.0,1.0,valid_money,0.533249451688189,critical,9.0,0.222222,0.518519,0.111111,1.0,30.76923076923077,1.0,0.009287778834684544,0.98,True
w2_2026_000070_scan_hard_02,w2_2026_000070,w2,validation,hard,medicare_wages,money,"100,808.33",1080838,100808.33,1080838.00,False,63.16,16.0,enhanced,,0.0,1080838,16.0,0.0,success,,0.5569417383440648,True,5 MEDICATE WAGES AND 100.808.33,False,47.62,501650100.81,1080838.00,trocr,5 MEDICATE WAGES AND 100.808.33,501650100.81,False,47.62,1.0,1.0,1.0,valid_money,0.4180121299236421,critical,12.0,0.290323,0.516129,0.064516,1.0,36.36363636363637,1.0,0.0031832697202733443,0.98,True
w2_2026_000070_scan_hard_02,w2_2026_000070,w2,validation,hard,medicare_tax_withheld,money,"1,461.72","1,461.72",1461.72,1461.72,True,100.0,94.0,enhanced,,0.0,"1,461.72",94.0,0.0,success,,0.0,False,,,,,,tesseract,"1,461.72",1461.72,True,100.0,1.0,1.0,1.0,valid_money,0.94,critical,7.0,0.75,0.0,0.25,0.0,0.0,1.0,0.8808612314408496,0.98,True
w2_2026_000070_scan_hard_02,w2_2026_000070,w2,validation,hard,state,state,WA,WA,WA,WA,True,100.0,31.0,baseline,WA,31.0,W,0.0,0.0,success,,0.0034344739309418,False,WA,True,100.0,,WA,tesseract,WA,WA,True,100.0,1.0,1.0,1.0,valid_state_code,0.31,structured,2.0,0.0,1.0,0.0,0.0,0.0,0.0,0.9875067632089181,0.8,False
w2_2026_000070_scan_hard_02,w2_2026_000070,w2,validation,hard,employer_state_id,identifier,WA-5921894,J,WA5921894,J,False,0.0,0.0,enhanced,,0.0,J,0.0,0.0,success,,0.9999985535640288,True,WA-5921694,False,88.89,WA5921694,J,trocr,WA-5921694,WA5921694,False,88.89,0.0,1.0,1.0,valid_identifier_shape,0.6499990598166188,structured,9.0,0.7,0.2,0.1,1.0,0.0,0.0,0.07564234431775262,0.8,True
w2_2026_000070_scan_hard_02,w2_2026_000070,w2,validation,hard,state_wages,money,"100,808.33","100,800.33,",100808.33,100800.33,False,88.89,41.0,enhanced,,0.0,"100,800.33,",41.0,0.0,success,,0.8315343228442721,True,100.808.33,False,53.33,100.81,100800.33,trocr,100.808.33,100.81,False,53.33,0.0,1.0,1.0,valid_money,0.6839973098487768,critical,6.0,0.8,0.0,0.2,1.0,53.333333333333336,0.0,0.3457673124586855,0.98,True
w2_2026_000070_scan_hard_02,w2_2026_000070,w2,validation,hard,state_income_tax,money,"4,982.35",4982.35,4982.35,4982.35,True,100.0,58.0,baseline,4982.35,58.0,98235,38.0,0.0,success,,0.000226370020684,False,4982.35,True,100.0,4982.35,4982.35,tesseract,4982.35,4982.35,True,100.0,0.0,1.0,1.0,valid_money,0.58,critical,7.0,0.857143,0.0,0.142857,1.0,100.0,0.0,0.9166581149827503,0.98,True
w2_2026_000115_scan_mild_01,w2_2026_000115,w2,validation,mild,employee_ssn,identifier,000-68-1605,5 3 BCS SSOCISECM,000681605,538555015,False,33.33,30.25,enhanced,000-68-1605 9OVVA S TC,0.0,5 3 BCS SSOCISECM,30.25,0.5,success,,0.7813284017185882,True,000-58-1665 S SOCAR SECURITY NUMBER,False,66.67,000581665550518,538555015,trocr,000-58-1665 S SOCAR SECURITY NUMBER,000581665550518,False,66.67,1.0,0.0,0.0,invalid_ssn_length,0.6137384611170824,critical,15.0,0.257143,0.571429,0.057143,1.0,58.33333333333333,0.0,0.0004725408211258551,0.98,True
w2_2026_000115_scan_mild_01,w2_2026_000115,w2,validation,mild,employer_ein,identifier,00-5923149,00 59 33140 IUGTILTICAUOTTNUMDEPCIN,005923149,00593314016111001,False,53.85,47.25,enhanced,00-5923149- SUSW7ECREENRARIWSPILEO,0.0,00 59 33140 IUGTILTICAUOTTNUMDEPCIN,47.25,0.5,success,,0.4697635149253864,False,00 59 33140 IUGTILTICAUOTTNUMDEPCIN,False,53.85,00552379150,00593314016111001,tesseract,00 59 33140 IUGTILTICAUOTTNUMDEPCIN,00593314016111001,False,53.85,1.0,0.0,0.0,invalid_ein_length,0.4725,critical,17.0,0.257143,0.657143,0.0,1.0,42.85714285714286,0.0,0.0014995152577788069,0.98,True
w2_2026_000115_scan_mild_01,w2_2026_000115,w2,validation,mild,employer_name_address,multiline,"THOMAS-SANTIAGO
2442 HANNAH HILL
PORT AMBER, MI 59823","THOMAS-SANTIAGO 2442 HANNAH HILL PORT AMBER, Mi 59823",THOMAS SANTIAGO 2442 HANNAH HILL PORT AMBER MI 59823,THOMAS SANTIAGO 2442 HANNAH HILL PORT AMBER MI 59823,True,100.0,93.0,baseline,"THOMAS-SANTIAGO 2442 HANNAH HILL PORT AMBER, Mi 59823",93.0,,0.0,0.5,success,,0.0,False,,,,,,tesseract,"THOMAS-SANTIAGO 2442 HANNAH HILL PORT AMBER, Mi 59823",THOMAS SANTIAGO 2442 HANNAH HILL PORT AMBER MI 59823,True,100.0,1.0,1.0,1.0,valid_text,0.93,descriptive,52.0,0.169811,0.660377,0.037736,0.0,0.0,0.0,0.8622706230772251,0.31,False
w2_2026_000115_scan_mild_01,w2_2026_000115,w2,validation,mild,control_number,identifier,W2-2026-000115,W2-2026-000115,W22026000115,W22026000115,True,100.0,12.0,baseline,W2-2026-000115,12.0,W22026-00115,0.0,0.5,success,,0.0122465140820688,False,W2-2026-000115,True,100.0,WWWWWWWKKKKKKKKKKKKKKKKKKKKKKKKKKKKKKKKKK,W22026000115,tesseract,W2-2026-000115,W22026000115,True,100.0,0.0,1.0,1.0,valid_identifier_shape,0.12,structured,12.0,0.785714,0.071429,0.142857,1.0,3.7735849056603765,0.0,0.13123017973068152,0.8,True
w2_2026_000115_scan_mild_01,w2_2026_000115,w2,validation,mild,employee_first_name,text,LINDSEY Q.,LINDSEY Q.,LINDSEY Q,LINDSEY Q,True,100.0,92.5,baseline,LINDSEY Q.,92.5,,0.0,0.5,success,,0.0,False,,,,,,tesseract,LINDSEY Q.,LINDSEY Q,True,100.0,1.0,1.0,1.0,valid_text,0.925,descriptive,9.0,0.0,0.8,0.1,0.0,0.0,0.0,0.9159283708331485,0.31,False
w2_2026_000115_scan_mild_01,w2_2026_000115,w2,validation,mild,employee_last_name,text,RODRIGUEZ,RODRIGUEZ,RODRIGUEZ,RODRIGUEZ,True,100.0,96.0,baseline,RODRIGUEZ,96.0,RODRIGUEZ,96.0,0.5,success,,1.1625106332978983e-05,False,RODRIGUEZ,True,100.0,RODRIGUEZ,RODRIGUEZ,tesseract,RODRIGUEZ,RODRIGUEZ,True,100.0,1.0,1.0,1.0,valid_text,0.96,descriptive,9.0,0.0,1.0,0.0,1.0,100.0,0.0,0.9967396623330448,0.31,False
w2_2026_000115_scan_mild_01,w2_2026_000115,w2,validation,mild,employee_address,multiline,"838 YOUNG TUNNEL
HEATHERTON, MS 51298","838 YOUNG TUNNEL HEATHERTON, MS 51298 f Employee's address and ZIP code",838 YOUNG TUNNEL HEATHERTON MS 51298,838 YOUNG TUNNEL HEATHERTON MS 51298 F EMPLOYEE S ADDRESS AND ZIP CODE,False,67.92,87.42,baseline,"838 YOUNG TUNNEL HEATHERTON, MS 51298 f Employee's address and ZIP code",87.42,,0.0,0.5,success,,0.0,False,,,,,,tesseract,"838 YOUNG TUNNEL HEATHERTON, MS 51298 f Employee's address and ZIP code",838 YOUNG TUNNEL HEATHERTON MS 51298 F EMPLOYEE S ADDRESS AND ZIP CODE,False,67.92,1.0,1.0,1.0,valid_text,0.8742,descriptive,70.0,0.112676,0.704225,0.028169,0.0,0.0,0.0,0.02141458508023364,0.31,True
w2_2026_000115_scan_mild_01,w2_2026_000115,w2,validation,mild,wages,money,"142,870.67","),, 142,870.67",142870.67,142870.67,True,100.0,17.5,enhanced,",",0.0,"),, 142,870.67",17.5,0.5,success,,7.44168223146599e-06,False,"),, 142,870.67",True,100.0,,142870.67,tesseract,"),, 142,870.67",142870.67,True,100.0,1.0,1.0,1.0,valid_money,0.175,critical,9.0,0.571429,0.0,0.357143,0.0,0.0,0.0,0.04874197001400783,0.98,True
w2_2026_000115_scan_mild_01,w2_2026_000115,w2,validation,mild,federal_tax_withheld,money,"22,050.61","22,050.61",22050.61,22050.61,True,100.0,39.0,enhanced,"- 28 22,050.61",29.0,"22,050.61",39.0,0.5,success,,0.2783231442635144,False,"22,050.61",True,100.0,-1000-12050.61,22050.61,tesseract,"22,050.61",22050.61,True,100.0,1.0,1.0,1.0,valid_money,0.39,critical,8.0,0.777778,0.0,0.222222,1.0,63.63636363636363,0.0,0.3866966873741757,0.98,True
w2_2026_000115_scan_mild_01,w2_2026_000115,w2,validation,mild,social_security_wages,money,"142,870.67","42,870.67",142870.67,42870.67,False,94.12,94.0,enhanced,"442,870.67",35.0,"42,870.67",94.0,0.5,success,,0.0,False,,,,,,tesseract,"42,870.67",42870.67,False,94.12,1.0,1.0,1.0,valid_money,0.94,critical,8.0,0.777778,0.0,0.222222,0.0,0.0,1.0,0.5009254279990711,0.98,True
w2_2026_000115_scan_mild_01,w2_2026_000115,w2,validation,mild,social_security_tax_withheld,money,"8,857.98","8,857.98",8857.98,8857.98,True,100.0,48.0,enhanced,- 8 8857.98,0.67,"8,857.98",48.0,0.5,success,,0.184088754675478,False,"8,857.98",True,100.0,-518857.98,8857.98,tesseract,"8,857.98",8857.98,True,100.0,1.0,1.0,1.0,valid_money,0.48,critical,7.0,0.75,0.0,0.25,1.0,82.35294117647058,1.0,0.5007684991770806,0.98,True
w2_2026_000115_scan_mild_01,w2_2026_000115,w2,validation,mild,medicare_wages,money,"142,870.67","142,870.67",142870.67,142870.67,True,100.0,96.0,baseline,"142,870.67",96.0,,0.0,0.5,success,,0.0,False,,,,,,tesseract,"142,870.67",142870.67,True,100.0,1.0,1.0,1.0,valid_money,0.96,critical,9.0,0.8,0.0,0.2,0.0,0.0,0.0,0.9486301225565353,0.98,True
w2_2026_000115_scan_mild_01,w2_2026_000115,w2,validation,mild,medicare_tax_withheld,money,"2,071.62","2,071.62",2071.62,2071.62,True,100.0,96.0,baseline,"2,071.62",96.0,,0.0,0.5,success,,0.0,False,,,,,,tesseract,"2,071.62",2071.62,True,100.0,1.0,1.0,1.0,valid_money,0.96,critical,7.0,0.75,0.0,0.25,0.0,0.0,0.0,0.9770021615284217,0.98,True
w2_2026_000115_scan_mild_01,w2_2026_000115,w2,validation,mild,state,state,MS,I,MS,I,False,0.0,0.0,enhanced,,0.0,I,0.0,0.5,success,,0.3640386073661411,False,I,False,0.0,MS,I,tesseract,I,I,False,0.0,1.0,0.0,0.2,invalid_state_code,0.0,structured,1.0,0.0,1.0,0.0,1.0,0.0,0.0,0.009270009987394206,0.8,True
w2_2026_000115_scan_mild_01,w2_2026_000115,w2,validation,mild,employer_state_id,identifier,MS-6294819,JM,MS6294819,JM,False,18.18,0.0,enhanced,,0.0,JM,0.0,0.5,success,,0.9999973737121668,True,MS-6294819,True,100.0,MS6294819,JM,trocr,MS-6294819,MS6294819,True,100.0,0.0,1.0,1.0,valid_identifier_shape,0.6499982929129084,structured,9.0,0.7,0.2,0.1,1.0,18.181818181818176,0.0,0.11975218384485334,0.8,True
w2_2026_000115_scan_mild_01,w2_2026_000115,w2,validation,mild,state_wages,money,"142,870.67",4.87067,142870.67,4.87,False,46.15,31.0,enhanced,,0.0,4.87067,31.0,0.5,success,,0.7784140464980899,True,142.870.67,False,66.67,142.87,4.87,trocr,142.870.67,142.87,False,66.67,0.0,1.0,1.0,valid_money,0.6144691302237585,critical,6.0,0.8,0.0,0.2,1.0,80.0,0.0,0.3986969359331794,0.98,True
w2_2026_000115_scan_mild_01,w2_2026_000115,w2,validation,mild,state_income_tax,money,"6,457.80","8,487.80",6457.80,8487.80,False,71.43,44.0,enhanced,2,4.0,"8,487.80",44.0,0.5,success,,0.5686939264561933,True,"6,457.80",True,100.0,6457.80,8487.80,trocr,"6,457.80",6457.80,True,100.0,0.0,1.0,1.0,valid_money,0.5236510521965256,critical,7.0,0.75,0.0,0.25,1.0,71.42857142857143,0.0,0.3338599345860894,0.98,True
w2_2026_000115_scan_hard_02,w2_2026_000115,w2,validation,hard,employee_ssn,identifier,000-68-1605,A BO-,000681605,80,False,36.36,0.0,baseline,A BO-,0.0,P ESSC,0.0,-2.0,success,,0.980836627126384,True,CASHIERIES : SAVINGS,False,35.29,51155165,80,trocr,CASHIERIES : SAVINGS,51155165,False,35.29,1.0,0.0,0.8200000000000001,invalid_ssn_length,0.6375438076321496,critical,8.0,0.0,0.85,0.05,1.0,0.0,0.0,0.0004058415055324782,0.98,True
w2_2026_000115_scan_hard_02,w2_2026_000115,w2,validation,hard,employer_ein,identifier,00-5923149,LRRAEEIEE SETES,005923149,1155,False,15.38,0.0,enhanced,,0.0,LRRAEEIEE SETES,0.0,-2.0,success,,0.7587454138428692,True,SR:,False,20.0,5,1155,trocr,SR:,5,False,20.0,1.0,0.0,0.0,invalid_ein_length,0.493184518997865,critical,1.0,0.0,0.666667,0.333333,1.0,40.0,0.0,0.007965886849596872,0.98,True
w2_2026_000115_scan_hard_02,w2_2026_000115,w2,validation,hard,employer_name_address,multiline,"THOMAS-SANTIAGO
2442 HANNAH HILL
PORT AMBER, MI 59823","¢ Employer's name, address, and ZIP code THOMAS-SANTIAGO 2442 HANNAH HILL PORT AMBER. Mi 59623",THOMAS SANTIAGO 2442 HANNAH HILL PORT AMBER MI 59823,EMPLOYER S NAME ADDRESS AND ZIP CODE THOMAS SANTIAGO 2442 HANNAH HILL PORT AMBER MI 59623,False,72.34,89.13,baseline,"¢ Employer's name, address, and ZIP code THOMAS-SANTIAGO 2442 HANNAH HILL PORT AMBER. Mi 59623",89.13,,0.0,-2.0,success,,0.0,False,,,,,,tesseract,"¢ Employer's name, address, and ZIP code THOMAS-SANTIAGO 2442 HANNAH HILL PORT AMBER. Mi 59623",EMPLOYER S NAME ADDRESS AND ZIP CODE THOMAS SANTIAGO 2442 HANNAH HILL PORT AMBER MI 59623,False,72.34,1.0,1.0,1.0,valid_text,0.8913,descriptive,89.0,0.095745,0.691489,0.06383,0.0,0.0,0.0,0.23651819522747927,0.31,True
w2_2026_000115_scan_hard_02,w2_2026_000115,w2,validation,hard,control_number,identifier,W2-2026-000115,BSRNETSA,W22026000115,BSRNETSA,False,0.0,0.0,baseline,BSRNETSA,0.0,SS,49.0,-2.0,success,,1.9036525954156223e-05,False,BSRNETSA,False,0.0,,BSRNETSA,tesseract,BSRNETSA,BSRNETSA,False,0.0,0.0,1.0,1.0,valid_identifier_shape,0.0,structured,8.0,0.0,1.0,0.0,0.0,0.0,0.0,0.1998898940770157,0.8,True
w2_2026_000115_scan_hard_02,w2_2026_000115,w2,validation,hard,employee_first_name,text,LINDSEY Q.,EEE EE OE NE,LINDSEY Q,EEE EE OE NE,False,19.05,38.75,enhanced,,0.0,EEE EE OE NE,38.75,-2.0,success,,0.9439526960787552,True,UNDEVO.,False,40.0,UNDEVO,EEE EE OE NE,trocr,UNDEVO.,UNDEVO,False,40.0,1.0,1.0,1.0,valid_text,0.7491942524511909,descriptive,6.0,0.0,0.857143,0.142857,1.0,22.22222222222222,0.0,0.381089534988507,0.31,False
w2_2026_000115_scan_hard_02,w2_2026_000115,w2,validation,hard,employee_last_name,text,RODRIGUEZ,ee Fee,RODRIGUEZ,EE FEE,False,13.33,35.5,enhanced,ee or,21.0,ee Fee,35.5,-2.0,success,,0.7789730364973527,True,RODHQUEZ,False,70.59,RODHQUEZ,EE FEE,trocr,RODHQUEZ,RODHQUEZ,False,70.59,1.0,1.0,1.0,valid_text,0.6305824737232792,descriptive,8.0,0.0,1.0,0.0,1.0,14.28571428571429,0.0,0.41894238161740355,0.31,False
w2_2026_000115_scan_hard_02,w2_2026_000115,w2,validation,hard,employee_address,multiline,"838 YOUNG TUNNEL
HEATHERTON, MS 51298","838 YOUNG TUNNEL | HEATHERTON, MS 51298 ¢ Employee's address and ZIP code oo Mss cones Sine mae 147 State inco",838 YOUNG TUNNEL HEATHERTON MS 51298,838 YOUNG TUNNEL HEATHERTON MS 51298 EMPLOYEE S ADDRESS AND ZIP CODE OO MSS CONES SINE MAE 147 STATE INCO,False,51.06,75.81,baseline,"838 YOUNG TUNNEL | HEATHERTON, MS 51298 ¢ Employee's address and ZIP code oo Mss cones Sine mae 147 State inco",75.81,,0.0,-2.0,success,,0.0,False,,,,,,tesseract,"838 YOUNG TUNNEL | HEATHERTON, MS 51298 ¢ Employee's address and ZIP code oo Mss cones Sine mae 147 State inco",838 YOUNG TUNNEL HEATHERTON MS 51298 EMPLOYEE S ADDRESS AND ZIP CODE OO MSS CONES SINE MAE 147 STATE INCO,False,51.06,1.0,1.0,1.0,valid_text,0.7581,descriptive,105.0,0.1,0.681818,0.036364,0.0,0.0,0.0,0.0007875577791235659,0.31,True
w2_2026_000115_scan_hard_02,w2_2026_000115,w2,validation,hard,wages,money,"142,870.67","142,870.67",142870.67,142870.67,True,100.0,95.0,enhanced,,0.0,"142,870.67",95.0,-2.0,success,,0.0,False,,,,,,tesseract,"142,870.67",142870.67,True,100.0,1.0,1.0,1.0,valid_money,0.95,critical,9.0,0.8,0.0,0.2,0.0,0.0,0.0,0.7007171547759712,0.98,True
w2_2026_000115_scan_hard_02,w2_2026_000115,w2,validation,hard,federal_tax_withheld,money,"22,050.61","22,050.61",22050.61,22050.61,True,100.0,84.0,enhanced,,0.0,"22,050.61",84.0,-2.0,success,,0.0,False,,,,,,tesseract,"22,050.61",22050.61,True,100.0,1.0,1.0,1.0,valid_money,0.84,critical,8.0,0.777778,0.0,0.222222,0.0,0.0,0.0,0.855966326627402,0.98,True
w2_2026_000115_scan_hard_02,w2_2026_000115,w2,validation,hard,social_security_wages,money,"142,870.67","142,870.67",142870.67,142870.67,True,100.0,96.0,baseline,"142,870.67",96.0,,0.0,-2.0,success,,0.0,False,,,,,,tesseract,"142,870.67",142870.67,True,100.0,1.0,1.0,1.0,valid_money,0.96,critical,9.0,0.8,0.0,0.2,0.0,0.0,1.0,0.4933668850143992,0.98,True
w2_2026_000115_scan_hard_02,w2_2026_000115,w2,validation,hard,social_security_tax_withheld,money,"8,857.98",4 98798,8857.98,498798.00,False,50.0,48.0,baseline,4 98798,48.0,4. 9,0.0,-2.0,success,,0.3835858908102418,False,4 98798,False,50.0,45010518857.98,498798.00,tesseract,4 98798,498798.00,False,50.0,1.0,1.0,1.0,valid_money,0.48,critical,9.0,0.857143,0.0,0.0,1.0,43.47826086956522,1.0,0.03335653397782646,0.98,True
w2_2026_000115_scan_hard_02,w2_2026_000115,w2,validation,hard,medicare_wages,money,"142,870.67",5,142870.67,5.00,False,15.38,96.0,baseline,5,96.0,,0.0,-2.0,success,,0.0,False,,,,,,tesseract,5,5.00,False,15.38,1.0,1.0,1.0,valid_money,0.96,critical,4.0,1.0,0.0,0.0,0.0,0.0,1.0,0.7987888972854215,0.98,True
w2_2026_000115_scan_hard_02,w2_2026_000115,w2,validation,hard,medicare_tax_withheld,money,"2,071.62",. 207162,2071.62,0.21,False,54.55,0.0,enhanced,,0.0,. 207162,0.0,-2.0,success,,0.9757272458806644,True,6 MESCEIPT @ 2.071.62,False,42.86,6512.07,0.21,trocr,6 MESCEIPT @ 2.071.62,6512.07,False,42.86,1.0,1.0,1.0,valid_money,0.6342227098224319,critical,7.0,0.333333,0.380952,0.142857,1.0,18.181818181818176,1.0,0.023469403497991512,0.98,True
w2_2026_000115_scan_hard_02,w2_2026_000115,w2,validation,hard,state,state,MS,J,MS,J,False,0.0,0.0,enhanced,,0.0,J,0.0,-2.0,success,,0.616754841452553,True,MS,True,100.0,MS,J,trocr,MS,MS,True,100.0,1.0,1.0,1.0,valid_state_code,0.40089064694415943,structured,2.0,0.0,1.0,0.0,1.0,0.0,0.0,0.750051782079089,0.8,True
w2_2026_000115_scan_hard_02,w2_2026_000115,w2,validation,hard,employer_state_id,identifier,MS-6294819,SERS Z,MS6294819,SERSZ,False,14.29,0.0,baseline,SERS Z,0.0,,0.0,-2.0,success,,0.9998255325115936,True,MASES GSTER:,False,21.05,MASESGSTER,SERSZ,trocr,MASES GSTER:,MASESGSTER,False,21.05,0.0,1.0,1.0,valid_identifier_shape,0.6498865961325359,structured,10.0,0.0,0.833333,0.083333,1.0,40.0,0.0,0.08180201759730567,0.8,True
w2_2026_000115_scan_hard_02,w2_2026_000115,w2,validation,hard,state_wages,money,"142,870.67",. .,142870.67,.,False,20.0,0.0,baseline,. .,0.0,,0.0,-2.0,success,,0.9950776639172076,True,142.870.67,False,66.67,142.87,.,trocr,142.870.67,142.87,False,66.67,0.0,1.0,1.0,valid_money,0.646800481546185,critical,6.0,0.8,0.0,0.2,1.0,28.57142857142857,0.0,0.19211726868609016,0.98,True
w2_2026_000115_scan_hard_02,w2_2026_000115,w2,validation,hard,state_income_tax,money,"6,457.80",7),6457.80,7.00,False,54.55,40.0,enhanced,88780,0.0,7),40.0,-2.0,success,,0.8912321995984684,True,6.457.80,False,36.36,6.46,7.00,trocr,6.457.80,6.46,False,36.36,0.0,1.0,1.0,valid_money,0.7193009297390045,critical,4.0,0.75,0.0,0.25,1.0,25.0,0.0,0.2664428645664146,0.98,True
w2_2026_000143_scan_mild_01,w2_2026_000143,w2,validation,mild,employee_ssn,identifier,000-66-5201,-S20 SSOCISCHU,000665201,52055015,False,47.06,0.0,enhanced,00-66-5201 OOVYVIALQUVMETF,0.0,-S20 SSOCISCHU,0.0,-0.5,success,,0.8463126850304291,True,000-56-52YPE'S SOCIAR SECURITY NUMBER,False,69.57,00056525501518,52055015,trocr,000-56-52YPE'S SOCIAR SECURITY NUMBER,00056525501518,False,69.57,1.0,0.0,0.10000000000000009,invalid_ssn_length,0.5501032452697789,critical,14.0,0.189189,0.648649,0.081081,1.0,63.63636363636363,0.0,0.00046058878012563315,0.98,True
w2_2026_000143_scan_mild_01,w2_2026_000143,w2,validation,mild,employer_ein,identifier,00-9037616,ICONNUMEEIIN,009037616,1011,False,30.77,0.0,baseline,ICONNUMEEIIN,0.0,OE,37.0,-0.5,success,,0.7609412109969925,True,00-RECEIPTAGE IDEMPTICATION NUMBER (EN) ************,False,42.11,0016101108,1011,trocr,00-RECEIPTAGE IDEMPTICATION NUMBER (EN) ************,0016101108,False,42.11,1.0,0.0,0.8200000000000001,invalid_ein_length,0.49461178714804516,critical,10.0,0.038462,0.596154,0.288462,1.0,57.14285714285714,0.0,0.002309391784125325,0.98,True
w2_2026_000143_scan_mild_01,w2_2026_000143,w2,validation,mild,employer_name_address,multiline,"PARSONS PLC
209 PARSONS GARDEN SUITE 186
NEW FELICIA, WI 72782","c Employer's name, adaress, ano Zir vuue PARSONS PLC 209 PARSONS GARDEN SUITE 186 NEW FELICIA, WI 72782",PARSONS PLC 209 PARSONS GARDEN SUITE 186 NEW FELICIA WI 72782,C EMPLOYER S NAME ADARESS ANO ZIR VUUE PARSONS PLC 209 PARSONS GARDEN SUITE 186 NEW FELICIA WI 72782,False,75.78,77.22,baseline,"c Employer's name, adaress, ano Zir vuue PARSONS PLC 209 PARSONS GARDEN SUITE 186 NEW FELICIA, WI 72782",77.22,,0.0,-0.5,success,,0.0,False,,,,,,tesseract,"c Employer's name, adaress, ano Zir vuue PARSONS PLC 209 PARSONS GARDEN SUITE 186 NEW FELICIA, WI 72782",C EMPLOYER S NAME ADARESS ANO ZIR VUUE PARSONS PLC 209 PARSONS GARDEN SUITE 186 NEW FELICIA WI 72782,False,75.78,1.0,1.0,1.0,valid_text,0.7722,descriptive,100.0,0.106796,0.68932,0.038835,0.0,0.0,0.0,0.062037305344990044,0.31,True
w2_2026_000143_scan_mild_01,w2_2026_000143,w2,validation,mild,control_number,identifier,W2-2026-000143,W2-2026-000143 7,W22026000143,W220260001437,False,96.0,13.5,enhanced,W-2026-000148-,0.0,W2-2026-000143 7,13.5,-0.5,success,,3.534089495994458e-07,False,W2-2026-000143 7,False,96.0,,W220260001437,tesseract,W2-2026-000143 7,W220260001437,False,96.0,0.0,1.0,1.0,valid_identifier_shape,0.135,structured,13.0,0.75,0.0625,0.125,0.0,0.0,0.0,0.35818442068116196,0.8,True
w2_2026_000143_scan_mild_01,w2_2026_000143,w2,validation,mild,employee_first_name,text,LORI R.,LORI R.,LORI R,LORI R,True,100.0,90.0,baseline,LORI R.,90.0,,0.0,-0.5,success,,0.0,False,,,,,,tesseract,LORI R.,LORI R,True,100.0,1.0,1.0,1.0,valid_text,0.9,descriptive,6.0,0.0,0.714286,0.142857,0.0,0.0,0.0,0.9242911809223149,0.31,False
w2_2026_000143_scan_mild_01,w2_2026_000143,w2,validation,mild,employee_last_name,text,RICHARDSON,RICHARDSON,RICHARDSON,RICHARDSON,True,100.0,95.0,baseline,RICHARDSON,95.0,RICHARDSON,96.0,-0.5,success,,1.0640346724343684e-05,False,RICHARDSON,True,100.0,RICHARDSON,RICHARDSON,tesseract,RICHARDSON,RICHARDSON,True,100.0,1.0,1.0,1.0,valid_text,0.95,descriptive,10.0,0.0,1.0,0.0,1.0,100.0,0.0,0.980912807426889,0.31,False
w2_2026_000143_scan_mild_01,w2_2026_000143,w2,validation,mild,employee_address,multiline,"456 RODRIGUEZ PIKE
NORTH MARYBERG, HI 04600","456 RODRIGUEZ PIKE NORTH MARYBERG, HI 04600 f Employee’s address and ZIP code",456 RODRIGUEZ PIKE NORTH MARYBERG HI 04600,456 RODRIGUEZ PIKE NORTH MARYBERG HI 04600 F EMPLOYEE S ADDRESS AND ZIP CODE,False,71.19,94.15,baseline,"456 RODRIGUEZ PIKE NORTH MARYBERG, HI 04600 f Employee’s address and ZIP code",94.15,,0.0,-0.5,success,,0.0,False,,,,,,tesseract,"456 RODRIGUEZ PIKE NORTH MARYBERG, HI 04600 f Employee’s address and ZIP code",456 RODRIGUEZ PIKE NORTH MARYBERG HI 04600 F EMPLOYEE S ADDRESS AND ZIP CODE,False,71.19,1.0,1.0,1.0,valid_text,0.9415,descriptive,76.0,0.103896,0.714286,0.025974,0.0,0.0,0.0,0.02051323934720047,0.31,True
w2_2026_000143_scan_mild_01,w2_2026_000143,w2,validation,mild,wages,money,"52,574.61","1 ,, 50574.61",52574.61,150574.61,False,82.35,12.0,baseline,"1 ,, 50574.61",12.0,"1,, 50574.61",0.0,-0.5,success,,0.4646767568422472,False,"1 ,, 50574.61",False,82.35,165500052574.61,150574.61,tesseract,"1 ,, 50574.61",150574.61,False,82.35,1.0,1.0,1.0,valid_money,0.12,critical,9.0,0.615385,0.0,0.230769,1.0,75.0,0.0,0.01678301072757104,0.98,True
w2_2026_000143_scan_mild_01,w2_2026_000143,w2,validation,mild,federal_tax_withheld,money,"6,649.24","6,649.24",6649.24,6649.24,True,100.0,69.0,baseline,"6,649.24",69.0,6849.24,35.0,-0.5,success,,0.0780904312239646,False,"6,649.24",True,100.0,26111516649.24,6649.24,tesseract,"6,649.24",6649.24,True,100.0,1.0,1.0,1.0,valid_money,0.69,critical,7.0,0.75,0.0,0.25,1.0,66.66666666666667,0.0,0.7496300721263491,0.98,True
w2_2026_000143_scan_mild_01,w2_2026_000143,w2,validation,mild,social_security_wages,money,"52,574.61",52.574.61,52574.61,52.57,False,61.54,39.0,baseline,52.574.61,39.0,"82,674.61",44.0,-0.5,success,,0.5933046398866022,True,"3 SOCIAL SECURNY WAYES 52,574.61",False,69.57,350115552574.61,52.57,trocr,"3 SOCIAL SECURNY WAYES 52,574.61",350115552574.61,False,69.57,1.0,1.0,1.0,valid_money,0.5221480159262915,critical,15.0,0.25,0.5625,0.0625,1.0,40.0,1.0,0.0004963992415292944,0.98,True
w2_2026_000143_scan_mild_01,w2_2026_000143,w2,validation,mild,social_security_tax_withheld,money,"3,259.63",8289.68,3259.63,8289.68,False,57.14,59.0,enhanced,3259.63,32.0,8289.68,59.0,-0.5,success,,0.221728107240421,False,8289.68,False,57.14,5011513259.63,8289.68,tesseract,8289.68,8289.68,False,57.14,1.0,1.0,1.0,valid_money,0.59,critical,7.0,0.857143,0.0,0.142857,1.0,40.0,1.0,0.4227064328065152,0.98,True
w2_2026_000143_scan_mild_01,w2_2026_000143,w2,validation,mild,medicare_wages,money,"52,574.61","52,574.61",52574.61,52574.61,True,100.0,50.0,baseline,"52,574.61",50.0,"92 62,574.61",33.5,-0.5,success,,0.1301146543250173,False,"52,574.61",True,100.0,15052574.61,52574.61,tesseract,"52,574.61",52574.61,True,100.0,1.0,1.0,1.0,valid_money,0.5,critical,8.0,0.777778,0.0,0.222222,1.0,84.21052631578947,0.0,0.7013370388413593,0.98,True
w2_2026_000143_scan_mild_01,w2_2026_000143,w2,validation,mild,medicare_tax_withheld,money,762.33,762.33,762.33,762.33,True,100.0,89.0,enhanced,$8 762.33,47.5,762.33,89.0,-0.5,success,,0.0,False,,,,,,tesseract,762.33,762.33,True,100.0,1.0,1.0,1.0,valid_money,0.89,critical,6.0,0.833333,0.0,0.166667,0.0,0.0,0.0,0.9789170515177246,0.98,True
w2_2026_000143_scan_mild_01,w2_2026_000143,w2,validation,mild,state,state,HI,IH,HI,IH,False,50.0,20.0,enhanced,HH,0.0,IH,20.0,-0.5,success,,6.327792954049642e-07,False,IH,False,50.0,,IH,tesseract,IH,IH,False,50.0,1.0,0.0,0.2,invalid_state_code,0.2,structured,2.0,0.0,1.0,0.0,0.0,0.0,0.0,0.1862454556977917,0.8,True
w2_2026_000143_scan_mild_01,w2_2026_000143,w2,validation,mild,employer_state_id,identifier,HI-5557052,0,HI5557052,0,False,20.0,0.0,baseline,0,0.0,,0.0,-0.5,success,,0.9601225331313188,True,[HM-5557052 .................................,False,88.89,HM5557052,0,trocr,[HM-5557052 .................................,HM5557052,False,88.89,0.0,1.0,1.0,valid_identifier_shape,0.6240796465353572,structured,9.0,0.155556,0.044444,0.777778,1.0,19.999999999999996,0.0,0.5035754998808051,0.8,True
w2_2026_000143_scan_mild_01,w2_2026_000143,w2,validation,mild,state_wages,money,"52,574.61",5287461,52574.61,5287461.00,False,66.67,8.0,enhanced,,0.0,5287461,8.0,-0.5,success,,0.8518291115342863,True,"52,574.61",True,100.0,52574.61,5287461.00,trocr,"52,574.61",52574.61,True,100.0,0.0,1.0,1.0,valid_money,0.5816889224972861,critical,8.0,0.777778,0.0,0.222222,1.0,66.66666666666667,0.0,0.2660317510863634,0.98,True
w2_2026_000143_scan_mild_01,w2_2026_000143,w2,validation,mild,state_income_tax,money,982.93,982.93),982.93,982.93,True,100.0,41.0,enhanced,,0.0,982.93),41.0,-0.5,success,,0.9383709168597988,True,98293,False,71.43,98293.00,982.93,trocr,98293,98293.00,False,71.43,0.0,1.0,1.0,valid_money,0.7534410959588692,critical,8.0,1.0,0.0,0.0,1.0,71.42857142857143,0.0,0.32719587937544264,0.98,True
w2_2026_000152_scan_mild_01,w2_2026_000152,w2,validation,mild,employee_ssn,identifier,000-67-9653,000-679653- VVA U,000679653,000679653,True,100.0,0.0,baseline,000-679653- VVA U,0.0,-7689 SSOCISECUNM,0.0,0.5,success,,0.4730388796253112,False,000-679653- VVA U,True,100.0,00057965355011518,000679653,tesseract,000-679653- VVA U,000679653,True,100.0,1.0,1.0,1.0,valid_ssn_shape,0.0,critical,9.0,0.529412,0.235294,0.117647,1.0,61.53846153846154,0.0,0.00890104583460215,0.98,True
w2_2026_000152_scan_mild_01,w2_2026_000152,w2,validation,mild,employer_ein,identifier,00-7069742,00 0 BOD IUEHUNCAUOTENUMDEFCIIN,007069742,00080010011,False,30.0,23.75,enhanced,00-7069742 IWAVIWATIUIIIO,0.0,00 0 BOD IUEHUNCAUOTENUMDEFCIIN,23.75,0.5,success,,0.4431073279557871,False,00 0 BOD IUEHUNCAUOTENUMDEFCIIN,False,30.0,006125108,00080010011,tesseract,00 0 BOD IUEHUNCAUOTENUMDEFCIIN,00080010011,False,30.0,1.0,0.0,0.64,invalid_ein_length,0.2375,critical,11.0,0.096774,0.806452,0.0,1.0,40.0,0.0,0.0007765993287915682,0.98,True
w2_2026_000152_scan_mild_01,w2_2026_000152,w2,validation,mild,employer_name_address,multiline,"PARKS, BUTLER AND BERRY
9578 JAMIE DAM APT. 248
SOUTH WENDY, WI 19526","PARKS, BUTLER AND BERRY 9578 JAMIE DAM APT. 248 SOUTH WENDY, WI 19526",PARKS BUTLER AND BERRY 9578 JAMIE DAM APT 248 SOUTH WENDY WI 19526,PARKS BUTLER AND BERRY 9578 JAMIE DAM APT 248 SOUTH WENDY WI 19526,True,100.0,96.0,baseline,"PARKS, BUTLER AND BERRY 9578 JAMIE DAM APT. 248 SOUTH WENDY, WI 19526",96.0,,0.0,0.5,success,,0.0,False,,,,,,tesseract,"PARKS, BUTLER AND BERRY 9578 JAMIE DAM APT. 248 SOUTH WENDY, WI 19526",PARKS BUTLER AND BERRY 9578 JAMIE DAM APT 248 SOUTH WENDY WI 19526,True,100.0,1.0,1.0,1.0,valid_text,0.96,descriptive,66.0,0.173913,0.608696,0.043478,0.0,0.0,0.0,0.6139186785286749,0.31,False
w2_2026_000152_scan_mild_01,w2_2026_000152,w2,validation,mild,control_number,identifier,W2-2026-000152,W2-2026-000152,W22026000152,W22026000152,True,100.0,12.0,baseline,W2-2026-000152,12.0,FL,11.0,0.5,success,,0.0421150255881915,False,W2-2026-000152,True,100.0,WEARE0032,W22026000152,tesseract,W2-2026-000152,W22026000152,True,100.0,0.0,1.0,1.0,valid_identifier_shape,0.12,structured,12.0,0.785714,0.071429,0.142857,1.0,38.095238095238095,0.0,0.16509534424837652,0.8,True
w2_2026_000152_scan_mild_01,w2_2026_000152,w2,validation,mild,employee_first_name,text,ABIGAIL V.,ABIGAIL V.,ABIGAIL V,ABIGAIL V,True,100.0,92.0,baseline,ABIGAIL V.,92.0,,0.0,0.5,success,,0.0,False,,,,,,tesseract,ABIGAIL V.,ABIGAIL V,True,100.0,1.0,1.0,1.0,valid_text,0.92,descriptive,9.0,0.0,0.8,0.1,0.0,0.0,0.0,0.911234294846135,0.31,False
w2_2026_000152_scan_mild_01,w2_2026_000152,w2,validation,mild,employee_last_name,text,SALAZAR,SALAZAR,SALAZAR,SALAZAR,True,100.0,96.0,baseline,SALAZAR,96.0,SALAZAR,96.0,0.5,success,,1.4820370942375409e-05,False,SALAZAR,True,100.0,SALAZAR,SALAZAR,tesseract,SALAZAR,SALAZAR,True,100.0,1.0,1.0,1.0,valid_text,0.96,descriptive,7.0,0.0,1.0,0.0,1.0,100.0,0.0,0.9967792298883141,0.31,False
w2_2026_000152_scan_mild_01,w2_2026_000152,w2,validation,mild,employee_address,multiline,"1881 LONNIE DRIVE
PORT LUCASCHESTER, MT 40261","1881 LONNIE DRIVE PORT LUCASCHESTER, MT 40261 f Employee’s address and ZIP code",1881 LONNIE DRIVE PORT LUCASCHESTER MT 40261,1881 LONNIE DRIVE PORT LUCASCHESTER MT 40261 F EMPLOYEE S ADDRESS AND ZIP CODE,False,72.13,94.54,baseline,"1881 LONNIE DRIVE PORT LUCASCHESTER, MT 40261 f Employee’s address and ZIP code",94.54,,0.0,0.5,success,,0.0,False,,,,,,tesseract,"1881 LONNIE DRIVE PORT LUCASCHESTER, MT 40261 f Employee’s address and ZIP code",1881 LONNIE DRIVE PORT LUCASCHESTER MT 40261 F EMPLOYEE S ADDRESS AND ZIP CODE,False,72.13,1.0,1.0,1.0,valid_text,0.9454,descriptive,78.0,0.113924,0.708861,0.025316,0.0,0.0,0.0,0.02339725776574052,0.31,True
w2_2026_000152_scan_mild_01,w2_2026_000152,w2,validation,mild,wages,money,"139,416.55",". ) , 139,416.55",139416.55,0.14,False,30.77,15.5,baseline,". ) , 139,416.55",15.5,",, 139,416.55",7.0,0.5,success,,1.4202537408936026e-05,False,". ) , 139,416.55",False,30.77,,0.14,tesseract,". ) , 139,416.55",0.14,False,30.77,1.0,1.0,1.0,valid_money,0.155,critical,4.0,0.5,0.0,0.3125,0.0,0.0,1.0,0.007222356015232224,0.98,True
w2_2026_000152_scan_mild_01,w2_2026_000152,w2,validation,mild,federal_tax_withheld,money,"29,569.77","- 29,569.77",29569.77,-29569.77,False,94.12,0.0,baseline,"- 29,569.77",0.0,"29,569.77",0.0,0.5,success,,0.4967199425884588,True,"PLEASE INCOME TAX #29,569.77",False,80.0,151029569.77,-29569.77,trocr,"PLEASE INCOME TAX #29,569.77",151029569.77,False,80.0,1.0,1.0,1.0,valid_money,0.32286796268249823,critical,12.0,0.25,0.535714,0.107143,1.0,76.19047619047619,1.0,0.010397496996133886,0.98,True
w2_2026_000152_scan_mild_01,w2_2026_000152,w2,validation,mild,social_security_wages,money,"139,416.55","39,41 6.55",139416.55,39416.55,False,94.12,87.0,baseline,"39,41 6.55",87.0,,0.0,0.5,success,,0.0,False,,,,,,tesseract,"39,41 6.55",39416.55,False,94.12,1.0,1.0,1.0,valid_money,0.87,critical,8.0,0.7,0.0,0.2,0.0,0.0,1.0,0.30144680508817207,0.98,True
w2_2026_000152_scan_mild_01,w2_2026_000152,w2,validation,mild,social_security_tax_withheld,money,"8,643.83",8643.83,8643.83,8643.83,True,100.0,43.0,enhanced,8643.83,8.0,8643.83,43.0,0.5,success,,0.1423191382538478,False,8643.83,True,100.0,518643.83,8643.83,tesseract,8643.83,8643.83,True,100.0,1.0,1.0,1.0,valid_money,0.43,critical,7.0,0.857143,0.0,0.142857,1.0,87.5,1.0,0.44258751681734076,0.98,True
w2_2026_000152_scan_mild_01,w2_2026_000152,w2,validation,mild,medicare_wages,money,"139,416.55","139,416.55",139416.55,139416.55,True,100.0,94.0,enhanced,,0.0,"139,416.55",94.0,0.5,success,,0.0,False,,,,,,tesseract,"139,416.55",139416.55,True,100.0,1.0,1.0,1.0,valid_money,0.94,critical,9.0,0.8,0.0,0.2,0.0,0.0,1.0,0.8215243534702906,0.98,True
w2_2026_000152_scan_mild_01,w2_2026_000152,w2,validation,mild,medicare_tax_withheld,money,"2,021.54",2.021 54,2021.54,2.02,False,54.55,89.0,baseline,2.021 54,89.0,,0.0,0.5,success,,0.0,False,,,,,,tesseract,2.021 54,2.02,False,54.55,1.0,1.0,1.0,valid_money,0.89,critical,4.0,0.75,0.0,0.125,0.0,0.0,1.0,0.6525748578354146,0.98,True
w2_2026_000152_scan_mild_01,w2_2026_000152,w2,validation,mild,state,state,MT,MT,MT,MT,True,100.0,15.0,baseline,MT,15.0,,0.0,0.5,success,,7.459386701968011e-07,False,MT,True,100.0,,MT,tesseract,MT,MT,True,100.0,1.0,1.0,1.0,valid_state_code,0.15,structured,2.0,0.0,1.0,0.0,0.0,0.0,0.0,0.9166755030314374,0.8,False
w2_2026_000152_scan_mild_01,w2_2026_000152,w2,validation,mild,employer_state_id,identifier,MT-9480665,MT9480005,MT9480665,MT9480005,False,77.78,0.0,baseline,MT9480005,0.0,-05,0.0,0.5,success,,0.9954130402132536,True,LMT-9480665 !!!,False,94.74,LMT9480665,MT9480005,trocr,LMT-9480665 !!!,LMT9480665,False,94.74,0.0,1.0,1.0,valid_identifier_shape,0.6470184761386149,structured,10.0,0.466667,0.2,0.266667,1.0,73.6842105263158,0.0,0.2623836806532881,0.8,True
w2_2026_000152_scan_mild_01,w2_2026_000152,w2,validation,mild,state_wages,money,"139,416.55","199,416.55",139416.55,199416.55,False,88.89,22.0,enhanced,,0.0,"199,416.55",22.0,0.5,success,,0.6797467088431848,True,"139,416.55",True,100.0,139416.55,199416.55,trocr,"139,416.55",139416.55,True,100.0,0.0,1.0,1.0,valid_money,0.5188353607480701,critical,9.0,0.8,0.0,0.2,1.0,88.88888888888889,0.0,0.24301675267054698,0.98,True
w2_2026_000152_scan_mild_01,w2_2026_000152,w2,validation,mild,state_income_tax,money,"6,904.03","8,904.03",6904.03,8904.03,False,85.71,16.0,enhanced,",8008",0.0,"8,904.03",16.0,0.5,success,,0.3072637770667121,False,"8,904.03",False,85.71,0.69,8904.03,tesseract,"8,904.03",8904.03,False,85.71,0.0,1.0,1.0,valid_money,0.16,critical,7.0,0.75,0.0,0.25,1.0,36.36363636363637,0.0,0.14746204627279902,0.98,True
w2_2026_000143_scan_hard_02,w2_2026_000143,w2,validation,hard,employee_ssn,identifier,000-66-5201,PT,000665201,,False,0.0,13.0,enhanced,7,0.0,PT,13.0,1.0,success,,0.998732659759088,True,000 66-5261 - EXCH SUMMARY NUMBER,False,80.0,00066526158,,trocr,000 66-5261 - EXCH SUMMARY NUMBER,00066526158,False,80.0,1.0,0.0,0.64,invalid_ssn_length,0.6946762288434072,critical,11.0,0.272727,0.515152,0.060606,1.0,0.0,0.0,0.00016108033893972082,0.98,True
w2_2026_000143_scan_hard_02,w2_2026_000143,w2,validation,hard,employer_ein,identifier,00-9037616,OSRAESOSCOU,009037616,055050,False,40.0,0.0,enhanced,-,10.0,OSRAESOSCOU,0.0,1.0,success,,8.246199946440648e-05,False,OSRAESOSCOU,False,40.0,,055050,tesseract,OSRAESOSCOU,055050,False,40.0,1.0,0.0,0.45999999999999996,invalid_ein_length,0.0,critical,6.0,0.0,1.0,0.0,0.0,0.0,0.0,0.0018883003101386375,0.98,True
w2_2026_000143_scan_hard_02,w2_2026_000143,w2,validation,hard,employer_name_address,multiline,"PARSONS PLC
209 PARSONS GARDEN SUITE 186
NEW FELICIA, WI 72782","Se ee eee, er aT Woe PARSONS PLC 209 PARSONS GARDEN SUITE 166 NEW FELICIA, Wi 72782",PARSONS PLC 209 PARSONS GARDEN SUITE 186 NEW FELICIA WI 72782,SE EE EEE ER AT WOE PARSONS PLC 209 PARSONS GARDEN SUITE 166 NEW FELICIA WI 72782,False,84.51,70.29,baseline,"Se ee eee, er aT Woe PARSONS PLC 209 PARSONS GARDEN SUITE 166 NEW FELICIA, Wi 72782",70.29,,0.0,1.0,success,,0.0,False,,,,,,tesseract,"Se ee eee, er aT Woe PARSONS PLC 209 PARSONS GARDEN SUITE 166 NEW FELICIA, Wi 72782",SE EE EEE ER AT WOE PARSONS PLC 209 PARSONS GARDEN SUITE 166 NEW FELICIA WI 72782,False,84.51,1.0,1.0,1.0,valid_text,0.7029000000000001,descriptive,81.0,0.13253,0.650602,0.024096,0.0,0.0,0.0,0.12730090044990583,0.31,True
w2_2026_000143_scan_hard_02,w2_2026_000143,w2,validation,hard,control_number,identifier,W2-2026-000143,- NS,W22026000143,NS,False,0.0,16.5,enhanced,,0.0,- NS,16.5,1.0,success,,2.7111858726594706e-06,False,- NS,False,0.0,,NS,tesseract,- NS,NS,False,0.0,0.0,0.0,0.25,identifier_too_short,0.165,structured,2.0,0.0,0.5,0.25,0.0,0.0,0.0,0.002107119668268875,0.8,True
w2_2026_000143_scan_hard_02,w2_2026_000143,w2,validation,hard,employee_first_name,text,LORI R.,ee ee,LORI R,EE EE,False,18.18,33.0,baseline,ee ee,33.0,a ES Be,25.33,1.0,success,,0.9691364729122132,True,LORR.,False,80.0,LORR,EE EE,trocr,LORR.,LORR,False,80.0,1.0,1.0,1.0,valid_text,0.7454387073929385,descriptive,4.0,0.0,0.8,0.2,1.0,0.0,0.0,0.19575007822774004,0.31,True
w2_2026_000143_scan_hard_02,w2_2026_000143,w2,validation,hard,employee_last_name,text,RICHARDSON,,RICHARDSON,,False,0.0,0.0,baseline,,0.0,,0.0,1.0,success,,0.965384632325328,True,RICHARDSON,True,100.0,RICHARDSON,,trocr,RICHARDSON,RICHARDSON,True,100.0,1.0,1.0,1.0,valid_text,0.6275000110114632,descriptive,10.0,0.0,1.0,0.0,1.0,0.0,0.0,0.04897194153142768,0.31,True
w2_2026_000143_scan_hard_02,w2_2026_000143,w2,validation,hard,employee_address,multiline,"456 RODRIGUEZ PIKE
NORTH MARYBERG, HI 04600","456 ROORIGUEZ PIKE NORTH MARYBERG, Hi 04600 f Employee's address and ZIP code Fo",456 RODRIGUEZ PIKE NORTH MARYBERG HI 04600,456 ROORIGUEZ PIKE NORTH MARYBERG HI 04600 F EMPLOYEE S ADDRESS AND ZIP CODE FO,False,67.77,77.43,baseline,"456 ROORIGUEZ PIKE NORTH MARYBERG, Hi 04600 f Employee's address and ZIP code Fo",77.43,,0.0,1.0,success,,0.0,False,,,,,,tesseract,"456 ROORIGUEZ PIKE NORTH MARYBERG, Hi 04600 f Employee's address and ZIP code Fo",456 ROORIGUEZ PIKE NORTH MARYBERG HI 04600 F EMPLOYEE S ADDRESS AND ZIP CODE FO,False,67.77,1.0,1.0,1.0,valid_text,0.7743000000000001,descriptive,79.0,0.1,0.7125,0.025,0.0,0.0,0.0,0.006829209522702167,0.31,True
w2_2026_000143_scan_hard_02,w2_2026_000143,w2,validation,hard,wages,money,"52,574.61","52,574.61",52574.61,52574.61,True,100.0,82.0,enhanced,,0.0,"52,574.61",82.0,1.0,success,,0.0,False,,,,,,tesseract,"52,574.61",52574.61,True,100.0,1.0,1.0,1.0,valid_money,0.82,critical,8.0,0.777778,0.0,0.222222,0.0,0.0,0.0,0.7315631443312944,0.98,True
w2_2026_000143_scan_hard_02,w2_2026_000143,w2,validation,hard,federal_tax_withheld,money,"6,649.24","3 6,649.24",6649.24,36649.24,False,93.33,68.5,enhanced,- 6649.24,28.5,"3 6,649.24",68.5,1.0,success,,0.4891253040800944,True,6649.24,True,100.0,6649.24,36649.24,trocr,6649.24,6649.24,True,100.0,1.0,1.0,1.0,valid_money,0.5576814476520614,critical,7.0,0.857143,0.0,0.142857,1.0,93.33333333333333,0.0,0.1178910366546346,0.98,True
w2_2026_000143_scan_hard_02,w2_2026_000143,w2,validation,hard,social_security_wages,money,"52,574.61",- $2574.61,52574.61,-2574.61,False,87.5,13.5,enhanced,$2874.61,0.0,- $2574.61,13.5,1.0,success,,0.980446308440308,True,52.57461,False,61.54,52.57,-2574.61,trocr,52.57461,52.57,False,61.54,1.0,1.0,1.0,valid_money,0.6845401004862003,critical,5.0,0.875,0.0,0.125,1.0,46.15384615384615,1.0,0.014016711489739342,0.98,True
w2_2026_000143_scan_hard_02,w2_2026_000143,w2,validation,hard,social_security_tax_withheld,money,"3,259.63",",)0 63",3259.63,63.00,False,33.33,0.0,enhanced,,0.0,",)0 63",0.0,1.0,success,,0.964124773447776,True,"3,259.63",True,100.0,3259.63,63.00,trocr,"3,259.63",3259.63,True,100.0,1.0,1.0,1.0,valid_money,0.6266811027410545,critical,7.0,0.75,0.0,0.25,1.0,33.333333333333336,1.0,0.08272845279661063,0.98,True
w2_2026_000143_scan_hard_02,w2_2026_000143,w2,validation,hard,medicare_wages,money,"52,574.61",5257461,52574.61,5257461.00,False,77.78,47.0,baseline,5257461,47.0,5,6.0,1.0,success,,0.4547817673854427,False,5257461,False,77.78,2574.61,5257461.00,tesseract,5257461,5257461.00,False,77.78,1.0,1.0,1.0,valid_money,0.47,critical,10.0,1.0,0.0,0.0,1.0,70.58823529411764,0.0,0.3303354618702251,0.98,True
w2_2026_000143_scan_hard_02,w2_2026_000143,w2,validation,hard,medicare_tax_withheld,money,762.33,76233,762.33,76233.00,False,71.43,0.0,enhanced,,0.0,76233,0.0,1.0,success,,0.0137049601347604,False,76233,False,71.43,76233.00,76233.00,tesseract,76233,76233.00,False,71.43,1.0,1.0,1.0,valid_money,0.0,critical,8.0,1.0,0.0,0.0,1.0,100.0,0.0,0.5023195280592504,0.98,True
w2_2026_000143_scan_hard_02,w2_2026_000143,w2,validation,hard,state,state,HI,,HI,,False,0.0,0.0,baseline,,0.0,,0.0,1.0,success,,1.2635590601538353e-11,False,,False,0.0,,,tesseract,,,False,0.0,1.0,0.0,0.0,required_value_missing,0.0,structured,0.0,0.0,0.0,0.0,0.0,0.0,0.0,3.1072116389559716e-05,0.8,True
w2_2026_000143_scan_hard_02,w2_2026_000143,w2,validation,hard,employer_state_id,identifier,HI-5557052,2,HI5557052,2,False,20.0,0.0,enhanced,,0.0,2,0.0,1.0,success,,0.9996111899395786,True,[M-557052,False,75.0,M557052,2,trocr,[M-557052,M557052,False,75.0,0.0,1.0,1.0,valid_identifier_shape,0.6497472734607261,structured,7.0,0.666667,0.111111,0.222222,1.0,25.0,0.0,0.377235453303548,0.8,True
w2_2026_000143_scan_hard_02,w2_2026_000143,w2,validation,hard,state_wages,money,"52,574.61",52574,52574.61,52574.00,False,75.0,10.0,enhanced,,0.0,52574,10.0,1.0,success,,0.9511096881639496,True,5257461,False,77.78,5257461.00,52574.00,trocr,5257461,5257461.00,False,77.78,0.0,1.0,1.0,valid_money,0.6532212973065673,critical,10.0,1.0,0.0,0.0,1.0,88.88888888888889,0.0,0.3332977820552317,0.98,True
w2_2026_000143_scan_hard_02,w2_2026_000143,w2,validation,hard,state_income_tax,money,982.93,98288,982.93,98288.00,False,57.14,39.0,baseline,98288,39.0,8293,11.0,1.0,success,,0.8446322462239976,True,982.93,True,100.0,982.93,98288.00,trocr,982.93,982.93,True,100.0,0.0,1.0,1.0,valid_money,0.6855109600455984,critical,6.0,0.833333,0.0,0.166667,1.0,57.14285714285714,0.0,0.28489275924381646,0.98,True
w2_2026_000152_scan_hard_02,w2_2026_000152,w2,validation,hard,employee_ssn,identifier,000-67-9653,2VMSVUTTYMUITUG,000679653,2516,False,15.38,0.0,baseline,2VMSVUTTYMUITUG,0.0,5SOCSCUN,0.0,1.0,success,,0.9911377396098716,True,000-57-9653 SUMM SECURNY NUMBER,False,76.19,000579653558,2516,trocr,000-57-9653 SUMM SECURNY NUMBER,000579653558,False,76.19,1.0,0.0,0.45999999999999996,invalid_ssn_length,0.6442395307464166,critical,12.0,0.290323,0.548387,0.064516,1.0,25.0,0.0,0.00021826471324513447,0.98,True
w2_2026_000152_scan_hard_02,w2_2026_000152,w2,validation,hard,employer_ein,identifier,00-7069742,PSTTTRTTRTISTCIN,007069742,5151,False,0.0,0.0,baseline,PSTTTRTTRTISTCIN,0.0,LS,4.0,1.0,success,,0.9166372978997068,True,@6 THEAVE SUMMARY NUMBER ENV PERNATIONAL SUMMARY,False,12.5,6581015,5151,trocr,@6 THEAVE SUMMARY NUMBER ENV PERNATIONAL SUMMARY,6581015,False,12.5,1.0,0.0,0.64,invalid_ein_length,0.5958142436348095,critical,7.0,0.020833,0.833333,0.020833,1.0,54.54545454545454,0.0,0.004521034386136401,0.98,True
w2_2026_000152_scan_hard_02,w2_2026_000152,w2,validation,hard,employer_name_address,multiline,"PARKS, BUTLER AND BERRY
9578 JAMIE DAM APT. 248
SOUTH WENDY, WI 19526","SS pw ye Se TS; UUICSS, a CIF COUG PARKS, BUTLER AND BERRY 9578 JAMIE DAM APT. 248 SOUTH WENDY, WI 19526",PARKS BUTLER AND BERRY 9578 JAMIE DAM APT 248 SOUTH WENDY WI 19526,SS PW YE SE TS UUICSS A CIF COUG PARKS BUTLER AND BERRY 9578 JAMIE DAM APT 248 SOUTH WENDY WI 19526,False,80.0,64.86,baseline,"SS pw ye Se TS; UUICSS, a CIF COUG PARKS, BUTLER AND BERRY 9578 JAMIE DAM APT. 248 SOUTH WENDY, WI 19526",64.86,,0.0,1.0,success,,0.0,False,,,,,,tesseract,"SS pw ye Se TS; UUICSS, a CIF COUG PARKS, BUTLER AND BERRY 9578 JAMIE DAM APT. 248 SOUTH WENDY, WI 19526",SS PW YE SE TS UUICSS A CIF COUG PARKS BUTLER AND BERRY 9578 JAMIE DAM APT 248 SOUTH WENDY WI 19526,False,80.0,1.0,1.0,1.0,valid_text,0.6486,descriptive,99.0,0.115385,0.634615,0.048077,0.0,0.0,0.0,0.0245298252549437,0.31,True
w2_2026_000152_scan_hard_02,w2_2026_000152,w2,validation,hard,control_number,identifier,W2-2026-000152,MV,W22026000152,MV,False,0.0,35.0,enhanced,,0.0,MV,35.0,1.0,success,,0.7212851889821045,True,WWW.COM.22,False,30.0,WWWCOM22,MV,trocr,WWW.COM.22,WWWCOM22,False,30.0,0.0,1.0,1.0,valid_identifier_shape,0.5913353728383679,structured,8.0,0.2,0.6,0.2,1.0,19.999999999999996,0.0,0.1966978958531623,0.8,True
w2_2026_000152_scan_hard_02,w2_2026_000152,w2,validation,hard,employee_first_name,text,ABIGAIL V.,"MBG,",ABIGAIL V,MBG,False,33.33,36.0,baseline,"MBG,",36.0,oy,31.0,1.0,success,,0.9248629268206104,True,ABGAL V.,False,87.5,ABGAL V,MBG,trocr,ABGAL V.,ABGAL V,False,87.5,1.0,1.0,1.0,valid_text,0.7271609024333968,descriptive,7.0,0.0,0.75,0.125,1.0,40.0,0.0,0.19029284621609163,0.31,True
w2_2026_000152_scan_hard_02,w2_2026_000152,w2,validation,hard,employee_last_name,text,SALAZAR,SALAZAR,SALAZAR,SALAZAR,True,100.0,96.0,baseline,SALAZAR,96.0,SALAZAR,96.0,1.0,success,,1.4820370942375409e-05,False,SALAZAR,True,100.0,SALAZAR,SALAZAR,tesseract,SALAZAR,SALAZAR,True,100.0,1.0,1.0,1.0,valid_text,0.96,descriptive,7.0,0.0,1.0,0.0,1.0,100.0,0.0,0.9967792298883141,0.31,False
w2_2026_000152_scan_hard_02,w2_2026_000152,w2,validation,hard,employee_address,multiline,"1881 LONNIE DRIVE
PORT LUCASCHESTER, MT 40261","1881 LONNIE DRIVE PORT LUCASCHESTER, MT 40261 f Employee's address and ZIP code",1881 LONNIE DRIVE PORT LUCASCHESTER MT 40261,1881 LONNIE DRIVE PORT LUCASCHESTER MT 40261 F EMPLOYEE S ADDRESS AND ZIP CODE,False,72.13,84.46,baseline,"1881 LONNIE DRIVE PORT LUCASCHESTER, MT 40261 f Employee's address and ZIP code",84.46,,0.0,1.0,success,,0.0,False,,,,,,tesseract,"1881 LONNIE DRIVE PORT LUCASCHESTER, MT 40261 f Employee's address and ZIP code",1881 LONNIE DRIVE PORT LUCASCHESTER MT 40261 F EMPLOYEE S ADDRESS AND ZIP CODE,False,72.13,1.0,1.0,1.0,valid_text,0.8445999999999999,descriptive,78.0,0.113924,0.708861,0.025316,0.0,0.0,0.0,0.013606005139726162,0.31,True
w2_2026_000152_scan_hard_02,w2_2026_000152,w2,validation,hard,wages,money,"139,416.55","7), 139,416.55",139416.55,7139416.55,False,94.74,4.5,baseline,"7), 139,416.55",4.5,",, 30.416.85",0.0,1.0,success,,1.1619747467759109e-05,False,"7), 139,416.55",False,94.74,,7139416.55,tesseract,"7), 139,416.55",7139416.55,False,94.74,1.0,1.0,1.0,valid_money,0.045,critical,10.0,0.642857,0.0,0.285714,0.0,0.0,0.0,0.027552067241871633,0.98,True
w2_2026_000152_scan_hard_02,w2_2026_000152,w2,validation,hard,federal_tax_withheld,money,"29,569.77","29,569.77",29569.77,29569.77,True,100.0,49.0,enhanced,"1 29,568.77",2.0,"29,569.77",49.0,1.0,success,,0.1907118808454976,False,"29,569.77",True,100.0,51029259.77,29569.77,tesseract,"29,569.77",29569.77,True,100.0,1.0,1.0,1.0,valid_money,0.49,critical,8.0,0.777778,0.0,0.222222,1.0,73.6842105263158,0.0,0.6674475065256159,0.98,True
w2_2026_000152_scan_hard_02,w2_2026_000152,w2,validation,hard,social_security_wages,money,"139,416.55","139,41 58",139416.55,1394158.00,False,63.16,47.5,enhanced,"- 199,416.55",0.0,"139,41 58",47.5,1.0,success,,0.461831586009862,False,"139,41 58",False,63.16,598139416.55,1394158.00,tesseract,"139,41 58",1394158.00,False,63.16,1.0,1.0,1.0,valid_money,0.475,critical,10.0,0.777778,0.0,0.111111,1.0,54.54545454545454,1.0,0.01041459869921604,0.98,True
w2_2026_000152_scan_hard_02,w2_2026_000152,w2,validation,hard,social_security_tax_withheld,money,"8,643.83","8,643.83",8643.83,8643.83,True,100.0,86.0,enhanced,-3 1 83,22.0,"8,643.83",86.0,1.0,success,,0.0,False,,,,,,tesseract,"8,643.83",8643.83,True,100.0,1.0,1.0,1.0,valid_money,0.86,critical,7.0,0.75,0.0,0.25,0.0,0.0,1.0,0.8644623084088842,0.98,True
w2_2026_000152_scan_hard_02,w2_2026_000152,w2,validation,hard,medicare_wages,money,"139,416.55","719841655,",139416.55,719841655.00,False,66.67,13.0,enhanced,"2 199,416.55",0.0,"719841655,",13.0,1.0,success,,0.93503130969645,True,139.416.55,False,53.33,139.42,719841655.00,trocr,139.416.55,139.42,False,53.33,1.0,1.0,1.0,valid_money,0.6532703513026925,critical,6.0,0.8,0.0,0.2,1.0,33.333333333333336,1.0,0.08849601136563853,0.98,True
w2_2026_000152_scan_hard_02,w2_2026_000152,w2,validation,hard,medicare_tax_withheld,money,"2,021.54",- 2.021 54,2021.54,-2.02,False,50.0,58.0,baseline,- 2.021 54,58.0,2.021 5,52.0,1.0,success,,0.9044810839080082,True,"2,021.54",True,100.0,2021.54,-2.02,trocr,"2,021.54",2021.54,True,100.0,1.0,1.0,1.0,valid_money,0.7909127045402053,critical,7.0,0.75,0.0,0.25,1.0,50.0,1.0,0.16757887753033526,0.98,True
w2_2026_000152_scan_hard_02,w2_2026_000152,w2,validation,hard,state,state,MT,T,MT,T,False,66.67,0.0,baseline,T,0.0,I,0.0,1.0,success,,0.4731148292015717,False,T,False,66.67,MT,T,tesseract,T,T,False,66.67,1.0,0.0,0.2,invalid_state_code,0.0,structured,1.0,0.0,1.0,0.0,1.0,66.66666666666667,0.0,0.001048626264343817,0.8,True
w2_2026_000152_scan_hard_02,w2_2026_000152,w2,validation,hard,employer_state_id,identifier,MT-9480665,0,MT9480665,0,False,20.0,0.0,enhanced,,0.0,0,0.0,1.0,success,,0.9998294800588188,True,MT-8480685,False,77.78,MT8480685,0,trocr,MT-8480685,MT8480685,False,77.78,0.0,1.0,1.0,valid_identifier_shape,0.6498891620382322,structured,9.0,0.7,0.2,0.1,1.0,19.999999999999996,0.0,0.06760429524664846,0.8,True
w2_2026_000152_scan_hard_02,w2_2026_000152,w2,validation,hard,state_wages,money,"139,416.55","139,416.55",139416.55,139416.55,True,100.0,55.0,baseline,"139,416.55",55.0,1918.55,51.0,1.0,success,,0.0001236698622429,False,"139,416.55",True,100.0,139416.55,139416.55,tesseract,"139,416.55",139416.55,True,100.0,0.0,1.0,1.0,valid_money,0.55,critical,9.0,0.8,0.0,0.2,1.0,100.0,0.0,0.8212177381031618,0.98,True
w2_2026_000152_scan_hard_02,w2_2026_000152,w2,validation,hard,state_income_tax,money,"6,904.03",8904.03,6904.03,8904.03,False,85.71,39.0,enhanced,8904.08,11.0,8904.03,39.0,1.0,success,,0.8625620236612342,True,6.904.03,False,54.55,6.90,8904.03,trocr,6.904.03,6.90,False,54.55,0.0,1.0,1.0,valid_money,0.6971653153798022,critical,4.0,0.75,0.0,0.25,1.0,36.36363636363637,0.0,0.3860565570934676,0.98,True
w2_2026_000157_scan_mild_01,w2_2026_000157,w2,validation,mild,employee_ssn,identifier,000-78-7214,00--714 2ISUUNUMDEF,000787214,007142150,False,55.56,0.0,baseline,00--714 2ISUUNUMDEF,0.0,HL SSOCISECM,0.0,1.0,success,,0.7745340125598781,True,000-78-72(4 SECIAT SECURITY NUMBER,False,72.73,0007872451518,007142150,trocr,000-78-72(4 SECIAT SECURITY NUMBER,0007872451518,False,72.73,1.0,0.0,0.28,invalid_ssn_length,0.5034471081639208,critical,13.0,0.235294,0.588235,0.088235,1.0,54.54545454545454,0.0,0.0003662823250154851,0.98,True
w2_2026_000157_scan_mild_01,w2_2026_000157,w2,validation,mild,employer_ein,identifier,00-4853123,AUUMEIN,004853123,1,False,20.0,0.0,baseline,AUUMEIN,0.0,G,0.0,1.0,success,,0.9759916200561108,True,00-MASTER PRIMOTION NUMBER EM),False,47.06,00510108,1,trocr,00-MASTER PRIMOTION NUMBER EM),00510108,False,47.06,1.0,0.0,0.8200000000000001,invalid_ein_length,0.6343945530364721,critical,8.0,0.066667,0.766667,0.066667,1.0,22.22222222222222,0.0,0.0009142563875341784,0.98,True
w2_2026_000157_scan_mild_01,w2_2026_000157,w2,validation,mild,employer_name_address,multiline,"FRANKLIN GROUP
97767 CAROLYN AVENUE
NEW JOSHUA, SC 73580","— rep yer 9 aT, AUUISSS, and ZIP COde€ FRANKLIN GROUP 97767 CAROLYN AVENUE NEW JOSHUA, SC 73580",FRANKLIN GROUP 97767 CAROLYN AVENUE NEW JOSHUA SC 73580,REP YER 9 AT AUUISSS AND ZIP CODE FRANKLIN GROUP 97767 CAROLYN AVENUE NEW JOSHUA SC 73580,False,76.39,60.67,baseline,"— rep yer 9 aT, AUUISSS, and ZIP COde€ FRANKLIN GROUP 97767 CAROLYN AVENUE NEW JOSHUA, SC 73580",60.67,,0.0,1.0,success,,0.0,False,,,,,,tesseract,"— rep yer 9 aT, AUUISSS, and ZIP COde€ FRANKLIN GROUP 97767 CAROLYN AVENUE NEW JOSHUA, SC 73580",REP YER 9 AT AUUISSS AND ZIP CODE FRANKLIN GROUP 97767 CAROLYN AVENUE NEW JOSHUA SC 73580,False,76.39,1.0,1.0,1.0,valid_text,0.6067,descriptive,89.0,0.115789,0.652632,0.052632,0.0,0.0,0.0,0.05621215061457341,0.31,True
w2_2026_000157_scan_mild_01,w2_2026_000157,w2,validation,mild,control_number,identifier,W2-2026-000157,TT,W22026000157,TT,False,0.0,0.0,enhanced,,0.0,TT,0.0,1.0,success,,0.91761091279752,True,RECEIPT FOR AN OFFER,False,0.0,RECEIPTFORANOFFER,TT,trocr,RECEIPT FOR AN OFFER,RECEIPTFORANOFFER,False,0.0,0.0,1.0,1.0,valid_identifier_shape,0.5964470933183881,structured,17.0,0.0,0.85,0.0,1.0,10.526315789473683,0.0,0.018208187665446542,0.8,True
w2_2026_000157_scan_mild_01,w2_2026_000157,w2,validation,mild,employee_first_name,text,STEPHEN P.,STEPHEN P. |,STEPHEN P,STEPHEN P,True,100.0,83.67,baseline,STEPHEN P. |,83.67,,0.0,1.0,success,,0.0,False,,,,,,tesseract,STEPHEN P. |,STEPHEN P,True,100.0,1.0,1.0,1.0,valid_text,0.8367,descriptive,9.0,0.0,0.666667,0.166667,0.0,0.0,0.0,0.8651937260832904,0.31,False
w2_2026_000157_scan_mild_01,w2_2026_000157,w2,validation,mild,employee_last_name,text,STEPHENS,STEPHENS,STEPHENS,STEPHENS,True,100.0,96.0,baseline,STEPHENS,96.0,STEPHENS,96.0,1.0,success,,1.312586840858235e-05,False,STEPHENS,True,100.0,STEPHENS,STEPHENS,tesseract,STEPHENS,STEPHENS,True,100.0,1.0,1.0,1.0,valid_text,0.96,descriptive,8.0,0.0,1.0,0.0,1.0,100.0,0.0,0.9842203522314616,0.31,False
w2_2026_000157_scan_mild_01,w2_2026_000157,w2,validation,mild,employee_address,multiline,"22050 MELISSA SHORES
MARKLAND, AR 14773","22050 MELISSA SHORES MARKLAND, AR 14773 f Employee’s address and ZIP code",22050 MELISSA SHORES MARKLAND AR 14773,22050 MELISSA SHORES MARKLAND AR 14773 F EMPLOYEE S ADDRESS AND ZIP CODE,False,69.09,93.58,baseline,"22050 MELISSA SHORES MARKLAND, AR 14773 f Employee’s address and ZIP code",93.58,,0.0,1.0,success,,0.0,False,,,,,,tesseract,"22050 MELISSA SHORES MARKLAND, AR 14773 f Employee’s address and ZIP code",22050 MELISSA SHORES MARKLAND AR 14773 F EMPLOYEE S ADDRESS AND ZIP CODE,False,69.09,1.0,1.0,1.0,valid_text,0.9358,descriptive,72.0,0.136986,0.684932,0.027397,0.0,0.0,0.0,0.02822707343281709,0.31,True
w2_2026_000157_scan_mild_01,w2_2026_000157,w2,validation,mild,wages,money,"31,814.35",3181495),31814.35,3181495.00,False,66.67,24.0,enhanced,".,, 31.814.35",0.0,3181495),24.0,1.0,success,,0.3538463963681952,False,3181495),False,66.67,5500514.35,3181495.00,tesseract,3181495),3181495.00,False,66.67,1.0,1.0,1.0,valid_money,0.24,critical,10.0,0.875,0.0,0.125,1.0,30.000000000000004,0.0,0.029367276002004294,0.98,True
w2_2026_000157_scan_mild_01,w2_2026_000157,w2,validation,mild,federal_tax_withheld,money,"7,525.96",- 7525.96,7525.96,-7525.96,False,93.33,23.0,baseline,- 7525.96,23.0,7525.96,16.0,1.0,success,,0.3657956264854188,False,- 7525.96,False,93.33,-6110165.96,-7525.96,tesseract,- 7525.96,-7525.96,False,93.33,1.0,0.0,0.0,negative_money,0.23,critical,8.0,0.666667,0.0,0.222222,1.0,52.63157894736843,0.0,0.0007347641173410846,0.98,True
w2_2026_000157_scan_mild_01,w2_2026_000157,w2,validation,mild,social_security_wages,money,"31,814.35",- 31 814.35,31814.35,-31814.35,False,94.12,62.0,baseline,- 31 814.35,62.0,"31,814.95",57.0,1.0,success,,0.1952809061210418,False,- 31 814.35,False,94.12,56531814.35,-31814.35,tesseract,- 31 814.35,-31814.35,False,94.12,1.0,0.0,0.0,negative_money,0.62,critical,9.0,0.636364,0.0,0.181818,1.0,80.0,1.0,0.0008997524617909716,0.98,True
w2_2026_000157_scan_mild_01,w2_2026_000157,w2,validation,mild,social_security_tax_withheld,money,"1,972.49",1.972.49,1972.49,1.97,False,54.55,0.0,baseline,1.972.49,0.0,22,0.0,1.0,success,,0.7492895964083602,True,- JALAN SECURNY TAX WINNEI972.49,False,77.78,-1511972.49,1.97,trocr,- JALAN SECURNY TAX WINNEI972.49,-1511972.49,False,77.78,1.0,0.0,0.0,negative_money,0.4870382376654342,critical,11.0,0.15625,0.65625,0.0625,1.0,40.0,1.0,0.00010302321812620047,0.98,True
w2_2026_000157_scan_mild_01,w2_2026_000157,w2,validation,mild,medicare_wages,money,"31,814.35","31,814.35",31814.35,31814.35,True,100.0,63.0,baseline,"31,814.35",63.0,4 3181436,26.5,1.0,success,,0.0911380738905139,False,"31,814.35",True,100.0,106501814.35,31814.35,tesseract,"31,814.35",31814.35,True,100.0,1.0,1.0,1.0,valid_money,0.63,critical,8.0,0.777778,0.0,0.222222,1.0,70.0,1.0,0.3727474855960079,0.98,True
w2_2026_000157_scan_mild_01,w2_2026_000157,w2,validation,mild,medicare_tax_withheld,money,461.31,461 31,461.31,46131.00,False,71.43,74.0,baseline,461 31,74.0,,0.0,1.0,success,,0.0,False,,,,,,tesseract,461 31,46131.00,False,71.43,1.0,1.0,1.0,valid_money,0.74,critical,8.0,0.833333,0.0,0.0,0.0,0.0,1.0,0.39227214187481807,0.98,True
w2_2026_000157_scan_mild_01,w2_2026_000157,w2,validation,mild,state,state,AR,AR,AR,AR,True,100.0,66.0,baseline,AR,66.0,,0.0,1.0,success,,0.0032354011975672,False,AR,True,100.0,AM,AR,tesseract,AR,AR,True,100.0,1.0,1.0,1.0,valid_state_code,0.66,structured,2.0,0.0,1.0,0.0,1.0,50.0,0.0,0.9970337112791381,0.8,False
w2_2026_000157_scan_mild_01,w2_2026_000157,w2,validation,mild,employer_state_id,identifier,AR-2893218,J,AR2893218,J,False,0.0,0.0,enhanced,,0.0,J,0.0,1.0,success,,0.9999981579290688,True,LAR-2593218,False,84.21,LAR2593218,J,trocr,LAR-2593218,LAR2593218,False,84.21,0.0,1.0,1.0,valid_identifier_shape,0.6499988026538948,structured,10.0,0.636364,0.272727,0.090909,1.0,0.0,0.0,0.14757494333386267,0.8,True
w2_2026_000157_scan_mild_01,w2_2026_000157,w2,validation,mild,state_wages,money,"31,814.35","31,814.35",31814.35,31814.35,True,100.0,61.0,baseline,"31,814.35",61.0,8814.95,28.0,1.0,success,,9.462000037799992e-05,False,"31,814.35",True,100.0,31814.35,31814.35,tesseract,"31,814.35",31814.35,True,100.0,0.0,1.0,1.0,valid_money,0.61,critical,8.0,0.777778,0.0,0.222222,1.0,100.0,0.0,0.9350056472980811,0.98,True
w2_2026_000157_scan_mild_01,w2_2026_000157,w2,validation,mild,state_income_tax,money,957.46,857.86,957.46,857.86,False,66.67,29.0,enhanced,,0.0,857.86,29.0,1.0,success,,0.8505054114775268,True,957.46,True,100.0,957.46,857.86,trocr,957.46,957.46,True,100.0,0.0,1.0,1.0,valid_money,0.6543285174603924,critical,6.0,0.833333,0.0,0.166667,1.0,66.66666666666667,0.0,0.3250447212217176,0.98,True
w2_2026_000157_scan_hard_02,w2_2026_000157,w2,validation,hard,employee_ssn,identifier,000-78-7214,-6 SOCIISGUINY,000787214,65011561,False,23.53,0.0,baseline,-6 SOCIISGUINY,0.0,RT,1.0,-2.0,success,,0.9577582585753824,True,000-78-72/20'S SOCAT SECURNY NUMBER,False,60.87,00078722055058,65011561,trocr,000-78-72/20'S SOCAT SECURNY NUMBER,00078722055058,False,60.87,1.0,0.0,0.10000000000000009,invalid_ssn_length,0.6225428680739986,critical,14.0,0.257143,0.542857,0.114286,1.0,27.27272727272727,0.0,0.0002690091390260806,0.98,True
w2_2026_000157_scan_hard_02,w2_2026_000157,w2,validation,hard,employer_ein,identifier,00-4853123,SS,004853123,55,False,18.18,6.0,enhanced,,0.0,SS,6.0,-2.0,success,,0.1039176353791888,False,SS,False,18.18,5,55,tesseract,SS,55,False,18.18,1.0,0.0,0.0,invalid_ein_length,0.06,critical,2.0,0.0,1.0,0.0,1.0,66.66666666666667,0.0,0.002708337679896562,0.98,True
w2_2026_000157_scan_hard_02,w2_2026_000157,w2,validation,hard,employer_name_address,multiline,"FRANKLIN GROUP
97767 CAROLYN AVENUE
NEW JOSHUA, SC 73580","c Employer's name, address, and ZIP code FRANKLIN GROUP 97767 CAROLYN AVENUE NEW JOSHUA, SC 73580",FRANKLIN GROUP 97767 CAROLYN AVENUE NEW JOSHUA SC 73580,C EMPLOYER S NAME ADDRESS AND ZIP CODE FRANKLIN GROUP 97767 CAROLYN AVENUE NEW JOSHUA SC 73580,False,73.83,89.19,baseline,"c Employer's name, address, and ZIP code FRANKLIN GROUP 97767 CAROLYN AVENUE NEW JOSHUA, SC 73580",89.19,,0.0,-2.0,success,,0.0,False,,,,,,tesseract,"c Employer's name, address, and ZIP code FRANKLIN GROUP 97767 CAROLYN AVENUE NEW JOSHUA, SC 73580",C EMPLOYER S NAME ADDRESS AND ZIP CODE FRANKLIN GROUP 97767 CAROLYN AVENUE NEW JOSHUA SC 73580,False,73.83,1.0,1.0,1.0,valid_text,0.8919,descriptive,94.0,0.103093,0.701031,0.041237,0.0,0.0,0.0,0.1675690573934309,0.31,True
w2_2026_000157_scan_hard_02,w2_2026_000157,w2,validation,hard,control_number,identifier,W2-2026-000157,CM,W22026000157,CM,False,0.0,17.0,enhanced,W CS,0.0,CM,17.0,-2.0,success,,1.010826364211952e-05,False,CM,False,0.0,,CM,tesseract,CM,CM,False,0.0,0.0,0.0,0.25,identifier_too_short,0.17,structured,2.0,0.0,1.0,0.0,0.0,0.0,0.0,0.006719820497034091,0.8,True
w2_2026_000157_scan_hard_02,w2_2026_000157,w2,validation,hard,employee_first_name,text,STEPHEN P.,@ CiQwyves ~~ +—--_ —__ STEPHEN P.,STEPHEN P,CIQWYVES STEPHEN P,False,66.67,46.43,enhanced,RES ~~ wr -- -,33.8,@ CiQwyves ~~ +—--_ —__ STEPHEN P.,46.43,-2.0,success,,0.5788902615126987,True,STEPHENP.,False,94.12,STEPHENP,CIQWYVES STEPHEN P,trocr,STEPHENP.,STEPHENP,False,94.12,1.0,1.0,1.0,valid_text,0.5387836699832542,descriptive,8.0,0.0,0.888889,0.111111,1.0,61.53846153846154,0.0,0.21671356551186105,0.31,True
w2_2026_000157_scan_hard_02,w2_2026_000157,w2,validation,hard,employee_last_name,text,STEPHENS,Ot Freie ; STEPHENS,STEPHENS,OT FREIE STEPHENS,False,64.0,27.5,enhanced,srepmens,0.0,Ot Freie ; STEPHENS,27.5,-2.0,success,,0.5386143304648336,True,STEPHENS,True,100.0,STEPHENS,OT FREIE STEPHENS,trocr,STEPHENS,STEPHENS,True,100.0,1.0,1.0,1.0,valid_text,0.4463493148021419,descriptive,8.0,0.0,1.0,0.0,1.0,64.0,0.0,0.10953726452324858,0.31,True
w2_2026_000157_scan_hard_02,w2_2026_000157,w2,validation,hard,employee_address,multiline,"22050 MELISSA SHORES
MARKLAND, AR 14773","22050 MELISSA SHORES MARKLAND, AR 14773 f Employee's address and ZIP code",22050 MELISSA SHORES MARKLAND AR 14773,22050 MELISSA SHORES MARKLAND AR 14773 F EMPLOYEE S ADDRESS AND ZIP CODE,False,69.09,88.17,baseline,"22050 MELISSA SHORES MARKLAND, AR 14773 f Employee's address and ZIP code",88.17,,0.0,-2.0,success,,0.0,False,,,,,,tesseract,"22050 MELISSA SHORES MARKLAND, AR 14773 f Employee's address and ZIP code",22050 MELISSA SHORES MARKLAND AR 14773 F EMPLOYEE S ADDRESS AND ZIP CODE,False,69.09,1.0,1.0,1.0,valid_text,0.8817,descriptive,72.0,0.136986,0.684932,0.027397,0.0,0.0,0.0,0.02162209665870465,0.31,True
w2_2026_000157_scan_hard_02,w2_2026_000157,w2,validation,hard,wages,money,"31,814.35",1,31814.35,1.00,False,33.33,96.0,enhanced,,0.0,1,96.0,-2.0,success,,0.0,False,,,,,,tesseract,1,1.00,False,33.33,1.0,1.0,1.0,valid_money,0.96,critical,4.0,1.0,0.0,0.0,0.0,0.0,1.0,0.4678198649879575,0.98,True
w2_2026_000157_scan_hard_02,w2_2026_000157,w2,validation,hard,federal_tax_withheld,money,"7,525.96",2. 775856,7525.96,2.78,False,36.36,15.5,enhanced,"2 7,525.96",0.0,2. 775856,15.5,-2.0,success,,0.8383532046960912,True,2 FEDERAL INCOME TAX WITH 2525.96,False,60.0,2011012525.96,2.78,trocr,2 FEDERAL INCOME TAX WITH 2525.96,2011012525.96,False,60.0,1.0,1.0,1.0,valid_money,0.5991795830524593,critical,13.0,0.212121,0.606061,0.030303,1.0,23.529411764705888,1.0,0.0006079643736794273,0.98,True
w2_2026_000157_scan_hard_02,w2_2026_000157,w2,validation,hard,social_security_wages,money,"31,814.35",". 31,814.35",31814.35,0.32,False,33.33,44.5,baseline,". 31,814.35",44.5,", 31,814.35.",24.0,-2.0,success,,0.696275303647731,True,"3 SOCAL SECURITY WEGE 31,814.35",False,69.57,350151631814.35,0.32,trocr,"3 SOCAL SECURITY WEGE 31,814.35",350151631814.35,False,69.57,1.0,1.0,1.0,valid_money,0.6083289473710252,critical,15.0,0.258065,0.548387,0.064516,1.0,31.57894736842105,1.0,0.0005411923031366228,0.98,True
w2_2026_000157_scan_hard_02,w2_2026_000157,w2,validation,hard,social_security_tax_withheld,money,"1,972.49",4,1972.49,4.00,False,18.18,96.0,baseline,4,96.0,,0.0,-2.0,success,,0.0,False,,,,,,tesseract,4,4.00,False,18.18,1.0,1.0,1.0,valid_money,0.96,critical,4.0,1.0,0.0,0.0,0.0,0.0,1.0,0.908194790679869,0.98,True
w2_2026_000157_scan_hard_02,w2_2026_000157,w2,validation,hard,medicare_wages,money,"31,814.35","031,814.35",31814.35,31814.35,True,100.0,27.0,enhanced,,0.0,"031,814.35",27.0,-2.0,success,,0.2764303431637119,False,"031,814.35",True,100.0,50165031814.35,31814.35,tesseract,"031,814.35",31814.35,True,100.0,1.0,1.0,1.0,valid_money,0.27,critical,8.0,0.8,0.0,0.2,1.0,72.72727272727273,1.0,0.06961919107845467,0.98,True
w2_2026_000157_scan_hard_02,w2_2026_000157,w2,validation,hard,medicare_tax_withheld,money,461.31,64 461.31,461.31,64461.31,False,85.71,41.0,baseline,64 461.31,41.0,", 11",0.0,-2.0,success,,0.5796108804819078,True,6 MEDICATE TAX WITHED 461.31,False,70.59,60110461.31,64461.31,trocr,6 MEDICATE TAX WITHED 461.31,60110461.31,False,70.59,1.0,1.0,1.0,valid_money,0.5202470723132401,critical,11.0,0.214286,0.607143,0.035714,1.0,73.6842105263158,1.0,0.011885803153771503,0.98,True
w2_2026_000157_scan_hard_02,w2_2026_000157,w2,validation,hard,state,state,AR,A,AR,A,False,66.67,0.0,enhanced,,0.0,A,0.0,-2.0,success,,1.4772426863087692e-06,False,A,False,66.67,,A,tesseract,A,A,False,66.67,1.0,0.0,0.2,invalid_state_code,0.0,structured,1.0,0.0,1.0,0.0,0.0,0.0,0.0,0.08214741480807829,0.8,True
w2_2026_000157_scan_hard_02,w2_2026_000157,w2,validation,hard,employer_state_id,identifier,AR-2893218,SE,AR2893218,SE,False,0.0,0.0,enhanced,,0.0,SE,0.0,-2.0,success,,0.9999979477727436,True,MAR-2893218,False,94.74,MAR2893218,SE,trocr,MAR-2893218,MAR2893218,False,94.74,0.0,1.0,1.0,valid_identifier_shape,0.6499986660522834,structured,10.0,0.636364,0.272727,0.090909,1.0,0.0,0.0,0.14757487077180023,0.8,True
w2_2026_000157_scan_hard_02,w2_2026_000157,w2,validation,hard,state_wages,money,"31,814.35",8438,31814.35,8438.00,False,40.0,23.0,enhanced,811438,0.0,8438,23.0,-2.0,success,,0.9585111237305948,True,3181435,False,77.78,3181435.00,8438.00,trocr,3181435,3181435.00,False,77.78,0.0,1.0,1.0,valid_money,0.7035322304248867,critical,10.0,1.0,0.0,0.0,1.0,70.58823529411764,0.0,0.25835676892556536,0.98,True
w2_2026_000157_scan_hard_02,w2_2026_000157,w2,validation,hard,state_income_tax,money,957.46,887.48,957.46,887.48,False,50.0,48.0,baseline,887.48,48.0,7),43.0,-2.0,success,,0.8265139206871922,True,957.46,True,100.0,957.46,887.48,trocr,957.46,957.46,True,100.0,0.0,1.0,1.0,valid_money,0.705234048446675,critical,6.0,0.833333,0.0,0.166667,1.0,50.0,0.0,0.25188657657486,0.98,True
w2_2026_000172_scan_mild_01,w2_2026_000172,w2,validation,mild,employee_ssn,identifier,000-22-9653,00-22-9653 S,000229653,002296535,False,88.89,16.5,baseline,00-22-9653 S,16.5,J000-22-9688,0.0,0.0,success,,0.179750928078705,False,00-22-9653 S,False,88.89,00022965355111,002296535,tesseract,00-22-9653 S,002296535,False,88.89,1.0,1.0,1.0,valid_ssn_shape,0.165,critical,9.0,0.666667,0.083333,0.166667,1.0,78.26086956521739,0.0,0.10358555154533787,0.98,True
w2_2026_000172_scan_mild_01,w2_2026_000172,w2,validation,mild,employer_ein,identifier,00-1713900,00-1719800,001713900,001719800,False,88.89,24.0,enhanced,00-1718900,0.0,00-1719800,24.0,0.0,success,,0.0359351125033572,False,00-1719800,False,88.89,001713805,001719800,tesseract,00-1719800,001719800,False,88.89,1.0,1.0,1.0,valid_ein_shape,0.24,critical,9.0,0.9,0.0,0.1,1.0,77.77777777777779,0.0,0.9388402739623247,0.98,True
w2_2026_000172_scan_mild_01,w2_2026_000172,w2,validation,mild,employer_name_address,multiline,"JENKINS PLC
753 KING BYPASS
NEW CHRISTOPHERBOROUGH, PA 84135","& EMIVIVyor o Malo, QUUIVOS, GM 4b VUUL JENKINS PLC 753 KING BYPASS NEW CHRISTOPHERBOROUGH, PA 84135",JENKINS PLC 753 KING BYPASS NEW CHRISTOPHERBOROUGH PA 84135,AND EMIVIVYOR O MALO QUUIVOS GM 4B VUUL JENKINS PLC 753 KING BYPASS NEW CHRISTOPHERBOROUGH PA 84135,False,74.68,63.12,enhanced,"Nn ns tied nto"" Str 9 baler Ne tat pte A ren neem lente rete, AT teen cites Ses +5 MN calm cen ma JENKINS PLC 753 KING BYPASS NEW CHRISTOPHERBOROUGH, PA 84135",42.09,"& EMIVIVyor o Malo, QUUIVOS, GM 4b VUUL JENKINS PLC 753 KING BYPASS NEW CHRISTOPHERBOROUGH, PA 84135",63.12,0.0,success,,0.0,False,,,,,,tesseract,"& EMIVIVyor o Malo, QUUIVOS, GM 4b VUUL JENKINS PLC 753 KING BYPASS NEW CHRISTOPHERBOROUGH, PA 84135",AND EMIVIVYOR O MALO QUUIVOS GM 4B VUUL JENKINS PLC 753 KING BYPASS NEW CHRISTOPHERBOROUGH PA 84135,False,74.68,1.0,1.0,1.0,valid_text,0.6312,descriptive,99.0,0.09,0.71,0.04,0.0,0.0,0.0,0.029179347513801728,0.31,True
w2_2026_000172_scan_mild_01,w2_2026_000172,w2,validation,mild,control_number,identifier,W2-2026-000172,W2-2026-000172,W22026000172,W22026000172,True,100.0,17.0,enhanced,W2-2026-000172,2.0,W2-2026-000172,17.0,0.0,success,,0.0373511753622497,False,W2-2026-000172,True,100.0,VE22030072121212121212121212121212,W22026000172,tesseract,W2-2026-000172,W22026000172,True,100.0,0.0,1.0,1.0,valid_identifier_shape,0.17,structured,12.0,0.785714,0.071429,0.142857,1.0,30.434782608695656,0.0,0.1761793493658319,0.8,True
w2_2026_000172_scan_mild_01,w2_2026_000172,w2,validation,mild,employee_first_name,text,ALEX A.,ALEX A.,ALEX A,ALEX A,True,100.0,96.0,baseline,ALEX A.,96.0,,0.0,0.0,success,,0.0,False,,,,,,tesseract,ALEX A.,ALEX A,True,100.0,1.0,1.0,1.0,valid_text,0.96,descriptive,6.0,0.0,0.714286,0.142857,0.0,0.0,0.0,0.9322603462941349,0.31,False
w2_2026_000172_scan_mild_01,w2_2026_000172,w2,validation,mild,employee_last_name,text,DECKER,DECKER,DECKER,DECKER,True,100.0,96.0,baseline,DECKER,96.0,DECKER,96.0,0.0,success,,0.2793822901796959,False,DECKER,True,100.0,DECKER COME AGAINABLE,DECKER,tesseract,DECKER,DECKER,True,100.0,1.0,1.0,1.0,valid_text,0.96,descriptive,6.0,0.0,1.0,0.0,1.0,44.44444444444444,0.0,0.9736518041833934,0.31,False
w2_2026_000172_scan_mild_01,w2_2026_000172,w2,validation,mild,employee_address,multiline,"119 NICHOLAS TRACK
NORTH HEATHER, KS 39110","119 NICHOLAS TRACK NORTH HEATHER, KS 39110 f Employee’s address and ZIP code",119 NICHOLAS TRACK NORTH HEATHER KS 39110,119 NICHOLAS TRACK NORTH HEATHER KS 39110 F EMPLOYEE S ADDRESS AND ZIP CODE,False,70.69,95.23,baseline,"119 NICHOLAS TRACK NORTH HEATHER, KS 39110 f Employee’s address and ZIP code",95.23,,0.0,0.0,success,,0.0,False,,,,,,tesseract,"119 NICHOLAS TRACK NORTH HEATHER, KS 39110 f Employee’s address and ZIP code",119 NICHOLAS TRACK NORTH HEATHER KS 39110 F EMPLOYEE S ADDRESS AND ZIP CODE,False,70.69,1.0,1.0,1.0,valid_text,0.9523,descriptive,75.0,0.105263,0.710526,0.026316,0.0,0.0,0.0,0.028485962036540493,0.31,True
w2_2026_000172_scan_mild_01,w2_2026_000172,w2,validation,mild,wages,money,"41,872.42","81,872.42",41872.42,81872.42,False,87.5,44.0,baseline,"81,872.42",44.0,"8,872.42,",26.0,0.0,success,,0.500592315238946,True,"* WAYS, UPS. COMEI COM*41,872.42",False,15.38,55.01,81872.42,trocr,"* WAYS, UPS. COMEI COM*41,872.42",55.01,False,15.38,1.0,1.0,1.0,valid_money,0.4793850049053149,critical,5.0,0.21875,0.46875,0.1875,1.0,15.384615384615385,1.0,0.0011753279239170302,0.98,True
w2_2026_000172_scan_mild_01,w2_2026_000172,w2,validation,mild,federal_tax_withheld,money,"6,698.64","6,698.64",6698.64,6698.64,True,100.0,78.0,enhanced,"5 6,698.64",46.0,"6,698.64",78.0,0.0,success,,0.0,False,,,,,,tesseract,"6,698.64",6698.64,True,100.0,1.0,1.0,1.0,valid_money,0.78,critical,7.0,0.75,0.0,0.25,0.0,0.0,1.0,0.6483147073380768,0.98,True
w2_2026_000172_scan_mild_01,w2_2026_000172,w2,validation,mild,social_security_wages,money,"41,872.42",44 872.42,41872.42,44872.42,False,87.5,77.0,enhanced,"41,872.42",0.0,44 872.42,77.0,0.0,success,,0.0,False,,,,,,tesseract,44 872.42,44872.42,False,87.5,1.0,1.0,1.0,valid_money,0.77,critical,8.0,0.777778,0.0,0.111111,0.0,0.0,1.0,0.13553181745602372,0.98,True
w2_2026_000172_scan_mild_01,w2_2026_000172,w2,validation,mild,social_security_tax_withheld,money,"2,596.09","2,596.09",2596.09,2596.09,True,100.0,66.0,enhanced,( 2596.09,8.0,"2,596.09",66.0,0.0,success,,0.0746699363443,False,"2,596.09",True,100.0,512596.09,2596.09,tesseract,"2,596.09",2596.09,True,100.0,1.0,1.0,1.0,valid_money,0.66,critical,7.0,0.75,0.0,0.25,1.0,87.5,1.0,0.8397956386271231,0.98,True
w2_2026_000172_scan_mild_01,w2_2026_000172,w2,validation,mild,medicare_wages,money,"41,872.42","41,872.42",41872.42,41872.42,True,100.0,69.0,enhanced,"3-- 41,872.42",31.5,"41,872.42",69.0,0.0,success,,0.0081453802965396,False,"41,872.42",True,100.0,-,41872.42,tesseract,"41,872.42",41872.42,True,100.0,1.0,1.0,1.0,valid_money,0.69,critical,8.0,0.777778,0.0,0.222222,1.0,0.0,0.0,0.6546362819575845,0.98,True
w2_2026_000172_scan_mild_01,w2_2026_000172,w2,validation,mild,medicare_tax_withheld,money,607.15,607.15,607.15,607.15,True,100.0,95.0,enhanced,5-6 607.15,48.0,607.15,95.0,0.0,success,,0.0,False,,,,,,tesseract,607.15,607.15,True,100.0,1.0,1.0,1.0,valid_money,0.95,critical,6.0,0.833333,0.0,0.166667,0.0,0.0,0.0,0.972202790749708,0.98,True
w2_2026_000172_scan_mild_01,w2_2026_000172,w2,validation,mild,state,state,KS,KS,KS,KS,True,100.0,0.0,baseline,KS,0.0,IK,0.0,0.0,success,,1.2219562216535317e-06,False,KS,True,100.0,,KS,tesseract,KS,KS,True,100.0,1.0,1.0,1.0,valid_state_code,0.0,structured,2.0,0.0,1.0,0.0,0.0,0.0,0.0,0.8287021544865508,0.8,False
w2_2026_000172_scan_mild_01,w2_2026_000172,w2,validation,mild,employer_state_id,identifier,KS-8977571,KS8977571,KS8977571,KS8977571,True,100.0,0.0,baseline,KS8977571,0.0,71,0.0,0.0,success,,0.0005900932601315,False,KS8977571,True,100.0,KS8977571,KS8977571,tesseract,KS8977571,KS8977571,True,100.0,0.0,1.0,1.0,valid_identifier_shape,0.0,structured,9.0,0.777778,0.222222,0.0,1.0,100.0,0.0,0.07042326838319861,0.8,True
w2_2026_000172_scan_mild_01,w2_2026_000172,w2,validation,mild,state_wages,money,"41,872.42","41,872.42",41872.42,41872.42,True,100.0,42.0,baseline,"41,872.42",42.0,872.42,19.0,0.0,success,,0.2228084969918534,False,"41,872.42",True,100.0,0.42,41872.42,tesseract,"41,872.42",41872.42,True,100.0,0.0,1.0,1.0,valid_money,0.42,critical,8.0,0.777778,0.0,0.222222,1.0,50.0,0.0,0.28358192505356217,0.98,True
w2_2026_000172_scan_mild_01,w2_2026_000172,w2,validation,mild,state_income_tax,money,"1,180.98","1,180.98",1180.98,1180.98,True,100.0,16.0,enhanced,"1,180.98",9.0,"1,180.98",16.0,0.0,success,,0.3072637770667121,False,"1,180.98",True,100.0,0.12,1180.98,tesseract,"1,180.98",1180.98,True,100.0,0.0,1.0,1.0,valid_money,0.16,critical,7.0,0.75,0.0,0.25,1.0,36.36363636363637,0.0,0.14746204627279902,0.98,True
w2_2026_000172_scan_hard_02,w2_2026_000172,w2,validation,hard,employee_ssn,identifier,000-22-9653,O SOCSECUMYU,000229653,0505,False,46.15,0.0,enhanced,2-6 SRNETT,0.0,O SOCSECUMYU,0.0,-1.5,success,,0.992540343818291,True,000-22-9999 SUMM SECANY,False,70.0,00022999955,0505,trocr,000-22-9999 SUMM SECANY,00022999955,False,70.0,1.0,0.0,0.64,invalid_ssn_length,0.6451512234818892,critical,11.0,0.391304,0.434783,0.086957,1.0,40.0,0.0,0.0006771932220020728,0.98,True
w2_2026_000172_scan_hard_02,w2_2026_000172,w2,validation,hard,employer_ein,identifier,00-1713900,PN,001713900,,False,0.0,20.0,baseline,PN,20.0,CS,0.0,-1.5,success,,0.9890831420069014,True,SUBPING KEMBERMANERY ENCLUDING ON BACK,False,40.0,58168101608,,trocr,SUBPING KEMBERMANERY ENCLUDING ON BACK,58168101608,False,40.0,1.0,0.0,0.64,invalid_ein_length,0.7129040423044859,critical,11.0,0.0,0.894737,0.0,1.0,0.0,0.0,0.0010182432800306018,0.98,True
w2_2026_000172_scan_hard_02,w2_2026_000172,w2,validation,hard,employer_name_address,multiline,"JENKINS PLC
753 KING BYPASS
NEW CHRISTOPHERBOROUGH, PA 84135","c Employer's name, address, and ZIP code JENKINS PLC 753 KING BYPASS NEW CHRISTOPHERBOROUGH, PA 84135 |",JENKINS PLC 753 KING BYPASS NEW CHRISTOPHERBOROUGH PA 84135,C EMPLOYER S NAME ADDRESS AND ZIP CODE JENKINS PLC 753 KING BYPASS NEW CHRISTOPHERBOROUGH PA 84135,False,75.16,88.59,baseline,"c Employer's name, address, and ZIP code JENKINS PLC 753 KING BYPASS NEW CHRISTOPHERBOROUGH, PA 84135 |",88.59,,0.0,-1.5,success,,0.0,False,,,,,,tesseract,"c Employer's name, address, and ZIP code JENKINS PLC 753 KING BYPASS NEW CHRISTOPHERBOROUGH, PA 84135 |",C EMPLOYER S NAME ADDRESS AND ZIP CODE JENKINS PLC 753 KING BYPASS NEW CHRISTOPHERBOROUGH PA 84135,False,75.16,1.0,1.0,1.0,valid_text,0.8859,descriptive,98.0,0.07767,0.718447,0.048544,0.0,0.0,0.0,0.12233936186709961,0.31,True
w2_2026_000172_scan_hard_02,w2_2026_000172,w2,validation,hard,control_number,identifier,W2-2026-000172,W2-2028-000172 H,W22026000172,W22028000172H,False,88.0,0.0,baseline,W2-2028-000172 H,0.0,ST,0.0,-1.5,success,,7.179316940150428e-07,False,W2-2028-000172 H,False,88.0,,W22028000172H,tesseract,W2-2028-000172 H,W22028000172H,False,88.0,0.0,1.0,1.0,valid_identifier_shape,0.0,structured,13.0,0.6875,0.125,0.125,0.0,0.0,0.0,0.07351223587524656,0.8,True
w2_2026_000172_scan_hard_02,w2_2026_000172,w2,validation,hard,employee_first_name,text,ALEX A.,ont EE: = |,ALEX A,ONT EE,False,16.67,55.5,baseline,ont EE: = |,55.5,ww wy Se ALEX A.,57.0,-1.5,success,,0.3149872740930515,False,ont EE: = |,False,16.67,ALEXA,ONT EE,tesseract,ont EE: = |,ONT EE,False,16.67,1.0,1.0,1.0,valid_text,0.555,descriptive,6.0,0.0,0.454545,0.272727,1.0,18.181818181818176,0.0,0.17334105246749087,0.31,True
w2_2026_000172_scan_hard_02,w2_2026_000172,w2,validation,hard,employee_last_name,text,DECKER,DECKER,DECKER,DECKER,True,100.0,95.0,enhanced,,0.0,DECKER,95.0,-1.5,success,,1.729338243025001e-05,False,DECKER,True,100.0,DECKER,DECKER,tesseract,DECKER,DECKER,True,100.0,1.0,1.0,1.0,valid_text,0.95,descriptive,6.0,0.0,1.0,0.0,1.0,100.0,0.0,0.9968220978716413,0.31,False
w2_2026_000172_scan_hard_02,w2_2026_000172,w2,validation,hard,employee_address,multiline,"119 NICHOLAS TRACK
NORTH HEATHER, KS 39110","119 NICHOLAS TRACK NORTH HEATHER, KS 39110 f Employee's address and ZIP code aa a EB RET BIE EEN GET YET",119 NICHOLAS TRACK NORTH HEATHER KS 39110,119 NICHOLAS TRACK NORTH HEATHER KS 39110 F EMPLOYEE S ADDRESS AND ZIP CODE AA A EB RET BIE EEN GET YET,False,56.94,63.24,baseline,"119 NICHOLAS TRACK NORTH HEATHER, KS 39110 f Employee's address and ZIP code aa a EB RET BIE EEN GET YET",63.24,,0.0,-1.5,success,,0.0,False,,,,,,tesseract,"119 NICHOLAS TRACK NORTH HEATHER, KS 39110 f Employee's address and ZIP code aa a EB RET BIE EEN GET YET",119 NICHOLAS TRACK NORTH HEATHER KS 39110 F EMPLOYEE S ADDRESS AND ZIP CODE AA A EB RET BIE EEN GET YET,False,56.94,1.0,1.0,1.0,valid_text,0.6324000000000001,descriptive,103.0,0.076923,0.711538,0.019231,0.0,0.0,0.0,0.0005648442321710149,0.31,True
w2_2026_000172_scan_hard_02,w2_2026_000172,w2,validation,hard,wages,money,"41,872.42","7 ,",41872.42,7.00,False,33.33,38.5,baseline,"7 ,",38.5,. ),0.0,-1.5,success,,0.733465832145013,True,"1 WEGES, IPS, COME AGAI,872.42",False,63.64,16515061872.42,7.00,trocr,"1 WEGES, IPS, COME AGAI,872.42",16515061872.42,False,63.64,1.0,1.0,1.0,valid_money,0.6115027908942585,critical,14.0,0.2,0.533333,0.133333,1.0,22.22222222222222,0.0,0.005998774362369987,0.98,True
w2_2026_000172_scan_hard_02,w2_2026_000172,w2,validation,hard,federal_tax_withheld,money,"6,698.64",2 68,6698.64,268.00,False,46.15,48.5,enhanced,"4 6,698.64",28.0,2 68,48.5,-1.5,success,,0.4709959541405855,False,2 68,False,46.15,201106.70,268.00,tesseract,2 68,268.00,False,46.15,1.0,1.0,1.0,valid_money,0.485,critical,6.0,0.75,0.0,0.0,1.0,53.333333333333336,0.0,0.03718209114268086,0.98,True
w2_2026_000172_scan_hard_02,w2_2026_000172,w2,validation,hard,social_security_wages,money,"41,872.42","41,872.42",41872.42,41872.42,True,100.0,95.0,baseline,"41,872.42",95.0,,0.0,-1.5,success,,0.0,False,,,,,,tesseract,"41,872.42",41872.42,True,100.0,1.0,1.0,1.0,valid_money,0.95,critical,8.0,0.777778,0.0,0.222222,0.0,0.0,1.0,0.6077426730705875,0.98,True
w2_2026_000172_scan_hard_02,w2_2026_000172,w2,validation,hard,social_security_tax_withheld,money,"2,596.09",4,2596.09,4.00,False,36.36,90.0,baseline,4,90.0,,0.0,-1.5,success,,0.0,False,,,,,,tesseract,4,4.00,False,36.36,1.0,1.0,1.0,valid_money,0.9,critical,4.0,1.0,0.0,0.0,0.0,0.0,1.0,0.7688903058698914,0.98,True
w2_2026_000172_scan_hard_02,w2_2026_000172,w2,validation,hard,medicare_wages,money,"41,872.42",. 4872.42,41872.42,0.49,False,33.33,0.0,baseline,. 4872.42,0.0,. 41872.42,0.0,-1.5,success,,0.8401852198440897,True,5 MEDICATE WEGES NO.872.42,False,35.29,501650.87,0.49,trocr,5 MEDICATE WEGES NO.872.42,501650.87,False,35.29,1.0,1.0,1.0,valid_money,0.5461203928986583,critical,9.0,0.230769,0.576923,0.076923,1.0,30.76923076923077,1.0,0.013339998291092656,0.98,True
w2_2026_000172_scan_hard_02,w2_2026_000172,w2,validation,hard,medicare_tax_withheld,money,607.15,. 007.15,607.15,0.01,False,60.0,49.5,enhanced,) 607.15,0.0,. 007.15,49.5,-1.5,success,,0.8121343599444,True,6 MEDICATE TAX WITHIN 607.15,False,70.59,60111607.15,0.01,trocr,6 MEDICATE TAX WITHIN 607.15,60111607.15,False,70.59,1.0,1.0,1.0,valid_money,0.70113733396386,critical,11.0,0.214286,0.607143,0.035714,1.0,40.0,1.0,0.011656685832584291,0.98,True
w2_2026_000172_scan_hard_02,w2_2026_000172,w2,validation,hard,state,state,KS,I,KS,I,False,0.0,0.0,enhanced,,0.0,I,0.0,-1.5,success,,1.4772426863087692e-06,False,I,False,0.0,,I,tesseract,I,I,False,0.0,1.0,0.0,0.2,invalid_state_code,0.0,structured,1.0,0.0,1.0,0.0,0.0,0.0,0.0,0.0020045773299641034,0.8,True
w2_2026_000172_scan_hard_02,w2_2026_000172,w2,validation,hard,employer_state_id,identifier,KS-8977571,,KS8977571,,False,0.0,0.0,baseline,,0.0,,0.0,-1.5,success,,0.9999978151429108,True,KS-8977571,True,100.0,KS8977571,,trocr,KS-8977571,KS8977571,True,100.0,0.0,1.0,1.0,valid_identifier_shape,0.649998579842892,structured,9.0,0.7,0.2,0.1,1.0,0.0,0.0,0.04051524663240045,0.8,True
w2_2026_000172_scan_hard_02,w2_2026_000172,w2,validation,hard,state_wages,money,"41,872.42",",",41872.42,,False,0.0,0.0,enhanced,,0.0,",",0.0,-1.5,success,,0.998809607916727,True,4182.42,False,93.33,4182.42,,trocr,4182.42,4182.42,False,93.33,0.0,1.0,1.0,valid_money,0.6492262451458726,critical,7.0,0.857143,0.0,0.142857,1.0,0.0,0.0,0.06803685112629627,0.98,True
w2_2026_000172_scan_hard_02,w2_2026_000172,w2,validation,hard,state_income_tax,money,"1,180.98",180.98,1180.98,180.98,False,92.31,45.0,enhanced,180.98,19.0,180.98,45.0,-1.5,success,,0.7252270270864137,True,1.180.98,False,54.55,1.18,180.98,trocr,1.180.98,1.18,False,54.55,0.0,1.0,1.0,valid_money,0.628897567606169,critical,4.0,0.75,0.0,0.25,1.0,60.0,0.0,0.4342920288146283,0.98,True
1099_nec_2026_000008_scan_mild_01,1099_nec_2026_000008,1099_nec,validation,mild,payer_name,text,MCCANN-WHITE,MCCANN-WHITE,MCCANN WHITE,MCCANN WHITE,True,100.0,81.0,baseline,MCCANN-WHITE,81.0,,0.0,-1.0,success,,0.0,False,,,,,,tesseract,MCCANN-WHITE,MCCANN WHITE,True,100.0,1.0,1.0,1.0,valid_text,0.81,descriptive,12.0,0.0,0.916667,0.083333,0.0,0.0,0.0,0.9415542418948266,0.31,False
1099_nec_2026_000008_scan_mild_01,1099_nec_2026_000008,1099_nec,validation,mild,payer_street,text,85962 SANCHEZ CREST,5962 SANCHEZ CREST,85962 SANCHEZ CREST,5962 SANCHEZ CREST,False,97.3,84.0,baseline,5962 SANCHEZ CREST,84.0,,0.0,-1.0,success,,0.0,False,,,,,,tesseract,5962 SANCHEZ CREST,5962 SANCHEZ CREST,False,97.3,0.0,1.0,1.0,valid_text,0.84,descriptive,18.0,0.222222,0.666667,0.0,0.0,0.0,0.0,0.9344407448673121,0.31,False
1099_nec_2026_000008_scan_mild_01,1099_nec_2026_000008,1099_nec,validation,mild,payer_city,text,SOUTH TRACY,SOUTH TRACY,SOUTH TRACY,SOUTH TRACY,True,100.0,96.0,baseline,SOUTH TRACY,96.0,,0.0,-1.0,success,,0.0,False,,,,,,tesseract,SOUTH TRACY,SOUTH TRACY,True,100.0,0.0,1.0,1.0,valid_text,0.96,descriptive,11.0,0.0,0.909091,0.0,0.0,0.0,0.0,0.806412352716661,0.31,False
1099_nec_2026_000008_scan_mild_01,1099_nec_2026_000008,1099_nec,validation,mild,payer_state,state,UT,UT UPIUVIILS,UT,UTUPIUVIILS,False,30.77,37.5,baseline,UT UPIUVIILS,37.5,,0.0,-1.0,success,,0.1535441826644257,False,UT UPIUVIILS,False,30.77,STATEORPROVINCE,UTUPIUVIILS,tesseract,UT UPIUVIILS,UTUPIUVIILS,False,30.77,0.0,0.0,0.2,invalid_state_code,0.375,structured,11.0,0.0,0.916667,0.0,1.0,30.76923076923077,0.0,0.007589294352478338,0.8,True
1099_nec_2026_000008_scan_mild_01,1099_nec_2026_000008,1099_nec,validation,mild,payer_zip,text,78640,0,78640,0,False,33.33,44.0,enhanced,‘78640 VISIT Puvws Your,27.0,0,44.0,-1.0,success,,0.0589365916495837,False,0,False,33.33,786400516051001,0,tesseract,0,0,False,33.33,0.0,0.0,0.19999999999999996,invalid_zip_length,0.44,structured,1.0,1.0,0.0,0.0,1.0,12.5,0.0,0.007773137631692531,0.8,True
1099_nec_2026_000008_scan_mild_01,1099_nec_2026_000008,1099_nec,validation,mild,payer_tin,identifier,00-9344531,00-9944531,009344531,009944531,False,88.89,36.0,baseline,00-9944531,36.0,00-9344531,1.0,-1.0,success,,0.2465346532460303,False,00-9944531,False,88.89,00934531,009944531,tesseract,00-9944531,009944531,False,88.89,1.0,1.0,1.0,valid_ein_shape,0.36,critical,9.0,0.9,0.0,0.1,1.0,82.35294117647058,0.0,0.9581369376107913,0.98,True
1099_nec_2026_000008_scan_mild_01,1099_nec_2026_000008,1099_nec,validation,mild,recipient_tin,identifier,000-47-5250,000-47-5250,000475250,000475250,True,100.0,89.0,baseline,000-47-5250,89.0,,0.0,-1.0,success,,0.0,False,,,,,,tesseract,000-47-5250,000475250,True,100.0,1.0,1.0,1.0,valid_ssn_shape,0.89,critical,9.0,0.818182,0.0,0.181818,0.0,0.0,0.0,0.9662742498095268,0.98,True
1099_nec_2026_000008_scan_mild_01,1099_nec_2026_000008,1099_nec,validation,mild,recipient_name,text,MARISSA BENNETT,MARISSA BENNETT,MARISSA BENNETT,MARISSA BENNETT,True,100.0,95.0,baseline,MARISSA BENNETT,95.0,,0.0,-1.0,success,,0.0,False,,,,,,tesseract,MARISSA BENNETT,MARISSA BENNETT,True,100.0,1.0,1.0,1.0,valid_text,0.95,descriptive,15.0,0.0,0.933333,0.0,0.0,0.0,0.0,0.8706374415501841,0.31,False
1099_nec_2026_000008_scan_mild_01,1099_nec_2026_000008,1099_nec,validation,mild,recipient_street,text,6475 DAVID CORNER,6475 DAVID CORNER,6475 DAVID CORNER,6475 DAVID CORNER,True,100.0,95.0,baseline,6475 DAVID CORNER,95.0,,0.0,-1.0,success,,0.0,False,,,,,,tesseract,6475 DAVID CORNER,6475 DAVID CORNER,True,100.0,1.0,1.0,1.0,valid_text,0.95,descriptive,17.0,0.235294,0.647059,0.0,0.0,0.0,0.0,0.9140281224505344,0.31,False
1099_nec_2026_000008_scan_mild_01,1099_nec_2026_000008,1099_nec,validation,mild,recipient_city,text,SOUTH DARLENEHAVEN,City or town SOUTH DARLENEHAVEN =,SOUTH DARLENEHAVEN,CITY OR TOWN SOUTH DARLENEHAVEN,False,73.47,87.83,enhanced,Sour CARINE,9.5,City or town SOUTH DARLENEHAVEN =,87.83,-1.0,success,,0.0,False,,,,,,tesseract,City or town SOUTH DARLENEHAVEN =,CITY OR TOWN SOUTH DARLENEHAVEN,False,73.47,1.0,1.0,1.0,valid_text,0.8783,descriptive,31.0,0.0,0.818182,0.030303,0.0,0.0,0.0,0.5071604641518905,0.31,False
1099_nec_2026_000008_scan_mild_01,1099_nec_2026_000008,1099_nec,validation,mild,recipient_state,state,IN,VIVVV,IN,VIVVV,False,28.57,0.0,baseline,VIVVV,0.0,,0.0,-1.0,success,,0.7814836677446254,True,STATE OR PROUNCE,False,12.5,STATEORPROUNCE,VIVVV,trocr,STATE OR PROUNCE,STATEORPROUNCE,False,12.5,1.0,0.0,0.2,invalid_state_code,0.5079643840340066,structured,14.0,0.0,0.875,0.0,1.0,0.0,0.0,0.0001971157097175137,0.8,True
1099_nec_2026_000008_scan_mild_01,1099_nec_2026_000008,1099_nec,validation,mild,recipient_zip,text,03519,osstg ae,03519,0556,False,44.44,11.0,baseline,osstg ae,11.0,0,0.0,-1.0,success,,0.8735550566072584,True,03519 TORSIGN POSTAL CODE |,False,50.0,035190516051001,0556,trocr,03519 TORSIGN POSTAL CODE |,035190516051001,False,50.0,1.0,0.0,0.0,invalid_zip_length,0.606310786794718,structured,15.0,0.185185,0.62963,0.037037,1.0,42.10526315789473,0.0,0.000150724728070001,0.8,True
1099_nec_2026_000008_scan_mild_01,1099_nec_2026_000008,1099_nec,validation,mild,nonemployee_compensation,money,"137,614.29","$ 137,614.29",137614.29,137614.29,True,100.0,60.5,baseline,"$ 137,614.29",60.5,"$ 137,614.29",48.0,-1.0,success,,0.134596009541498,False,"$ 137,614.29",True,100.0,513761429.00,137614.29,tesseract,"$ 137,614.29",137614.29,True,100.0,1.0,1.0,1.0,valid_money,0.605,critical,9.0,0.666667,0.0,0.25,1.0,76.19047619047619,0.0,0.7899430587437475,0.98,True
1099_nec_2026_000008_scan_mild_01,1099_nec_2026_000008,1099_nec,validation,mild,federal_income_tax_withheld,text,0.00,0.00,0.00,0.00,True,100.0,72.0,enhanced,CFCUSIAI MWIVULEIS LOAN versie Bie,21.8,0.00,72.0,-1.0,success,,0.0,False,,,,,,tesseract,0.00,0.00,True,100.0,1.0,1.0,1.0,valid_money,0.72,critical,4.0,0.75,0.0,0.25,0.0,0.0,0.0,0.909212247556878,0.98,True
1099_nec_2026_000008_scan_mild_01,1099_nec_2026_000008,1099_nec,validation,mild,account_number,identifier,NEC-2026-000008,NEC-2026-000008,NEC2026000008,NEC2026000008,True,100.0,16.0,baseline,NEC-2026-000008,16.0,A INSWUUGUUTID,0.0,-1.0,success,,0.1008502031554638,False,NEC-2026-000008,True,100.0,RECEIPTCODE,NEC2026000008,tesseract,NEC-2026-000008,NEC2026000008,True,100.0,0.0,1.0,1.0,valid_identifier_shape,0.16,structured,13.0,0.666667,0.2,0.133333,1.0,16.666666666666664,0.0,0.2706875649046668,0.8,True
1099_nec_2026_000008_scan_mild_01,1099_nec_2026_000008,1099_nec,validation,mild,state_tax_withheld,money,"2,638.77",$2698.77,2638.77,2698.77,False,85.71,57.0,enhanced,,0.0,$2698.77,57.0,-1.0,success,,0.66705836405586,True,"$ 2,638.77",True,100.0,2638.77,2698.77,trocr,"$ 2,638.77",2638.77,True,100.0,0.0,1.0,1.0,valid_money,0.633087936636309,critical,7.0,0.6,0.0,0.3,1.0,85.71428571428572,0.0,0.7789616198981378,0.98,True
1099_nec_2026_000008_scan_mild_01,1099_nec_2026_000008,1099_nec,validation,mild,state_payer_number,identifier,IN-1592554,IN92556,IN1592554,IN92556,False,75.0,0.0,enhanced,WN,0.0,IN92556,0.0,-1.0,success,,0.991722723182852,True,IN-1592554,True,100.0,IN1592554,IN92556,trocr,IN-1592554,IN1592554,True,100.0,0.0,1.0,1.0,valid_identifier_shape,0.6446197700688538,structured,9.0,0.7,0.2,0.1,1.0,75.0,0.0,0.8958642558226985,0.8,False
1099_nec_2026_000008_scan_mild_01,1099_nec_2026_000008,1099_nec,validation,mild,state_income,money,"137,614.29","$137,614.29",137614.29,137614.29,True,100.0,31.0,enhanced,),0.0,"$137,614.29",31.0,-1.0,success,,0.0008066999424983,False,"$137,614.29",True,100.0,137614.29,137614.29,tesseract,"$137,614.29",137614.29,True,100.0,0.0,1.0,1.0,valid_money,0.31,critical,9.0,0.727273,0.0,0.272727,1.0,100.0,0.0,0.9573315287900674,0.98,True
1099_nec_2026_000008_scan_hard_02,1099_nec_2026_000008,1099_nec,validation,hard,payer_name,text,MCCANN-WHITE,PAYCH S nane,MCCANN WHITE,PAYCH S NANE,False,33.33,76.67,enhanced,rATCM OS nae,28.0,PAYCH S nane,76.67,-1.0,success,,0.0,False,,,,,,tesseract,PAYCH S nane,PAYCH S NANE,False,33.33,1.0,1.0,1.0,valid_text,0.7667,descriptive,12.0,0.0,0.833333,0.0,0.0,0.0,0.0,0.7805604181048538,0.31,False
1099_nec_2026_000008_scan_hard_02,1099_nec_2026_000008,1099_nec,validation,hard,payer_street,text,85962 SANCHEZ CREST,{85062 SANCHEZ CREST |,85962 SANCHEZ CREST,85062 SANCHEZ CREST,False,94.74,78.0,enhanced,eS,24.0,{85062 SANCHEZ CREST |,78.0,-1.0,success,,0.0,False,,,,,,tesseract,{85062 SANCHEZ CREST |,85062 SANCHEZ CREST,False,94.74,0.0,1.0,1.0,valid_text,0.78,descriptive,19.0,0.227273,0.545455,0.090909,0.0,0.0,0.0,0.9135070673108908,0.31,False
1099_nec_2026_000008_scan_hard_02,1099_nec_2026_000008,1099_nec,validation,hard,payer_city,text,SOUTH TRACY,| Olty or town SOUTH TRACY |,SOUTH TRACY,OLTY OR TOWN SOUTH TRACY,False,62.86,83.43,enhanced,Uy OF town :,50.75,| Olty or town SOUTH TRACY |,83.43,-1.0,success,,0.0,False,,,,,,tesseract,| Olty or town SOUTH TRACY |,OLTY OR TOWN SOUTH TRACY,False,62.86,0.0,1.0,1.0,valid_text,0.8343,descriptive,24.0,0.0,0.714286,0.071429,0.0,0.0,0.0,0.30937400279098637,0.31,True
1099_nec_2026_000008_scan_hard_02,1099_nec_2026_000008,1099_nec,validation,hard,payer_state,state,UT,LS,UT,LS,False,0.0,22.0,enhanced,,0.0,LS,22.0,-1.0,success,,0.5416987909909168,True,SALE OF PROUNCE,False,13.33,SALEOFPROUNCE,LS,trocr,SALE OF PROUNCE,SALEOFPROUNCE,False,13.33,0.0,0.0,0.2,invalid_state_code,0.42910421414409594,structured,13.0,0.0,0.866667,0.0,1.0,13.33333333333333,0.0,0.0004457016759626489,0.8,True
1099_nec_2026_000008_scan_hard_02,1099_nec_2026_000008,1099_nec,validation,hard,payer_zip,text,78640,78600,78640,78600,False,80.0,34.0,baseline,78600,34.0,,0.0,-1.0,success,,0.0169892419393139,False,78600,False,80.0,78640005100,78600,tesseract,78600,78600,False,80.0,0.0,1.0,1.0,valid_zip_shape,0.34,structured,5.0,1.0,0.0,0.0,1.0,62.5,0.0,0.5976197471284002,0.8,True
1099_nec_2026_000008_scan_hard_02,1099_nec_2026_000008,1099_nec,validation,hard,payer_tin,identifier,00-9344531,00-9044531,009344531,009044531,False,88.89,15.0,baseline,00-9044531,15.0,SS,2.0,-1.0,success,,0.4724920499726828,False,00-9044531,False,88.89,00804591,009044531,tesseract,00-9044531,009044531,False,88.89,1.0,1.0,1.0,valid_ein_shape,0.15,critical,9.0,0.9,0.0,0.1,1.0,70.58823529411764,0.0,0.8284192399442474,0.98,True
1099_nec_2026_000008_scan_hard_02,1099_nec_2026_000008,1099_nec,validation,hard,recipient_tin,identifier,000-47-5250,000-47-5250,000475250,000475250,True,100.0,8.0,baseline,000-47-5250,8.0,W00-47628 W,0.0,-1.0,success,,0.8214197835507633,True,000-47-920,False,82.35,00047920,000475250,trocr,000-47-920,00047920,False,82.35,1.0,0.0,0.8200000000000001,invalid_ssn_length,0.5619228593079961,critical,8.0,0.8,0.0,0.2,1.0,82.35294117647058,0.0,0.017861916338887014,0.98,True
1099_nec_2026_000008_scan_hard_02,1099_nec_2026_000008,1099_nec,validation,hard,recipient_name,text,MARISSA BENNETT,MCUMICN! > nane MARISSA BENNETT,MARISSA BENNETT,MCUMICN NANE MARISSA BENNETT,False,69.77,66.0,enhanced,MCVirit! oO taiwd,15.0,MCUMICN! > nane MARISSA BENNETT,66.0,-1.0,success,,0.2257404754796384,False,MCUMICN! > nane MARISSA BENNETT,False,69.77,MASKET SUMMARY,MCUMICN NANE MARISSA BENNETT,tesseract,MCUMICN! > nane MARISSA BENNETT,MCUMICN NANE MARISSA BENNETT,False,69.77,1.0,1.0,1.0,valid_text,0.66,descriptive,28.0,0.0,0.806452,0.064516,1.0,33.333333333333336,0.0,0.13077610098269485,0.31,True
1099_nec_2026_000008_scan_hard_02,1099_nec_2026_000008,1099_nec,validation,hard,recipient_street,text,6475 DAVID CORNER,Street address ‘6475 DAVIO CORNER,6475 DAVID CORNER,STREET ADDRESS 6475 DAVIO CORNER,False,65.31,85.4,enhanced,eee tee,27.5,Street address ‘6475 DAVIO CORNER,85.4,-1.0,success,,0.0,False,,,,,,tesseract,Street address ‘6475 DAVIO CORNER,STREET ADDRESS 6475 DAVIO CORNER,False,65.31,1.0,1.0,1.0,valid_text,0.8540000000000001,descriptive,32.0,0.121212,0.727273,0.030303,0.0,0.0,0.0,0.6862099642403099,0.31,False
1099_nec_2026_000008_scan_hard_02,1099_nec_2026_000008,1099_nec,validation,hard,recipient_city,text,SOUTH DARLENEHAVEN,sours DARLENEHAVEN |,SOUTH DARLENEHAVEN,SOURS DARLENEHAVEN,False,88.89,65.33,baseline,sours DARLENEHAVEN |,65.33,,0.0,-1.0,success,,0.1091639902218489,False,sours DARLENEHAVEN |,False,88.89,SOUTH BANDLEHAWEN,SOURS DARLENEHAVEN,tesseract,sours DARLENEHAVEN |,SOURS DARLENEHAVEN,False,88.89,1.0,1.0,1.0,valid_text,0.6533,descriptive,18.0,0.0,0.85,0.05,1.0,62.857142857142854,0.0,0.5477595685477755,0.31,False
1099_nec_2026_000008_scan_hard_02,1099_nec_2026_000008,1099_nec,validation,hard,recipient_state,state,IN,LS,IN,LS,False,0.0,6.0,enhanced,MVVEW,0.0,LS,6.0,-1.0,success,,0.6962383010741117,True,SALE OF PROUNCE,False,13.33,SALEOFPROUNCE,LS,trocr,SALE OF PROUNCE,SALEOFPROUNCE,False,13.33,1.0,0.0,0.2,invalid_state_code,0.4735548956981726,structured,13.0,0.0,0.866667,0.0,1.0,13.33333333333333,0.0,0.0002211430481720093,0.8,True
1099_nec_2026_000008_scan_hard_02,1099_nec_2026_000008,1099_nec,validation,hard,recipient_zip,text,03519,oasis Eee,03519,0515,False,66.67,15.0,baseline,oasis Eee,15.0,,0.0,-1.0,success,,0.9031294453518232,True,69519 PERON POSTAL CODE,False,37.5,69519005100,0515,trocr,69519 PERON POSTAL CODE,69519005100,False,37.5,1.0,0.0,0.6,invalid_zip_length,0.6395341394786851,structured,11.0,0.217391,0.652174,0.0,1.0,40.0,0.0,0.0003702056032929417,0.8,True
1099_nec_2026_000008_scan_hard_02,1099_nec_2026_000008,1099_nec,validation,hard,nonemployee_compensation,money,"137,614.29","$ 137,614.29",137614.29,137614.29,True,100.0,90.0,enhanced,"$ . 137,614.29",37.67,"$ 137,614.29",90.0,-1.0,success,,0.0,False,,,,,,tesseract,"$ 137,614.29",137614.29,True,100.0,1.0,1.0,1.0,valid_money,0.9,critical,9.0,0.666667,0.0,0.25,0.0,0.0,0.0,0.9301805752098937,0.98,True
1099_nec_2026_000008_scan_hard_02,1099_nec_2026_000008,1099_nec,validation,hard,federal_income_tax_withheld,text,0.00,4 0.00,0.00,40.00,False,88.89,37.5,enhanced,TOU Gi NW hAFITS Wear wert ere er,29.75,4 0.00,37.5,-1.0,success,,0.1986573669541369,False,4 0.00,False,88.89,500.00,40.00,tesseract,4 0.00,40.00,False,88.89,1.0,1.0,1.0,valid_money,0.375,critical,5.0,0.666667,0.0,0.166667,1.0,72.72727272727273,0.0,0.2998448351789692,0.98,True
1099_nec_2026_000008_scan_hard_02,1099_nec_2026_000008,1099_nec,validation,hard,account_number,identifier,NEC-2026-000008,PATER YE7,NEC2026000008,PATERYE7,False,9.52,0.0,baseline,PATER YE7,0.0,TT,3.0,-1.0,success,,0.7425919600594724,True,RECEIPT CODEBOOK:,False,14.29,RECEIPTCODEBOOK,PATERYE7,trocr,RECEIPT CODEBOOK:,RECEIPTCODEBOOK,False,14.29,0.0,1.0,1.0,valid_identifier_shape,0.48268477403865706,structured,15.0,0.0,0.882353,0.058824,1.0,26.086956521739136,0.0,0.07182422168209912,0.8,True
1099_nec_2026_000008_scan_hard_02,1099_nec_2026_000008,1099_nec,validation,hard,state_tax_withheld,money,"2,638.77",$8.77,2638.77,8.77,False,72.73,17.0,enhanced,--,0.0,$8.77,17.0,-1.0,success,,0.93902139518371,True,"$ 2,638.77",True,100.0,2638.77,8.77,trocr,"$ 2,638.77",2638.77,True,100.0,0.0,1.0,1.0,valid_money,0.6698639068694116,critical,7.0,0.6,0.0,0.3,1.0,72.72727272727273,0.0,0.8557434135525462,0.98,True
1099_nec_2026_000008_scan_hard_02,1099_nec_2026_000008,1099_nec,validation,hard,state_payer_number,identifier,IN-1592554,IN-1592564 -4,IN1592554,IN15925644,False,84.21,0.0,baseline,IN-1592564 -4,0.0,N56,18.0,-1.0,success,,0.9832591364455876,True,IN-1592554,True,100.0,IN1592554,IN15925644,trocr,IN-1592554,IN1592554,True,100.0,0.0,1.0,1.0,valid_identifier_shape,0.6391184386896319,structured,9.0,0.7,0.2,0.1,1.0,84.21052631578947,0.0,0.913199748226471,0.8,False
1099_nec_2026_000008_scan_hard_02,1099_nec_2026_000008,1099_nec,validation,hard,state_income,money,"137,614.29","$187,61429",137614.29,18761429.00,False,70.0,0.0,baseline,"$187,61429",0.0,$19761429,0.0,-1.0,success,,0.9713770177842148,True,$ 13761429,False,80.0,13761429.00,18761429.00,trocr,$ 13761429,13761429.00,False,80.0,0.0,1.0,1.0,valid_money,0.6313950615597397,critical,11.0,0.8,0.0,0.1,1.0,90.9090909090909,0.0,0.6928137914655591,0.98,True
1099_nec_2026_000032_scan_mild_01,1099_nec_2026_000032,1099_nec,validation,mild,payer_name,text,BELL GROUP,BELL GROUP,BELL GROUP,BELL GROUP,True,100.0,94.0,baseline,BELL GROUP,94.0,,0.0,0.0,success,,0.0,False,,,,,,tesseract,BELL GROUP,BELL GROUP,True,100.0,1.0,1.0,1.0,valid_text,0.94,descriptive,10.0,0.0,0.9,0.0,0.0,0.0,0.0,0.9270519379304687,0.31,False
1099_nec_2026_000032_scan_mild_01,1099_nec_2026_000032,1099_nec,validation,mild,payer_street,text,605 WILLIAM GROVE SUITE 463,605 WILLIAM GROVE SUITE 463,605 WILLIAM GROVE SUITE 463,605 WILLIAM GROVE SUITE 463,True,100.0,95.6,baseline,605 WILLIAM GROVE SUITE 463,95.6,,0.0,0.0,success,,0.0,False,,,,,,tesseract,605 WILLIAM GROVE SUITE 463,605 WILLIAM GROVE SUITE 463,True,100.0,0.0,1.0,1.0,valid_text,0.956,descriptive,27.0,0.222222,0.62963,0.0,0.0,0.0,0.0,0.7730336507480858,0.31,False
1099_nec_2026_000032_scan_mild_01,1099_nec_2026_000032,1099_nec,validation,mild,payer_city,text,SOUTH ANTONIOTOWN,SOUTH ANTONIOTOWN,SOUTH ANTONIOTOWN,SOUTH ANTONIOTOWN,True,100.0,92.5,baseline,SOUTH ANTONIOTOWN,92.5,,0.0,0.0,success,,0.0,False,,,,,,tesseract,SOUTH ANTONIOTOWN,SOUTH ANTONIOTOWN,True,100.0,0.0,1.0,1.0,valid_text,0.925,descriptive,17.0,0.0,0.941176,0.0,0.0,0.0,0.0,0.6863989831171623,0.31,False
1099_nec_2026_000032_scan_mild_01,1099_nec_2026_000032,1099_nec,validation,mild,payer_state,state,FL,FR,FL,FR,False,50.0,21.0,enhanced,FL L E,22.67,FR,21.0,0.0,success,,0.5515645832565864,True,PLEASE OR PROVINCE,False,11.11,PLEASEORPROVINCE,FR,trocr,PLEASE OR PROVINCE,PLEASEORPROVINCE,False,11.11,0.0,0.0,0.2,invalid_state_code,0.4320169791167812,structured,16.0,0.0,0.888889,0.0,1.0,11.111111111111116,0.0,0.0005271100743309768,0.8,True
1099_nec_2026_000032_scan_mild_01,1099_nec_2026_000032,1099_nec,validation,mild,payer_zip,text,49575,49575 Sees.,49575,4957555,False,83.33,54.5,baseline,49575 Sees.,54.5,575,16.0,0.0,success,,0.0431422184947486,False,49575 Sees.,False,83.33,495750605100,4957555,tesseract,49575 Sees.,4957555,False,83.33,0.0,0.0,0.6,invalid_zip_length,0.545,structured,7.0,0.454545,0.363636,0.090909,1.0,63.1578947368421,0.0,0.03286912563552857,0.8,True
1099_nec_2026_000032_scan_mild_01,1099_nec_2026_000032,1099_nec,validation,mild,payer_tin,identifier,00-8937865,00-8937865,008937865,008937865,True,100.0,92.0,baseline,00-8937865,92.0,,0.0,0.0,success,,0.0,False,,,,,,tesseract,00-8937865,008937865,True,100.0,1.0,1.0,1.0,valid_ein_shape,0.92,critical,9.0,0.9,0.0,0.1,0.0,0.0,0.0,0.9644699087012527,0.98,True
1099_nec_2026_000032_scan_mild_01,1099_nec_2026_000032,1099_nec,validation,mild,recipient_tin,identifier,000-94-6952,000-94-6952,000946952,000946952,True,100.0,92.0,baseline,000-94-6952,92.0,,0.0,0.0,success,,0.0,False,,,,,,tesseract,000-94-6952,000946952,True,100.0,1.0,1.0,1.0,valid_ssn_shape,0.92,critical,9.0,0.818182,0.0,0.181818,0.0,0.0,0.0,0.9606593013700371,0.98,True
1099_nec_2026_000032_scan_mild_01,1099_nec_2026_000032,1099_nec,validation,mild,recipient_name,text,KELLY FIGUEROA,KELLY FIGUEROA =,KELLY FIGUEROA,KELLY FIGUEROA,True,100.0,74.0,baseline,KELLY FIGUEROA =,74.0,,0.0,0.0,success,,0.0,False,,,,,,tesseract,KELLY FIGUEROA =,KELLY FIGUEROA,True,100.0,1.0,1.0,1.0,valid_text,0.74,descriptive,14.0,0.0,0.8125,0.0625,0.0,0.0,0.0,0.6808104300336855,0.31,False
1099_nec_2026_000032_scan_mild_01,1099_nec_2026_000032,1099_nec,validation,mild,recipient_street,text,2963 LEE ROW SUITE 096,2963 LEE ROW SUITE 096,2963 LEE ROW SUITE 096,2963 LEE ROW SUITE 096,True,100.0,95.8,baseline,2963 LEE ROW SUITE 096,95.8,,0.0,0.0,success,,0.0,False,,,,,,tesseract,2963 LEE ROW SUITE 096,2963 LEE ROW SUITE 096,True,100.0,1.0,1.0,1.0,valid_text,0.958,descriptive,22.0,0.318182,0.5,0.0,0.0,0.0,0.0,0.8444357510234433,0.31,False
1099_nec_2026_000032_scan_mild_01,1099_nec_2026_000032,1099_nec,validation,mild,recipient_city,text,LAKE PETER,LAKE PETER,LAKE PETER,LAKE PETER,True,100.0,96.0,baseline,LAKE PETER,96.0,,0.0,0.0,success,,0.0,False,,,,,,tesseract,LAKE PETER,LAKE PETER,True,100.0,1.0,1.0,1.0,valid_text,0.96,descriptive,10.0,0.0,0.9,0.0,0.0,0.0,0.0,0.8878081207223583,0.31,False
1099_nec_2026_000032_scan_mild_01,1099_nec_2026_000032,1099_nec,validation,mild,recipient_state,state,VA,VA AONNN,VA,VAAONNN,False,44.44,39.5,baseline,VA AONNN,39.5,Y,0.0,0.0,success,,0.2300099649252971,False,VA AONNN,False,44.44,DATEOFPROWNCE,VAAONNN,tesseract,VA AONNN,VAAONNN,False,44.44,1.0,0.0,0.2,invalid_state_code,0.395,structured,7.0,0.0,0.875,0.0,1.0,30.000000000000004,0.0,0.00303848635374552,0.8,True
1099_nec_2026_000032_scan_mild_01,1099_nec_2026_000032,1099_nec,validation,mild,recipient_zip,text,23270,0,23270,0,False,33.33,0.0,enhanced,RN ee,17.5,0,0.0,0.0,success,,0.3821446061803282,False,0,False,33.33,2327001605100,0,tesseract,0,0,False,33.33,1.0,0.0,0.19999999999999996,invalid_zip_length,0.0,structured,1.0,1.0,0.0,0.0,1.0,14.28571428571429,0.0,0.0002608630240808976,0.8,True
1099_nec_2026_000032_scan_mild_01,1099_nec_2026_000032,1099_nec,validation,mild,nonemployee_compensation,money,"144,652.96","144,652.96",144652.96,144652.96,True,100.0,93.0,enhanced,"$ 144,652.96",53.0,"144,652.96",93.0,0.0,success,,0.0,False,,,,,,tesseract,"144,652.96",144652.96,True,100.0,1.0,1.0,1.0,valid_money,0.93,critical,9.0,0.8,0.0,0.2,0.0,0.0,0.0,0.9746200595727662,0.98,True
1099_nec_2026_000032_scan_mild_01,1099_nec_2026_000032,1099_nec,validation,mild,federal_income_tax_withheld,text,0.00,. 0.00,0.00,0.00,True,100.0,66.0,enhanced,ee oe 0.00,44.67,. 0.00,66.0,0.0,success,,0.0930780324396705,False,. 0.00,True,100.0,6.00,0.00,tesseract,. 0.00,0.00,True,100.0,1.0,1.0,1.0,valid_money,0.66,critical,4.0,0.5,0.0,0.333333,1.0,75.0,0.0,0.7192323866994923,0.98,True
1099_nec_2026_000032_scan_mild_01,1099_nec_2026_000032,1099_nec,validation,mild,account_number,identifier,NEC-2026-000032,NEC-2026-000032,NEC2026000032,NEC2026000032,True,100.0,30.0,baseline,NEC-2026-000032,30.0,NEC-2026-000032,19.0,0.0,success,,0.0355173485121193,False,NEC-2026-000032,True,100.0,INEC2026000321VEGETRM,NEC2026000032,tesseract,NEC-2026-000032,NEC2026000032,True,100.0,0.0,1.0,1.0,valid_identifier_shape,0.3,structured,13.0,0.666667,0.2,0.133333,1.0,70.58823529411764,0.0,0.6084626288847733,0.8,True
1099_nec_2026_000032_scan_mild_01,1099_nec_2026_000032,1099_nec,validation,mild,state_tax_withheld,money,0.00,$00,0.00,0.00,True,100.0,52.0,enhanced,,0.0,$00,52.0,0.0,success,,0.0003211779179733,False,$00,True,100.0,0.00,0.00,tesseract,$00,0.00,True,100.0,0.0,1.0,1.0,valid_money,0.52,critical,4.0,0.666667,0.0,0.333333,1.0,100.0,0.0,0.9898053441297354,0.98,False
1099_nec_2026_000032_scan_mild_01,1099_nec_2026_000032,1099_nec,validation,mild,state_payer_number,identifier,VA-4720299,VA-47202090,VA4720299,VA47202090,False,84.21,0.0,baseline,VA-47202090,0.0,VA7202090,0.0,0.0,success,,0.98119968317355,True,VA-4720299,True,100.0,VA4720299,VA47202090,trocr,VA-4720299,VA4720299,True,100.0,0.0,1.0,1.0,valid_identifier_shape,0.6377797940628075,structured,9.0,0.7,0.2,0.1,1.0,84.21052631578947,0.0,0.8870120699200513,0.8,False
1099_nec_2026_000032_scan_mild_01,1099_nec_2026_000032,1099_nec,validation,mild,state_income,money,"144,652.96","$144,652.96",144652.96,144652.96,True,100.0,42.0,enhanced,"$144,652.96",0.0,"$144,652.96",42.0,0.0,success,,0.7254893087713381,True,"$ 44,652.96",False,94.12,44652.96,144652.96,trocr,"$ 44,652.96",44652.96,False,94.12,0.0,1.0,1.0,valid_money,0.6185680507013698,critical,8.0,0.636364,0.0,0.272727,1.0,94.11764705882352,0.0,0.901416679545006,0.98,True
1099_nec_2026_000032_scan_hard_02,1099_nec_2026_000032,1099_nec,validation,hard,payer_name,text,BELL GROUP,aia | Daam ar eisite no.,BELL GROUP,AIA DAAM AR EISITE NO,False,19.35,56.33,enhanced,,0.0,aia | Daam ar eisite no.,56.33,-2.5,success,,6.33067088483523e-06,False,aia | Daam ar eisite no.,False,19.35,,AIA DAAM AR EISITE NO,tesseract,aia | Daam ar eisite no.,AIA DAAM AR EISITE NO,False,19.35,1.0,1.0,1.0,valid_text,0.5633,descriptive,21.0,0.0,0.708333,0.083333,0.0,0.0,0.0,0.30568288311133973,0.31,True
1099_nec_2026_000032_scan_hard_02,1099_nec_2026_000032,1099_nec,validation,hard,payer_street,text,605 WILLIAM GROVE SUITE 463,605 WILLIAM GROVE SUITE 463 |,605 WILLIAM GROVE SUITE 463,605 WILLIAM GROVE SUITE 463,True,100.0,92.33,enhanced,Posey tees EE |,25.75,605 WILLIAM GROVE SUITE 463 |,92.33,-2.5,success,,0.0,False,,,,,,tesseract,605 WILLIAM GROVE SUITE 463 |,605 WILLIAM GROVE SUITE 463,True,100.0,0.0,1.0,1.0,valid_text,0.9233,descriptive,27.0,0.206897,0.586207,0.034483,0.0,0.0,0.0,0.7235714448408317,0.31,False
1099_nec_2026_000032_scan_hard_02,1099_nec_2026_000032,1099_nec,validation,hard,payer_city,text,SOUTH ANTONIOTOWN,City or town SOUTH ANTONIOTOWN |,SOUTH ANTONIOTOWN,CITY OR TOWN SOUTH ANTONIOTOWN,False,72.34,76.5,enhanced,,0.0,City or town SOUTH ANTONIOTOWN |,76.5,-2.5,success,,0.0,False,,,,,,tesseract,City or town SOUTH ANTONIOTOWN |,CITY OR TOWN SOUTH ANTONIOTOWN,False,72.34,0.0,1.0,1.0,valid_text,0.765,descriptive,30.0,0.0,0.8125,0.03125,0.0,0.0,0.0,0.1558152449944463,0.31,True
1099_nec_2026_000032_scan_hard_02,1099_nec_2026_000032,1099_nec,validation,hard,payer_state,state,FL,PS,FL,PS,False,0.0,30.0,enhanced,LC,0.0,PS,30.0,-2.5,success,,0.4760055942958175,False,PS,False,0.0,SALEOFPROUNCE,PS,tesseract,PS,PS,False,0.0,0.0,0.0,0.2,invalid_state_code,0.3,structured,2.0,0.0,1.0,0.0,1.0,13.33333333333333,0.0,0.004109124850548543,0.8,True
1099_nec_2026_000032_scan_hard_02,1099_nec_2026_000032,1099_nec,validation,hard,payer_zip,text,49575,,49575,,False,0.0,0.0,baseline,,0.0,,0.0,-2.5,success,,0.9512196394731844,True,4575 FORLON POSTAL CODE,False,47.06,457501005100,,trocr,4575 FORLON POSTAL CODE,457501005100,False,47.06,0.0,0.0,0.3999999999999999,invalid_zip_length,0.6182927656575699,structured,12.0,0.173913,0.695652,0.0,1.0,0.0,0.0,0.0002694062428768064,0.8,True
1099_nec_2026_000032_scan_hard_02,1099_nec_2026_000032,1099_nec,validation,hard,payer_tin,identifier,00-8937865,NN,008937865,,False,0.0,40.0,enhanced,T,0.0,NN,40.0,-2.5,success,,0.9991536549551404,True,00-892765,False,82.35,00892765,,trocr,00-892765,00892765,False,82.35,1.0,0.0,0.8200000000000001,invalid_ein_length,0.7894498757208414,critical,8.0,0.888889,0.0,0.111111,1.0,0.0,0.0,0.0015642487874625499,0.98,True
1099_nec_2026_000032_scan_hard_02,1099_nec_2026_000032,1099_nec,validation,hard,recipient_tin,identifier,000-94-6952,S,000946952,5,False,20.0,0.0,enhanced,,0.0,S,0.0,-2.5,success,,0.999840263689798,True,500.982,False,53.33,500982,5,trocr,500.982,500982,False,53.33,1.0,0.0,0.45999999999999996,invalid_ssn_length,0.6498961713983686,critical,6.0,0.857143,0.0,0.142857,1.0,28.57142857142857,0.0,0.004535023613102991,0.98,True
1099_nec_2026_000032_scan_hard_02,1099_nec_2026_000032,1099_nec,validation,hard,recipient_name,text,KELLY FIGUEROA,Ba = T Apt. no.,KELLY FIGUEROA,BA T APT NO,False,16.0,66.0,enhanced,,0.0,Ba = T Apt. no.,66.0,-2.5,success,,0.2128476320785039,False,Ba = T Apt. no.,False,16.0,EXPRESS,BA T APT NO,tesseract,Ba = T Apt. no.,BA T APT NO,False,16.0,1.0,1.0,1.0,valid_text,0.66,descriptive,11.0,0.0,0.533333,0.2,1.0,11.111111111111116,0.0,0.1136167212149472,0.31,True
1099_nec_2026_000032_scan_hard_02,1099_nec_2026_000032,1099_nec,validation,hard,recipient_street,text,2963 LEE ROW SUITE 096,2963 LEE ROW SUITE 096 |,2963 LEE ROW SUITE 096,2963 LEE ROW SUITE 096,True,100.0,91.83,baseline,2963 LEE ROW SUITE 096 |,91.83,,0.0,-2.5,success,,0.0,False,,,,,,tesseract,2963 LEE ROW SUITE 096 |,2963 LEE ROW SUITE 096,True,100.0,1.0,1.0,1.0,valid_text,0.9183,descriptive,22.0,0.291667,0.458333,0.041667,0.0,0.0,0.0,0.8006281397371098,0.31,False
1099_nec_2026_000032_scan_hard_02,1099_nec_2026_000032,1099_nec,validation,hard,recipient_city,text,LAKE PETER,= = Tat I 71D ar foreian postal code,LAKE PETER,TAT I 71D AR FOREIAN POSTAL CODE,False,28.57,46.44,enhanced,pS —— 2,21.33,= = Tat I 71D ar foreian postal code,46.44,-2.5,success,,0.0522459137334086,False,= = Tat I 71D ar foreian postal code,False,28.57,CREIPT TOTAL RECEIPT FOR AN OFFER,TAT I 71D AR FOREIAN POSTAL CODE,tesseract,= = Tat I 71D ar foreian postal code,TAT I 71D AR FOREIAN POSTAL CODE,False,28.57,1.0,1.0,1.0,valid_text,0.4644,descriptive,32.0,0.055556,0.666667,0.055556,1.0,40.0,0.0,0.027309116340519014,0.31,True
1099_nec_2026_000032_scan_hard_02,1099_nec_2026_000032,1099_nec,validation,hard,recipient_state,state,VA,E,VA,E,False,0.0,0.0,enhanced,,0.0,E,0.0,-2.5,success,,0.7938499074294915,True,STATE OR PROUNCE,False,12.5,STATEORPROUNCE,E,trocr,STATE OR PROUNCE,STATEORPROUNCE,False,12.5,1.0,0.0,0.2,invalid_state_code,0.5160024398291695,structured,14.0,0.0,0.875,0.0,1.0,13.33333333333333,0.0,0.0004861967398420309,0.8,True
1099_nec_2026_000032_scan_hard_02,1099_nec_2026_000032,1099_nec,validation,hard,recipient_zip,text,23270,,23270,,False,0.0,0.0,baseline,,0.0,,0.0,-2.5,success,,0.9781345364656102,True,2220 TORLON POSTAL CODE,False,35.29,222001005100,,trocr,2220 TORLON POSTAL CODE,222001005100,False,35.29,1.0,0.0,0.3999999999999999,invalid_zip_length,0.6357874487026467,structured,12.0,0.173913,0.695652,0.0,1.0,0.0,0.0,0.00017642026083436013,0.8,True
1099_nec_2026_000032_scan_hard_02,1099_nec_2026_000032,1099_nec,validation,hard,nonemployee_compensation,money,"144,652.96",.,144652.96,.,False,20.0,0.0,baseline,.,0.0,,0.0,-2.5,success,,0.9359420980652444,True,SR: 1465268,False,60.0,51465268.00,.,trocr,SR: 1465268,51465268.00,False,60.0,1.0,1.0,1.0,valid_money,0.6083623637424089,critical,11.0,0.636364,0.181818,0.090909,1.0,16.666666666666664,0.0,0.0775524616414599,0.98,True
1099_nec_2026_000032_scan_hard_02,1099_nec_2026_000032,1099_nec,validation,hard,federal_income_tax_withheld,text,0.00,| aaa,0.00,1.00,False,75.0,50.0,baseline,| aaa,50.0,-,0.0,-2.5,success,,0.1149013042277967,False,| aaa,False,75.0,50.00,1.00,tesseract,| aaa,1.00,False,75.0,1.0,1.0,1.0,valid_money,0.5,critical,4.0,0.0,0.6,0.2,1.0,66.66666666666667,0.0,0.28127956718275887,0.98,True
1099_nec_2026_000032_scan_hard_02,1099_nec_2026_000032,1099_nec,validation,hard,account_number,identifier,NEC-2026-000032,7,NEC2026000032,7,False,0.0,11.0,enhanced,,0.0,7,11.0,-2.5,success,,0.114976008503691,False,7,False,0.0,EXCLUDESONCLUSIONSONCLUSIVEOFRECEIPTFOODSONFACEBOOK,7,tesseract,7,7,False,0.0,0.0,0.0,0.25,identifier_too_short,0.11,structured,1.0,1.0,0.0,0.0,1.0,0.0,0.0,0.0013866936642970725,0.8,True
1099_nec_2026_000032_scan_hard_02,1099_nec_2026_000032,1099_nec,validation,hard,state_tax_withheld,money,0.00,",",0.00,,False,0.0,0.0,baseline,",",0.0,,0.0,-2.5,success,,0.9989968700705124,True,$ 00,True,100.0,0.00,,trocr,$ 00,0.00,True,100.0,0.0,1.0,1.0,valid_money,0.6493479655458331,critical,4.0,0.5,0.0,0.25,1.0,0.0,0.0,0.10037719154500116,0.98,True
1099_nec_2026_000032_scan_hard_02,1099_nec_2026_000032,1099_nec,validation,hard,state_payer_number,identifier,VA-4720299,PY,VA4720299,PY,False,0.0,0.0,enhanced,,0.0,PY,0.0,-2.5,success,,0.999984403869018,True,VA 4720299,True,100.0,VA4720299,PY,trocr,VA 4720299,VA4720299,True,100.0,0.0,1.0,1.0,valid_identifier_shape,0.6499898625148617,structured,9.0,0.7,0.2,0.0,1.0,0.0,0.0,0.17286231985194608,0.8,True
1099_nec_2026_000032_scan_hard_02,1099_nec_2026_000032,1099_nec,validation,hard,state_income,money,"144,652.96",$4452.96,144652.96,4452.96,False,87.5,10.0,baseline,$4452.96,10.0,$296,0.0,-2.5,success,,0.9383652515082652,True,$ 14452.96,False,94.12,14452.96,4452.96,trocr,$ 14452.96,14452.96,False,94.12,0.0,1.0,1.0,valid_money,0.6449374134803725,critical,8.0,0.7,0.0,0.2,1.0,93.33333333333333,0.0,0.8992489402460138,0.98,True
1099_nec_2026_000044_scan_mild_01,1099_nec_2026_000044,1099_nec,validation,mild,payer_name,text,GLOVER-SHAW,GLOVER-SHAW,GLOVER SHAW,GLOVER SHAW,True,100.0,90.0,baseline,GLOVER-SHAW,90.0,,0.0,0.0,success,,0.0,False,,,,,,tesseract,GLOVER-SHAW,GLOVER SHAW,True,100.0,1.0,1.0,1.0,valid_text,0.9,descriptive,11.0,0.0,0.909091,0.090909,0.0,0.0,0.0,0.9649560338424072,0.31,False
1099_nec_2026_000044_scan_mild_01,1099_nec_2026_000044,1099_nec,validation,mild,payer_street,text,42369 KELLY BYPASS,42369 KELLY BYPASS,42369 KELLY BYPASS,42369 KELLY BYPASS,True,100.0,96.0,baseline,42369 KELLY BYPASS,96.0,,0.0,0.0,success,,0.0,False,,,,,,tesseract,42369 KELLY BYPASS,42369 KELLY BYPASS,True,100.0,0.0,1.0,1.0,valid_text,0.96,descriptive,18.0,0.277778,0.611111,0.0,0.0,0.0,0.0,0.9346435294000776,0.31,False
1099_nec_2026_000044_scan_mild_01,1099_nec_2026_000044,1099_nec,validation,mild,payer_city,text,FITZPATRICKBURY,FITZPATRICKBURY,FITZPATRICKBURY,FITZPATRICKBURY,True,100.0,92.0,baseline,FITZPATRICKBURY,92.0,FITZPATRICKBURY,92.0,0.0,success,,0.2604691637521024,False,FITZPATRICKBURY,True,100.0,FITZATRICKBURY,FITZPATRICKBURY,tesseract,FITZPATRICKBURY,FITZPATRICKBURY,True,100.0,0.0,1.0,1.0,valid_text,0.92,descriptive,15.0,0.0,1.0,0.0,1.0,96.55172413793103,0.0,0.9211387134453712,0.31,False
1099_nec_2026_000044_scan_mild_01,1099_nec_2026_000044,1099_nec,validation,mild,payer_state,state,AS,WS,AS,WS,False,50.0,39.0,enhanced,AS ASD,0.0,WS,39.0,0.0,success,,0.4869707371877918,True,TABLE OF PROUNCE,False,12.5,TABLEOFPROUNCE,WS,trocr,TABLE OF PROUNCE,TABLEOFPROUNCE,False,12.5,0.0,0.0,0.2,invalid_state_code,0.4530309791720647,structured,14.0,0.0,0.875,0.0,1.0,0.0,0.0,0.00038912736274253405,0.8,True
1099_nec_2026_000044_scan_mild_01,1099_nec_2026_000044,1099_nec,validation,mild,payer_zip,text,89433,89433 tees ADI ol rit,89433,89433501011,False,62.5,26.0,baseline,89433 tees ADI ol rit,26.0,,0.0,0.0,success,,0.1327871147035343,False,89433 tees ADI ol rit,False,62.5,8943301605100,89433501011,tesseract,89433 tees ADI ol rit,89433501011,False,62.5,0.0,0.0,0.6,invalid_zip_length,0.26,structured,11.0,0.238095,0.571429,0.0,1.0,75.0,0.0,0.001594640999625066,0.8,True
1099_nec_2026_000044_scan_mild_01,1099_nec_2026_000044,1099_nec,validation,mild,payer_tin,identifier,00-4296204,00-4296204,004296204,004296204,True,100.0,92.0,baseline,00-4296204,92.0,,0.0,0.0,success,,0.0,False,,,,,,tesseract,00-4296204,004296204,True,100.0,1.0,1.0,1.0,valid_ein_shape,0.92,critical,9.0,0.9,0.0,0.1,0.0,0.0,0.0,0.9571158489983814,0.98,True
1099_nec_2026_000044_scan_mild_01,1099_nec_2026_000044,1099_nec,validation,mild,recipient_tin,identifier,000-34-5819,000-34-5819,000345819,000345819,True,100.0,92.0,baseline,000-34-5819,92.0,,0.0,0.0,success,,0.0,False,,,,,,tesseract,000-34-5819,000345819,True,100.0,1.0,1.0,1.0,valid_ssn_shape,0.92,critical,9.0,0.818182,0.0,0.181818,0.0,0.0,0.0,0.9702175414431212,0.98,True
1099_nec_2026_000044_scan_mild_01,1099_nec_2026_000044,1099_nec,validation,mild,recipient_name,text,JENNY RASMUSSEN,JENNY RASMUSSEN,JENNY RASMUSSEN,JENNY RASMUSSEN,True,100.0,96.0,baseline,JENNY RASMUSSEN,96.0,,0.0,0.0,success,,0.0,False,,,,,,tesseract,JENNY RASMUSSEN,JENNY RASMUSSEN,True,100.0,1.0,1.0,1.0,valid_text,0.96,descriptive,15.0,0.0,0.933333,0.0,0.0,0.0,0.0,0.8757068455694254,0.31,False
1099_nec_2026_000044_scan_mild_01,1099_nec_2026_000044,1099_nec,validation,mild,recipient_street,text,4942 SHELTON ISLANDS,4942 SHELTON ISLANDS,4942 SHELTON ISLANDS,4942 SHELTON ISLANDS,True,100.0,96.0,baseline,4942 SHELTON ISLANDS,96.0,,0.0,0.0,success,,0.0,False,,,,,,tesseract,4942 SHELTON ISLANDS,4942 SHELTON ISLANDS,True,100.0,1.0,1.0,1.0,valid_text,0.96,descriptive,20.0,0.2,0.7,0.0,0.0,0.0,0.0,0.9126173758879209,0.31,False
1099_nec_2026_000044_scan_mild_01,1099_nec_2026_000044,1099_nec,validation,mild,recipient_city,text,LAKE KATRINA,LAKE KATRINA,LAKE KATRINA,LAKE KATRINA,True,100.0,96.0,baseline,LAKE KATRINA,96.0,,0.0,0.0,success,,0.0,False,,,,,,tesseract,LAKE KATRINA,LAKE KATRINA,True,100.0,1.0,1.0,1.0,valid_text,0.96,descriptive,12.0,0.0,0.916667,0.0,0.0,0.0,0.0,0.8390334647136332,0.31,False
1099_nec_2026_000044_scan_mild_01,1099_nec_2026_000044,1099_nec,validation,mild,recipient_state,state,KS,KS,KS,KS,True,100.0,46.0,enhanced,MBC,0.0,KS,46.0,0.0,success,,0.3453783708819765,False,KS,True,100.0,PLEASEOFPROMCEAMOUNT,KS,tesseract,KS,KS,True,100.0,1.0,1.0,1.0,valid_state_code,0.46,structured,2.0,0.0,1.0,0.0,1.0,9.090909090909093,0.0,0.6475843102614958,0.8,True
1099_nec_2026_000044_scan_mild_01,1099_nec_2026_000044,1099_nec,validation,mild,recipient_zip,text,18286,16205,18286,16205,False,40.0,0.0,enhanced,18286 Dg ene Oe LEE RTT ek An Thee ieee are,26.09,16205,0.0,0.0,success,,0.1451484125611166,False,16205,False,40.0,18286605100,16205,tesseract,16205,16205,False,40.0,1.0,1.0,1.0,valid_zip_shape,0.0,structured,5.0,1.0,0.0,0.0,1.0,50.0,0.0,0.1282939606301208,0.8,True
1099_nec_2026_000044_scan_mild_01,1099_nec_2026_000044,1099_nec,validation,mild,nonemployee_compensation,money,"155,922.03","$ 155,922.03",155922.03,155922.03,True,100.0,70.0,enhanced,"$ 155,922.03",63.0,"$ 155,922.03",70.0,0.0,success,,0.0,False,,,,,,tesseract,"$ 155,922.03",155922.03,True,100.0,1.0,1.0,1.0,valid_money,0.7,critical,9.0,0.666667,0.0,0.25,0.0,0.0,0.0,0.8364181320841675,0.98,True
1099_nec_2026_000044_scan_mild_01,1099_nec_2026_000044,1099_nec,validation,mild,federal_income_tax_withheld,text,0.00,. 0.00,0.00,0.00,True,100.0,80.0,enhanced,: 0.00,57.5,. 0.00,80.0,0.0,success,,0.0,False,,,,,,tesseract,. 0.00,0.00,True,100.0,1.0,1.0,1.0,valid_money,0.8,critical,4.0,0.5,0.0,0.333333,0.0,0.0,0.0,0.7380018415933639,0.98,True
1099_nec_2026_000044_scan_mild_01,1099_nec_2026_000044,1099_nec,validation,mild,account_number,identifier,NEC-2026-000044,NEC-2026-000044,NEC2026000044,NEC2026000044,True,100.0,91.0,baseline,NEC-2026-000044,91.0,,0.0,0.0,success,,0.0,False,,,,,,tesseract,NEC-2026-000044,NEC2026000044,True,100.0,0.0,1.0,1.0,valid_identifier_shape,0.91,structured,13.0,0.666667,0.2,0.133333,0.0,0.0,0.0,0.9669264418818385,0.8,False
1099_nec_2026_000044_scan_mild_01,1099_nec_2026_000044,1099_nec,validation,mild,state_tax_withheld,money,0.00,$0.00,0.00,0.00,True,100.0,48.0,enhanced,,0.0,$0.00,48.0,0.0,success,,3.916831497420907e-06,False,$0.00,True,100.0,0.00,0.00,tesseract,$0.00,0.00,True,100.0,0.0,1.0,1.0,valid_money,0.48,critical,4.0,0.6,0.0,0.4,1.0,100.0,0.0,0.9921657893282423,0.98,False
1099_nec_2026_000044_scan_mild_01,1099_nec_2026_000044,1099_nec,validation,mild,state_payer_number,identifier,KS-2249382,KS-22498820,KS2249382,KS22498820,False,84.21,4.0,baseline,KS-22498820,4.0,KS2209982,0.0,0.0,success,,0.9786115730538218,True,KS-2249982,False,88.89,KS2249982,KS22498820,trocr,KS-2249982,KS2249982,False,88.89,0.0,1.0,1.0,valid_identifier_shape,0.6500975224849842,structured,9.0,0.7,0.2,0.1,1.0,84.21052631578947,0.0,0.9295765129241517,0.8,False
1099_nec_2026_000044_scan_mild_01,1099_nec_2026_000044,1099_nec,validation,mild,state_income,money,"155,922.03","$185,922.03",155922.03,185922.03,False,88.89,25.0,enhanced,"$-155,922.03",0.0,"$185,922.03",25.0,0.0,success,,0.8507137133599532,True,"$ 155,922.03",True,100.0,155922.03,185922.03,trocr,"$ 155,922.03",155922.03,True,100.0,0.0,1.0,1.0,valid_money,0.6404639136839696,critical,9.0,0.666667,0.0,0.25,1.0,88.88888888888889,0.0,0.6858945786592211,0.98,True
1099_nec_2026_000051_scan_mild_01,1099_nec_2026_000051,1099_nec,validation,mild,payer_name,text,BARRON-BROWN,BARRON-BROWN,BARRON BROWN,BARRON BROWN,True,100.0,91.0,baseline,BARRON-BROWN,91.0,,0.0,0.5,success,,0.0,False,,,,,,tesseract,BARRON-BROWN,BARRON BROWN,True,100.0,1.0,1.0,1.0,valid_text,0.91,descriptive,12.0,0.0,0.916667,0.083333,0.0,0.0,0.0,0.9543556779505041,0.31,False
1099_nec_2026_000051_scan_mild_01,1099_nec_2026_000051,1099_nec,validation,mild,payer_street,text,503 JONES PORT,503 JONES PORT,503 JONES PORT,503 JONES PORT,True,100.0,95.67,baseline,503 JONES PORT,95.67,,0.0,0.5,success,,0.0,False,,,,,,tesseract,503 JONES PORT,503 JONES PORT,True,100.0,0.0,1.0,1.0,valid_text,0.9567,descriptive,14.0,0.214286,0.642857,0.0,0.0,0.0,0.0,0.9179060519422587,0.31,False
1099_nec_2026_000051_scan_mild_01,1099_nec_2026_000051,1099_nec,validation,mild,payer_city,text,WEST TINACHESTER,WEST TINACHESTER,WEST TINACHESTER,WEST TINACHESTER,True,100.0,92.0,baseline,WEST TINACHESTER,92.0,,0.0,0.5,success,,0.0,False,,,,,,tesseract,WEST TINACHESTER,WEST TINACHESTER,True,100.0,0.0,1.0,1.0,valid_text,0.92,descriptive,16.0,0.0,0.9375,0.0,0.0,0.0,0.0,0.7459597430937462,0.31,False
1099_nec_2026_000051_scan_mild_01,1099_nec_2026_000051,1099_nec,validation,mild,payer_state,state,PA,PP,PA,PP,False,50.0,11.0,enhanced,PA VP V,26.67,PP,11.0,0.5,success,,0.5426327588270242,True,PAKE OF PROUNCE,False,26.67,PAKEOFPROUNCE,PP,trocr,PAKE OF PROUNCE,PAKEOFPROUNCE,False,26.67,0.0,0.0,0.2,invalid_state_code,0.39121129323756576,structured,13.0,0.0,0.866667,0.0,1.0,26.66666666666667,0.0,0.00047420317770965247,0.8,True
1099_nec_2026_000051_scan_mild_01,1099_nec_2026_000051,1099_nec,validation,mild,payer_zip,text,97401,97401 Mir! yvest vyvuy,97401,9740115,False,83.33,37.75,baseline,97401 Mir! yvest vyvuy,37.75,01,0.0,0.5,success,,0.1633723740433075,False,97401 Mir! yvest vyvuy,False,83.33,97401051605100,9740115,tesseract,97401 Mir! yvest vyvuy,9740115,False,83.33,0.0,0.0,0.6,invalid_zip_length,0.3775,structured,7.0,0.227273,0.590909,0.045455,1.0,66.66666666666667,0.0,0.005271149290334436,0.8,True
1099_nec_2026_000051_scan_mild_01,1099_nec_2026_000051,1099_nec,validation,mild,payer_tin,identifier,00-8302077,00-8302077,008302077,008302077,True,100.0,92.0,baseline,00-8302077,92.0,,0.0,0.5,success,,0.0,False,,,,,,tesseract,00-8302077,008302077,True,100.0,1.0,1.0,1.0,valid_ein_shape,0.92,critical,9.0,0.9,0.0,0.1,0.0,0.0,0.0,0.977069164627047,0.98,True
1099_nec_2026_000051_scan_mild_01,1099_nec_2026_000051,1099_nec,validation,mild,recipient_tin,identifier,000-92-2181,000-92-2181,000922181,000922181,True,100.0,92.0,baseline,000-92-2181,92.0,,0.0,0.5,success,,0.0,False,,,,,,tesseract,000-92-2181,000922181,True,100.0,1.0,1.0,1.0,valid_ssn_shape,0.92,critical,9.0,0.818182,0.0,0.181818,0.0,0.0,0.0,0.9798347704718077,0.98,True
1099_nec_2026_000051_scan_mild_01,1099_nec_2026_000051,1099_nec,validation,mild,recipient_name,text,ANGELA ARNOLD,ANGELA ARNOLD,ANGELA ARNOLD,ANGELA ARNOLD,True,100.0,95.0,baseline,ANGELA ARNOLD,95.0,,0.0,0.5,success,,0.0,False,,,,,,tesseract,ANGELA ARNOLD,ANGELA ARNOLD,True,100.0,1.0,1.0,1.0,valid_text,0.95,descriptive,13.0,0.0,0.923077,0.0,0.0,0.0,0.0,0.8795497608265028,0.31,False
1099_nec_2026_000051_scan_mild_01,1099_nec_2026_000051,1099_nec,validation,mild,recipient_street,text,0107 DEBRA MEADOWS,0107 DEBRA MEADOWS,0107 DEBRA MEADOWS,0107 DEBRA MEADOWS,True,100.0,96.0,baseline,0107 DEBRA MEADOWS,96.0,,0.0,0.5,success,,0.0,False,,,,,,tesseract,0107 DEBRA MEADOWS,0107 DEBRA MEADOWS,True,100.0,1.0,1.0,1.0,valid_text,0.96,descriptive,18.0,0.222222,0.666667,0.0,0.0,0.0,0.0,0.9261469424129757,0.31,False
1099_nec_2026_000051_scan_mild_01,1099_nec_2026_000051,1099_nec,validation,mild,recipient_city,text,TURNERBURY,TURNERBURY,TURNERBURY,TURNERBURY,True,100.0,92.0,baseline,TURNERBURY,92.0,TURNERBURY,93.0,0.5,success,,1.3547919555900618e-05,False,TURNERBURY,True,100.0,TURNERBURY,TURNERBURY,tesseract,TURNERBURY,TURNERBURY,True,100.0,1.0,1.0,1.0,valid_text,0.92,descriptive,10.0,0.0,1.0,0.0,1.0,100.0,0.0,0.9692681839667256,0.31,False
1099_nec_2026_000051_scan_mild_01,1099_nec_2026_000051,1099_nec,validation,mild,recipient_state,state,AK,J,AK,J,False,0.0,50.0,enhanced,AK CTGNNPNR,40.5,J,50.0,0.5,success,,0.5198347753057104,True,MAKE OF PROUNCE,False,26.67,MAKEOFPROUNCE,J,trocr,MAKE OF PROUNCE,MAKEOFPROUNCE,False,26.67,1.0,0.0,0.2,invalid_state_code,0.5128926039487118,structured,13.0,0.0,0.866667,0.0,1.0,0.0,0.0,7.783820058857012e-05,0.8,True
1099_nec_2026_000051_scan_mild_01,1099_nec_2026_000051,1099_nec,validation,mild,recipient_zip,text,07756,| 07756 on idtnciad ~ plied limeelie ecimrsnal Meecha 8,07756,1077560101011011111518,False,37.04,31.9,baseline,| 07756 on idtnciad ~ plied limeelie ecimrsnal Meecha 8,31.9,8,0.0,0.5,success,,0.4403763024548034,False,| 07756 on idtnciad ~ plied limeelie ecimrsnal Meecha 8,False,37.04,07756051605100,1077560101011011111518,tesseract,| 07756 on idtnciad ~ plied limeelie ecimrsnal Meecha 8,1077560101011011111518,False,37.04,1.0,0.0,0.0,invalid_zip_length,0.319,structured,22.0,0.109091,0.690909,0.036364,1.0,61.111111111111114,0.0,0.00021897490472666862,0.8,True
1099_nec_2026_000051_scan_mild_01,1099_nec_2026_000051,1099_nec,validation,mild,nonemployee_compensation,money,"37,490.52","37,490.52",37490.52,37490.52,True,100.0,95.0,baseline,"37,490.52",95.0,,0.0,0.5,success,,0.0,False,,,,,,tesseract,"37,490.52",37490.52,True,100.0,1.0,1.0,1.0,valid_money,0.95,critical,8.0,0.777778,0.0,0.222222,0.0,0.0,0.0,0.9857147235127293,0.98,False
1099_nec_2026_000051_scan_mild_01,1099_nec_2026_000051,1099_nec,validation,mild,federal_income_tax_withheld,text,0.00,0.00,0.00,0.00,True,100.0,95.0,enhanced,,0.0,0.00,95.0,0.5,success,,0.0,False,,,,,,tesseract,0.00,0.00,True,100.0,1.0,1.0,1.0,valid_money,0.95,critical,4.0,0.75,0.0,0.25,0.0,0.0,0.0,0.980005275142761,0.98,False
1099_nec_2026_000051_scan_mild_01,1099_nec_2026_000051,1099_nec,validation,mild,account_number,identifier,NEC-2026-000051,NEC-2026-000051 5,NEC2026000051,NEC20260000515,False,96.3,17.5,baseline,NEC-2026-000051 5,17.5,NEC-2026-000081,0.0,0.5,success,,0.128313923796456,False,NEC-2026-000051 5,False,96.3,INEC20290005,NEC20260000515,tesseract,NEC-2026-000051 5,NEC20260000515,False,96.3,0.0,1.0,1.0,valid_identifier_shape,0.175,structured,14.0,0.647059,0.176471,0.117647,1.0,76.92307692307692,0.0,0.6530170526994208,0.8,True
1099_nec_2026_000051_scan_mild_01,1099_nec_2026_000051,1099_nec,validation,mild,state_tax_withheld,money,0.00,$00,0.00,0.00,True,100.0,24.0,enhanced,,0.0,$00,24.0,0.5,success,,0.871666338954744,True,$ 6.00,False,75.0,6.00,0.00,trocr,$ 6.00,6.00,False,75.0,0.0,1.0,1.0,valid_money,0.6505831203205836,critical,4.0,0.5,0.0,0.333333,1.0,75.0,0.0,0.7947274940881796,0.98,True
1099_nec_2026_000051_scan_mild_01,1099_nec_2026_000051,1099_nec,validation,mild,state_payer_number,identifier,AK-8704520,AK870452000,AK8704520,AK870452000,False,90.0,0.0,baseline,AK870452000,0.0,AK7045200,0.0,0.5,success,,0.9783466399630292,True,AK-8704520,True,100.0,AK8704520,AK870452000,trocr,AK-8704520,AK8704520,True,100.0,0.0,1.0,1.0,valid_identifier_shape,0.635925315975969,structured,9.0,0.7,0.2,0.1,1.0,90.0,0.0,0.8932016077175988,0.8,False
1099_nec_2026_000051_scan_mild_01,1099_nec_2026_000051,1099_nec,validation,mild,state_income,money,"37,490.52",8.,37490.52,8.00,False,16.67,0.0,baseline,8.,0.0,"$37,490.52",0.0,0.5,success,,0.992615516156662,True,"$ 37,490.52",True,100.0,37490.52,8.00,trocr,"$ 37,490.52",37490.52,True,100.0,0.0,1.0,1.0,valid_money,0.6452000855018303,critical,8.0,0.636364,0.0,0.272727,1.0,16.666666666666664,0.0,0.3071635678041604,0.98,True
1099_nec_2026_000044_scan_hard_02,1099_nec_2026_000044,1099_nec,validation,hard,payer_name,text,GLOVER-SHAW,ee Ow eee,GLOVER SHAW,EE OW EEE,False,30.0,35.0,enhanced,,0.0,ee Ow eee,35.0,0.0,success,,1.0494218153822126e-05,False,ee Ow eee,False,30.0,,EE OW EEE,tesseract,ee Ow eee,EE OW EEE,False,30.0,1.0,1.0,1.0,valid_text,0.35,descriptive,9.0,0.0,0.777778,0.0,0.0,0.0,0.0,0.2381889060772592,0.31,True
1099_nec_2026_000044_scan_hard_02,1099_nec_2026_000044,1099_nec,validation,hard,payer_street,text,42369 KELLY BYPASS,Verret CAs Cae jemveuvewes,42369 KELLY BYPASS,VERRET CAS CAE JEMVEUVEWES,False,22.73,23.75,enhanced,omveuvemess,0.0,Verret CAs Cae jemveuvewes,23.75,0.0,success,,0.9613006342088036,True,CASHELLY BYPASS,False,66.67,CASHELLY BYPASS,VERRET CAS CAE JEMVEUVEWES,trocr,CASHELLY BYPASS,CASHELLY BYPASS,False,66.67,0.0,1.0,1.0,valid_text,0.7079704122357224,descriptive,15.0,0.0,0.933333,0.0,1.0,29.268292682926834,0.0,0.29817329662464376,0.31,True
1099_nec_2026_000044_scan_hard_02,1099_nec_2026_000044,1099_nec,validation,hard,payer_city,text,FITZPATRICKBURY,|FITZPATRICKBURY |,FITZPATRICKBURY,FITZPATRICKBURY,True,100.0,67.5,enhanced,,0.0,|FITZPATRICKBURY |,67.5,0.0,success,,0.5220097516024591,True,FRIPATRIOSURY,False,71.43,FRIPATRIOSURY,FITZPATRICKBURY,trocr,FRIPATRIOSURY,FRIPATRIOSURY,False,71.43,0.0,1.0,1.0,valid_text,0.5755563385415984,descriptive,13.0,0.0,1.0,0.0,1.0,71.42857142857143,0.0,0.16040217301147694,0.31,True
1099_nec_2026_000044_scan_hard_02,1099_nec_2026_000044,1099_nec,validation,hard,payer_state,state,AS,BOS,AS,BOS,False,40.0,0.0,baseline,BOS,0.0,L,0.0,0.0,success,,0.6886055545695922,True,AMOUNT,False,25.0,AMOUNT,BOS,trocr,AMOUNT,AMOUNT,False,25.0,0.0,0.0,0.2,invalid_state_code,0.44759361047023494,structured,6.0,0.0,1.0,0.0,1.0,22.22222222222222,0.0,0.004976553358880422,0.8,True
1099_nec_2026_000044_scan_hard_02,1099_nec_2026_000044,1099_nec,validation,hard,payer_zip,text,89433,aa es,89433,5,False,0.0,43.5,baseline,aa es,43.5,,0.0,0.0,success,,0.8577383493317243,True,6999 SHOPPER PASER CODE,False,14.29,699950500,5,trocr,6999 SHOPPER PASER CODE,699950500,False,14.29,0.0,1.0,1.0,valid_zip_shape,0.7097799270656209,structured,9.0,0.173913,0.695652,0.0,1.0,19.999999999999996,0.0,0.03958858829246698,0.8,True
1099_nec_2026_000044_scan_hard_02,1099_nec_2026_000044,1099_nec,validation,hard,payer_tin,identifier,00-4296204,STS,004296204,55,False,0.0,0.0,baseline,STS,0.0,OU,0.0,0.0,success,,7.185603479721867e-05,False,STS,False,0.0,,55,tesseract,STS,55,False,0.0,1.0,0.0,0.0,invalid_ein_length,0.0,critical,2.0,0.0,1.0,0.0,0.0,0.0,0.0,0.0016671900805141301,0.98,True
1099_nec_2026_000044_scan_hard_02,1099_nec_2026_000044,1099_nec,validation,hard,recipient_tin,identifier,000-34-5819,,000345819,,False,0.0,0.0,baseline,,0.0,,0.0,0.0,success,,0.9943628499865076,True,GOSTER:,False,33.33,605,,trocr,GOSTER:,605,False,33.33,1.0,0.0,0.0,invalid_ssn_length,0.6463358524912299,critical,3.0,0.0,0.857143,0.142857,1.0,0.0,0.0,0.0024757303772746614,0.98,True
1099_nec_2026_000044_scan_hard_02,1099_nec_2026_000044,1099_nec,validation,hard,recipient_name,text,JENNY RASMUSSEN,ee ly ea — a,JENNY RASMUSSEN,EE LY EA A,False,32.0,30.6,enhanced,ee ee,24.0,ee ly ea — a,30.6,0.0,success,,0.5391437385576349,True,CASHIER,False,27.27,CASHIER,EE LY EA A,trocr,CASHIER,CASHIER,False,27.27,1.0,1.0,1.0,valid_text,0.4575434300624627,descriptive,7.0,0.0,1.0,0.0,1.0,11.764705882352944,0.0,0.08925253595875936,0.31,True
1099_nec_2026_000044_scan_hard_02,1099_nec_2026_000044,1099_nec,validation,hard,recipient_street,text,4942 SHELTON ISLANDS,puna unde eee,4942 SHELTON ISLANDS,PUNA UNDE EEE,False,24.24,19.33,baseline,puna unde eee,19.33,Sees ae ae [TEL facsnuunineicwau sea ave glee,19.38,0.0,success,,0.928061876245576,True,592 SHETON SUNOS,False,72.22,592 SHETON SUNOS,PUNA UNDE EEE,trocr,592 SHETON SUNOS,592 SHETON SUNOS,False,72.22,1.0,1.0,1.0,valid_text,0.6708952195596245,descriptive,16.0,0.1875,0.6875,0.0,1.0,27.586206896551722,0.0,0.14675131874719338,0.31,True
1099_nec_2026_000044_scan_hard_02,1099_nec_2026_000044,1099_nec,validation,hard,recipient_city,text,LAKE KATRINA,"— sO ree SESS ee ee Qhete wc mee, —",LAKE KATRINA,SO REE SESS EE EE QHETE WC MEE,False,14.29,25.5,enhanced,ee ne en C4 a,12.8,"— sO ree SESS ee ee Qhete wc mee, —",25.5,0.0,success,,0.8520588840708705,True,CREX:,False,12.5,CREX,SO REE SESS EE EE QHETE WC MEE,trocr,CREX:,CREX,False,12.5,1.0,1.0,1.0,valid_text,0.6430882746460658,descriptive,4.0,0.0,0.8,0.2,1.0,11.764705882352944,0.0,0.2107616912503407,0.31,True
1099_nec_2026_000044_scan_hard_02,1099_nec_2026_000044,1099_nec,validation,hard,recipient_state,state,KS,PT,KS,PT,False,0.0,14.0,enhanced,,0.0,PT,14.0,0.0,success,,0.5009167540277243,True,SR:,False,50.0,SR,PT,trocr,SR:,SR,False,50.0,1.0,0.0,0.2,invalid_state_code,0.3745958901180208,structured,2.0,0.0,0.666667,0.333333,1.0,0.0,0.0,0.003918355477181325,0.8,True
1099_nec_2026_000044_scan_hard_02,1099_nec_2026_000044,1099_nec,validation,hard,recipient_zip,text,18286,8286 Eiite trieameasis,18286,8286111515,False,53.33,17.67,baseline,8286 Eiite trieameasis,17.67,,0.0,0.0,success,,0.6884070277761074,True,18268 SHOPP TOTAL CODE,False,50.0,18268500100,8286111515,trocr,18268 SHOPP TOTAL CODE,18268500100,False,50.0,1.0,0.0,0.6,invalid_zip_length,0.5093095680544698,structured,11.0,0.227273,0.636364,0.0,1.0,47.61904761904761,0.0,0.0005565587300186935,0.8,True
1099_nec_2026_000044_scan_hard_02,1099_nec_2026_000044,1099_nec,validation,hard,nonemployee_compensation,money,"155,922.03",$0,155922.03,0.00,False,30.77,18.0,enhanced,,0.0,$0,18.0,0.0,success,,0.0180402220822587,False,$0,False,30.77,5.00,0.00,tesseract,$0,0.00,False,30.77,1.0,1.0,1.0,valid_money,0.18,critical,4.0,0.5,0.0,0.5,1.0,75.0,1.0,0.507805618042542,0.98,True
1099_nec_2026_000044_scan_hard_02,1099_nec_2026_000044,1099_nec,validation,hard,federal_income_tax_withheld,text,0.00,eer aa serene 0.00,0.00,50.00,False,88.89,38.5,baseline,eer aa serene 0.00,38.5,,0.0,0.0,success,,0.1114617900751339,False,eer aa serene 0.00,False,88.89,.,50.00,tesseract,eer aa serene 0.00,50.00,False,88.89,1.0,1.0,1.0,valid_money,0.385,critical,5.0,0.166667,0.611111,0.055556,1.0,33.333333333333336,1.0,0.020773636353837985,0.98,True
1099_nec_2026_000044_scan_hard_02,1099_nec_2026_000044,1099_nec,validation,hard,account_number,identifier,NEC-2026-000044,T,NEC2026000044,T,False,0.0,0.0,baseline,T,0.0,,0.0,0.0,success,,3.864903662254948e-05,False,T,False,0.0,,T,tesseract,T,T,False,0.0,0.0,0.0,0.25,identifier_too_short,0.0,structured,1.0,0.0,1.0,0.0,0.0,0.0,0.0,0.008212011224995364,0.8,True
1099_nec_2026_000044_scan_hard_02,1099_nec_2026_000044,1099_nec,validation,hard,state_tax_withheld,money,0.00,$0,0.00,0.00,True,100.0,0.0,enhanced,),0.0,$0,0.0,0.0,success,,0.0029091233516158,False,$0,True,100.0,0.00,0.00,tesseract,$0,0.00,True,100.0,0.0,1.0,1.0,valid_money,0.0,critical,4.0,0.5,0.0,0.5,1.0,100.0,0.0,0.9460945074958184,0.98,True
1099_nec_2026_000044_scan_hard_02,1099_nec_2026_000044,1099_nec,validation,hard,state_payer_number,identifier,KS-2249382,KS-2,KS2249382,KS2,False,50.0,0.0,baseline,KS-2,0.0,S,0.0,0.0,success,,0.9988356312798264,True,KS-249388,False,82.35,KS249388,KS2,trocr,KS-249388,KS249388,False,82.35,0.0,1.0,1.0,valid_identifier_shape,0.6492431603318872,structured,8.0,0.666667,0.222222,0.111111,1.0,54.54545454545454,0.0,0.8701168925389273,0.8,False
1099_nec_2026_000044_scan_hard_02,1099_nec_2026_000044,1099_nec,validation,hard,state_income,money,"155,922.03",$155.92203,155922.03,155.92,False,66.67,0.0,enhanced,,0.0,$155.92203,0.0,0.0,success,,0.9695143989600954,True,"$ 155,922.03",True,100.0,155922.03,155.92,trocr,"$ 155,922.03",155922.03,True,100.0,0.0,1.0,1.0,valid_money,0.630184359324062,critical,9.0,0.666667,0.0,0.25,1.0,66.66666666666667,0.0,0.585918920477153,0.98,True
1099_nec_2026_000051_scan_hard_02,1099_nec_2026_000051,1099_nec,validation,hard,payer_name,text,BARRON-BROWN,BARRON-BROWN,BARRON BROWN,BARRON BROWN,True,100.0,88.0,baseline,BARRON-BROWN,88.0,,0.0,-0.5,success,,0.0,False,,,,,,tesseract,BARRON-BROWN,BARRON BROWN,True,100.0,1.0,1.0,1.0,valid_text,0.88,descriptive,12.0,0.0,0.916667,0.083333,0.0,0.0,0.0,0.9472791375325403,0.31,False
1099_nec_2026_000051_scan_hard_02,1099_nec_2026_000051,1099_nec,validation,hard,payer_street,text,503 JONES PORT,503 JONES PORT :,503 JONES PORT,503 JONES PORT,True,100.0,89.5,baseline,503 JONES PORT :,89.5,,0.0,-0.5,success,,0.0,False,,,,,,tesseract,503 JONES PORT :,503 JONES PORT,True,100.0,0.0,1.0,1.0,valid_text,0.895,descriptive,14.0,0.1875,0.5625,0.0625,0.0,0.0,0.0,0.8726136149162229,0.31,False
1099_nec_2026_000051_scan_hard_02,1099_nec_2026_000051,1099_nec,validation,hard,payer_city,text,WEST TINACHESTER,WEST TINACHESTER,WEST TINACHESTER,WEST TINACHESTER,True,100.0,92.5,enhanced,WEST: TINACHESTER,45.0,WEST TINACHESTER,92.5,-0.5,success,,0.0,False,,,,,,tesseract,WEST TINACHESTER,WEST TINACHESTER,True,100.0,0.0,1.0,1.0,valid_text,0.925,descriptive,16.0,0.0,0.9375,0.0,0.0,0.0,0.0,0.7507172578887805,0.31,False
1099_nec_2026_000051_scan_hard_02,1099_nec_2026_000051,1099_nec,validation,hard,payer_state,state,PA,PS,PA,PS,False,50.0,17.0,enhanced,PA VVPIVW,37.5,PS,17.0,-0.5,success,,0.5821742404718664,True,SALE OF PROUNCE,False,13.33,SALEOFPROUNCE,PS,trocr,SALE OF PROUNCE,SALEOFPROUNCE,False,13.33,0.0,0.0,0.2,invalid_state_code,0.4379132563067132,structured,13.0,0.0,0.866667,0.0,1.0,13.33333333333333,0.0,0.00038971094489455543,0.8,True
1099_nec_2026_000051_scan_hard_02,1099_nec_2026_000051,1099_nec,validation,hard,payer_zip,text,97401,0,97401,0,False,33.33,22.0,enhanced,mt ee,28.0,0,22.0,-0.5,success,,0.1414028854206232,False,0,False,33.33,97401005100,0,tesseract,0,0,False,33.33,0.0,0.0,0.19999999999999996,invalid_zip_length,0.22,structured,1.0,1.0,0.0,0.0,1.0,16.666666666666664,0.0,0.0035144380311593025,0.8,True
1099_nec_2026_000051_scan_hard_02,1099_nec_2026_000051,1099_nec,validation,hard,payer_tin,identifier,00-8302077,00-8302077,008302077,008302077,True,100.0,92.0,baseline,00-8302077,92.0,,0.0,-0.5,success,,0.0,False,,,,,,tesseract,00-8302077,008302077,True,100.0,1.0,1.0,1.0,valid_ein_shape,0.92,critical,9.0,0.9,0.0,0.1,0.0,0.0,0.0,0.977069164627047,0.98,True
1099_nec_2026_000051_scan_hard_02,1099_nec_2026_000051,1099_nec,validation,hard,recipient_tin,identifier,000-92-2181,000-92-2181 3,000922181,0009221813,False,94.74,51.0,baseline,000-92-2181 3,51.0,-,0.0,-0.5,success,,0.6041541963927743,True,000-92-2161,False,88.89,000922161,0009221813,trocr,000-92-2161,000922161,False,88.89,1.0,1.0,1.0,valid_ssn_shape,0.5712002276553033,critical,9.0,0.818182,0.0,0.181818,1.0,84.21052631578947,0.0,0.47250739518997165,0.98,True
1099_nec_2026_000051_scan_hard_02,1099_nec_2026_000051,1099_nec,validation,hard,recipient_name,text,ANGELA ARNOLD,ee ee | ANGELA ARNOLD,ANGELA ARNOLD,EE EE ANGELA ARNOLD,False,81.25,62.6,enhanced,. NOELA ARNOLD,26.0,ee ee | ANGELA ARNOLD,62.6,-0.5,success,,0.1347867714350908,False,ee ee | ANGELA ARNOLD,False,81.25,AKEANOD RM,EE EE ANGELA ARNOLD,tesseract,ee ee | ANGELA ARNOLD,EE EE ANGELA ARNOLD,False,81.25,1.0,1.0,1.0,valid_text,0.626,descriptive,19.0,0.0,0.761905,0.047619,1.0,41.379310344827594,0.0,0.2000611111048515,0.31,True
1099_nec_2026_000051_scan_hard_02,1099_nec_2026_000051,1099_nec,validation,hard,recipient_street,text,0107 DEBRA MEADOWS,01 07 DEBRA MEADOWS,0107 DEBRA MEADOWS,01 07 DEBRA MEADOWS,False,97.3,86.25,baseline,01 07 DEBRA MEADOWS,86.25,,0.0,-0.5,success,,0.0,False,,,,,,tesseract,01 07 DEBRA MEADOWS,01 07 DEBRA MEADOWS,False,97.3,1.0,1.0,1.0,valid_text,0.8625,descriptive,19.0,0.210526,0.631579,0.0,0.0,0.0,0.0,0.8341585166034939,0.31,False
1099_nec_2026_000051_scan_hard_02,1099_nec_2026_000051,1099_nec,validation,hard,recipient_city,text,TURNERBURY,TURNERBURY Z,TURNERBURY,TURNERBURY Z,False,90.91,51.5,baseline,TURNERBURY Z,51.5,| TURNERBURY,94.0,-0.5,success,,0.5573893422878025,True,THANK YOU FOR,False,34.78,THANK YOU FOR,TURNERBURY Z,trocr,THANK YOU FOR,THANK YOU FOR,False,34.78,1.0,1.0,1.0,valid_text,0.5425530724870716,descriptive,13.0,0.0,0.846154,0.0,1.0,31.999999999999996,0.0,0.010860726056821389,0.31,True
1099_nec_2026_000051_scan_hard_02,1099_nec_2026_000051,1099_nec,validation,hard,recipient_state,state,AK,CG,AK,CG,False,0.0,20.0,enhanced,K HE E,13.0,CG,20.0,-0.5,success,,0.5911659475409604,True,SAKE OF PROUNCE,False,26.67,SAKEOFPROUNCE,CG,trocr,SAKE OF PROUNCE,SAKEOFPROUNCE,False,26.67,1.0,0.0,0.2,invalid_state_code,0.4542578659016243,structured,13.0,0.0,0.866667,0.0,1.0,13.33333333333333,0.0,0.00010664048895622468,0.8,True
1099_nec_2026_000051_scan_hard_02,1099_nec_2026_000051,1099_nec,validation,hard,recipient_zip,text,07756,orm ee,07756,0,False,33.33,25.0,baseline,orm ee,25.0,,0.0,-0.5,success,,0.9489181370123506,True,07756 CHEGN POSTAL CODE,False,62.5,07756605100,0,trocr,07756 CHEGN POSTAL CODE,07756605100,False,62.5,1.0,0.0,0.6,invalid_zip_length,0.704296789058028,structured,11.0,0.217391,0.652174,0.0,1.0,16.666666666666664,0.0,0.00022386727896173825,0.8,True
1099_nec_2026_000051_scan_hard_02,1099_nec_2026_000051,1099_nec,validation,hard,nonemployee_compensation,money,"37,490.52","$ 37,490.52",37490.52,37490.52,True,100.0,75.5,enhanced,"$ 37,490.52",46.5,"$ 37,490.52",75.5,-0.5,success,,0.0,False,,,,,,tesseract,"$ 37,490.52",37490.52,True,100.0,1.0,1.0,1.0,valid_money,0.755,critical,8.0,0.636364,0.0,0.272727,0.0,0.0,0.0,0.9311470629499805,0.98,True
1099_nec_2026_000051_scan_hard_02,1099_nec_2026_000051,1099_nec,validation,hard,federal_income_tax_withheld,text,0.00,1 0.00,0.00,10.00,False,88.89,46.0,enhanced,C Wet O48 Pe rwws stew veer VE ee 5 0.00,24.91,1 0.00,46.0,-0.5,success,,0.15783920909413,False,1 0.00,False,88.89,500.00,10.00,tesseract,1 0.00,10.00,False,88.89,1.0,1.0,1.0,valid_money,0.46,critical,5.0,0.666667,0.0,0.166667,1.0,72.72727272727273,0.0,0.5044530126145342,0.98,True
1099_nec_2026_000051_scan_hard_02,1099_nec_2026_000051,1099_nec,validation,hard,account_number,identifier,NEC-2026-000051,NEC-202 000051 HHWUUY,NEC2026000051,NEC202000051HHWUUY,False,77.42,29.33,enhanced,NEC-2026-00051,0.0,NEC-202 000051 HHWUUY,29.33,-0.5,success,,0.2543818930886725,False,NEC-202 000051 HHWUUY,False,77.42,INEC00600081121203,NEC202000051HHWUUY,tesseract,NEC-202 000051 HHWUUY,NEC202000051HHWUUY,False,77.42,0.0,1.0,1.0,valid_identifier_shape,0.2933,structured,18.0,0.428571,0.428571,0.047619,1.0,50.0,0.0,0.3545053536884921,0.8,True
1099_nec_2026_000051_scan_hard_02,1099_nec_2026_000051,1099_nec,validation,hard,state_tax_withheld,money,0.00,$2.00,0.00,2.00,False,75.0,40.0,enhanced,.,0.0,$2.00,40.0,-0.5,success,,0.8642427925803556,True,$ 00,True,100.0,0.00,2.00,trocr,$ 00,0.00,True,100.0,0.0,1.0,1.0,valid_money,0.7017578151772312,critical,4.0,0.5,0.0,0.25,1.0,75.0,0.0,0.6520199305307213,0.98,True
1099_nec_2026_000051_scan_hard_02,1099_nec_2026_000051,1099_nec,validation,hard,state_payer_number,identifier,AK-8704520,A704520,AK8704520,A704520,False,87.5,0.0,enhanced,,0.0,A704520,0.0,-0.5,success,,0.9790710002599684,True,AK-8704520,True,100.0,AK8704520,A704520,trocr,AK-8704520,AK8704520,True,100.0,0.0,1.0,1.0,valid_identifier_shape,0.6363961501689794,structured,9.0,0.7,0.2,0.1,1.0,87.5,0.0,0.8869532791700707,0.8,False
1099_nec_2026_000051_scan_hard_02,1099_nec_2026_000051,1099_nec,validation,hard,state_income,money,"37,490.52","$37,490.52",37490.52,37490.52,True,100.0,8.0,enhanced,"$.-87,400.52",0.0,"$37,490.52",8.0,-0.5,success,,0.0015528489130768,False,"$37,490.52",True,100.0,37490.52,37490.52,tesseract,"$37,490.52",37490.52,True,100.0,0.0,1.0,1.0,valid_money,0.08,critical,8.0,0.7,0.0,0.3,1.0,100.0,0.0,0.8773957561863704,0.98,True
1099_nec_2026_000055_scan_mild_01,1099_nec_2026_000055,1099_nec,validation,mild,payer_name,text,"FOSTER, GILBERT AND WARD","FOSTER, GILBERT AND WARD",FOSTER GILBERT AND WARD,FOSTER GILBERT AND WARD,True,100.0,95.75,baseline,"FOSTER, GILBERT AND WARD",95.75,,0.0,-0.5,success,,0.0,False,,,,,,tesseract,"FOSTER, GILBERT AND WARD",FOSTER GILBERT AND WARD,True,100.0,1.0,1.0,1.0,valid_text,0.9575,descriptive,23.0,0.0,0.833333,0.041667,0.0,0.0,0.0,0.8048806800622667,0.31,False
1099_nec_2026_000055_scan_mild_01,1099_nec_2026_000055,1099_nec,validation,mild,payer_street,text,901 CARROLL ISLANDS SUITE 277,901 CARROLL ISLANDS SUITE 277 :,901 CARROLL ISLANDS SUITE 277,901 CARROLL ISLANDS SUITE 277,True,100.0,77.83,baseline,901 CARROLL ISLANDS SUITE 277 :,77.83,,0.0,-0.5,success,,0.0,False,,,,,,tesseract,901 CARROLL ISLANDS SUITE 277 :,901 CARROLL ISLANDS SUITE 277,True,100.0,0.0,1.0,1.0,valid_text,0.7783,descriptive,29.0,0.193548,0.612903,0.032258,0.0,0.0,0.0,0.6514492979014378,0.31,False
1099_nec_2026_000055_scan_mild_01,1099_nec_2026_000055,1099_nec,validation,mild,payer_city,text,SOUTH ALANTON,SOUTH ALANTON |,SOUTH ALANTON,SOUTH ALANTON,True,100.0,84.33,baseline,SOUTH ALANTON |,84.33,,0.0,-0.5,success,,0.0,False,,,,,,tesseract,SOUTH ALANTON |,SOUTH ALANTON,True,100.0,0.0,1.0,1.0,valid_text,0.8432999999999999,descriptive,13.0,0.0,0.8,0.066667,0.0,0.0,0.0,0.628848341107149,0.31,False
1099_nec_2026_000055_scan_mild_01,1099_nec_2026_000055,1099_nec,validation,mild,payer_state,state,MI,ME,MI,ME,False,50.0,4.0,enhanced,VIWV,0.0,ME,4.0,-0.5,success,,0.6826358573908601,True,STATE OF PROVINCE,False,11.76,STATEOFPROVINCE,ME,trocr,STATE OF PROVINCE,STATEOFPROVINCE,False,11.76,0.0,0.0,0.2,invalid_state_code,0.45771330730405907,structured,15.0,0.0,0.882353,0.0,1.0,11.764705882352944,0.0,9.074304412784605e-05,0.8,True
1099_nec_2026_000055_scan_mild_01,1099_nec_2026_000055,1099_nec,validation,mild,payer_zip,text,63442,,63442,,False,0.0,0.0,baseline,,0.0,,0.0,-0.5,success,,0.9465521781190984,True,"63442 ""OREIGN POSTAL CODE",False,55.56,6344201605100,,trocr,"63442 ""OREIGN POSTAL CODE",6344201605100,False,55.56,0.0,0.0,0.19999999999999996,invalid_zip_length,0.615258915777414,structured,13.0,0.2,0.64,0.04,1.0,0.0,0.0,0.00011675034132697949,0.8,True
1099_nec_2026_000055_scan_mild_01,1099_nec_2026_000055,1099_nec,validation,mild,payer_tin,identifier,00-3417186,00-3417186,003417186,003417186,True,100.0,92.0,baseline,00-3417186,92.0,,0.0,-0.5,success,,0.0,False,,,,,,tesseract,00-3417186,003417186,True,100.0,1.0,1.0,1.0,valid_ein_shape,0.92,critical,9.0,0.9,0.0,0.1,0.0,0.0,0.0,0.9842766759440242,0.98,False
1099_nec_2026_000055_scan_mild_01,1099_nec_2026_000055,1099_nec,validation,mild,recipient_tin,identifier,000-48-7113,000-48-7113,000487113,000487113,True,100.0,92.0,baseline,000-48-7113,92.0,,0.0,-0.5,success,,0.0,False,,,,,,tesseract,000-48-7113,000487113,True,100.0,1.0,1.0,1.0,valid_ssn_shape,0.92,critical,9.0,0.818182,0.0,0.181818,0.0,0.0,0.0,0.9644631933727197,0.98,True
1099_nec_2026_000055_scan_mild_01,1099_nec_2026_000055,1099_nec,validation,mild,recipient_name,text,KRISTIN ORTIZ,PULNZEF FLEW NF PICARD ew KRISTIN ORTIZ ee,KRISTIN ORTIZ,PULNZEF FLEW NF PICARD EW KRISTIN ORTIZ EE,False,47.27,34.12,enhanced,KRISTINORTIZ,61.0,PULNZEF FLEW NF PICARD ew KRISTIN ORTIZ ee,34.12,-0.5,success,,0.6806258641954248,True,KASTAKKZ (RM),False,41.67,KASTAKKZ RM,PULNZEF FLEW NF PICARD EW KRISTIN ORTIZ EE,trocr,KASTAKKZ (RM),KASTAKKZ RM,False,41.67,1.0,1.0,1.0,valid_text,0.5618268117270261,descriptive,11.0,0.0,0.769231,0.153846,1.0,18.867924528301884,0.0,0.07760026312846668,0.31,True
1099_nec_2026_000055_scan_mild_01,1099_nec_2026_000055,1099_nec,validation,mild,recipient_street,text,9851 WHITE TRAFFICWAY,9851 WHITE TRAFFICWAY,9851 WHITE TRAFFICWAY,9851 WHITE TRAFFICWAY,True,100.0,89.0,baseline,9851 WHITE TRAFFICWAY,89.0,,0.0,-0.5,success,,0.0,False,,,,,,tesseract,9851 WHITE TRAFFICWAY,9851 WHITE TRAFFICWAY,True,100.0,1.0,1.0,1.0,valid_text,0.89,descriptive,21.0,0.190476,0.714286,0.0,0.0,0.0,0.0,0.8685119402929297,0.31,False
1099_nec_2026_000055_scan_mild_01,1099_nec_2026_000055,1099_nec,validation,mild,recipient_city,text,JORDANFORT,Uity or town JORDANFORT,JORDANFORT,UITY OR TOWN JORDANFORT,False,60.61,90.75,enhanced,JORDANFORT,92.0,Uity or town JORDANFORT,90.75,-0.5,success,,0.0,False,,,,,,tesseract,Uity or town JORDANFORT,UITY OR TOWN JORDANFORT,False,60.61,1.0,1.0,1.0,valid_text,0.9075,descriptive,23.0,0.0,0.869565,0.0,0.0,0.0,0.0,0.6154738982832291,0.31,False
1099_nec_2026_000055_scan_mild_01,1099_nec_2026_000055,1099_nec,validation,mild,recipient_state,state,DC,JO,DC,JO,False,0.0,36.0,enhanced,DC VIWV,37.0,JO,36.0,-0.5,success,,0.4622637555232729,False,JO,False,0.0,SCATEOFPROVINCE,JO,tesseract,JO,JO,False,0.0,1.0,0.0,0.2,invalid_state_code,0.36,structured,2.0,0.0,1.0,0.0,1.0,11.764705882352944,0.0,0.0002088533584457088,0.8,True
1099_nec_2026_000055_scan_mild_01,1099_nec_2026_000055,1099_nec,validation,mild,recipient_zip,text,30309,30309 ows wry! ewww ewww,30309,3030905,False,83.33,45.0,baseline,30309 ows wry! ewww ewww,45.0,0008,33.0,-0.5,success,,0.2777756070984278,False,30309 ows wry! ewww ewww,False,83.33,50309010051001,3030905,tesseract,30309 ows wry! ewww ewww,3030905,False,83.33,1.0,0.0,0.6,invalid_zip_length,0.45,structured,7.0,0.208333,0.583333,0.041667,1.0,57.14285714285714,0.0,0.0009246848524934461,0.8,True
1099_nec_2026_000055_scan_mild_01,1099_nec_2026_000055,1099_nec,validation,mild,nonemployee_compensation,money,"136,675.89","136,675.89",136675.89,136675.89,True,100.0,96.0,enhanced,"$ 136,675.89",56.5,"136,675.89",96.0,-0.5,success,,0.0,False,,,,,,tesseract,"136,675.89",136675.89,True,100.0,1.0,1.0,1.0,valid_money,0.96,critical,9.0,0.8,0.0,0.2,0.0,0.0,0.0,0.971369136404663,0.98,True
1099_nec_2026_000055_scan_mild_01,1099_nec_2026_000055,1099_nec,validation,mild,federal_income_tax_withheld,text,0.00,0.00,0.00,0.00,True,100.0,87.0,enhanced,SC WUE CAL ts cwswt ssw 88Are UU vee ee ewe 0.00,25.58,0.00,87.0,-0.5,success,,0.0,False,,,,,,tesseract,0.00,0.00,True,100.0,1.0,1.0,1.0,valid_money,0.87,critical,4.0,0.75,0.0,0.25,0.0,0.0,0.0,0.9417656764752649,0.98,True
1099_nec_2026_000055_scan_mild_01,1099_nec_2026_000055,1099_nec,validation,mild,account_number,identifier,NEC-2026-000055,NEC-2026-000085,NEC2026000055,NEC2026000085,False,92.31,0.0,baseline,NEC-2026-000085,0.0,NEC-2026-000055 OUEDREARI,3.5,-0.5,success,,0.1497627690832594,False,NEC-2026-000085,False,92.31,ACCE00250005511110001112121,NEC2026000085,tesseract,NEC-2026-000085,NEC2026000085,False,92.31,0.0,1.0,1.0,valid_identifier_shape,0.0,structured,13.0,0.666667,0.2,0.133333,1.0,35.0,0.0,0.12367042991235712,0.8,True
1099_nec_2026_000055_scan_mild_01,1099_nec_2026_000055,1099_nec,validation,mild,state_tax_withheld,money,0.00,$00,0.00,0.00,True,100.0,55.0,enhanced,,0.0,$00,55.0,-0.5,success,,0.0002909968203822,False,$00,True,100.0,0.00,0.00,tesseract,$00,0.00,True,100.0,0.0,1.0,1.0,valid_money,0.55,critical,4.0,0.666667,0.0,0.333333,1.0,100.0,0.0,0.9967049052985655,0.98,False
1099_nec_2026_000055_scan_mild_01,1099_nec_2026_000055,1099_nec,validation,mild,state_payer_number,identifier,DC-3371859,79,DC3371859,79,False,36.36,0.0,baseline,79,0.0,D9,0.0,-0.5,success,,0.99518760972905,True,DC-3371859,True,100.0,DC3371859,79,trocr,DC-3371859,DC3371859,True,100.0,0.0,1.0,1.0,valid_identifier_shape,0.6468719463238825,structured,9.0,0.7,0.2,0.1,1.0,36.36363636363637,0.0,0.7159969998448984,0.8,True
1099_nec_2026_000055_scan_mild_01,1099_nec_2026_000055,1099_nec,validation,mild,state_income,money,"136,675.89","$136,675.89",136675.89,136675.89,True,100.0,8.0,enhanced,"$136,675.89",0.0,"$136,675.89",8.0,-0.5,success,,0.0017178688266051,False,"$136,675.89",True,100.0,136675.89,136675.89,tesseract,"$136,675.89",136675.89,True,100.0,0.0,1.0,1.0,valid_money,0.08,critical,9.0,0.727273,0.0,0.272727,1.0,100.0,0.0,0.8105665110316695,0.98,True
1099_nec_2026_000055_scan_hard_02,1099_nec_2026_000055,1099_nec,validation,hard,payer_name,text,"FOSTER, GILBERT AND WARD","PAYER'S name | FOSTER, GILBERT AND WARD | T Pine en aw mslaA AA",FOSTER GILBERT AND WARD,PAYER S NAME FOSTER GILBERT AND WARD T PINE EN AW MSLAA AA,False,56.79,64.29,enhanced,pe oteiehng le AND WARD ce,36.83,"PAYER'S name | FOSTER, GILBERT AND WARD | T Pine en aw mslaA AA",64.29,-2.0,success,,0.009103277079819,False,"PAYER'S name | FOSTER, GILBERT AND WARD | T Pine en aw mslaA AA",False,56.79,MASTER INTMENT AND WANT COME AGAIN RECORDER,PAYER S NAME FOSTER GILBERT AND WARD T PINE EN AW MSLAA AA,tesseract,"PAYER'S name | FOSTER, GILBERT AND WARD | T Pine en aw mslaA AA",PAYER S NAME FOSTER GILBERT AND WARD T PINE EN AW MSLAA AA,False,56.79,1.0,1.0,1.0,valid_text,0.6429,descriptive,58.0,0.0,0.730159,0.063492,1.0,45.54455445544554,0.0,0.03646215593557162,0.31,True
1099_nec_2026_000055_scan_hard_02,1099_nec_2026_000055,1099_nec,validation,hard,payer_street,text,901 CARROLL ISLANDS SUITE 277,oo) CARROLL ISLANDS SUITE 277,901 CARROLL ISLANDS SUITE 277,OO CARROLL ISLANDS SUITE 277,False,91.23,67.4,baseline,oo) CARROLL ISLANDS SUITE 277,67.4,,0.0,-2.0,success,,0.1208937995120004,False,oo) CARROLL ISLANDS SUITE 277,False,91.23,SST CARROLI SLANDS SUITE 27,OO CARROLL ISLANDS SUITE 277,tesseract,oo) CARROLL ISLANDS SUITE 277,OO CARROLL ISLANDS SUITE 277,False,91.23,0.0,1.0,1.0,valid_text,0.674,descriptive,28.0,0.103448,0.724138,0.034483,1.0,83.63636363636364,0.0,0.7272668343134356,0.31,False
1099_nec_2026_000055_scan_hard_02,1099_nec_2026_000055,1099_nec,validation,hard,payer_city,text,SOUTH ALANTON,| City or town | | SOUTH ALANTON |,SOUTH ALANTON,CITY OR TOWN SOUTH ALANTON,False,66.67,89.22,enhanced,vez hafyligate e,8.67,| City or town | | SOUTH ALANTON |,89.22,-2.0,success,,0.0,False,,,,,,tesseract,| City or town | | SOUTH ALANTON |,CITY OR TOWN SOUTH ALANTON,False,66.67,0.0,1.0,1.0,valid_text,0.8922,descriptive,26.0,0.0,0.647059,0.117647,0.0,0.0,0.0,0.348845538769571,0.31,False
1099_nec_2026_000055_scan_hard_02,1099_nec_2026_000055,1099_nec,validation,hard,payer_state,state,MI,E,MI,E,False,0.0,0.0,enhanced,,0.0,E,0.0,-2.0,success,,0.770740054222888,True,SALE OF PROVINCE,False,12.5,SALEOFPROVINCE,E,trocr,SALE OF PROVINCE,SALEOFPROVINCE,False,12.5,0.0,0.0,0.2,invalid_state_code,0.5009810352448772,structured,14.0,0.0,0.875,0.0,1.0,13.33333333333333,0.0,0.0001273265837666849,0.8,True
1099_nec_2026_000055_scan_hard_02,1099_nec_2026_000055,1099_nec,validation,hard,payer_zip,text,63442,eae,63442,,False,0.0,27.0,baseline,eae,27.0,,0.0,-2.0,success,,0.9591783252218734,True,SR42 TORION POSTAL CODE,False,25.0,54201005100,,trocr,SR42 TORION POSTAL CODE,54201005100,False,25.0,0.0,0.0,0.6,invalid_zip_length,0.7179659113942177,structured,11.0,0.086957,0.782609,0.0,1.0,0.0,0.0,0.00030079363081439615,0.8,True
1099_nec_2026_000055_scan_hard_02,1099_nec_2026_000055,1099_nec,validation,hard,payer_tin,identifier,00-3417186,D,003417186,0,False,20.0,0.0,enhanced,,0.0,D,0.0,-2.0,success,,0.9996055125083324,True,00477188,False,70.59,00477188,0,trocr,00477188,00477188,False,70.59,1.0,0.0,0.8200000000000001,invalid_ein_length,0.6497435831304161,critical,8.0,1.0,0.0,0.0,1.0,22.22222222222222,0.0,0.0018303886659540869,0.98,True
1099_nec_2026_000055_scan_hard_02,1099_nec_2026_000055,1099_nec,validation,hard,recipient_tin,identifier,000-48-7113,00048-7113,000487113,000487113,True,100.0,65.0,baseline,00048-7113,65.0,0048-7113 0,34.5,-2.0,success,,0.4068610433105574,False,00048-7113,True,100.0,00049713,000487113,tesseract,00048-7113,000487113,True,100.0,1.0,1.0,1.0,valid_ssn_shape,0.65,critical,9.0,0.9,0.0,0.1,1.0,82.35294117647058,0.0,0.8037288622801735,0.98,True
1099_nec_2026_000055_scan_hard_02,1099_nec_2026_000055,1099_nec,validation,hard,recipient_name,text,KRISTIN ORTIZ,- RECIPIENT'S name KRISTIN ORTIZ Ant no.,KRISTIN ORTIZ,RECIPIENT S NAME KRISTIN ORTIZ ANT NO,False,52.0,77.43,enhanced,KISTNORTZ Ss,19.0,- RECIPIENT'S name KRISTIN ORTIZ Ant no.,77.43,-2.0,success,,0.0,False,,,,,,tesseract,- RECIPIENT'S name KRISTIN ORTIZ Ant no.,RECIPIENT S NAME KRISTIN ORTIZ ANT NO,False,52.0,1.0,1.0,1.0,valid_text,0.7743000000000001,descriptive,37.0,0.0,0.775,0.075,0.0,0.0,0.0,0.3194733511092399,0.31,False
1099_nec_2026_000055_scan_hard_02,1099_nec_2026_000055,1099_nec,validation,hard,recipient_street,text,9851 WHITE TRAFFICWAY,9851 WHITE TRAFFICWAY,9851 WHITE TRAFFICWAY,9851 WHITE TRAFFICWAY,True,100.0,92.67,baseline,9851 WHITE TRAFFICWAY,92.67,,0.0,-2.0,success,,0.0,False,,,,,,tesseract,9851 WHITE TRAFFICWAY,9851 WHITE TRAFFICWAY,True,100.0,1.0,1.0,1.0,valid_text,0.9267,descriptive,21.0,0.190476,0.714286,0.0,0.0,0.0,0.0,0.8898168694009787,0.31,False
1099_nec_2026_000055_scan_hard_02,1099_nec_2026_000055,1099_nec,validation,hard,recipient_city,text,JORDANFORT,City or town | JORDANFORT ne,JORDANFORT,CITY OR TOWN JORDANFORT NE,False,55.56,74.0,enhanced,,0.0,City or town | JORDANFORT ne,74.0,-2.0,success,,0.0,False,,,,,,tesseract,City or town | JORDANFORT ne,CITY OR TOWN JORDANFORT NE,False,55.56,1.0,1.0,1.0,valid_text,0.74,descriptive,26.0,0.0,0.785714,0.035714,0.0,0.0,0.0,0.2989338806113045,0.31,True
1099_nec_2026_000055_scan_hard_02,1099_nec_2026_000055,1099_nec,validation,hard,recipient_state,state,DC,,DC,,False,0.0,0.0,baseline,,0.0,,0.0,-2.0,success,,0.7754865937825256,True,STATE OR PROUNCE,False,12.5,STATEORPROUNCE,,trocr,STATE OR PROUNCE,STATEORPROUNCE,False,12.5,1.0,0.0,0.2,invalid_state_code,0.5040662859586417,structured,14.0,0.0,0.875,0.0,1.0,0.0,0.0,3.099792310588225e-05,0.8,True
1099_nec_2026_000055_scan_hard_02,1099_nec_2026_000055,1099_nec,validation,hard,recipient_zip,text,30309,| or vt eee,30309,10,False,28.57,53.25,baseline,| or vt eee,53.25,0,0.0,-2.0,success,,0.7302473969800746,True,50309 TORGN POSTAL CODE,False,47.06,503090605100,10,trocr,50309 TORGN POSTAL CODE,503090605100,False,47.06,1.0,0.0,0.3999999999999999,invalid_zip_length,0.6610358080370484,structured,12.0,0.217391,0.652174,0.0,1.0,28.57142857142857,0.0,7.084628676639926e-05,0.8,True
1099_nec_2026_000055_scan_hard_02,1099_nec_2026_000055,1099_nec,validation,hard,nonemployee_compensation,money,"136,675.89","136,675.89",136675.89,136675.89,True,100.0,96.0,baseline,"136,675.89",96.0,,0.0,-2.0,success,,0.0,False,,,,,,tesseract,"136,675.89",136675.89,True,100.0,1.0,1.0,1.0,valid_money,0.96,critical,9.0,0.8,0.0,0.2,0.0,0.0,0.0,0.971369136404663,0.98,True
1099_nec_2026_000055_scan_hard_02,1099_nec_2026_000055,1099_nec,validation,hard,federal_income_tax_withheld,text,0.00,Federal income tax winner =a,0.00,1101.00,False,72.73,62.8,baseline,Federal income tax winner =a,62.8,. .,0.0,-2.0,success,,0.398568226120004,False,Federal income tax winner =a,False,72.73,5.00,1101.00,tesseract,Federal income tax winner =a,1101.00,False,72.73,1.0,1.0,1.0,valid_money,0.628,critical,7.0,0.0,0.821429,0.035714,1.0,54.54545454545454,0.0,0.17286571121366312,0.98,True
1099_nec_2026_000055_scan_hard_02,1099_nec_2026_000055,1099_nec,validation,hard,account_number,identifier,NEC-2026-000055,TT,NEC2026000055,TT,False,0.0,22.0,enhanced,,0.0,TT,22.0,-2.0,success,,0.8506513152147387,True,RECEIPTIONS OF RECIPTIONS ONCLUSIONS AND RECEIPT,False,10.71,RECEIPTIONSOFRECIPTIONSONCLUSIONSANDRECEIPT,TT,trocr,RECEIPTIONS OF RECIPTIONS ONCLUSIONS AND RECEIPT,RECEIPTIONSOFRECIPTIONSONCLUSIONSANDRECEIPT,False,10.71,0.0,0.0,0.4,identifier_too_long,0.6299233548895802,structured,43.0,0.0,0.895833,0.0,1.0,8.888888888888891,0.0,5.099591670604593e-05,0.8,True
1099_nec_2026_000055_scan_hard_02,1099_nec_2026_000055,1099_nec,validation,hard,state_tax_withheld,money,0.00,$80,0.00,80.00,False,88.89,18.0,enhanced,,0.0,$80,18.0,-2.0,success,,4.953886286167888e-05,False,$80,False,88.89,,80.00,tesseract,$80,80.00,False,88.89,0.0,1.0,1.0,valid_money,0.18,critical,5.0,0.666667,0.0,0.333333,0.0,0.0,0.0,0.8998834489799964,0.98,True
1099_nec_2026_000055_scan_hard_02,1099_nec_2026_000055,1099_nec,validation,hard,state_payer_number,identifier,DC-3371859,7,DC3371859,7,False,20.0,0.0,enhanced,,0.0,7,0.0,-2.0,success,,0.9972112353480136,True,DC-3371859,True,100.0,DC3371859,7,trocr,DC-3371859,DC3371859,True,100.0,0.0,1.0,1.0,valid_identifier_shape,0.6481873029762089,structured,9.0,0.7,0.2,0.1,1.0,19.999999999999996,0.0,0.619702213178423,0.8,True
1099_nec_2026_000055_scan_hard_02,1099_nec_2026_000055,1099_nec,validation,hard,state_income,money,"136,675.89","$196,675.89",136675.89,196675.89,False,88.89,0.0,baseline,"$196,675.89",0.0,$13667589,0.0,-2.0,success,,0.9132389090337812,True,"$ 16,675.89",False,94.12,16675.89,196675.89,trocr,"$ 16,675.89",16675.89,False,94.12,0.0,1.0,1.0,valid_money,0.5936052908719578,critical,8.0,0.636364,0.0,0.272727,1.0,94.11764705882352,0.0,0.8413227201934749,0.98,True
1099_nec_2026_000087_scan_mild_01,1099_nec_2026_000087,1099_nec,validation,mild,payer_name,text,WEBSTER-GUZMAN,WEBSTER-GUZMAN,WEBSTER GUZMAN,WEBSTER GUZMAN,True,100.0,90.0,baseline,WEBSTER-GUZMAN,90.0,,0.0,-1.0,success,,0.0,False,,,,,,tesseract,WEBSTER-GUZMAN,WEBSTER GUZMAN,True,100.0,1.0,1.0,1.0,valid_text,0.9,descriptive,14.0,0.0,0.928571,0.071429,0.0,0.0,0.0,0.9497024987883599,0.31,False
1099_nec_2026_000087_scan_mild_01,1099_nec_2026_000087,1099_nec,validation,mild,payer_street,text,258 PALMER RUE SUITE 483,958 PALMER RUE SUITE 483,258 PALMER RUE SUITE 483,958 PALMER RUE SUITE 483,False,95.83,88.4,baseline,958 PALMER RUE SUITE 483,88.4,,0.0,-1.0,success,,0.0,False,,,,,,tesseract,958 PALMER RUE SUITE 483,958 PALMER RUE SUITE 483,False,95.83,0.0,1.0,1.0,valid_text,0.884,descriptive,24.0,0.25,0.583333,0.0,0.0,0.0,0.0,0.8781482051889097,0.31,False
1099_nec_2026_000087_scan_mild_01,1099_nec_2026_000087,1099_nec,validation,mild,payer_city,text,JOSHUASIDE,City or town JOSHUASIDE,JOSHUASIDE,CITY OR TOWN JOSHUASIDE,False,60.61,95.0,enhanced,JOSHUASIDE,92.0,City or town JOSHUASIDE,95.0,-1.0,success,,0.0,False,,,,,,tesseract,City or town JOSHUASIDE,CITY OR TOWN JOSHUASIDE,False,60.61,0.0,1.0,1.0,valid_text,0.95,descriptive,23.0,0.0,0.869565,0.0,0.0,0.0,0.0,0.5409910538203884,0.31,False
1099_nec_2026_000087_scan_mild_01,1099_nec_2026_000087,1099_nec,validation,mild,payer_state,state,NY,OFPO,NY,OFPO,False,0.0,0.0,baseline,OFPO,0.0,,0.0,-1.0,success,,0.5940356225509765,True,STATE OR PROVINCE,False,11.76,STATEORPROVINCE,OFPO,trocr,STATE OR PROVINCE,STATEORPROVINCE,False,11.76,0.0,0.0,0.2,invalid_state_code,0.38612315465813474,structured,15.0,0.0,0.882353,0.0,1.0,31.57894736842105,0.0,0.000837421523108795,0.8,True
1099_nec_2026_000087_scan_mild_01,1099_nec_2026_000087,1099_nec,validation,mild,payer_zip,text,40976,40976 IVISIYIT PYosa voeuw,40976,4097611511050,False,55.56,33.0,baseline,40976 IVISIYIT PYosa voeuw,33.0,-,0.0,-1.0,success,,0.1617431394773894,False,40976 IVISIYIT PYosa voeuw,False,55.56,40575010051001,4097611511050,tesseract,40976 IVISIYIT PYosa voeuw,4097611511050,False,55.56,0.0,0.0,0.19999999999999996,invalid_zip_length,0.33,structured,13.0,0.192308,0.692308,0.0,1.0,59.25925925925925,0.0,0.00129714681326731,0.8,True
1099_nec_2026_000087_scan_mild_01,1099_nec_2026_000087,1099_nec,validation,mild,payer_tin,identifier,00-1458868,00-1458868,001458868,001458868,True,100.0,79.0,baseline,00-1458868,79.0,,0.0,-1.0,success,,0.0,False,,,,,,tesseract,00-1458868,001458868,True,100.0,1.0,1.0,1.0,valid_ein_shape,0.79,critical,9.0,0.9,0.0,0.1,0.0,0.0,0.0,0.993286691629948,0.98,False
1099_nec_2026_000087_scan_mild_01,1099_nec_2026_000087,1099_nec,validation,mild,recipient_tin,identifier,000-71-2904,00-71-2904,000712904,00712904,False,94.12,50.0,baseline,00-71-2904,50.0,00-71-2004,41.0,-1.0,success,,0.5006843025076017,True,000-71-204,False,94.12,00071204,00712904,trocr,000-71-204,00071204,False,94.12,1.0,0.0,0.8200000000000001,invalid_ssn_length,0.500444796629941,critical,8.0,0.8,0.0,0.2,1.0,87.5,0.0,0.007887493666608262,0.98,True
1099_nec_2026_000087_scan_mild_01,1099_nec_2026_000087,1099_nec,validation,mild,recipient_name,text,ASHLEY SHERMAN,ASHLEY SHERMAN,ASHLEY SHERMAN,ASHLEY SHERMAN,True,100.0,89.5,baseline,ASHLEY SHERMAN,89.5,,0.0,-1.0,success,,0.0,False,,,,,,tesseract,ASHLEY SHERMAN,ASHLEY SHERMAN,True,100.0,1.0,1.0,1.0,valid_text,0.895,descriptive,14.0,0.0,0.928571,0.0,0.0,0.0,0.0,0.8511752863481097,0.31,False
1099_nec_2026_000087_scan_mild_01,1099_nec_2026_000087,1099_nec,validation,mild,recipient_street,text,0587 MARTIN CIRCLES,0587 MARTIN CIRCLES,0587 MARTIN CIRCLES,0587 MARTIN CIRCLES,True,100.0,93.67,baseline,0587 MARTIN CIRCLES,93.67,,0.0,-1.0,success,,0.0,False,,,,,,tesseract,0587 MARTIN CIRCLES,0587 MARTIN CIRCLES,True,100.0,1.0,1.0,1.0,valid_text,0.9367,descriptive,19.0,0.210526,0.684211,0.0,0.0,0.0,0.0,0.9027387561280813,0.31,False
1099_nec_2026_000087_scan_mild_01,1099_nec_2026_000087,1099_nec,validation,mild,recipient_city,text,CHAMBERSVILLE,City or town | CHAMBERSVILLE,CHAMBERSVILLE,CITY OR TOWN CHAMBERSVILLE,False,66.67,94.8,enhanced,,0.0,City or town | CHAMBERSVILLE,94.8,-1.0,success,,0.0,False,,,,,,tesseract,City or town | CHAMBERSVILLE,CITY OR TOWN CHAMBERSVILLE,False,66.67,1.0,1.0,1.0,valid_text,0.948,descriptive,26.0,0.0,0.821429,0.035714,0.0,0.0,0.0,0.680850492116079,0.31,False
1099_nec_2026_000087_scan_mild_01,1099_nec_2026_000087,1099_nec,validation,mild,recipient_state,state,VI,OFPIUVIIS,VI,OFPIUVIIS,False,36.36,0.0,baseline,OFPIUVIIS,0.0,A,0.0,-1.0,success,,0.426852751566329,False,OFPIUVIIS,False,36.36,STATEOFPROVINCE,OFPIUVIIS,tesseract,OFPIUVIIS,OFPIUVIIS,False,36.36,1.0,0.0,0.2,invalid_state_code,0.0,structured,9.0,0.0,1.0,0.0,1.0,41.666666666666664,0.0,0.0009115826183457648,0.8,True
1099_nec_2026_000087_scan_mild_01,1099_nec_2026_000087,1099_nec,validation,mild,recipient_zip,text,58591,58591 IVI sgt! pee vewr~,58591,585911156,False,71.43,20.0,baseline,58591 IVI sgt! pee vewr~,20.0,,0.0,-1.0,success,,0.3285927149940665,False,58591 IVI sgt! pee vewr~,False,71.43,5859106051001,585911156,tesseract,58591 IVI sgt! pee vewr~,585911156,False,71.43,1.0,1.0,1.0,valid_zip_shape,0.2,structured,9.0,0.208333,0.541667,0.083333,1.0,63.63636363636363,0.0,0.050734706347613394,0.8,True
1099_nec_2026_000087_scan_mild_01,1099_nec_2026_000087,1099_nec,validation,mild,nonemployee_compensation,money,"133,123.88",". 133,123.88",133123.88,0.13,False,30.77,51.0,enhanced,"$ , 133,123.88",42.67,". 133,123.88",51.0,-1.0,success,,0.2548484651139849,False,". 133,123.88",False,30.77,503234348.00,0.13,tesseract,". 133,123.88",0.13,False,30.77,1.0,1.0,1.0,valid_money,0.51,critical,4.0,0.666667,0.0,0.25,1.0,25.0,0.0,0.4700822277026428,0.98,True
1099_nec_2026_000087_scan_mild_01,1099_nec_2026_000087,1099_nec,validation,mild,federal_income_tax_withheld,text,0.00,0.00,0.00,0.00,True,100.0,68.0,enhanced,reOCTal WICUITIC LAA Wiunicm Te,34.6,0.00,68.0,-1.0,success,,0.065781780249841,False,0.00,True,100.0,11011001510.00,0.00,tesseract,0.00,0.00,True,100.0,1.0,1.0,1.0,valid_money,0.68,critical,4.0,0.75,0.0,0.25,1.0,44.44444444444444,0.0,0.800725375302554,0.98,True
1099_nec_2026_000087_scan_mild_01,1099_nec_2026_000087,1099_nec,validation,mild,account_number,identifier,NEC-2026-000087,CELBORO PSSHWIOUUVEV,NEC2026000087,CELBOROPSSHWIOUUVEV,False,6.25,0.0,baseline,CELBORO PSSHWIOUUVEV,0.0,SINSUGUOTIS,0.0,-1.0,success,,0.6157830005569853,True,SEE 2825-00087-FREE MASCOUNTS ONCLUSIONS ONCLUSIONS,False,27.59,SEE282500087FREEMASCOUNTSONCLUSIONSONCLUSIONS,CELBOROPSSHWIOUUVEV,trocr,SEE 2825-00087-FREE MASCOUNTS ONCLUSIONS ONCLUSIONS,SEE282500087FREEMASCOUNTSONCLUSIONSONCLUSIONS,False,27.59,0.0,0.0,0.4,identifier_too_long,0.40025895036204046,structured,45.0,0.176471,0.705882,0.039216,1.0,25.0,0.0,4.937617518491599e-05,0.8,True
1099_nec_2026_000087_scan_mild_01,1099_nec_2026_000087,1099_nec,validation,mild,state_tax_withheld,money,0.00,"$200,",0.00,200.00,False,80.0,52.0,enhanced,6,29.0,"$200,",52.0,-1.0,success,,0.7243253392842931,True,$ 0.00,True,100.0,0.00,200.00,trocr,$ 0.00,0.00,True,100.0,0.0,1.0,1.0,valid_money,0.6528114705347905,critical,4.0,0.5,0.0,0.333333,1.0,80.0,0.0,0.7397922742372293,0.98,True
1099_nec_2026_000087_scan_mild_01,1099_nec_2026_000087,1099_nec,validation,mild,state_payer_number,identifier,VI-4697401,7,VI4697401,7,False,20.0,0.0,baseline,7,0.0,70,0.0,-1.0,success,,0.9981770608571346,True,V1-4697401,False,88.89,V14697401,7,trocr,V1-4697401,V14697401,False,88.89,0.0,1.0,1.0,valid_identifier_shape,0.6488150895571375,structured,9.0,0.8,0.1,0.1,1.0,19.999999999999996,0.0,0.7143622262557092,0.8,True
1099_nec_2026_000087_scan_mild_01,1099_nec_2026_000087,1099_nec,validation,mild,state_income,money,"133,123.88","$199,123.88",133123.88,199123.88,False,77.78,36.0,enhanced,"$193,128.88",0.0,"$199,123.88",36.0,-1.0,success,,0.8424736478558452,True,"$ 133,123.88",True,100.0,133123.88,199123.88,trocr,"$ 133,123.88",133123.88,True,100.0,0.0,1.0,1.0,valid_money,0.6736078711062994,critical,9.0,0.666667,0.0,0.25,1.0,77.77777777777779,0.0,0.6219365503444968,0.98,True
1099_nec_2026_000087_scan_hard_02,1099_nec_2026_000087,1099_nec,validation,hard,payer_name,text,WEBSTER-GUZMAN,ee ee,WEBSTER GUZMAN,EE EE,False,31.58,30.0,enhanced,"——, “=",28.5,ee ee,30.0,0.0,success,,0.626184955973588,True,WESTERNN PERCHANGE,False,56.25,WESTERNN PERCHANGE,EE EE,trocr,WESTERNN PERCHANGE,WESTERNN PERCHANGE,False,56.25,1.0,1.0,1.0,valid_text,0.5120202213828322,descriptive,18.0,0.0,0.944444,0.0,1.0,43.47826086956522,0.0,0.06657642155665447,0.31,True
1099_nec_2026_000087_scan_hard_02,1099_nec_2026_000087,1099_nec,validation,hard,payer_street,text,258 PALMER RUE SUITE 483,258 PALMER RUE SUITE 483,258 PALMER RUE SUITE 483,258 PALMER RUE SUITE 483,True,100.0,94.4,baseline,258 PALMER RUE SUITE 483,94.4,,0.0,0.0,success,,0.0,False,,,,,,tesseract,258 PALMER RUE SUITE 483,258 PALMER RUE SUITE 483,True,100.0,0.0,1.0,1.0,valid_text,0.9440000000000001,descriptive,24.0,0.25,0.583333,0.0,0.0,0.0,0.0,0.9003970484924793,0.31,False
1099_nec_2026_000087_scan_hard_02,1099_nec_2026_000087,1099_nec,validation,hard,payer_city,text,JOSHUASIDE,we ee,JOSHUASIDE,WE EE,False,13.33,32.5,baseline,we ee,32.5,OSHUASIDE i,32.0,0.0,success,,0.9754695867267718,True,JOSHUADE,False,88.89,JOSHUADE,WE EE,trocr,JOSHUADE,JOSHUADE,False,88.89,0.0,1.0,1.0,valid_text,0.7478052313724016,descriptive,8.0,0.0,1.0,0.0,1.0,15.384615384615385,0.0,0.0718410108648571,0.31,True
1099_nec_2026_000087_scan_hard_02,1099_nec_2026_000087,1099_nec,validation,hard,payer_state,state,NY,BS,NY,BS,False,0.0,0.0,enhanced,,0.0,BS,0.0,0.0,success,,7.103197659142591e-06,False,BS,False,0.0,,BS,tesseract,BS,BS,False,0.0,0.0,0.0,0.2,invalid_state_code,0.0,structured,2.0,0.0,1.0,0.0,0.0,0.0,0.0,0.023776436837087574,0.8,True
1099_nec_2026_000087_scan_hard_02,1099_nec_2026_000087,1099_nec,validation,hard,payer_zip,text,40976,o eee a Oe eee eee,40976,00,False,28.57,23.0,baseline,o eee a Oe eee eee,23.0,1,0.0,0.0,success,,0.965549160326016,True,4976 PERCHASE,False,80.0,49765,00,trocr,4976 PERCHASE,49765,False,80.0,0.0,1.0,1.0,valid_zip_shape,0.7081069542119104,structured,5.0,0.307692,0.615385,0.0,1.0,0.0,0.0,0.03823855159676157,0.8,True
1099_nec_2026_000087_scan_hard_02,1099_nec_2026_000087,1099_nec,validation,hard,payer_tin,identifier,00-1458868,00-1456868,001458868,001456868,False,88.89,47.0,baseline,00-1456868,47.0,PO,0.0,0.0,success,,2.44817443797227e-07,False,00-1456868,False,88.89,,001456868,tesseract,00-1456868,001456868,False,88.89,1.0,1.0,1.0,valid_ein_shape,0.47,critical,9.0,0.9,0.0,0.1,0.0,0.0,0.0,0.9778649963006755,0.98,True
1099_nec_2026_000087_scan_hard_02,1099_nec_2026_000087,1099_nec,validation,hard,recipient_tin,identifier,000-71-2904,000-71-2904,000712904,000712904,True,100.0,89.0,baseline,000-71-2904,89.0,,0.0,0.0,success,,0.0,False,,,,,,tesseract,000-71-2904,000712904,True,100.0,1.0,1.0,1.0,valid_ssn_shape,0.89,critical,9.0,0.818182,0.0,0.181818,0.0,0.0,0.0,0.9662742498095268,0.98,True
1099_nec_2026_000087_scan_hard_02,1099_nec_2026_000087,1099_nec,validation,hard,recipient_name,text,ASHLEY SHERMAN,,ASHLEY SHERMAN,,False,0.0,0.0,baseline,,0.0,,0.0,0.0,success,,0.9443889906008608,True,SALES-6MM,False,43.48,SALES 6MM,,trocr,SALES-6MM,SALES 6MM,False,43.48,1.0,1.0,1.0,valid_text,0.6138528438905595,descriptive,9.0,0.111111,0.777778,0.111111,1.0,0.0,0.0,0.12620968197279378,0.31,True
1099_nec_2026_000087_scan_hard_02,1099_nec_2026_000087,1099_nec,validation,hard,recipient_street,text,0587 MARTIN CIRCLES,0587 MARTIN CIRCLES,0587 MARTIN CIRCLES,0587 MARTIN CIRCLES,True,100.0,85.67,baseline,0587 MARTIN CIRCLES,85.67,,0.0,0.0,success,,0.0,False,,,,,,tesseract,0587 MARTIN CIRCLES,0587 MARTIN CIRCLES,True,100.0,1.0,1.0,1.0,valid_text,0.8567,descriptive,19.0,0.210526,0.684211,0.0,0.0,0.0,0.0,0.8727897792183994,0.31,False
1099_nec_2026_000087_scan_hard_02,1099_nec_2026_000087,1099_nec,validation,hard,recipient_city,text,CHAMBERSVILLE,"CHAMBERSVLLE ,. ial",CHAMBERSVILLE,CHAMBERSVLLE IAL,False,82.76,17.67,baseline,"CHAMBERSVLLE ,. ial",17.67,CHAMBERS),55.0,0.0,success,,0.4452267313787285,False,"CHAMBERSVLLE ,. ial",False,82.76,CHANGEVILLE THE RECEIPT,CHAMBERSVLLE IAL,tesseract,"CHAMBERSVLLE ,. ial",CHAMBERSVLLE IAL,False,82.76,1.0,1.0,1.0,valid_text,0.17670000000000002,descriptive,16.0,0.0,0.789474,0.105263,1.0,51.28205128205128,0.0,0.08537668853925975,0.31,True
1099_nec_2026_000087_scan_hard_02,1099_nec_2026_000087,1099_nec,validation,hard,recipient_state,state,VI,CE,VI,CE,False,0.0,27.0,enhanced,SHARES,0.0,CE,27.0,0.0,success,,0.3334012167576702,False,CE,False,0.0,CASHIER,CE,tesseract,CE,CE,False,0.0,1.0,0.0,0.2,invalid_state_code,0.27,structured,2.0,0.0,1.0,0.0,1.0,44.44444444444444,0.0,0.005692936594511707,0.8,True
1099_nec_2026_000087_scan_hard_02,1099_nec_2026_000087,1099_nec,validation,hard,recipient_zip,text,58591,ses CR Fens airs hay fe,58591,55515,False,60.0,34.0,baseline,ses CR Fens airs hay fe,34.0,,0.0,0.0,success,,0.5813020723437476,True,SESST @6,False,44.44,5556,55515,trocr,SESST @6,5556,False,44.44,1.0,0.0,0.8,invalid_zip_length,0.496846347023436,structured,4.0,0.125,0.625,0.125,1.0,66.66666666666667,0.0,0.0007977969921794946,0.8,True
1099_nec_2026_000087_scan_hard_02,1099_nec_2026_000087,1099_nec,validation,hard,nonemployee_compensation,money,"133,123.88","$ 133,123.88",133123.88,133123.88,True,100.0,84.5,enhanced,"5 133,123.88",47.0,"$ 133,123.88",84.5,0.0,success,,0.0,False,,,,,,tesseract,"$ 133,123.88",133123.88,True,100.0,1.0,1.0,1.0,valid_money,0.845,critical,9.0,0.666667,0.0,0.25,0.0,0.0,0.0,0.9154225815262981,0.98,True
1099_nec_2026_000087_scan_hard_02,1099_nec_2026_000087,1099_nec,validation,hard,federal_income_tax_withheld,text,0.00,; Gee ate eae oe 0.00,0.00,600.00,False,80.0,33.5,baseline,; Gee ate eae oe 0.00,33.5,.,0.0,0.0,success,,0.6763778419421407,True,SR: 00,False,80.0,500.00,600.00,trocr,SR: 00,500.00,False,80.0,1.0,1.0,1.0,valid_money,0.5568955972623915,critical,6.0,0.333333,0.333333,0.166667,1.0,83.33333333333334,0.0,0.07786596755322196,0.98,True
1099_nec_2026_000087_scan_hard_02,1099_nec_2026_000087,1099_nec,validation,hard,account_number,identifier,NEC-2026-000087,ST,NEC2026000087,ST,False,0.0,0.0,enhanced,,0.0,ST,0.0,0.0,success,,0.997008953658536,True,MCD:0000006,False,52.17,MCD0000006,ST,trocr,MCD:0000006,MCD0000006,False,52.17,0.0,1.0,1.0,valid_identifier_shape,0.6480558198780484,structured,10.0,0.636364,0.272727,0.090909,1.0,0.0,0.0,0.20804248976733128,0.8,True
1099_nec_2026_000087_scan_hard_02,1099_nec_2026_000087,1099_nec,validation,hard,state_tax_withheld,money,0.00,8,0.00,8.00,False,75.0,20.0,baseline,8,20.0,6,0.0,0.0,success,,3.978659900669598e-05,False,8,False,75.0,,8.00,tesseract,8,8.00,False,75.0,0.0,1.0,1.0,valid_money,0.2,critical,4.0,1.0,0.0,0.0,0.0,0.0,0.0,0.9525968816925862,0.98,True
1099_nec_2026_000087_scan_hard_02,1099_nec_2026_000087,1099_nec,validation,hard,state_payer_number,identifier,VI-4697401,,VI4697401,,False,0.0,0.0,baseline,,0.0,,0.0,0.0,success,,0.9999895224954471,True,V1469401,False,82.35,V1469401,,trocr,V1469401,V1469401,False,82.35,0.0,1.0,1.0,valid_identifier_shape,0.6499931896220407,structured,8.0,0.875,0.125,0.0,1.0,0.0,0.0,0.5915312807578328,0.8,True
1099_nec_2026_000087_scan_hard_02,1099_nec_2026_000087,1099_nec,validation,hard,state_income,money,"133,123.88","$133,123.86",133123.88,133123.86,False,88.89,0.0,baseline,"$133,123.86",0.0,"$133,123.88",6.0,0.0,success,,0.9284299882138768,True,"$ 133,123.88",True,100.0,133123.88,133123.86,trocr,"$ 133,123.88",133123.88,True,100.0,0.0,1.0,1.0,valid_money,0.60347949233902,critical,9.0,0.666667,0.0,0.25,1.0,88.88888888888889,0.0,0.7611842205612179,0.98,True
1099_nec_2026_000124_scan_mild_01,1099_nec_2026_000124,1099_nec,validation,mild,payer_name,text,COOPER-JONES,COOPER-JONES,COOPER JONES,COOPER JONES,True,100.0,90.0,baseline,COOPER-JONES,90.0,,0.0,0.5,success,,0.0,False,,,,,,tesseract,COOPER-JONES,COOPER JONES,True,100.0,1.0,1.0,1.0,valid_text,0.9,descriptive,12.0,0.0,0.916667,0.083333,0.0,0.0,0.0,0.9577368847297874,0.31,False
1099_nec_2026_000124_scan_mild_01,1099_nec_2026_000124,1099_nec,validation,mild,payer_street,text,086 NEAL PLAZA APT. 372,086 NEAL PLAZA APT. 372,086 NEAL PLAZA APT 372,086 NEAL PLAZA APT 372,True,100.0,95.2,baseline,086 NEAL PLAZA APT. 372,95.2,,0.0,0.5,success,,0.0,False,,,,,,tesseract,086 NEAL PLAZA APT. 372,086 NEAL PLAZA APT 372,True,100.0,0.0,1.0,1.0,valid_text,0.9520000000000001,descriptive,22.0,0.26087,0.521739,0.043478,0.0,0.0,0.0,0.8224649273675316,0.31,False
1099_nec_2026_000124_scan_mild_01,1099_nec_2026_000124,1099_nec,validation,mild,payer_city,text,PORT RHONDAVIEW,PORT RHONDAVIEW,PORT RHONDAVIEW,PORT RHONDAVIEW,True,100.0,93.5,baseline,PORT RHONDAVIEW,93.5,,0.0,0.5,success,,0.0,False,,,,,,tesseract,PORT RHONDAVIEW,PORT RHONDAVIEW,True,100.0,0.0,1.0,1.0,valid_text,0.935,descriptive,15.0,0.0,0.933333,0.0,0.0,0.0,0.0,0.7179918519279501,0.31,False
1099_nec_2026_000124_scan_mild_01,1099_nec_2026_000124,1099_nec,validation,mild,payer_state,state,IN,NN P WV,IN,NNPWV,False,28.57,3.67,baseline,NN P WV,3.67,,0.0,0.5,success,,0.5107675203330655,True,RATE OF PROVINCE,False,25.0,RATEOFPROVINCE,NNPWV,trocr,RATE OF PROVINCE,RATEOFPROVINCE,False,25.0,0.0,0.0,0.2,invalid_state_code,0.3448438882164926,structured,14.0,0.0,0.875,0.0,1.0,21.052631578947366,0.0,0.000624691546146321,0.8,True
1099_nec_2026_000124_scan_mild_01,1099_nec_2026_000124,1099_nec,validation,mild,payer_zip,text,31861,1861 ows wiygtt vryvese wvuye,31861,186105165,False,57.14,23.4,baseline,1861 ows wiygtt vryvese wvuye,23.4,68,0.0,0.5,success,,0.2255384261386318,False,1861 ows wiygtt vryvese wvuye,False,57.14,51861051605100,186105165,tesseract,1861 ows wiygtt vryvese wvuye,186105165,False,57.14,0.0,1.0,1.0,valid_zip_shape,0.23399999999999999,structured,9.0,0.137931,0.724138,0.0,1.0,78.26086956521739,0.0,0.11748146785504168,0.8,True
1099_nec_2026_000124_scan_mild_01,1099_nec_2026_000124,1099_nec,validation,mild,payer_tin,identifier,00-2307538,00-2307538,002307538,002307538,True,100.0,91.0,baseline,00-2307538,91.0,,0.0,0.5,success,,0.0,False,,,,,,tesseract,00-2307538,002307538,True,100.0,1.0,1.0,1.0,valid_ein_shape,0.91,critical,9.0,0.9,0.0,0.1,0.0,0.0,0.0,0.9626942244826087,0.98,True
1099_nec_2026_000124_scan_mild_01,1099_nec_2026_000124,1099_nec,validation,mild,recipient_tin,identifier,000-37-9511,000-37-9511,000379511,000379511,True,100.0,91.0,baseline,000-37-9511,91.0,,0.0,0.5,success,,0.0,False,,,,,,tesseract,000-37-9511,000379511,True,100.0,1.0,1.0,1.0,valid_ssn_shape,0.91,critical,9.0,0.818182,0.0,0.181818,0.0,0.0,0.0,0.9587013295236063,0.98,True
1099_nec_2026_000124_scan_mild_01,1099_nec_2026_000124,1099_nec,validation,mild,recipient_name,text,MICHAEL JOHNSON,MICHAEL JOHNSON,MICHAEL JOHNSON,MICHAEL JOHNSON,True,100.0,95.0,baseline,MICHAEL JOHNSON,95.0,,0.0,0.5,success,,0.0,False,,,,,,tesseract,MICHAEL JOHNSON,MICHAEL JOHNSON,True,100.0,1.0,1.0,1.0,valid_text,0.95,descriptive,15.0,0.0,0.933333,0.0,0.0,0.0,0.0,0.8822312449931855,0.31,False
1099_nec_2026_000124_scan_mild_01,1099_nec_2026_000124,1099_nec,validation,mild,recipient_street,text,0033 STEPHANIE DAM,0033 STEPHANIE DAM,0033 STEPHANIE DAM,0033 STEPHANIE DAM,True,100.0,94.0,baseline,0033 STEPHANIE DAM,94.0,,0.0,0.5,success,,0.0,False,,,,,,tesseract,0033 STEPHANIE DAM,0033 STEPHANIE DAM,True,100.0,1.0,1.0,1.0,valid_text,0.94,descriptive,18.0,0.222222,0.666667,0.0,0.0,0.0,0.0,0.9168354157133535,0.31,False
1099_nec_2026_000124_scan_mild_01,1099_nec_2026_000124,1099_nec,validation,mild,recipient_city,text,MARCUSFURT,MARCUSFURT,MARCUSFURT,MARCUSFURT,True,100.0,92.0,baseline,MARCUSFURT,92.0,MARCUSFURT,93.0,0.5,success,,0.2382444869210986,False,MARCUSFURT,True,100.0,MANCUSTARY INCLUSIVE OF RECEIPT FOR,MARCUSFURT,tesseract,MARCUSFURT,MARCUSFURT,True,100.0,1.0,1.0,1.0,valid_text,0.92,descriptive,10.0,0.0,1.0,0.0,1.0,40.0,0.0,0.8197053431485335,0.31,False
1099_nec_2026_000124_scan_mild_01,1099_nec_2026_000124,1099_nec,validation,mild,recipient_state,state,AK,J,AK,J,False,0.0,54.0,enhanced,AK F,34.5,J,54.0,0.5,success,,0.4824171973246016,True,TAKE OF PROVINCE,False,25.0,TAKEOFPROVINCE,J,trocr,TAKE OF PROVINCE,TAKEOFPROVINCE,False,25.0,1.0,0.0,0.2,invalid_state_code,0.5025711782609911,structured,14.0,0.0,0.875,0.0,1.0,0.0,0.0,0.00024029096021355785,0.8,True
1099_nec_2026_000124_scan_mild_01,1099_nec_2026_000124,1099_nec,validation,mild,recipient_zip,text,67380,7280,67380,7280,False,66.67,0.0,enhanced,| 67380 wwe woes powwow www,45.17,7280,0.0,0.5,success,,0.1860098170419614,False,7280,False,66.67,673800516051001,7280,tesseract,7280,7280,False,66.67,1.0,0.0,0.8,invalid_zip_length,0.0,structured,4.0,1.0,0.0,0.0,1.0,31.57894736842105,0.0,0.0010278548171863385,0.8,True
1099_nec_2026_000124_scan_mild_01,1099_nec_2026_000124,1099_nec,validation,mild,nonemployee_compensation,money,"47,596.46","$ 47,596.46",47596.46,47596.46,True,100.0,60.5,baseline,"$ 47,596.46",60.5,"$ 47,596.46",56.5,0.5,success,,0.0412776489758047,False,"$ 47,596.46",True,100.0,556107586.46,47596.46,tesseract,"$ 47,596.46",47596.46,True,100.0,1.0,1.0,1.0,valid_money,0.605,critical,8.0,0.636364,0.0,0.272727,1.0,60.0,0.0,0.8240010912705392,0.98,True
1099_nec_2026_000124_scan_mild_01,1099_nec_2026_000124,1099_nec,validation,mild,federal_income_tax_withheld,text,0.00,0.00,0.00,0.00,True,100.0,94.0,enhanced,R aioe se ea 0.00,37.6,0.00,94.0,0.5,success,,0.0,False,,,,,,tesseract,0.00,0.00,True,100.0,1.0,1.0,1.0,valid_money,0.94,critical,4.0,0.75,0.0,0.25,0.0,0.0,0.0,0.9567442499077359,0.98,True
1099_nec_2026_000124_scan_mild_01,1099_nec_2026_000124,1099_nec,validation,mild,account_number,identifier,NEC-2026-000124,NEC-2026-000124,NEC2026000124,NEC2026000124,True,100.0,89.0,baseline,NEC-2026-000124,89.0,,0.0,0.5,success,,0.0,False,,,,,,tesseract,NEC-2026-000124,NEC2026000124,True,100.0,0.0,1.0,1.0,valid_identifier_shape,0.89,structured,13.0,0.666667,0.2,0.133333,0.0,0.0,0.0,0.9556572524618954,0.8,False
1099_nec_2026_000124_scan_mild_01,1099_nec_2026_000124,1099_nec,validation,mild,state_tax_withheld,money,0.00,"$00,",0.00,0.00,True,100.0,58.0,enhanced,,0.0,"$00,",58.0,0.5,success,,1.3472697123816138e-05,False,"$00,",True,100.0,,0.00,tesseract,"$00,",0.00,True,100.0,0.0,1.0,1.0,valid_money,0.58,critical,4.0,0.5,0.0,0.5,0.0,0.0,0.0,0.9793171006722176,0.98,True
1099_nec_2026_000124_scan_mild_01,1099_nec_2026_000124,1099_nec,validation,mild,state_payer_number,identifier,AK-7464782,ARATE,AK7464782,ARATE,False,14.29,12.0,enhanced,AKTARA7B2,0.0,ARATE,12.0,0.5,success,,0.999904995054832,True,AK-7464782,True,100.0,AK7464782,ARATE,trocr,AK-7464782,AK7464782,True,100.0,0.0,1.0,1.0,valid_identifier_shape,0.6919382467856409,structured,9.0,0.7,0.2,0.1,1.0,14.28571428571429,0.0,0.4879911556801592,0.8,True
1099_nec_2026_000124_scan_mild_01,1099_nec_2026_000124,1099_nec,validation,mild,state_income,money,"47,596.46",$4756.46,47596.46,4756.46,False,93.33,21.0,enhanced,"$-47,506.46",0.0,$4756.46,21.0,0.5,success,,0.851012147518188,True,"$ 47,596.46",True,100.0,47596.46,4756.46,trocr,"$ 47,596.46",47596.46,True,100.0,0.0,1.0,1.0,valid_money,0.6266578958868222,critical,8.0,0.636364,0.0,0.272727,1.0,93.33333333333333,0.0,0.9093797611612707,0.98,True
1099_nec_2026_000124_scan_hard_02,1099_nec_2026_000124,1099_nec,validation,hard,payer_name,text,COOPER-JONES,COOPER-JONES,COOPER JONES,COOPER JONES,True,100.0,92.0,enhanced,ty OOPER-JONE!,55.0,COOPER-JONES,92.0,0.0,success,,0.0,False,,,,,,tesseract,COOPER-JONES,COOPER JONES,True,100.0,1.0,1.0,1.0,valid_text,0.92,descriptive,12.0,0.0,0.916667,0.083333,0.0,0.0,0.0,0.9616494199740855,0.31,False
1099_nec_2026_000124_scan_hard_02,1099_nec_2026_000124,1099_nec,validation,hard,payer_street,text,086 NEAL PLAZA APT. 372,086 NEAL PLAZA APT. 372,086 NEAL PLAZA APT 372,086 NEAL PLAZA APT 372,True,100.0,95.2,baseline,086 NEAL PLAZA APT. 372,95.2,,0.0,0.0,success,,0.0,False,,,,,,tesseract,086 NEAL PLAZA APT. 372,086 NEAL PLAZA APT 372,True,100.0,0.0,1.0,1.0,valid_text,0.9520000000000001,descriptive,22.0,0.26087,0.521739,0.043478,0.0,0.0,0.0,0.8224649273675316,0.31,False
1099_nec_2026_000124_scan_hard_02,1099_nec_2026_000124,1099_nec,validation,hard,payer_city,text,PORT RHONDAVIEW,PORT | RHONDAVIEW Be,PORT RHONDAVIEW,PORT RHONDAVIEW BE,False,90.91,69.0,enhanced,ide A T RHO! ’ DAVIEW,55.67,PORT | RHONDAVIEW Be,69.0,0.0,success,,0.4152491967095114,False,PORT | RHONDAVIEW Be,False,90.91,PORT RHONDAVIEW,PORT RHONDAVIEW BE,tesseract,PORT | RHONDAVIEW Be,PORT RHONDAVIEW BE,False,90.91,0.0,1.0,1.0,valid_text,0.69,descriptive,18.0,0.0,0.8,0.05,1.0,90.9090909090909,0.0,0.2898371976820573,0.31,True
1099_nec_2026_000124_scan_hard_02,1099_nec_2026_000124,1099_nec,validation,hard,payer_state,state,IN,NN S,IN,NNS,False,40.0,4.0,baseline,NN S,4.0,C,0.0,0.0,success,,0.6335119005596491,True,SALE OF PROUNCE,False,13.33,SALEOFPROUNCE,NNS,trocr,SALE OF PROUNCE,SALEOFPROUNCE,False,13.33,0.0,0.0,0.2,invalid_state_code,0.425782735363772,structured,13.0,0.0,0.866667,0.0,1.0,12.5,0.0,0.0006266861680594995,0.8,True
1099_nec_2026_000124_scan_hard_02,1099_nec_2026_000124,1099_nec,validation,hard,payer_zip,text,31861,31861 VN Sra) ee,31861,318615,False,90.91,43.25,baseline,31861 VN Sra) ee,43.25,0,0.0,0.0,success,,0.1137064619688938,False,31861 VN Sra) ee,False,90.91,5186101605100,318615,tesseract,31861 VN Sra) ee,318615,False,90.91,0.0,0.0,0.8,invalid_zip_length,0.4325,structured,6.0,0.3125,0.4375,0.0625,1.0,52.63157894736843,0.0,0.006720279343667878,0.8,True
1099_nec_2026_000124_scan_hard_02,1099_nec_2026_000124,1099_nec,validation,hard,payer_tin,identifier,00-2307538,00-2307538,002307538,002307538,True,100.0,92.0,baseline,00-2307538,92.0,,0.0,0.0,success,,0.0,False,,,,,,tesseract,00-2307538,002307538,True,100.0,1.0,1.0,1.0,valid_ein_shape,0.92,critical,9.0,0.9,0.0,0.1,0.0,0.0,0.0,0.9644699087012527,0.98,True
1099_nec_2026_000124_scan_hard_02,1099_nec_2026_000124,1099_nec,validation,hard,recipient_tin,identifier,000-37-9511,000-37-9511,000379511,000379511,True,100.0,92.0,baseline,000-37-9511,92.0,,0.0,0.0,success,,0.0,False,,,,,,tesseract,000-37-9511,000379511,True,100.0,1.0,1.0,1.0,valid_ssn_shape,0.92,critical,9.0,0.818182,0.0,0.181818,0.0,0.0,0.0,0.9606593013700371,0.98,True
1099_nec_2026_000124_scan_hard_02,1099_nec_2026_000124,1099_nec,validation,hard,recipient_name,text,MICHAEL JOHNSON,MICHAEL JOHNSON =,MICHAEL JOHNSON,MICHAEL JOHNSON,True,100.0,72.0,baseline,MICHAEL JOHNSON =,72.0,,0.0,0.0,success,,0.0,False,,,,,,tesseract,MICHAEL JOHNSON =,MICHAEL JOHNSON,True,100.0,1.0,1.0,1.0,valid_text,0.72,descriptive,15.0,0.0,0.823529,0.058824,0.0,0.0,0.0,0.6506769850181442,0.31,False
1099_nec_2026_000124_scan_hard_02,1099_nec_2026_000124,1099_nec,validation,hard,recipient_street,text,0033 STEPHANIE DAM,0033 STEPHANIE DAM Vs,0033 STEPHANIE DAM,0033 STEPHANIE DAM VS,False,92.31,77.25,baseline,0033 STEPHANIE DAM Vs,77.25,,0.0,0.0,success,,0.0,False,,,,,,tesseract,0033 STEPHANIE DAM Vs,0033 STEPHANIE DAM VS,False,92.31,1.0,1.0,1.0,valid_text,0.7725,descriptive,21.0,0.190476,0.666667,0.0,0.0,0.0,0.0,0.7448788609931944,0.31,False
1099_nec_2026_000124_scan_hard_02,1099_nec_2026_000124,1099_nec,validation,hard,recipient_city,text,MARCUSFURT,Why Vt Wivere MARCUSFURT,MARCUSFURT,WHY VT WIVERE MARCUSFURT,False,58.82,51.25,enhanced,Wy Wwe Severe pe,29.5,Why Vt Wivere MARCUSFURT,51.25,0.0,success,,0.4125671962934201,False,Why Vt Wivere MARCUSFURT,False,58.82,MARCUSFURT 6,WHY VT WIVERE MARCUSFURT,tesseract,Why Vt Wivere MARCUSFURT,WHY VT WIVERE MARCUSFURT,False,58.82,1.0,1.0,1.0,valid_text,0.5125,descriptive,24.0,0.0,0.875,0.0,1.0,55.55555555555556,0.0,0.0777136061753241,0.31,True
1099_nec_2026_000124_scan_hard_02,1099_nec_2026_000124,1099_nec,validation,hard,recipient_state,state,AK,AK,AK,AK,True,100.0,55.0,baseline,AK,55.0,J,37.0,0.0,success,,0.2421275387518993,False,AK,True,100.0,SAKEOFPROUNCE,AK,tesseract,AK,AK,True,100.0,1.0,1.0,1.0,valid_state_code,0.55,structured,2.0,0.0,1.0,0.0,1.0,26.66666666666667,0.0,0.8418792938210183,0.8,False
1099_nec_2026_000124_scan_hard_02,1099_nec_2026_000124,1099_nec,validation,hard,recipient_zip,text,67380,ers ee Se a ss ee ee,67380,5555,False,0.0,27.43,baseline,ers ee Se a ss ee ee,27.43,0,31.0,0.0,success,,0.9063081260309098,True,67380 CHEGN POSTAL CODE,False,62.5,67380605100,5555,trocr,67380 CHEGN POSTAL CODE,67380605100,False,62.5,1.0,0.0,0.6,invalid_zip_length,0.6851052819200915,structured,11.0,0.217391,0.652174,0.0,1.0,13.33333333333333,0.0,0.00037711962003459667,0.8,True
1099_nec_2026_000124_scan_hard_02,1099_nec_2026_000124,1099_nec,validation,hard,nonemployee_compensation,money,"47,596.46","$ 47,596.46",47596.46,47596.46,True,100.0,82.0,enhanced,". 47,596.46",47.5,"$ 47,596.46",82.0,0.0,success,,0.0,False,,,,,,tesseract,"$ 47,596.46",47596.46,True,100.0,1.0,1.0,1.0,valid_money,0.82,critical,8.0,0.636364,0.0,0.272727,0.0,0.0,0.0,0.9325290569705609,0.98,True
1099_nec_2026_000124_scan_hard_02,1099_nec_2026_000124,1099_nec,validation,hard,federal_income_tax_withheld,text,0.00,0.00,0.00,0.00,True,100.0,89.0,enhanced,Witenes ee 0.00,41.67,0.00,89.0,0.0,success,,0.0,False,,,,,,tesseract,0.00,0.00,True,100.0,1.0,1.0,1.0,valid_money,0.89,critical,4.0,0.75,0.0,0.25,0.0,0.0,0.0,0.9449739727430456,0.98,True
1099_nec_2026_000124_scan_hard_02,1099_nec_2026_000124,1099_nec,validation,hard,account_number,identifier,NEC-2026-000124,NEC-2026-000124,NEC2026000124,NEC2026000124,True,100.0,15.0,enhanced,AUSSATC 124 -,6.33,NEC-2026-000124,15.0,0.0,success,,0.2387846276147582,False,NEC-2026-000124,True,100.0,NEC8280074,NEC2026000124,tesseract,NEC-2026-000124,NEC2026000124,True,100.0,0.0,1.0,1.0,valid_identifier_shape,0.15,structured,13.0,0.666667,0.2,0.133333,1.0,60.86956521739131,0.0,0.25072547841927173,0.8,True
1099_nec_2026_000124_scan_hard_02,1099_nec_2026_000124,1099_nec,validation,hard,state_tax_withheld,money,0.00,$0,0.00,0.00,True,100.0,31.0,enhanced,,0.0,$0,31.0,0.0,success,,0.0010509331562589,False,$0,True,100.0,0.00,0.00,tesseract,$0,0.00,True,100.0,0.0,1.0,1.0,valid_money,0.31,critical,4.0,0.5,0.0,0.5,1.0,100.0,0.0,0.9794560814777363,0.98,True
1099_nec_2026_000124_scan_hard_02,1099_nec_2026_000124,1099_nec,validation,hard,state_payer_number,identifier,AK-7464782,AK7A67E2,AK7464782,AK7A67E2,False,70.59,0.0,enhanced,,0.0,AK7A67E2,0.0,0.0,success,,0.9966764972035173,True,AK-7464782,True,100.0,AK7464782,AK7A67E2,trocr,AK-7464782,AK7464782,True,100.0,0.0,1.0,1.0,valid_identifier_shape,0.6478397231822862,structured,9.0,0.7,0.2,0.1,1.0,70.58823529411764,0.0,0.840032514978442,0.8,False
1099_nec_2026_000124_scan_hard_02,1099_nec_2026_000124,1099_nec,validation,hard,state_income,money,"47,596.46","$47,596.46",47596.46,47596.46,True,100.0,7.0,enhanced,"$47,596.46",0.0,"$47,596.46",7.0,0.0,success,,0.0016047109846977,False,"$47,596.46",True,100.0,47596.46,47596.46,tesseract,"$47,596.46",47596.46,True,100.0,0.0,1.0,1.0,valid_money,0.07,critical,8.0,0.7,0.0,0.3,1.0,100.0,0.0,0.9335352626724166,0.98,True
1099_nec_2026_000156_scan_mild_01,1099_nec_2026_000156,1099_nec,validation,mild,payer_name,text,BROWN AND SONS,BROWN AND SONS,BROWN AND SONS,BROWN AND SONS,True,100.0,96.0,baseline,BROWN AND SONS,96.0,,0.0,0.0,success,,0.0,False,,,,,,tesseract,BROWN AND SONS,BROWN AND SONS,True,100.0,1.0,1.0,1.0,valid_text,0.96,descriptive,14.0,0.0,0.857143,0.0,0.0,0.0,0.0,0.872690789598743,0.31,False
1099_nec_2026_000156_scan_mild_01,1099_nec_2026_000156,1099_nec,validation,mild,payer_street,text,84526 BARTLETT HEIGHTS SUITE 391,84526 BARTLETT HEIGHTS SUITE 391,84526 BARTLETT HEIGHTS SUITE 391,84526 BARTLETT HEIGHTS SUITE 391,True,100.0,96.0,baseline,84526 BARTLETT HEIGHTS SUITE 391,96.0,,0.0,0.0,success,,0.0,False,,,,,,tesseract,84526 BARTLETT HEIGHTS SUITE 391,84526 BARTLETT HEIGHTS SUITE 391,True,100.0,0.0,1.0,1.0,valid_text,0.96,descriptive,32.0,0.25,0.625,0.0,0.0,0.0,0.0,0.8178006549221395,0.31,False
1099_nec_2026_000156_scan_mild_01,1099_nec_2026_000156,1099_nec,validation,mild,payer_city,text,SCOTTFORT,Why Vi ture SCOTTFORT,SCOTTFORT,WHY VI TURE SCOTTFORT,False,60.0,65.75,enhanced,SCOTTFORT,90.0,Why Vi ture SCOTTFORT,65.75,0.0,success,,0.8606774630913933,True,SCOTFORT,False,94.12,SCOTFORT,WHY VI TURE SCOTTFORT,trocr,SCOTFORT,SCOTFORT,False,94.12,0.0,1.0,1.0,valid_text,0.7895653510094056,descriptive,8.0,0.0,1.0,0.0,1.0,55.172413793103445,0.0,0.27454141126838916,0.31,True
1099_nec_2026_000156_scan_mild_01,1099_nec_2026_000156,1099_nec,validation,mild,payer_state,state,AL,SS,AL,SS,False,0.0,0.0,enhanced,AL TN,27.0,SS,0.0,0.0,success,,0.7740182484405018,True,DATE OF PROVINCE,False,12.5,DATEOFPROVINCE,SS,trocr,DATE OF PROVINCE,DATEOFPROVINCE,False,12.5,0.0,0.0,0.2,invalid_state_code,0.5031118614863263,structured,14.0,0.0,0.875,0.0,1.0,0.0,0.0,0.0006318826635070745,0.8,True
1099_nec_2026_000156_scan_mild_01,1099_nec_2026_000156,1099_nec,validation,mild,payer_zip,text,15523,853,15523,853,False,50.0,29.0,enhanced,co ei rateea a,13.25,853,29.0,0.0,success,,0.0876227738835259,False,853,False,50.0,1552901005100,853,tesseract,853,853,False,50.0,0.0,0.0,0.6,invalid_zip_length,0.29,structured,3.0,1.0,0.0,0.0,1.0,12.5,0.0,0.004154951936418211,0.8,True
1099_nec_2026_000156_scan_mild_01,1099_nec_2026_000156,1099_nec,validation,mild,payer_tin,identifier,00-7443916,00-7443916,007443916,007443916,True,100.0,92.0,baseline,00-7443916,92.0,,0.0,0.0,success,,0.0,False,,,,,,tesseract,00-7443916,007443916,True,100.0,1.0,1.0,1.0,valid_ein_shape,0.92,critical,9.0,0.9,0.0,0.1,0.0,0.0,0.0,0.9571158489983814,0.98,True
1099_nec_2026_000156_scan_mild_01,1099_nec_2026_000156,1099_nec,validation,mild,recipient_tin,identifier,000-75-3619,000-75-3619,000753619,000753619,True,100.0,92.0,baseline,000-75-3619,92.0,,0.0,0.0,success,,0.0,False,,,,,,tesseract,000-75-3619,000753619,True,100.0,1.0,1.0,1.0,valid_ssn_shape,0.92,critical,9.0,0.818182,0.0,0.181818,0.0,0.0,0.0,0.9702175414431212,0.98,True
1099_nec_2026_000156_scan_mild_01,1099_nec_2026_000156,1099_nec,validation,mild,recipient_name,text,COREY KING,COREY KING,COREY KING,COREY KING,True,100.0,96.0,enhanced,COREY KING — 2,52.75,COREY KING,96.0,0.0,success,,0.0,False,,,,,,tesseract,COREY KING,COREY KING,True,100.0,1.0,1.0,1.0,valid_text,0.96,descriptive,10.0,0.0,0.9,0.0,0.0,0.0,0.0,0.8844729567852351,0.31,False
1099_nec_2026_000156_scan_mild_01,1099_nec_2026_000156,1099_nec,validation,mild,recipient_street,text,291 DAVID CANYON,291 DAVID CANYON,291 DAVID CANYON,291 DAVID CANYON,True,100.0,96.0,baseline,291 DAVID CANYON,96.0,,0.0,0.0,success,,0.0,False,,,,,,tesseract,291 DAVID CANYON,291 DAVID CANYON,True,100.0,1.0,1.0,1.0,valid_text,0.96,descriptive,16.0,0.1875,0.6875,0.0,0.0,0.0,0.0,0.9186031414929877,0.31,False
1099_nec_2026_000156_scan_mild_01,1099_nec_2026_000156,1099_nec,validation,mild,recipient_city,text,EAST JULIE,EAST JULIE |,EAST JULIE,EAST JULIE,True,100.0,86.0,baseline,EAST JULIE |,86.0,,0.0,0.0,success,,0.0,False,,,,,,tesseract,EAST JULIE |,EAST JULIE,True,100.0,1.0,1.0,1.0,valid_text,0.86,descriptive,10.0,0.0,0.75,0.083333,0.0,0.0,0.0,0.696183964500624,0.31,False
1099_nec_2026_000156_scan_mild_01,1099_nec_2026_000156,1099_nec,validation,mild,recipient_state,state,VA,WA,VA,WA,False,50.0,38.0,enhanced,VA BF,31.0,WA,38.0,0.0,success,,0.4443586438354999,False,WA,False,50.0,DATEOFPROWNCE,WA,tesseract,WA,WA,False,50.0,1.0,1.0,1.0,valid_state_code,0.38,structured,2.0,0.0,1.0,0.0,1.0,13.33333333333333,0.0,0.542525613714048,0.8,True
1099_nec_2026_000156_scan_mild_01,1099_nec_2026_000156,1099_nec,validation,mild,recipient_zip,text,09964,ogg64 en ne re!,09964,06664,False,60.0,14.0,baseline,ogg64 en ne re!,14.0,,0.0,0.0,success,,0.7736662947940406,True,09964 TOREIGN POSTAL CODE,False,55.56,0996401605100,06664,trocr,09964 TOREIGN POSTAL CODE,0996401605100,False,55.56,1.0,0.0,0.19999999999999996,invalid_zip_length,0.5518830916161265,structured,13.0,0.2,0.68,0.0,1.0,33.333333333333336,0.0,0.00034228719372932824,0.8,True
1099_nec_2026_000156_scan_mild_01,1099_nec_2026_000156,1099_nec,validation,mild,nonemployee_compensation,money,"23,727.28","$ 23,727.28",23727.28,23727.28,True,100.0,82.0,enhanced,"$ 23,727.28",65.0,"$ 23,727.28",82.0,0.0,success,,0.0,False,,,,,,tesseract,"$ 23,727.28",23727.28,True,100.0,1.0,1.0,1.0,valid_money,0.82,critical,8.0,0.636364,0.0,0.272727,0.0,0.0,0.0,0.9032078688182698,0.98,True
1099_nec_2026_000156_scan_mild_01,1099_nec_2026_000156,1099_nec,validation,mild,federal_income_tax_withheld,text,"2,513.53","2,513.53",2513.53,2513.53,True,100.0,96.0,enhanced,"f peceeene des sie acest 2,513.53",30.83,"2,513.53",96.0,0.0,success,,0.0,False,,,,,,tesseract,"2,513.53",2513.53,True,100.0,1.0,1.0,1.0,valid_money,0.96,critical,7.0,0.75,0.0,0.25,0.0,0.0,0.0,0.9446001362031328,0.98,True
1099_nec_2026_000156_scan_mild_01,1099_nec_2026_000156,1099_nec,validation,mild,account_number,identifier,NEC-2026-000156,NEC-2026-000156,NEC2026000156,NEC2026000156,True,100.0,92.0,baseline,NEC-2026-000156,92.0,,0.0,0.0,success,,0.0,False,,,,,,tesseract,NEC-2026-000156,NEC2026000156,True,100.0,0.0,1.0,1.0,valid_identifier_shape,0.92,structured,13.0,0.666667,0.2,0.133333,0.0,0.0,0.0,0.968351354618258,0.8,False
1099_nec_2026_000156_scan_mild_01,1099_nec_2026_000156,1099_nec,validation,mild,state_tax_withheld,money,0.00,$0,0.00,0.00,True,100.0,38.0,enhanced,,0.0,$0,38.0,0.0,success,,0.0005382182054871,False,$0,True,100.0,0.00,0.00,tesseract,$0,0.00,True,100.0,0.0,1.0,1.0,valid_money,0.38,critical,4.0,0.5,0.0,0.5,1.0,100.0,0.0,0.9900387971908826,0.98,False
1099_nec_2026_000156_scan_mild_01,1099_nec_2026_000156,1099_nec,validation,mild,state_payer_number,identifier,VA-3866974,674,VA3866974,674,False,50.0,0.0,enhanced,,0.0,674,0.0,0.0,success,,0.9922890728103234,True,VA-3866974,True,100.0,VA3866974,674,trocr,VA-3866974,VA3866974,True,100.0,0.0,1.0,1.0,valid_identifier_shape,0.6449878973267102,structured,9.0,0.7,0.2,0.1,1.0,50.0,0.0,0.8419988658225903,0.8,False
1099_nec_2026_000156_scan_mild_01,1099_nec_2026_000156,1099_nec,validation,mild,state_income,money,"23,727.28","$23,727.28",23727.28,23727.28,True,100.0,53.0,enhanced,"$-23,727.28",0.0,"$23,727.28",53.0,0.0,success,,0.0003536651796663,False,"$23,727.28",True,100.0,23727.28,23727.28,tesseract,"$23,727.28",23727.28,True,100.0,0.0,1.0,1.0,valid_money,0.53,critical,8.0,0.7,0.0,0.3,1.0,100.0,0.0,0.9767048401326083,0.98,True
1099_nec_2026_000156_scan_hard_02,1099_nec_2026_000156,1099_nec,validation,hard,payer_name,text,BROWN AND SONS,= OWN AND SONS,BROWN AND SONS,OWN AND SONS,False,92.31,70.75,enhanced,oS :,30.0,= OWN AND SONS,70.75,2.0,success,,0.0,False,,,,,,tesseract,= OWN AND SONS,OWN AND SONS,False,92.31,1.0,1.0,1.0,valid_text,0.7075,descriptive,12.0,0.0,0.714286,0.071429,0.0,0.0,0.0,0.6183446632025821,0.31,False
1099_nec_2026_000156_scan_hard_02,1099_nec_2026_000156,1099_nec,validation,hard,payer_street,text,84526 BARTLETT HEIGHTS SUITE 391,seman HEIGHTS SUITE 391,84526 BARTLETT HEIGHTS SUITE 391,SEMAN HEIGHTS SUITE 391,False,69.09,78.25,baseline,seman HEIGHTS SUITE 391,78.25,,0.0,2.0,success,,0.0,False,,,,,,tesseract,seman HEIGHTS SUITE 391,SEMAN HEIGHTS SUITE 391,False,69.09,0.0,1.0,1.0,valid_text,0.7825,descriptive,23.0,0.130435,0.73913,0.0,0.0,0.0,0.0,0.7823932227119144,0.31,False
1099_nec_2026_000156_scan_hard_02,1099_nec_2026_000156,1099_nec,validation,hard,payer_city,text,SCOTTFORT,| os TTFORT,SCOTTFORT,OS TTFORT,False,77.78,70.0,enhanced,ek TTFORT,60.5,| os TTFORT,70.0,2.0,success,,0.0,False,,,,,,tesseract,| os TTFORT,OS TTFORT,False,77.78,0.0,1.0,1.0,valid_text,0.7,descriptive,9.0,0.0,0.727273,0.090909,0.0,0.0,0.0,0.45860728875245516,0.31,False
1099_nec_2026_000156_scan_hard_02,1099_nec_2026_000156,1099_nec,validation,hard,payer_state,state,AL,P MVVHTY,AL,PMVVHTY,False,0.0,0.0,baseline,P MVVHTY,0.0,,0.0,2.0,success,,0.5256456947531846,True,AMOUNT,False,25.0,AMOUNT,PMVVHTY,trocr,AMOUNT,AMOUNT,False,25.0,0.0,0.0,0.2,invalid_state_code,0.34166970158957,structured,6.0,0.0,1.0,0.0,1.0,30.76923076923077,0.0,0.00434921044501252,0.8,True
1099_nec_2026_000156_scan_hard_02,1099_nec_2026_000156,1099_nec,validation,hard,payer_zip,text,15523,ae,15523,,False,0.0,31.0,baseline,ae,31.0,,0.0,2.0,success,,0.9703100750059076,True,1529 REGN POSTAL CODE,False,40.0,1529605100,,trocr,1529 REGN POSTAL CODE,1529605100,False,40.0,0.0,0.0,0.8,invalid_zip_length,0.73920154875384,structured,10.0,0.190476,0.666667,0.0,1.0,0.0,0.0,0.00039973876552931985,0.8,True
1099_nec_2026_000156_scan_hard_02,1099_nec_2026_000156,1099_nec,validation,hard,payer_tin,identifier,00-7443916,00-7443916,007443916,007443916,True,100.0,92.0,baseline,00-7443916,92.0,,0.0,2.0,success,,0.0,False,,,,,,tesseract,00-7443916,007443916,True,100.0,1.0,1.0,1.0,valid_ein_shape,0.92,critical,9.0,0.9,0.0,0.1,0.0,0.0,0.0,0.9571158489983814,0.98,True
1099_nec_2026_000156_scan_hard_02,1099_nec_2026_000156,1099_nec,validation,hard,recipient_tin,identifier,000-75-3619,000-75-3619 3,000753619,0007536193,False,94.74,46.0,baseline,000-75-3619 3,46.0,000-753619,0.0,2.0,success,,0.70476742139652,True,000-75-2019,False,77.78,000752019,0007536193,trocr,000-75-2019,000752019,False,77.78,1.0,1.0,1.0,valid_ssn_shape,0.6190988239077381,critical,9.0,0.818182,0.0,0.181818,1.0,73.6842105263158,0.0,0.5820370650803255,0.98,True
1099_nec_2026_000156_scan_hard_02,1099_nec_2026_000156,1099_nec,validation,hard,recipient_name,text,COREY KING,COREY KING Streat acirirace,COREY KING,COREY KING STREAT ACIRIRACE,False,54.05,92.75,enhanced,on KING,52.5,COREY KING Streat acirirace,92.75,2.0,success,,0.0,False,,,,,,tesseract,COREY KING Streat acirirace,COREY KING STREAT ACIRIRACE,False,54.05,1.0,1.0,1.0,valid_text,0.9275,descriptive,27.0,0.0,0.888889,0.0,0.0,0.0,0.0,0.6314837751884677,0.31,False
1099_nec_2026_000156_scan_hard_02,1099_nec_2026_000156,1099_nec,validation,hard,recipient_street,text,291 DAVID CANYON,wuvel Guu cs ae | 291 DAVID CANYON POP EEN PURSES,291 DAVID CANYON,WUVEL GUU CS AE 291 DAVID CANYON POP EEN PURSES,False,50.79,49.18,enhanced,wales |,34.0,wuvel Guu cs ae | 291 DAVID CANYON POP EEN PURSES,49.18,2.0,success,,0.7075813353464907,True,PET DAVID CANYON,False,81.25,PET DAVID CANYON,WUVEL GUU CS AE 291 DAVID CANYON POP EEN PURSES,trocr,PET DAVID CANYON,PET DAVID CANYON,False,81.25,1.0,1.0,1.0,valid_text,0.6320578679752189,descriptive,16.0,0.0,0.875,0.0,1.0,44.44444444444444,0.0,0.15081974628755218,0.31,True
1099_nec_2026_000156_scan_hard_02,1099_nec_2026_000156,1099_nec,validation,hard,recipient_city,text,EAST JULIE,| wy ww weet | EAST JULIE —_—_— nnn Ctata ar neeuniann ~ :,EAST JULIE,WY WW WEET EAST JULIE NNN CTATA AR NEEUNIANN,False,37.04,45.21,enhanced,sisoralt,0.0,| wy ww weet | EAST JULIE —_—_— nnn Ctata ar neeuniann ~ :,45.21,2.0,success,,0.7832384069306993,True,FREE AMOUNT,False,28.57,FREE AMOUNT,WY WW WEET EAST JULIE NNN CTATA AR NEEUNIANN,trocr,FREE AMOUNT,FREE AMOUNT,False,28.57,1.0,1.0,1.0,valid_text,0.6673399645049546,descriptive,11.0,0.0,0.909091,0.0,1.0,25.454545454545453,0.0,0.05728084893216565,0.31,True
1099_nec_2026_000156_scan_hard_02,1099_nec_2026_000156,1099_nec,validation,hard,recipient_state,state,VA,RT,VA,RT,False,0.0,0.0,enhanced,,0.0,RT,0.0,2.0,success,,0.7363095313726645,True,SAVE OF PROUNCE,False,13.33,SAVEOFPROUNCE,RT,trocr,SAVE OF PROUNCE,SAVEOFPROUNCE,False,13.33,1.0,0.0,0.2,invalid_state_code,0.47860119539223195,structured,13.0,0.0,0.866667,0.0,1.0,13.33333333333333,0.0,0.0005744440504621485,0.8,True
1099_nec_2026_000156_scan_hard_02,1099_nec_2026_000156,1099_nec,validation,hard,recipient_zip,text,09964,os wr mony pus COUS,09964,050505,False,18.18,11.6,baseline,os wr mony pus COUS,11.6,2,0.0,2.0,success,,0.8654039224301,True,09964 REGION POSTAL CODE,False,55.56,0996461005100,050505,trocr,09964 REGION POSTAL CODE,0996461005100,False,55.56,1.0,0.0,0.19999999999999996,invalid_zip_length,0.603112549579565,structured,13.0,0.208333,0.666667,0.0,1.0,42.10526315789473,0.0,0.0005062807792286711,0.8,True
1099_nec_2026_000156_scan_hard_02,1099_nec_2026_000156,1099_nec,validation,hard,nonemployee_compensation,money,"23,727.28","$ , 23,727.28",23727.28,23727.28,True,100.0,41.67,enhanced,,0.0,"$ , 23,727.28",41.67,2.0,success,,0.1383804035183247,False,"$ , 23,727.28",True,100.0,5127278.00,23727.28,tesseract,"$ , 23,727.28",23727.28,True,100.0,1.0,1.0,1.0,valid_money,0.4167,critical,8.0,0.538462,0.0,0.307692,1.0,55.55555555555556,1.0,0.15334170497801258,0.98,True
1099_nec_2026_000156_scan_hard_02,1099_nec_2026_000156,1099_nec,validation,hard,federal_income_tax_withheld,text,"2,513.53",| _ ee ee eee tee WEES POTEET PEEL oniake,2513.53,150101.00,False,37.5,28.6,baseline,| _ ee ee eee tee WEES POTEET PEEL oniake,28.6,351353,0.0,2.0,success,,0.963362429905028,True,SR: 03355,False,37.5,503355.00,150101.00,trocr,SR: 03355,503355.00,False,37.5,1.0,1.0,1.0,valid_money,0.7262855794382682,critical,9.0,0.555556,0.222222,0.111111,1.0,55.55555555555556,1.0,0.03108645897305726,0.98,True
1099_nec_2026_000156_scan_hard_02,1099_nec_2026_000156,1099_nec,validation,hard,account_number,identifier,NEC-2026-000156,7,NEC2026000156,7,False,0.0,52.0,enhanced,SS,0.0,7,52.0,2.0,success,,0.0726303523341595,False,7,False,0.0,RECEIPTFORANOFFER,7,tesseract,7,7,False,0.0,0.0,0.0,0.25,identifier_too_short,0.52,structured,1.0,1.0,0.0,0.0,1.0,0.0,0.0,0.024489688539001228,0.8,True
1099_nec_2026_000156_scan_hard_02,1099_nec_2026_000156,1099_nec,validation,hard,state_tax_withheld,money,0.00,(2,0.00,2.00,False,75.0,0.0,enhanced,.,0.0,(2,0.0,2.0,success,,0.9405485179429788,True,$ 0.00,True,100.0,0.00,2.00,trocr,$ 0.00,0.00,True,100.0,0.0,1.0,1.0,valid_money,0.6113565366629362,critical,4.0,0.5,0.0,0.333333,1.0,75.0,0.0,0.7578894994790911,0.98,True
1099_nec_2026_000156_scan_hard_02,1099_nec_2026_000156,1099_nec,validation,hard,state_payer_number,identifier,VA-3866974,7,VA3866974,7,False,20.0,0.0,baseline,7,0.0,VAS,0.0,2.0,success,,0.9972112353480136,True,VA-3866974,True,100.0,VA3866974,7,trocr,VA-3866974,VA3866974,True,100.0,0.0,1.0,1.0,valid_identifier_shape,0.6481873029762089,structured,9.0,0.7,0.2,0.1,1.0,19.999999999999996,0.0,0.7060366196352301,0.8,True
1099_nec_2026_000156_scan_hard_02,1099_nec_2026_000156,1099_nec,validation,hard,state_income,money,"23,727.28","$23,727.28",23727.28,23727.28,True,100.0,12.0,baseline,"$23,727.28",12.0,$2,10.0,2.0,success,,0.001361606608697,False,"$23,727.28",True,100.0,23727.28,23727.28,tesseract,"$23,727.28",23727.28,True,100.0,0.0,1.0,1.0,valid_money,0.12,critical,8.0,0.7,0.0,0.3,1.0,100.0,0.0,0.8662335011675182,0.98,True
1099_nec_2026_000167_scan_mild_01,1099_nec_2026_000167,1099_nec,validation,mild,payer_name,text,KRAMER-GRIFFITH,KRAMER-GRIFFITH,KRAMER GRIFFITH,KRAMER GRIFFITH,True,100.0,90.0,baseline,KRAMER-GRIFFITH,90.0,,0.0,-0.5,success,,0.0,False,,,,,,tesseract,KRAMER-GRIFFITH,KRAMER GRIFFITH,True,100.0,1.0,1.0,1.0,valid_text,0.9,descriptive,15.0,0.0,0.933333,0.066667,0.0,0.0,0.0,0.9387722110483288,0.31,False
1099_nec_2026_000167_scan_mild_01,1099_nec_2026_000167,1099_nec,validation,mild,payer_street,text,8243 ELIZABETH MOUNTAINS SUITE 464,"8243 ELIZABETH MOUNTAINS SUITE 464 ,",8243 ELIZABETH MOUNTAINS SUITE 464,8243 ELIZABETH MOUNTAINS SUITE 464,True,100.0,78.33,baseline,"8243 ELIZABETH MOUNTAINS SUITE 464 ,",78.33,,0.0,-0.5,success,,0.0,False,,,,,,tesseract,"8243 ELIZABETH MOUNTAINS SUITE 464 ,",8243 ELIZABETH MOUNTAINS SUITE 464,True,100.0,0.0,1.0,1.0,valid_text,0.7833,descriptive,34.0,0.194444,0.638889,0.027778,0.0,0.0,0.0,0.548198885407828,0.31,False
1099_nec_2026_000167_scan_mild_01,1099_nec_2026_000167,1099_nec,validation,mild,payer_city,text,WILLIAMHAVEN,Uity ofr town WILLIAMHAVEN,WILLIAMHAVEN,UITY OFR TOWN WILLIAMHAVEN,False,63.16,74.75,enhanced,WILLIAMHAVEN |,67.0,Uity ofr town WILLIAMHAVEN,74.75,-0.5,success,,0.0,False,,,,,,tesseract,Uity ofr town WILLIAMHAVEN,UITY OFR TOWN WILLIAMHAVEN,False,63.16,0.0,1.0,1.0,valid_text,0.7475,descriptive,26.0,0.0,0.884615,0.0,0.0,0.0,0.0,0.2903501523859396,0.31,True
1099_nec_2026_000167_scan_mild_01,1099_nec_2026_000167,1099_nec,validation,mild,payer_state,state,NY,SN,NY,SN,False,50.0,0.0,enhanced,NY VIMIVVVYS,15.0,SN,0.0,-0.5,success,,0.6414086413654815,True,STATE OR PROVINCE,False,11.76,STATEORPROVINCE,SN,trocr,STATE OR PROVINCE,STATEORPROVINCE,False,11.76,0.0,0.0,0.2,invalid_state_code,0.41691561688756296,structured,15.0,0.0,0.882353,0.0,1.0,23.529411764705888,0.0,0.0005105801077971234,0.8,True
1099_nec_2026_000167_scan_mild_01,1099_nec_2026_000167,1099_nec,validation,mild,payer_zip,text,03449,03449 CWE s wis www,03449,03449515,False,76.92,19.0,baseline,03449 CWE s wis www,19.0,,0.0,-0.5,success,,0.2417812140514065,False,03449 CWE s wis www,False,76.92,0344901005100,03449515,tesseract,03449 CWE s wis www,03449515,False,76.92,0.0,0.0,0.8,invalid_zip_length,0.19,structured,8.0,0.263158,0.526316,0.0,1.0,66.66666666666667,0.0,0.0010415458528758802,0.8,True
1099_nec_2026_000167_scan_mild_01,1099_nec_2026_000167,1099_nec,validation,mild,payer_tin,identifier,00-1596568,00-1596568,001596568,001596568,True,100.0,92.0,baseline,00-1596568,92.0,,0.0,-0.5,success,,0.0,False,,,,,,tesseract,00-1596568,001596568,True,100.0,1.0,1.0,1.0,valid_ein_shape,0.92,critical,9.0,0.9,0.0,0.1,0.0,0.0,0.0,0.977069164627047,0.98,True
1099_nec_2026_000167_scan_mild_01,1099_nec_2026_000167,1099_nec,validation,mild,recipient_tin,identifier,000-92-3224,000-92-3224,000923224,000923224,True,100.0,92.0,baseline,000-92-3224,92.0,,0.0,-0.5,success,,0.0,False,,,,,,tesseract,000-92-3224,000923224,True,100.0,1.0,1.0,1.0,valid_ssn_shape,0.92,critical,9.0,0.818182,0.0,0.181818,0.0,0.0,0.0,0.9798347704718077,0.98,True
1099_nec_2026_000167_scan_mild_01,1099_nec_2026_000167,1099_nec,validation,mild,recipient_name,text,MONICA RICHARDSON,MONICA RICHARDSON,MONICA RICHARDSON,MONICA RICHARDSON,True,100.0,95.5,baseline,MONICA RICHARDSON,95.5,,0.0,-0.5,success,,0.0,False,,,,,,tesseract,MONICA RICHARDSON,MONICA RICHARDSON,True,100.0,1.0,1.0,1.0,valid_text,0.955,descriptive,17.0,0.0,0.941176,0.0,0.0,0.0,0.0,0.8651142034069047,0.31,False
1099_nec_2026_000167_scan_mild_01,1099_nec_2026_000167,1099_nec,validation,mild,recipient_street,text,5279 EMILY JUNCTIONS,5279 EMILY JUNCTIONS,5279 EMILY JUNCTIONS,5279 EMILY JUNCTIONS,True,100.0,93.67,baseline,5279 EMILY JUNCTIONS,93.67,,0.0,-0.5,success,,0.0,False,,,,,,tesseract,5279 EMILY JUNCTIONS,5279 EMILY JUNCTIONS,True,100.0,1.0,1.0,1.0,valid_text,0.9367,descriptive,20.0,0.2,0.7,0.0,0.0,0.0,0.0,0.9113013260704549,0.31,False
1099_nec_2026_000167_scan_mild_01,1099_nec_2026_000167,1099_nec,validation,mild,recipient_city,text,WEST GLORIATON,WEST GLORIATON,WEST GLORIATON,WEST GLORIATON,True,100.0,92.5,baseline,WEST GLORIATON,92.5,,0.0,-0.5,success,,0.0,False,,,,,,tesseract,WEST GLORIATON,WEST GLORIATON,True,100.0,1.0,1.0,1.0,valid_text,0.925,descriptive,14.0,0.0,0.928571,0.0,0.0,0.0,0.0,0.8225004610515414,0.31,False
1099_nec_2026_000167_scan_mild_01,1099_nec_2026_000167,1099_nec,validation,mild,recipient_state,state,PR,PR,PR,PR,True,100.0,40.0,enhanced,BR VW,19.5,PR,40.0,-0.5,success,,0.3545963390112389,False,PR,True,100.0,STATEORPROVINCE,PR,tesseract,PR,PR,True,100.0,1.0,1.0,1.0,valid_state_code,0.4,structured,2.0,0.0,1.0,0.0,1.0,23.529411764705888,0.0,0.46238945769551854,0.8,True
1099_nec_2026_000167_scan_mild_01,1099_nec_2026_000167,1099_nec,validation,mild,recipient_zip,text,38692,gpee,38692,6,False,33.33,0.0,baseline,gpee,0.0,2,6.0,-0.5,success,,0.9811557813367549,True,38692 TORSIGN POSTAL CODE,False,52.63,38692051605100,6,trocr,38692 TORSIGN POSTAL CODE,38692051605100,False,52.63,1.0,0.0,0.0,invalid_zip_length,0.6377512578688906,structured,14.0,0.2,0.68,0.0,1.0,13.33333333333333,0.0,0.00010302352535684399,0.8,True
1099_nec_2026_000167_scan_mild_01,1099_nec_2026_000167,1099_nec,validation,mild,nonemployee_compensation,money,"35,550.41","35,550.41",35550.41,35550.41,True,100.0,95.0,enhanced,"$ 35,550.41",54.0,"35,550.41",95.0,-0.5,success,,0.0,False,,,,,,tesseract,"35,550.41",35550.41,True,100.0,1.0,1.0,1.0,valid_money,0.95,critical,8.0,0.777778,0.0,0.222222,0.0,0.0,0.0,0.9857147235127293,0.98,False
1099_nec_2026_000167_scan_mild_01,1099_nec_2026_000167,1099_nec,validation,mild,federal_income_tax_withheld,text,"1,802.07",802.07,1802.07,802.07,False,92.31,92.0,enhanced,,0.0,802.07,92.0,-0.5,success,,0.0,False,,,,,,tesseract,802.07,802.07,False,92.31,1.0,1.0,1.0,valid_money,0.92,critical,6.0,0.833333,0.0,0.166667,0.0,0.0,0.0,0.9690542039396265,0.98,True
1099_nec_2026_000167_scan_mild_01,1099_nec_2026_000167,1099_nec,validation,mild,account_number,identifier,NEC-2026-000167,NEC-2026-000167 UUUDREANRIW,NEC2026000167,NEC2026000167UUUDREANRIW,False,70.27,8.0,enhanced,NEC-2026-000167,0.0,NEC-2026-000167 UUUDREANRIW,8.0,-0.5,success,,0.829173391786285,True,RECE:00067,False,63.64,RECE00067,NEC2026000167UUUDREANRIW,trocr,RECE:00067,RECE00067,False,63.64,0.0,1.0,1.0,valid_identifier_shape,0.5669627046610853,structured,9.0,0.5,0.4,0.1,1.0,42.42424242424242,0.0,0.465964726458091,0.8,True
1099_nec_2026_000167_scan_mild_01,1099_nec_2026_000167,1099_nec,validation,mild,state_tax_withheld,money,0.00,$00,0.00,0.00,True,100.0,44.0,enhanced,,0.0,$00,44.0,-0.5,success,,0.0004178545482598,False,$00,True,100.0,0.00,0.00,tesseract,$00,0.00,True,100.0,0.0,1.0,1.0,valid_money,0.44,critical,4.0,0.666667,0.0,0.333333,1.0,100.0,0.0,0.9941143080526756,0.98,False
1099_nec_2026_000167_scan_mild_01,1099_nec_2026_000167,1099_nec,validation,mild,state_payer_number,identifier,PR-6622207,PROT,PR6622207,PROT,False,30.77,12.0,enhanced,PR7,0.0,PROT,12.0,-0.5,success,,0.9998887636933216,True,PR-6622207,True,100.0,PR6622207,PROT,trocr,PR-6622207,PR6622207,True,100.0,0.0,1.0,1.0,valid_identifier_shape,0.6919276964006591,structured,9.0,0.7,0.2,0.1,1.0,30.76923076923077,0.0,0.671582729059761,0.8,True
1099_nec_2026_000167_scan_mild_01,1099_nec_2026_000167,1099_nec,validation,mild,state_income,money,"35,550.41","$35,550.41",35550.41,35550.41,True,100.0,23.0,enhanced,,0.0,"$35,550.41",23.0,-0.5,success,,0.00094850421017,False,"$35,550.41",True,100.0,35550.41,35550.41,tesseract,"$35,550.41",35550.41,True,100.0,0.0,1.0,1.0,valid_money,0.23,critical,8.0,0.7,0.0,0.3,1.0,100.0,0.0,0.9385894584640304,0.98,True
1099_nec_2026_000169_scan_mild_01,1099_nec_2026_000169,1099_nec,validation,mild,payer_name,text,"ANDERSON, HARPER AND GLASS","ANDERSON, HARPER AND GLASS",ANDERSON HARPER AND GLASS,ANDERSON HARPER AND GLASS,True,100.0,95.5,baseline,"ANDERSON, HARPER AND GLASS",95.5,,0.0,1.0,success,,0.0,False,,,,,,tesseract,"ANDERSON, HARPER AND GLASS",ANDERSON HARPER AND GLASS,True,100.0,1.0,1.0,1.0,valid_text,0.955,descriptive,25.0,0.0,0.846154,0.038462,0.0,0.0,0.0,0.7898684475914338,0.31,False
1099_nec_2026_000169_scan_mild_01,1099_nec_2026_000169,1099_nec,validation,mild,payer_street,text,657 BAKER HAVEN,657 BAKER HAVEN |,657 BAKER HAVEN,657 BAKER HAVEN,True,100.0,88.0,baseline,657 BAKER HAVEN |,88.0,,0.0,1.0,success,,0.0,False,,,,,,tesseract,657 BAKER HAVEN |,657 BAKER HAVEN,True,100.0,0.0,1.0,1.0,valid_text,0.88,descriptive,15.0,0.176471,0.588235,0.058824,0.0,0.0,0.0,0.894720390669473,0.31,False
1099_nec_2026_000169_scan_mild_01,1099_nec_2026_000169,1099_nec,validation,mild,payer_city,text,LAKE REBECCATOWN,LAKE R EBECCATOWN,LAKE REBECCATOWN,LAKE R EBECCATOWN,False,96.97,91.33,baseline,LAKE R EBECCATOWN,91.33,,0.0,1.0,success,,0.0,False,,,,,,tesseract,LAKE R EBECCATOWN,LAKE R EBECCATOWN,False,96.97,0.0,1.0,1.0,valid_text,0.9133,descriptive,17.0,0.0,0.882353,0.0,0.0,0.0,0.0,0.6139420380031475,0.31,False
1099_nec_2026_000169_scan_mild_01,1099_nec_2026_000169,1099_nec,validation,mild,payer_state,state,FM,EM WS,FM,EMWS,False,33.33,39.5,baseline,EM WS,39.5,A,0.0,1.0,success,,0.3456898902682299,False,EM WS,False,33.33,FACEOFPROVINCE,EMWS,tesseract,EM WS,EMWS,False,33.33,0.0,0.0,0.2,invalid_state_code,0.395,structured,4.0,0.0,0.8,0.0,1.0,11.111111111111116,0.0,0.0001915619871889052,0.8,True
1099_nec_2026_000169_scan_mild_01,1099_nec_2026_000169,1099_nec,validation,mild,payer_zip,text,81904,00,81904,00,False,28.57,0.0,enhanced,81904 mviyit pyouwdl vvuUus,22.5,00,0.0,1.0,success,,0.1706667627983535,False,00,False,28.57,61964051605100,00,tesseract,00,00,False,28.57,0.0,0.0,0.3999999999999999,invalid_zip_length,0.0,structured,2.0,1.0,0.0,0.0,1.0,25.0,0.0,0.0002521554166416583,0.8,True
1099_nec_2026_000169_scan_mild_01,1099_nec_2026_000169,1099_nec,validation,mild,payer_tin,identifier,00-6690033,00-6690033 7,006690033,0066900337,False,94.74,66.0,enhanced,,0.0,00-6690033 7,66.0,1.0,success,,0.3355769103235328,False,00-6690033 7,False,94.74,10669003,0066900337,tesseract,00-6690033 7,0066900337,False,94.74,1.0,0.0,0.8200000000000001,invalid_ein_length,0.66,critical,10.0,0.833333,0.0,0.083333,1.0,77.77777777777779,0.0,0.016320469724051177,0.98,True
1099_nec_2026_000169_scan_mild_01,1099_nec_2026_000169,1099_nec,validation,mild,recipient_tin,identifier,000-58-9753,000-58-9753,000589753,000589753,True,100.0,92.0,baseline,000-58-9753,92.0,,0.0,1.0,success,,0.0,False,,,,,,tesseract,000-58-9753,000589753,True,100.0,1.0,1.0,1.0,valid_ssn_shape,0.92,critical,9.0,0.818182,0.0,0.181818,0.0,0.0,0.0,0.9644631933727197,0.98,True
1099_nec_2026_000169_scan_mild_01,1099_nec_2026_000169,1099_nec,validation,mild,recipient_name,text,JENNA LYNCH,JENNA LYNCH,JENNA LYNCH,JENNA LYNCH,True,100.0,96.0,baseline,JENNA LYNCH,96.0,,0.0,1.0,success,,0.0,False,,,,,,tesseract,JENNA LYNCH,JENNA LYNCH,True,100.0,1.0,1.0,1.0,valid_text,0.96,descriptive,11.0,0.0,0.909091,0.0,0.0,0.0,0.0,0.8952435621036688,0.31,False
1099_nec_2026_000169_scan_mild_01,1099_nec_2026_000169,1099_nec,validation,mild,recipient_street,text,01491 MONICA ROUTE SUITE 184,01491 MONICA ROUTE SUITE 184,01491 MONICA ROUTE SUITE 184,01491 MONICA ROUTE SUITE 184,True,100.0,96.0,baseline,01491 MONICA ROUTE SUITE 184,96.0,,0.0,1.0,success,,0.0,False,,,,,,tesseract,01491 MONICA ROUTE SUITE 184,01491 MONICA ROUTE SUITE 184,True,100.0,1.0,1.0,1.0,valid_text,0.96,descriptive,28.0,0.285714,0.571429,0.0,0.0,0.0,0.0,0.8094339343294029,0.31,False
1099_nec_2026_000169_scan_mild_01,1099_nec_2026_000169,1099_nec,validation,mild,recipient_city,text,EAST RANDY,EAST RANDY :,EAST RANDY,EAST RANDY,True,100.0,63.67,baseline,EAST RANDY :,63.67,,0.0,1.0,success,,0.2086025124753753,False,EAST RANDY :,True,100.0,EASTRANDY SUMMARY COMPERS,EAST RANDY,tesseract,EAST RANDY :,EAST RANDY,True,100.0,1.0,1.0,1.0,valid_text,0.6367,descriptive,10.0,0.0,0.75,0.083333,1.0,51.42857142857142,0.0,0.3919233431617417,0.31,False
1099_nec_2026_000169_scan_mild_01,1099_nec_2026_000169,1099_nec,validation,mild,recipient_state,state,NJ,N W,NJ,NW,False,50.0,10.0,baseline,N W,10.0,,0.0,1.0,success,,0.5563593126757289,True,INVOICE OF PROVINCE,False,10.53,INVOICEOFPROVINCE,NW,trocr,INVOICE OF PROVINCE,INVOICEOFPROVINCE,False,10.53,1.0,0.0,0.2,invalid_state_code,0.3966335532392238,structured,17.0,0.0,0.894737,0.0,1.0,10.526315789473683,0.0,1.9248521912242908e-05,0.8,True
1099_nec_2026_000169_scan_mild_01,1099_nec_2026_000169,1099_nec,validation,mild,recipient_zip,text,45452,| 45a52 wwewrye pvuwa vyUs,45452,145525,False,72.73,20.6,baseline,| 45a52 wwewrye pvuwa vyUs,20.6,,0.0,1.0,success,,0.6413062244584499,True,45452 TORSIGN POSTAL CODE,False,52.63,45452051605100,145525,trocr,45452 TORSIGN POSTAL CODE,45452051605100,False,52.63,1.0,0.0,0.0,invalid_zip_length,0.48894904589799243,structured,14.0,0.2,0.68,0.0,1.0,50.0,0.0,3.2497937837427045e-05,0.8,True
1099_nec_2026_000169_scan_mild_01,1099_nec_2026_000169,1099_nec,validation,mild,nonemployee_compensation,money,"151,986.62","$ 151,986.62",151986.62,151986.62,True,100.0,47.5,baseline,"$ 151,986.62",47.5,"$ 151,986.62",48.0,1.0,success,,0.0484504965885558,False,"$ 151,986.62",True,100.0,501986.62,151986.62,tesseract,"$ 151,986.62",151986.62,True,100.0,1.0,1.0,1.0,valid_money,0.475,critical,9.0,0.666667,0.0,0.25,1.0,88.88888888888889,0.0,0.8121305309869982,0.98,True
1099_nec_2026_000169_scan_mild_01,1099_nec_2026_000169,1099_nec,validation,mild,federal_income_tax_withheld,text,0.00,: ee ee 0.00,0.00,0.00,True,100.0,36.25,baseline,: ee ee 0.00,36.25,", 0.00",35.5,1.0,success,,7.67943916595073e-06,False,: ee ee 0.00,True,100.0,,0.00,tesseract,: ee ee 0.00,0.00,True,100.0,1.0,1.0,1.0,valid_money,0.3625,critical,4.0,0.25,0.333333,0.166667,0.0,0.0,0.0,0.09685477375268108,0.98,True
1099_nec_2026_000169_scan_mild_01,1099_nec_2026_000169,1099_nec,validation,mild,account_number,identifier,NEC-2026-000169,NEC-2026-000169,NEC2026000169,NEC2026000169,True,100.0,91.0,baseline,NEC-2026-000169,91.0,,0.0,1.0,success,,0.0,False,,,,,,tesseract,NEC-2026-000169,NEC2026000169,True,100.0,0.0,1.0,1.0,valid_identifier_shape,0.91,structured,13.0,0.666667,0.2,0.133333,0.0,0.0,0.0,0.9766332085700081,0.8,False
1099_nec_2026_000169_scan_mild_01,1099_nec_2026_000169,1099_nec,validation,mild,state_tax_withheld,money,"1,361.54",$1861.54,1361.54,1861.54,False,85.71,41.0,enhanced,,0.0,$1861.54,41.0,1.0,success,,0.7723063305820349,True,"$ 1,361.54",True,100.0,1361.54,1861.54,trocr,"$ 1,361.54",1361.54,True,100.0,0.0,1.0,1.0,valid_money,0.6454991148783227,critical,7.0,0.6,0.0,0.3,1.0,85.71428571428572,0.0,0.8945481943378201,0.98,True
1099_nec_2026_000169_scan_mild_01,1099_nec_2026_000169,1099_nec,validation,mild,state_payer_number,identifier,NJ-7535837,N7595857,NJ7535837,N7595857,False,70.59,0.0,baseline,N7595857,0.0,NITS5097,3.0,1.0,success,,0.9839547439464934,True,NJ-7535837,True,100.0,NJ7535837,N7595857,trocr,NJ-7535837,NJ7535837,True,100.0,0.0,1.0,1.0,valid_identifier_shape,0.6395705835652208,structured,9.0,0.7,0.2,0.1,1.0,70.58823529411764,0.0,0.8600168059541254,0.8,False
1099_nec_2026_000169_scan_mild_01,1099_nec_2026_000169,1099_nec,validation,mild,state_income,money,"151,986.62","$151,986.62",151986.62,151986.62,True,100.0,23.0,enhanced,.,0.0,"$151,986.62",23.0,1.0,success,,0.0010493684324115,False,"$151,986.62",True,100.0,151986.62,151986.62,tesseract,"$151,986.62",151986.62,True,100.0,0.0,1.0,1.0,valid_money,0.23,critical,9.0,0.727273,0.0,0.272727,1.0,100.0,0.0,0.9069457444814468,0.98,True
1099_nec_2026_000167_scan_hard_02,1099_nec_2026_000167,1099_nec,validation,hard,payer_name,text,KRAMER-GRIFFITH,rao oO aie | NN TN,KRAMER GRIFFITH,RAO OO AIE NN TN,False,32.26,43.17,enhanced,Ut Sere SF Pere :,22.2,rao oO aie | NN TN,43.17,-0.5,success,,0.5618308009667592,True,AMERREAM,False,43.48,AMERREAM,RAO OO AIE NN TN,trocr,AMERREAM,AMERREAM,False,43.48,1.0,1.0,1.0,valid_text,0.5162850206283935,descriptive,8.0,0.0,1.0,0.0,1.0,16.666666666666664,0.0,0.05745331861460689,0.31,True
1099_nec_2026_000167_scan_hard_02,1099_nec_2026_000167,1099_nec,validation,hard,payer_street,text,8243 ELIZABETH MOUNTAINS SUITE 464,(8243 ELIZABETH MOUNTAINS SUITE 464 |,8243 ELIZABETH MOUNTAINS SUITE 464,8243 ELIZABETH MOUNTAINS SUITE 464,True,100.0,86.33,enhanced,soe conic be ptinty se tea eM,13.0,(8243 ELIZABETH MOUNTAINS SUITE 464 |,86.33,-0.5,success,,0.0,False,,,,,,tesseract,(8243 ELIZABETH MOUNTAINS SUITE 464 |,8243 ELIZABETH MOUNTAINS SUITE 464,True,100.0,0.0,1.0,1.0,valid_text,0.8633,descriptive,34.0,0.189189,0.621622,0.054054,0.0,0.0,0.0,0.6662303929564326,0.31,False
1099_nec_2026_000167_scan_hard_02,1099_nec_2026_000167,1099_nec,validation,hard,payer_city,text,WILLIAMHAVEN,Way OF town | WILLIAMHAVEN |,WILLIAMHAVEN,WAY OF TOWN WILLIAMHAVEN,False,66.67,66.17,enhanced,,0.0,Way OF town | WILLIAMHAVEN |,66.17,-0.5,success,,0.8559635054693651,True,WILAWAWEN,False,66.67,WILAWAWEN,WAY OF TOWN WILLIAMHAVEN,trocr,WILAWAWEN,WILAWAWEN,False,66.67,0.0,1.0,1.0,valid_text,0.7879712785550873,descriptive,9.0,0.0,1.0,0.0,1.0,42.42424242424242,0.0,0.09497523206402135,0.31,True
1099_nec_2026_000167_scan_hard_02,1099_nec_2026_000167,1099_nec,validation,hard,payer_state,state,NY,LE,NY,LE,False,0.0,0.0,enhanced,N YVVEW,0.0,LE,0.0,-0.5,success,,7.103197659142591e-06,False,LE,False,0.0,,LE,tesseract,LE,LE,False,0.0,0.0,0.0,0.2,invalid_state_code,0.0,structured,2.0,0.0,1.0,0.0,0.0,0.0,0.0,0.010361662817888603,0.8,True
1099_nec_2026_000167_scan_hard_02,1099_nec_2026_000167,1099_nec,validation,hard,payer_zip,text,03449,oss ww ee See,03449,0555,False,22.22,36.75,baseline,oss ww ee See,36.75,,0.0,-0.5,success,,0.9842997111245276,True,6349-9999,False,46.15,63499999,0555,trocr,6349-9999,63499999,False,46.15,0.0,0.0,0.8,invalid_zip_length,0.768419812230943,structured,8.0,0.888889,0.0,0.111111,1.0,0.0,0.0,0.0025144245109248167,0.8,True
1099_nec_2026_000167_scan_hard_02,1099_nec_2026_000167,1099_nec,validation,hard,payer_tin,identifier,00-1596568,00-1596568 2,001596568,0015965682,False,94.74,71.5,baseline,00-1596568 2,71.5,180886 T-,0.0,-0.5,success,,0.1734136916592911,False,00-1596568 2,False,94.74,00195588,0015965682,tesseract,00-1596568 2,0015965682,False,94.74,1.0,0.0,0.8200000000000001,invalid_ein_length,0.715,critical,10.0,0.833333,0.0,0.083333,1.0,66.66666666666667,0.0,0.061136467666227795,0.98,True
1099_nec_2026_000167_scan_hard_02,1099_nec_2026_000167,1099_nec,validation,hard,recipient_tin,identifier,000-92-3224,SS,000923224,55,False,0.0,18.0,enhanced,S,0.0,SS,18.0,-0.5,success,,0.999879131271726,True,000-2224,False,87.5,0002224,55,trocr,000-2224,0002224,False,87.5,1.0,0.0,0.64,invalid_ssn_length,0.712921435326622,critical,7.0,0.875,0.0,0.125,1.0,0.0,0.0,0.0031936759477314094,0.98,True
1099_nec_2026_000167_scan_hard_02,1099_nec_2026_000167,1099_nec,validation,hard,recipient_name,text,MONICA RICHARDSON,FW Fee GF Uo | MONICA RICHARDSON,MONICA RICHARDSON,FW FEE GF UO MONICA RICHARDSON,False,72.34,59.86,enhanced,ees Tere Se Fee ee,30.2,FW Fee GF Uo | MONICA RICHARDSON,59.86,-0.5,success,,0.2078972339607857,False,FW Fee GF Uo | MONICA RICHARDSON,False,72.34,MONCARDERSON,FW FEE GF UO MONICA RICHARDSON,tesseract,FW Fee GF Uo | MONICA RICHARDSON,FW FEE GF UO MONICA RICHARDSON,False,72.34,1.0,1.0,1.0,valid_text,0.5986,descriptive,30.0,0.0,0.78125,0.03125,1.0,47.61904761904761,0.0,0.09263092146742795,0.31,True
1099_nec_2026_000167_scan_hard_02,1099_nec_2026_000167,1099_nec,validation,hard,recipient_street,text,5279 EMILY JUNCTIONS,5279 EMILY JUNCTIONS,5279 EMILY JUNCTIONS,5279 EMILY JUNCTIONS,True,100.0,95.33,enhanced,5279 EMILY sscsesss scsig eosineglles Siume ee es aoe ea,25.9,5279 EMILY JUNCTIONS,95.33,-0.5,success,,0.0,False,,,,,,tesseract,5279 EMILY JUNCTIONS,5279 EMILY JUNCTIONS,True,100.0,1.0,1.0,1.0,valid_text,0.9533,descriptive,20.0,0.2,0.7,0.0,0.0,0.0,0.0,0.9178509681572976,0.31,False
1099_nec_2026_000167_scan_hard_02,1099_nec_2026_000167,1099_nec,validation,hard,recipient_city,text,WEST GLORIATON,WEST GLORIATON,WEST GLORIATON,WEST GLORIATON,True,100.0,92.0,enhanced,wanna ea,35.0,WEST GLORIATON,92.0,-0.5,success,,0.0,False,,,,,,tesseract,WEST GLORIATON,WEST GLORIATON,True,100.0,1.0,1.0,1.0,valid_text,0.92,descriptive,14.0,0.0,0.928571,0.0,0.0,0.0,0.0,0.8187822145898596,0.31,False
1099_nec_2026_000167_scan_hard_02,1099_nec_2026_000167,1099_nec,validation,hard,recipient_state,state,PR,PR SV,PR,PRSV,False,66.67,26.0,baseline,PR SV,26.0,D,0.0,-0.5,success,,0.4027017294359908,False,PR SV,False,66.67,FREEOFPROMER,PRSV,tesseract,PR SV,PRSV,False,66.67,1.0,0.0,0.2,invalid_state_code,0.26,structured,4.0,0.0,0.8,0.0,1.0,25.0,0.0,0.00048136306758420316,0.8,True
1099_nec_2026_000167_scan_hard_02,1099_nec_2026_000167,1099_nec,validation,hard,recipient_zip,text,38692,306 We wr way vee Se,38692,3065,False,44.44,19.17,baseline,306 We wr way vee Se,19.17,,0.0,-0.5,success,,0.9048153248104512,True,55692 PERCH TOTAL:,False,50.0,5569201,3065,trocr,55692 PERCH TOTAL:,5569201,False,50.0,1.0,0.0,0.6,invalid_zip_length,0.6552249611267933,structured,7.0,0.277778,0.555556,0.055556,1.0,18.181818181818176,0.0,0.0003697114923256853,0.8,True
1099_nec_2026_000167_scan_hard_02,1099_nec_2026_000167,1099_nec,validation,hard,nonemployee_compensation,money,"35,550.41","$ 35,550.41",35550.41,35550.41,True,100.0,91.0,enhanced,"$ 35,550.41",53.5,"$ 35,550.41",91.0,-0.5,success,,0.0,False,,,,,,tesseract,"$ 35,550.41",35550.41,True,100.0,1.0,1.0,1.0,valid_money,0.91,critical,8.0,0.636364,0.0,0.272727,0.0,0.0,0.0,0.9673141180190664,0.98,True
1099_nec_2026_000167_scan_hard_02,1099_nec_2026_000167,1099_nec,validation,hard,federal_income_tax_withheld,text,"1,802.07",1902.07,1802.07,1902.07,False,85.71,47.0,enhanced,"F Pura Ot be ew tre See Peer ee 1,802.07",29.1,1902.07,47.0,-0.5,success,,0.2463235477625764,False,1902.07,False,85.71,512020202020202170202020217,1902.07,tesseract,1902.07,1902.07,False,85.71,1.0,1.0,1.0,valid_money,0.47,critical,7.0,0.857143,0.0,0.142857,1.0,29.411764705882348,0.0,0.4890755772429582,0.98,True
1099_nec_2026_000167_scan_hard_02,1099_nec_2026_000167,1099_nec,validation,hard,account_number,identifier,NEC-2026-000167,PRPAPIPRM 000167 O6DWU,NEC2026000167,PRPAPIPRM000167O6DWU,False,36.36,20.33,enhanced,CS 000167 PS- -,12.75,PRPAPIPRM 000167 O6DWU,20.33,-0.5,success,,0.826635515731617,True,NEC:004-0017,False,78.26,NEC0040017,PRPAPIPRM000167O6DWU,trocr,NEC:004-0017,NEC0040017,False,78.26,0.0,1.0,1.0,valid_identifier_shape,0.6084680852255511,structured,10.0,0.583333,0.25,0.166667,1.0,33.333333333333336,0.0,0.47309971931243805,0.8,True
1099_nec_2026_000167_scan_hard_02,1099_nec_2026_000167,1099_nec,validation,hard,state_tax_withheld,money,0.00,$0,0.00,0.00,True,100.0,34.0,enhanced,(0,0.0,$0,34.0,-0.5,success,,0.0006138838840216,False,$0,True,100.0,0.00,0.00,tesseract,$0,0.00,True,100.0,0.0,1.0,1.0,valid_money,0.34,critical,4.0,0.5,0.0,0.5,1.0,100.0,0.0,0.9928279057078035,0.98,False
1099_nec_2026_000167_scan_hard_02,1099_nec_2026_000167,1099_nec,validation,hard,state_payer_number,identifier,PR-6622207,P6622 062 07 22,PR6622207,P66220620722,False,76.19,31.75,baseline,P6622 062 07 22,31.75,7,0.0,-0.5,success,,0.9627262154080224,True,PR-6622207,True,100.0,PR6622207,P66220620722,trocr,PR-6622207,PR6622207,True,100.0,0.0,1.0,1.0,valid_identifier_shape,0.7368970400152146,structured,9.0,0.7,0.2,0.1,1.0,76.19047619047619,0.0,0.8768486120707268,0.8,False
1099_nec_2026_000167_scan_hard_02,1099_nec_2026_000167,1099_nec,validation,hard,state_income,money,"35,550.41",$5504,35550.41,5504.00,False,53.33,0.0,baseline,$5504,0.0,$8585041,0.0,-0.5,success,,0.9704409829216964,True,"$ 35,550.41",True,100.0,35550.41,5504.00,trocr,"$ 35,550.41",35550.41,True,100.0,0.0,1.0,1.0,valid_money,0.6307866388991027,critical,8.0,0.636364,0.0,0.272727,1.0,53.333333333333336,0.0,0.5229252904655421,0.98,True
1099_nec_2026_000169_scan_hard_02,1099_nec_2026_000169,1099_nec,validation,hard,payer_name,text,"ANDERSON, HARPER AND GLASS",PAYER’S name — HARPER AND GLASS Se Ni Sa gS PRO st cater as RISES,ANDERSON HARPER AND GLASS,PAYER S NAME HARPER AND GLASS SE NI SA GS PRO ST CATER AS RISES,False,50.0,37.87,enhanced,penn a,15.5,PAYER’S name — HARPER AND GLASS Se Ni Sa gS PRO st cater as RISES,37.87,0.0,success,,0.1825237010065986,False,PAYER’S name — HARPER AND GLASS Se Ni Sa gS PRO st cater as RISES,False,50.0,MASBOOK HARGE ABO CLASS SUMMARY,PAYER S NAME HARPER AND GLASS SE NI SA GS PRO ST CATER AS RISES,tesseract,PAYER’S name — HARPER AND GLASS Se Ni Sa gS PRO st cater as RISES,PAYER S NAME HARPER AND GLASS SE NI SA GS PRO ST CATER AS RISES,False,50.0,1.0,1.0,1.0,valid_text,0.3787,descriptive,63.0,0.0,0.753846,0.030769,1.0,38.297872340425535,0.0,0.0027425122777804114,0.31,True
1099_nec_2026_000169_scan_hard_02,1099_nec_2026_000169,1099_nec,validation,hard,payer_street,text,657 BAKER HAVEN,Street address eeremmennven,657 BAKER HAVEN,STREET ADDRESS EEREMMENNVEN,False,33.33,45.0,enhanced,SSrOMKERMAEN,0.0,Street address eeremmennven,45.0,0.0,success,,0.9439270170048976,True,STEXERTAIN,False,32.0,STEXERTAIN,STREET ADDRESS EEREMMENNVEN,trocr,STEXERTAIN,STEXERTAIN,False,32.0,0.0,1.0,1.0,valid_text,0.7710525610531834,descriptive,10.0,0.0,1.0,0.0,1.0,37.83783783783784,0.0,0.4731287256197025,0.31,False
1099_nec_2026_000169_scan_hard_02,1099_nec_2026_000169,1099_nec,validation,hard,payer_city,text,LAKE REBECCATOWN,City or town Greneneccarowe,LAKE REBECCATOWN,CITY OR TOWN GRENENECCAROWE,False,41.86,65.75,enhanced,,0.0,City or town Greneneccarowe,65.75,0.0,success,,0.8891404946895834,True,LIKE RESECTION,False,73.33,LIKE RESECTION,CITY OR TOWN GRENENECCAROWE,trocr,LIKE RESECTION,LIKE RESECTION,False,73.33,0.0,1.0,1.0,valid_text,0.8080663215482293,descriptive,14.0,0.0,0.928571,0.0,1.0,34.14634146341463,0.0,0.04303786890049897,0.31,True
1099_nec_2026_000169_scan_hard_02,1099_nec_2026_000169,1099_nec,validation,hard,payer_state,state,FM,,FM,,False,0.0,0.0,baseline,,0.0,,0.0,0.0,success,,0.7576309188730359,True,AMOUNT,False,25.0,AMOUNT,,trocr,AMOUNT,AMOUNT,False,25.0,0.0,0.0,0.2,invalid_state_code,0.49246009726747336,structured,6.0,0.0,1.0,0.0,1.0,0.0,0.0,0.00037045109680331297,0.8,True
1099_nec_2026_000169_scan_hard_02,1099_nec_2026_000169,1099_nec,validation,hard,payer_zip,text,81904,eee,81904,,False,0.0,15.0,baseline,eee,15.0,,0.0,0.0,success,,5.809447397987671e-10,False,eee,False,0.0,,,tesseract,eee,,False,0.0,0.0,1.0,1.0,optional_value_missing,0.15,structured,0.0,0.0,1.0,0.0,0.0,0.0,0.0,0.4295305045759824,0.8,True
1099_nec_2026_000169_scan_hard_02,1099_nec_2026_000169,1099_nec,validation,hard,payer_tin,identifier,00-6690033,-,006690033,,False,0.0,0.0,baseline,-,0.0,,0.0,0.0,success,,5.021646580272272e-11,False,-,False,0.0,,,tesseract,-,,False,0.0,1.0,0.0,0.0,required_value_missing,0.0,critical,0.0,0.0,0.0,1.0,0.0,0.0,0.0,0.011450682204028183,0.98,True
1099_nec_2026_000169_scan_hard_02,1099_nec_2026_000169,1099_nec,validation,hard,recipient_tin,identifier,000-58-9753,VO,000589753,0,False,20.0,19.0,baseline,VO,19.0,,0.0,0.0,success,,0.0004525830735384,False,VO,False,20.0,,0,tesseract,VO,0,False,20.0,1.0,0.0,0.0,invalid_ssn_length,0.19,critical,1.0,0.0,1.0,0.0,0.0,0.0,0.0,0.000567891597676543,0.98,True
1099_nec_2026_000169_scan_hard_02,1099_nec_2026_000169,1099_nec,validation,hard,recipient_name,text,JENNA LYNCH,"""RECIPIENT'S name pe ee Apt no.",JENNA LYNCH,RECIPIENT S NAME PE EE APT NO,False,30.0,70.17,enhanced,,0.0,"""RECIPIENT'S name pe ee Apt no.",70.17,0.0,success,,0.0,False,,,,,,tesseract,"""RECIPIENT'S name pe ee Apt no.",RECIPIENT S NAME PE EE APT NO,False,30.0,1.0,1.0,1.0,valid_text,0.7017,descriptive,29.0,0.0,0.741935,0.096774,0.0,0.0,0.0,0.3550534188616521,0.31,False
1099_nec_2026_000169_scan_hard_02,1099_nec_2026_000169,1099_nec,validation,hard,recipient_street,text,01491 MONICA ROUTE SUITE 184,[01481 MONICA ROUTE SUTE NA,01491 MONICA ROUTE SUITE 184,01481 MONICA ROUTE SUTE NA,False,85.19,59.0,enhanced,o14o1 MONICA ROUTE SUITE Y@6,6.8,[01481 MONICA ROUTE SUTE NA,59.0,0.0,success,,0.0681178392269241,False,[01481 MONICA ROUTE SUTE NA,False,85.19,CASH MONCA ROUTE SUITE 184,01481 MONICA ROUTE SUTE NA,tesseract,[01481 MONICA ROUTE SUTE NA,01481 MONICA ROUTE SUTE NA,False,85.19,1.0,1.0,1.0,valid_text,0.59,descriptive,26.0,0.185185,0.62963,0.037037,1.0,69.23076923076923,0.0,0.5235483999005456,0.31,False
1099_nec_2026_000169_scan_hard_02,1099_nec_2026_000169,1099_nec,validation,hard,recipient_city,text,EAST RANDY,Nee City or town nine ery —— | gm oo Orreinn anette Code,EAST RANDY,NEE CITY OR TOWN NINE ERY GM OO ORREINN ANETTE CODE,False,22.95,40.15,enhanced,,0.0,Nee City or town nine ery —— | gm oo Orreinn anette Code,40.15,0.0,success,,0.2451327781944221,False,Nee City or town nine ery —— | gm oo Orreinn anette Code,False,22.95,GSTAWAY CASH RECEIPTEND ENTER,NEE CITY OR TOWN NINE ERY GM OO ORREINN ANETTE CODE,tesseract,Nee City or town nine ery —— | gm oo Orreinn anette Code,NEE CITY OR TOWN NINE ERY GM OO ORREINN ANETTE CODE,False,22.95,1.0,1.0,1.0,valid_text,0.40149999999999997,descriptive,51.0,0.0,0.732143,0.053571,1.0,32.49999999999999,0.0,0.0036535265388866218,0.31,True
1099_nec_2026_000169_scan_hard_02,1099_nec_2026_000169,1099_nec,validation,hard,recipient_state,state,NJ,FE,NJ,FE,False,0.0,1.0,enhanced,,0.0,FE,1.0,0.0,success,,0.7973812346421693,True,SHANKS,False,25.0,SHANKS,FE,trocr,SHANKS,SHANKS,False,25.0,1.0,0.0,0.2,invalid_state_code,0.52179780251741,structured,6.0,0.0,1.0,0.0,1.0,0.0,0.0,0.00014423717413053266,0.8,True
1099_nec_2026_000169_scan_hard_02,1099_nec_2026_000169,1099_nec,validation,hard,recipient_zip,text,45452,ee,45452,,False,0.0,35.0,baseline,ee,35.0,,0.0,0.0,success,,6.901369555213988e-10,False,ee,False,0.0,,,tesseract,ee,,False,0.0,1.0,0.0,0.0,required_value_missing,0.35,structured,0.0,0.0,1.0,0.0,0.0,0.0,0.0,0.0009885818290270017,0.8,True
1099_nec_2026_000169_scan_hard_02,1099_nec_2026_000169,1099_nec,validation,hard,nonemployee_compensation,money,"151,986.62",.,151986.62,.,False,20.0,0.0,enhanced,,0.0,.,0.0,0.0,success,,0.8994494463219412,True,SR: 01386,False,55.56,501386.00,.,trocr,SR: 01386,501386.00,False,55.56,1.0,1.0,1.0,valid_money,0.5846421401092619,critical,9.0,0.555556,0.222222,0.111111,1.0,19.999999999999996,0.0,0.08914649202395063,0.98,True
1099_nec_2026_000169_scan_hard_02,1099_nec_2026_000169,1099_nec,validation,hard,federal_income_tax_withheld,text,0.00,2,0.00,2.00,False,75.0,1.0,enhanced,,0.0,2,1.0,0.0,success,,2.805466642565568e-06,False,2,False,75.0,,2.00,tesseract,2,2.00,False,75.0,1.0,1.0,1.0,valid_money,0.01,critical,4.0,1.0,0.0,0.0,0.0,0.0,0.0,0.04735816177485461,0.98,True
1099_nec_2026_000169_scan_hard_02,1099_nec_2026_000169,1099_nec,validation,hard,account_number,identifier,NEC-2026-000169,PT,NEC2026000169,PT,False,0.0,0.0,enhanced,,0.0,PT,0.0,0.0,success,,0.9116673862147612,True,CASHIER ***,False,10.0,CASHIER,PT,trocr,CASHIER ***,CASHIER,False,10.0,0.0,1.0,1.0,valid_identifier_shape,0.5925838010395947,structured,7.0,0.0,0.636364,0.272727,1.0,0.0,0.0,0.3069860249422061,0.8,True
1099_nec_2026_000169_scan_hard_02,1099_nec_2026_000169,1099_nec,validation,hard,state_tax_withheld,money,"1,361.54",$84,1361.54,84.00,False,16.67,0.0,baseline,$84,0.0,$,0.0,0.0,success,,0.9910760497517336,True,$ 1.361.54,False,54.55,1.36,84.00,trocr,$ 1.361.54,1.36,False,54.55,0.0,1.0,1.0,valid_money,0.6441994323386269,critical,4.0,0.6,0.0,0.3,1.0,22.22222222222222,0.0,0.7971981338801633,0.98,True
1099_nec_2026_000169_scan_hard_02,1099_nec_2026_000169,1099_nec,validation,hard,state_payer_number,identifier,NJ-7535837,77 7,NJ7535837,777,False,33.33,27.5,baseline,77 7,27.5,NT,3.0,0.0,success,,0.993942572529863,True,NO-7505837,False,77.78,NO7505837,777,trocr,NO-7505837,NO7505837,False,77.78,0.0,1.0,1.0,valid_identifier_shape,0.7423126721444109,structured,9.0,0.7,0.2,0.1,1.0,33.333333333333336,0.0,0.6901829675167046,0.8,True
1099_nec_2026_000169_scan_hard_02,1099_nec_2026_000169,1099_nec,validation,hard,state_income,money,"151,986.62",$. 1519,151986.62,0.15,False,30.77,6.5,enhanced,"$151,986.62",0.0,$. 1519,6.5,0.0,success,,0.992269930374425,True,"$ 151,986.62",True,100.0,151986.62,0.15,trocr,"$ 151,986.62",151986.62,True,100.0,0.0,1.0,1.0,valid_money,0.6677254547433763,critical,9.0,0.666667,0.0,0.25,1.0,30.76923076923077,0.0,0.520997817830731,0.98,True
1099_nec_2026_000185_scan_mild_01,1099_nec_2026_000185,1099_nec,validation,mild,payer_name,text,JACOBS AND SONS,JACOBS AND SONS,JACOBS AND SONS,JACOBS AND SONS,True,100.0,96.0,baseline,JACOBS AND SONS,96.0,,0.0,0.5,success,,0.0,False,,,,,,tesseract,JACOBS AND SONS,JACOBS AND SONS,True,100.0,1.0,1.0,1.0,valid_text,0.96,descriptive,15.0,0.0,0.866667,0.0,0.0,0.0,0.0,0.8806976506642671,0.31,False
1099_nec_2026_000185_scan_mild_01,1099_nec_2026_000185,1099_nec,validation,mild,payer_street,text,45238 MORALES DAM SUITE 866,45238 MORALES DAM SUITE 866,45238 MORALES DAM SUITE 866,45238 MORALES DAM SUITE 866,True,100.0,96.0,enhanced,,0.0,45238 MORALES DAM SUITE 866,96.0,0.5,success,,0.0,False,,,,,,tesseract,45238 MORALES DAM SUITE 866,45238 MORALES DAM SUITE 866,True,100.0,0.0,1.0,1.0,valid_text,0.96,descriptive,27.0,0.296296,0.555556,0.0,0.0,0.0,0.0,0.899051586372362,0.31,False
1099_nec_2026_000185_scan_mild_01,1099_nec_2026_000185,1099_nec,validation,mild,payer_city,text,WEST MICHELLESHIRE,WEST MICHELLESHIRE,WEST MICHELLESHIRE,WEST MICHELLESHIRE,True,100.0,92.5,baseline,WEST MICHELLESHIRE,92.5,,0.0,0.5,success,,0.0,False,,,,,,tesseract,WEST MICHELLESHIRE,WEST MICHELLESHIRE,True,100.0,0.0,1.0,1.0,valid_text,0.925,descriptive,18.0,0.0,0.944444,0.0,0.0,0.0,0.0,0.7298839653004877,0.31,False
1099_nec_2026_000185_scan_mild_01,1099_nec_2026_000185,1099_nec,validation,mild,payer_state,state,NY,CE,NY,CE,False,0.0,0.0,enhanced,NY I,20.0,CE,0.0,0.5,success,,0.6363469552127342,True,RATE OF PROVINCE,False,12.5,RATEOFPROVINCE,CE,trocr,RATE OF PROVINCE,RATEOFPROVINCE,False,12.5,0.0,0.0,0.2,invalid_state_code,0.41362552088827725,structured,14.0,0.0,0.875,0.0,1.0,25.0,0.0,0.0008072156112500393,0.8,True
1099_nec_2026_000185_scan_mild_01,1099_nec_2026_000185,1099_nec,validation,mild,payer_zip,text,54963,S496 writ pve vyvug,54963,549616,False,72.73,26.25,baseline,S496 writ pve vyvug,26.25,0,21.0,0.5,success,,0.3596568187203945,False,S496 writ pve vyvug,False,72.73,54963051605100,549616,tesseract,S496 writ pve vyvug,549616,False,72.73,0.0,0.0,0.8,invalid_zip_length,0.2625,structured,6.0,0.157895,0.684211,0.0,1.0,60.0,0.0,0.00141602213630893,0.8,True
1099_nec_2026_000185_scan_mild_01,1099_nec_2026_000185,1099_nec,validation,mild,payer_tin,identifier,00-6311628,00-6311628,006311628,006311628,True,100.0,89.0,baseline,00-6311628,89.0,,0.0,0.5,success,,0.0,False,,,,,,tesseract,00-6311628,006311628,True,100.0,1.0,1.0,1.0,valid_ein_shape,0.89,critical,9.0,0.9,0.0,0.1,0.0,0.0,0.0,0.9953888265078462,0.98,False
1099_nec_2026_000185_scan_mild_01,1099_nec_2026_000185,1099_nec,validation,mild,recipient_tin,identifier,000-48-5989,000-48-5989,000485989,000485989,True,100.0,91.0,baseline,000-48-5989,91.0,,0.0,0.5,success,,0.0,False,,,,,,tesseract,000-48-5989,000485989,True,100.0,1.0,1.0,1.0,valid_ssn_shape,0.91,critical,9.0,0.818182,0.0,0.181818,0.0,0.0,0.0,0.9686512659647794,0.98,True
1099_nec_2026_000185_scan_mild_01,1099_nec_2026_000185,1099_nec,validation,mild,recipient_name,text,JOANNA RAMOS,"JOANNA RAMOS ,",JOANNA RAMOS,JOANNA RAMOS,True,100.0,69.33,baseline,"JOANNA RAMOS ,",69.33,,0.0,0.5,success,,0.0406979405397634,False,"JOANNA RAMOS ,",True,100.0,JOHWA RMOS RM,JOANNA RAMOS,tesseract,"JOANNA RAMOS ,",JOANNA RAMOS,True,100.0,1.0,1.0,1.0,valid_text,0.6933,descriptive,12.0,0.0,0.785714,0.071429,1.0,64.0,0.0,0.6304818654125228,0.31,False
1099_nec_2026_000185_scan_mild_01,1099_nec_2026_000185,1099_nec,validation,mild,recipient_street,text,27585 WEAVER JUNCTION SUITE 559,27585 WEAVER JUNCTION SUITE 559,27585 WEAVER JUNCTION SUITE 559,27585 WEAVER JUNCTION SUITE 559,True,100.0,95.8,baseline,27585 WEAVER JUNCTION SUITE 559,95.8,,0.0,0.5,success,,0.0,False,,,,,,tesseract,27585 WEAVER JUNCTION SUITE 559,27585 WEAVER JUNCTION SUITE 559,True,100.0,1.0,1.0,1.0,valid_text,0.958,descriptive,31.0,0.258065,0.612903,0.0,0.0,0.0,0.0,0.7730807864819388,0.31,False
1099_nec_2026_000185_scan_mild_01,1099_nec_2026_000185,1099_nec,validation,mild,recipient_city,text,GREGORYBERG,GREGORYBERG,GREGORYBERG,GREGORYBERG,True,100.0,91.0,baseline,GREGORYBERG,91.0,GREGORYBERG,88.0,0.5,success,,0.2437895779891034,False,GREGORYBERG,True,100.0,GREYMENT SUMMARY,GREGORYBERG,tesseract,GREGORYBERG,GREGORYBERG,True,100.0,1.0,1.0,1.0,valid_text,0.91,descriptive,11.0,0.0,1.0,0.0,1.0,44.44444444444444,0.0,0.831204344607257,0.31,False
1099_nec_2026_000185_scan_mild_01,1099_nec_2026_000185,1099_nec,validation,mild,recipient_state,state,ME,LS,ME,LS,False,0.0,0.0,enhanced,ME W,39.5,LS,0.0,0.5,success,,0.7968847372141823,True,MATE OF PROVINCE,False,25.0,MATEOFPROVINCE,LS,trocr,MATE OF PROVINCE,MATEOFPROVINCE,False,25.0,1.0,0.0,0.2,invalid_state_code,0.5179750791892185,structured,14.0,0.0,0.875,0.0,1.0,0.0,0.0,0.00020395644797012907,0.8,True
1099_nec_2026_000185_scan_mild_01,1099_nec_2026_000185,1099_nec,validation,mild,recipient_zip,text,81029,81029 ows wrage s ryvet vvuy,81029,810290565,False,71.43,34.17,baseline,81029 ows wrage s ryvet vvuy,34.17,00,0.0,0.5,success,,0.2713174050802056,False,81029 ows wrage s ryvet vvuy,False,71.43,81029051605100,810290565,tesseract,81029 ows wrage s ryvet vvuy,810290565,False,71.43,1.0,1.0,1.0,valid_zip_shape,0.3417,structured,9.0,0.178571,0.642857,0.0,1.0,78.26086956521739,0.0,0.10047791248753811,0.8,True
1099_nec_2026_000185_scan_mild_01,1099_nec_2026_000185,1099_nec,validation,mild,nonemployee_compensation,money,"113,877.49","$ 113,877.49",113877.49,113877.49,True,100.0,47.5,baseline,"$ 113,877.49",47.5,"$ 113,877.49",51.0,0.5,success,,0.1013138607758768,False,"$ 113,877.49",True,100.0,513377.49,113877.49,tesseract,"$ 113,877.49",113877.49,True,100.0,1.0,1.0,1.0,valid_money,0.475,critical,9.0,0.666667,0.0,0.25,1.0,77.77777777777779,1.0,0.3147881963839904,0.98,True
1099_nec_2026_000185_scan_mild_01,1099_nec_2026_000185,1099_nec,validation,mild,federal_income_tax_withheld,text,"9,074.71","; Peierls fn 9,074.71",9074.71,1159074.71,False,82.35,31.25,baseline,"; Peierls fn 9,074.71",31.25,9074.71,36.0,0.5,success,,1.2791805090151896e-05,False,"; Peierls fn 9,074.71",False,82.35,,1159074.71,tesseract,"; Peierls fn 9,074.71",1159074.71,False,82.35,1.0,1.0,1.0,valid_money,0.3125,critical,10.0,0.285714,0.428571,0.142857,0.0,0.0,1.0,0.04970177727777221,0.98,True
1099_nec_2026_000185_scan_mild_01,1099_nec_2026_000185,1099_nec,validation,mild,account_number,identifier,NEC-2026-000185,NEC-2026-000185,NEC2026000185,NEC2026000185,True,100.0,91.0,baseline,NEC-2026-000185,91.0,,0.0,0.5,success,,0.0,False,,,,,,tesseract,NEC-2026-000185,NEC2026000185,True,100.0,0.0,1.0,1.0,valid_identifier_shape,0.91,structured,13.0,0.666667,0.2,0.133333,0.0,0.0,0.0,0.9658488667786342,0.8,False
1099_nec_2026_000185_scan_mild_01,1099_nec_2026_000185,1099_nec,validation,mild,state_tax_withheld,money,"3,948.80",$8948.80,3948.80,8948.80,False,85.71,52.0,enhanced,,0.0,$8948.80,52.0,0.5,success,,0.702541998210895,True,"$ 3,948.80",True,100.0,3948.80,8948.80,trocr,"$ 3,948.80",3948.80,True,100.0,0.0,1.0,1.0,valid_money,0.6386522988370817,critical,7.0,0.6,0.0,0.3,1.0,85.71428571428572,0.0,0.7968614920077135,0.98,True
1099_nec_2026_000185_scan_mild_01,1099_nec_2026_000185,1099_nec,validation,mild,state_payer_number,identifier,ME-6775801,ME-S7758010,ME6775801,MES7758010,False,84.21,0.0,baseline,ME-S7758010,0.0,METIS,0.0,0.5,success,,0.9871272642669692,True,ME-6775801,True,100.0,ME6775801,MES7758010,trocr,ME-6775801,ME6775801,True,100.0,0.0,1.0,1.0,valid_identifier_shape,0.64163272177353,structured,9.0,0.7,0.2,0.1,1.0,84.21052631578947,0.0,0.9138766700530331,0.8,False
1099_nec_2026_000185_scan_mild_01,1099_nec_2026_000185,1099_nec,validation,mild,state_income,money,"113,877.49","$118,877.49",113877.49,118877.49,False,88.89,26.0,baseline,"$118,877.49",26.0,"$113,877.49",18.0,0.5,success,,0.9080921152626108,True,$ 113877.49,True,100.0,113877.49,118877.49,trocr,$ 113877.49,113877.49,True,100.0,0.0,1.0,1.0,valid_money,0.6812598749206971,critical,9.0,0.727273,0.0,0.181818,1.0,88.88888888888889,0.0,0.6931375607551816,0.98,True
1099_nec_2026_000185_scan_hard_02,1099_nec_2026_000185,1099_nec,validation,hard,payer_name,text,JACOBS AND SONS,PAYER’S name pom soe Pan aden an,JACOBS AND SONS,PAYER S NAME POM SOE PAN ADEN AN,False,38.3,53.29,enhanced,,0.0,PAYER’S name pom soe Pan aden an,53.29,-2.0,success,,1.3982872656308364e-05,False,PAYER’S name pom soe Pan aden an,False,38.3,,PAYER S NAME POM SOE PAN ADEN AN,tesseract,PAYER’S name pom soe Pan aden an,PAYER S NAME POM SOE PAN ADEN AN,False,38.3,1.0,1.0,1.0,valid_text,0.5329,descriptive,32.0,0.0,0.78125,0.03125,0.0,0.0,0.0,0.21856514034648614,0.31,True
1099_nec_2026_000185_scan_hard_02,1099_nec_2026_000185,1099_nec,validation,hard,payer_street,text,45238 MORALES DAM SUITE 866,sScawomnesonssurease,45238 MORALES DAM SUITE 866,SSCAWOMNESONSSUREASE,False,29.79,0.0,enhanced,,0.0,sScawomnesonssurease,0.0,-2.0,success,,0.9795536354503972,True,SR28 NORALES DAM SURVE 866,False,79.25,SR28 NORALES DAM SURVE 866,SSCAWOMNESONSSUREASE,trocr,SR28 NORALES DAM SURVE 866,SR28 NORALES DAM SURVE 866,False,79.25,0.0,1.0,1.0,valid_text,0.6367098630427582,descriptive,26.0,0.192308,0.653846,0.0,1.0,34.78260869565217,0.0,0.11411728022278901,0.31,True
1099_nec_2026_000185_scan_hard_02,1099_nec_2026_000185,1099_nec,validation,hard,payer_city,text,WEST MICHELLESHIRE,City of town cs,WEST MICHELLESHIRE,CITY OF TOWN CS,False,24.24,69.0,baseline,City of town cs,69.0,,0.0,-2.0,success,,0.8339471715666575,True,WESTMOHLESME,False,66.67,WESTMOHLESME,CITY OF TOWN CS,trocr,WESTMOHLESME,WESTMOHLESME,False,66.67,0.0,1.0,1.0,valid_text,0.7835656615183274,descriptive,12.0,0.0,1.0,0.0,1.0,22.22222222222222,0.0,0.03796790557851294,0.31,True
1099_nec_2026_000185_scan_hard_02,1099_nec_2026_000185,1099_nec,validation,hard,payer_state,state,NY,POORER,NY,POORER,False,0.0,6.0,enhanced,,0.0,POORER,6.0,-2.0,success,,0.4645913505947108,False,POORER,False,0.0,SR,POORER,tesseract,POORER,POORER,False,0.0,0.0,0.0,0.2,invalid_state_code,0.06,structured,6.0,0.0,1.0,0.0,1.0,25.0,0.0,0.0027859879963208524,0.8,True
1099_nec_2026_000185_scan_hard_02,1099_nec_2026_000185,1099_nec,validation,hard,payer_zip,text,54963,,54963,,False,0.0,0.0,baseline,,0.0,,0.0,-2.0,success,,2.2728530174017147e-10,False,,False,0.0,,,tesseract,,,False,0.0,0.0,1.0,1.0,optional_value_missing,0.0,structured,0.0,0.0,0.0,0.0,0.0,0.0,0.0,0.00021983966509971672,0.8,True
1099_nec_2026_000185_scan_hard_02,1099_nec_2026_000185,1099_nec,validation,hard,payer_tin,identifier,00-6311628,TR EES,006311628,5,False,0.0,14.5,baseline,TR EES,14.5,,0.0,-2.0,success,,0.9598815016428198,True,COME AGAIN,False,50.0,061,5,trocr,COME AGAIN,061,False,50.0,1.0,0.0,0.0,invalid_ein_length,0.6746729760678328,critical,3.0,0.0,0.9,0.0,1.0,0.0,0.0,0.0007219816499038088,0.98,True
1099_nec_2026_000185_scan_hard_02,1099_nec_2026_000185,1099_nec,validation,hard,recipient_tin,identifier,000-48-5989,S,000485989,5,False,20.0,0.0,enhanced,,0.0,S,0.0,-2.0,success,,0.0008453587972139,False,S,False,20.0,,5,tesseract,S,5,False,20.0,1.0,0.0,0.0,invalid_ssn_length,0.0,critical,1.0,0.0,1.0,0.0,0.0,0.0,0.0,0.005289413519825347,0.98,True
1099_nec_2026_000185_scan_hard_02,1099_nec_2026_000185,1099_nec,validation,hard,recipient_name,text,JOANNA RAMOS,_ RECIPIENT'S name _,JOANNA RAMOS,RECIPIENT S NAME,False,28.57,80.25,enhanced,. sane,10.5,_ RECIPIENT'S name _,80.25,-2.0,success,,0.0,False,,,,,,tesseract,_ RECIPIENT'S name _,RECIPIENT S NAME,False,28.57,1.0,1.0,1.0,valid_text,0.8025,descriptive,16.0,0.0,0.7,0.15,0.0,0.0,0.0,0.7269965940000699,0.31,False
1099_nec_2026_000185_scan_hard_02,1099_nec_2026_000185,1099_nec,validation,hard,recipient_street,text,27585 WEAVER JUNCTION SUITE 559,27585 WEAVER JUNCTION SUITE 559,27585 WEAVER JUNCTION SUITE 559,27585 WEAVER JUNCTION SUITE 559,True,100.0,91.8,enhanced,,0.0,27585 WEAVER JUNCTION SUITE 559,91.8,-2.0,success,,0.0,False,,,,,,tesseract,27585 WEAVER JUNCTION SUITE 559,27585 WEAVER JUNCTION SUITE 559,True,100.0,1.0,1.0,1.0,valid_text,0.9179999999999999,descriptive,31.0,0.258065,0.612903,0.0,0.0,0.0,0.0,0.7454897061549586,0.31,False
1099_nec_2026_000185_scan_hard_02,1099_nec_2026_000185,1099_nec,validation,hard,recipient_city,text,GREGORYBERG,i City of town ae | GREGORYBERG ———«.. | 9am 4» ineainn nnatal code,GREGORYBERG,I CITY OF TOWN AE GREGORYBERG 9AM 4 INEAINN NNATAL CODE,False,33.33,50.93,enhanced,,0.0,i City of town ae | GREGORYBERG ———«.. | 9am 4» ineainn nnatal code,50.93,-2.0,success,,0.4541245257901498,False,i City of town ae | GREGORYBERG ———«.. | 9am 4» ineainn nnatal code,False,33.33,EXCHANGE,I CITY OF TOWN AE GREGORYBERG 9AM 4 INEAINN NNATAL CODE,tesseract,i City of town ae | GREGORYBERG ———«.. | 9am 4» ineainn nnatal code,I CITY OF TOWN AE GREGORYBERG 9AM 4 INEAINN NNATAL CODE,False,33.33,1.0,1.0,1.0,valid_text,0.5093,descriptive,55.0,0.029851,0.641791,0.134328,1.0,12.698412698412698,0.0,0.003409013682445389,0.31,True
1099_nec_2026_000185_scan_hard_02,1099_nec_2026_000185,1099_nec,validation,hard,recipient_state,state,ME,ED,ME,ED,False,50.0,0.0,enhanced,,0.0,ED,0.0,-2.0,success,,0.6140404097906584,True,SR:,False,0.0,SR,ED,trocr,SR:,SR,False,0.0,1.0,0.0,0.2,invalid_state_code,0.399126266363928,structured,2.0,0.0,0.666667,0.333333,1.0,0.0,0.0,0.0016463443666195825,0.8,True
1099_nec_2026_000185_scan_hard_02,1099_nec_2026_000185,1099_nec,validation,hard,recipient_zip,text,81029,1009,81029,1009,False,66.67,0.0,baseline,1009,0.0,-,0.0,-2.0,success,,8.356084035608587e-07,False,1009,False,66.67,,1009,tesseract,1009,1009,False,66.67,1.0,0.0,0.8,invalid_zip_length,0.0,structured,4.0,1.0,0.0,0.0,0.0,0.0,0.0,0.00643337213682988,0.8,True
1099_nec_2026_000185_scan_hard_02,1099_nec_2026_000185,1099_nec,validation,hard,nonemployee_compensation,money,"113,877.49",", 113,877.49",113877.49,113877.49,True,100.0,47.5,enhanced,,0.0,", 113,877.49",47.5,-2.0,success,,0.1963475864410968,False,", 113,877.49",True,100.0,5138749.00,113877.49,tesseract,", 113,877.49",113877.49,True,100.0,1.0,1.0,1.0,valid_money,0.475,critical,9.0,0.666667,0.0,0.25,1.0,63.1578947368421,0.0,0.5964149685261805,0.98,True
1099_nec_2026_000185_scan_hard_02,1099_nec_2026_000185,1099_nec,validation,hard,federal_income_tax_withheld,text,"9,074.71","7 9,074.71",9074.71,79074.71,False,93.33,42.5,baseline,"7 9,074.71",42.5,7 7,26.5,-2.0,success,,1.1974667350138406e-06,False,"7 9,074.71",False,93.33,,79074.71,tesseract,"7 9,074.71",79074.71,False,93.33,1.0,1.0,1.0,valid_money,0.425,critical,8.0,0.7,0.0,0.2,0.0,0.0,0.0,0.5086713779109497,0.98,True
1099_nec_2026_000185_scan_hard_02,1099_nec_2026_000185,1099_nec,validation,hard,account_number,identifier,NEC-2026-000185,TT,NEC2026000185,TT,False,0.0,0.0,enhanced,,0.0,TT,0.0,-2.0,success,,0.972487675032475,True,CASHIER,False,10.0,CASHIER,TT,trocr,CASHIER,CASHIER,False,10.0,0.0,1.0,1.0,valid_identifier_shape,0.6321169887711088,structured,7.0,0.0,1.0,0.0,1.0,0.0,0.0,0.1488703732025616,0.8,True
1099_nec_2026_000185_scan_hard_02,1099_nec_2026_000185,1099_nec,validation,hard,state_tax_withheld,money,"3,948.80",$. 3948.80,3948.80,0.39,False,36.36,30.0,enhanced,,0.0,$. 3948.80,30.0,-2.0,success,,0.9850240566888088,True,$ 3948.80,True,100.0,3948.80,0.39,trocr,$ 3948.80,3948.80,True,100.0,0.0,1.0,1.0,valid_money,0.7452656368477257,critical,7.0,0.666667,0.0,0.222222,1.0,36.36363636363637,0.0,0.6788199120137058,0.98,True
1099_nec_2026_000185_scan_hard_02,1099_nec_2026_000185,1099_nec,validation,hard,state_payer_number,identifier,ME-6775801,CC,ME6775801,CC,False,0.0,23.0,baseline,CC,23.0,M,0.0,-2.0,success,,0.9999624326600108,True,ME 677581,False,94.12,ME677581,CC,trocr,ME 677581,ME677581,False,94.12,0.0,1.0,1.0,valid_identifier_shape,0.7304755812290071,structured,8.0,0.666667,0.222222,0.0,1.0,0.0,0.0,0.3358988464301082,0.8,True
1099_nec_2026_000185_scan_hard_02,1099_nec_2026_000185,1099_nec,validation,hard,state_income,money,"113,877.49",$13.87749,113877.49,13.88,False,42.86,0.0,baseline,$13.87749,0.0,$ 1138748,4.5,-2.0,success,,0.9978306566287806,True,S 11387249,False,66.67,511387249.00,13.88,trocr,S 11387249,511387249.00,False,66.67,0.0,1.0,1.0,valid_money,0.6485899268087074,critical,12.0,0.8,0.1,0.0,1.0,35.29411764705882,0.0,0.3241804151849245,0.98,True
1099_nec_2026_000195_scan_mild_01,1099_nec_2026_000195,1099_nec,validation,mild,payer_name,text,BAUTISTA LLC,BAUTISTA LLC.,BAUTISTA LLC,BAUTISTA LLC,True,100.0,67.0,baseline,BAUTISTA LLC.,67.0,,0.0,-0.5,success,,0.2200985122942,False,BAUTISTA LLC.,True,100.0,SEMSTALE COME AGAIN,BAUTISTA LLC,tesseract,BAUTISTA LLC.,BAUTISTA LLC,True,100.0,1.0,1.0,1.0,valid_text,0.67,descriptive,12.0,0.0,0.846154,0.076923,1.0,32.25806451612904,0.0,0.5219766032893829,0.31,False
1099_nec_2026_000195_scan_mild_01,1099_nec_2026_000195,1099_nec,validation,mild,payer_street,text,24760 BRADLEY CIRCLE APT. 810,"24760 BRADLEY CIRCLE APT. 810 ,",24760 BRADLEY CIRCLE APT 810,24760 BRADLEY CIRCLE APT 810,True,100.0,80.0,baseline,"24760 BRADLEY CIRCLE APT. 810 ,",80.0,,0.0,-0.5,success,,0.0,False,,,,,,tesseract,"24760 BRADLEY CIRCLE APT. 810 ,",24760 BRADLEY CIRCLE APT 810,True,100.0,0.0,1.0,1.0,valid_text,0.8,descriptive,28.0,0.258065,0.516129,0.064516,0.0,0.0,0.0,0.6066772661667411,0.31,False
1099_nec_2026_000195_scan_mild_01,1099_nec_2026_000195,1099_nec,validation,mild,payer_city,text,NORTH LINDA,NORTH LINDA,NORTH LINDA,NORTH LINDA,True,100.0,96.0,baseline,NORTH LINDA,96.0,,0.0,-0.5,success,,0.0,False,,,,,,tesseract,NORTH LINDA,NORTH LINDA,True,100.0,0.0,1.0,1.0,valid_text,0.96,descriptive,11.0,0.0,0.909091,0.0,0.0,0.0,0.0,0.7684414324201161,0.31,False
1099_nec_2026_000195_scan_mild_01,1099_nec_2026_000195,1099_nec,validation,mild,payer_state,state,WA,WA VUIYIVVIS,WA,WAVUIYIVVIS,False,30.77,23.0,baseline,WA VUIYIVVIS,23.0,,0.0,-0.5,success,,0.2629789733643131,False,WA VUIYIVVIS,False,30.77,SALEOFPROVINCE,WAVUIYIVVIS,tesseract,WA VUIYIVVIS,WAVUIYIVVIS,False,30.77,0.0,0.0,0.2,invalid_state_code,0.23,structured,11.0,0.0,0.916667,0.0,1.0,24.0,0.0,0.0017663645693318285,0.8,True
1099_nec_2026_000195_scan_mild_01,1099_nec_2026_000195,1099_nec,validation,mild,payer_zip,text,54577,54877 wimg yvviwe: vweww,54577,54877161,False,61.54,16.5,baseline,54877 wimg yvviwe: vweww,16.5,7,0.0,-0.5,success,,0.3099117086275239,False,54877 wimg yvviwe: vweww,False,61.54,54577051605100,54877161,tesseract,54877 wimg yvviwe: vweww,54877161,False,61.54,0.0,0.0,0.8,invalid_zip_length,0.165,structured,8.0,0.208333,0.625,0.041667,1.0,63.63636363636363,0.0,0.0019493663943822319,0.8,True
1099_nec_2026_000195_scan_mild_01,1099_nec_2026_000195,1099_nec,validation,mild,payer_tin,identifier,00-5228713,00-5228713,005228713,005228713,True,100.0,92.0,baseline,00-5228713,92.0,,0.0,-0.5,success,,0.0,False,,,,,,tesseract,00-5228713,005228713,True,100.0,1.0,1.0,1.0,valid_ein_shape,0.92,critical,9.0,0.9,0.0,0.1,0.0,0.0,0.0,0.9644699087012527,0.98,True
1099_nec_2026_000195_scan_mild_01,1099_nec_2026_000195,1099_nec,validation,mild,recipient_tin,identifier,000-26-5603,000-26-5603,000265603,000265603,True,100.0,92.0,baseline,000-26-5603,92.0,,0.0,-0.5,success,,0.0,False,,,,,,tesseract,000-26-5603,000265603,True,100.0,1.0,1.0,1.0,valid_ssn_shape,0.92,critical,9.0,0.818182,0.0,0.181818,0.0,0.0,0.0,0.9606593013700371,0.98,True
1099_nec_2026_000195_scan_mild_01,1099_nec_2026_000195,1099_nec,validation,mild,recipient_name,text,ASHLEE ROSS,ASHLEE ROSS eS,ASHLEE ROSS,ASHLEE ROSS ES,False,88.0,66.0,enhanced,ASHLEE ROSS,53.0,ASHLEE ROSS eS,66.0,-0.5,success,,0.14186276059773,False,ASHLEE ROSS eS,False,88.0,ASHTEROS,ASHLEE ROSS ES,tesseract,ASHLEE ROSS eS,ASHLEE ROSS ES,False,88.0,1.0,1.0,1.0,valid_text,0.66,descriptive,14.0,0.0,0.857143,0.0,1.0,63.63636363636363,0.0,0.4894242908934139,0.31,False
1099_nec_2026_000195_scan_mild_01,1099_nec_2026_000195,1099_nec,validation,mild,recipient_street,text,2680 ZACHARY VALLEYS,2680 ZACHARY VALLEYS,2680 ZACHARY VALLEYS,2680 ZACHARY VALLEYS,True,100.0,94.67,baseline,2680 ZACHARY VALLEYS,94.67,,0.0,-0.5,success,,0.0,False,,,,,,tesseract,2680 ZACHARY VALLEYS,2680 ZACHARY VALLEYS,True,100.0,1.0,1.0,1.0,valid_text,0.9467,descriptive,20.0,0.2,0.7,0.0,0.0,0.0,0.0,0.9128890926925566,0.31,False
1099_nec_2026_000195_scan_mild_01,1099_nec_2026_000195,1099_nec,validation,mild,recipient_city,text,SETHBERG,Uity or town SETHBERG,SETHBERG,UITY OR TOWN SETHBERG,False,55.17,90.5,enhanced,SETHBERG,71.0,Uity or town SETHBERG,90.5,-0.5,success,,0.0,False,,,,,,tesseract,Uity or town SETHBERG,UITY OR TOWN SETHBERG,False,55.17,1.0,1.0,1.0,valid_text,0.905,descriptive,21.0,0.0,0.857143,0.0,0.0,0.0,0.0,0.6473012194542159,0.31,False
1099_nec_2026_000195_scan_mild_01,1099_nec_2026_000195,1099_nec,validation,mild,recipient_state,state,OR,OR MVIWIV,OR,ORMVIWIV,False,40.0,7.0,baseline,OR MVIWIV,7.0,,0.0,-0.5,success,,0.3974539443082307,False,OR MVIWIV,False,40.0,SATEOFPROVINCE,ORMVIWIV,tesseract,OR MVIWIV,ORMVIWIV,False,40.0,1.0,0.0,0.2,invalid_state_code,0.07,structured,8.0,0.0,0.888889,0.0,1.0,36.36363636363637,0.0,0.0005017416117921327,0.8,True
1099_nec_2026_000195_scan_mild_01,1099_nec_2026_000195,1099_nec,validation,mild,recipient_zip,text,04496,04496 RE TTS Www www,04496,044965,False,90.91,22.8,baseline,04496 RE TTS Www www,22.8,,0.0,-0.5,success,,0.4972447244005626,True,0446 TORSIGN POSTAL CODE,False,44.44,0446051605100,044965,trocr,0446 TORSIGN POSTAL CODE,0446051605100,False,44.44,1.0,0.0,0.19999999999999996,invalid_zip_length,0.4030090708603657,structured,13.0,0.166667,0.708333,0.0,1.0,52.63157894736843,0.0,0.0003175662195990618,0.8,True
1099_nec_2026_000195_scan_mild_01,1099_nec_2026_000195,1099_nec,validation,mild,nonemployee_compensation,money,"107,743.01","$ 107,743.01",107743.01,107743.01,True,100.0,57.5,baseline,"$ 107,743.01",57.5,"$ 107,743.01",58.5,-0.5,success,,3.8101393729471043e-07,False,"$ 107,743.01",True,100.0,,107743.01,tesseract,"$ 107,743.01",107743.01,True,100.0,1.0,1.0,1.0,valid_money,0.575,critical,9.0,0.666667,0.0,0.25,0.0,0.0,0.0,0.7887231438055459,0.98,True
1099_nec_2026_000195_scan_mild_01,1099_nec_2026_000195,1099_nec,validation,mild,federal_income_tax_withheld,text,"7,834.43","7,934.43",7834.43,7934.43,False,85.71,45.0,enhanced,"EC WAUSAU CAE Bs sus tews 864d FU ver oe crew 7,834.43",27.17,"7,934.43",45.0,-0.5,success,,1.3772353031669362e-06,False,"7,934.43",False,85.71,,7934.43,tesseract,"7,934.43",7934.43,False,85.71,1.0,1.0,1.0,valid_money,0.45,critical,7.0,0.75,0.0,0.25,0.0,0.0,0.0,0.5937378677380736,0.98,True
1099_nec_2026_000195_scan_mild_01,1099_nec_2026_000195,1099_nec,validation,mild,account_number,identifier,NEC-2026-000195,NEC-2026-000195,NEC2026000195,NEC2026000195,True,100.0,18.0,baseline,NEC-2026-000195,18.0,SS MIOWUUVUVET,0.0,-0.5,success,,0.1309461168426312,False,NEC-2026-000195,True,100.0,REC0008007512121212121212,NEC2026000195,tesseract,NEC-2026-000195,NEC2026000195,True,100.0,0.0,1.0,1.0,valid_identifier_shape,0.18,structured,13.0,0.666667,0.2,0.133333,1.0,36.8421052631579,0.0,0.18823770148253893,0.8,True
1099_nec_2026_000195_scan_mild_01,1099_nec_2026_000195,1099_nec,validation,mild,state_tax_withheld,money,496.88,$896.88,496.88,896.88,False,83.33,44.0,enhanced,,0.0,$896.88,44.0,-0.5,success,,0.8423651957004871,True,$ 496.88,True,100.0,496.88,896.88,trocr,$ 496.88,496.88,True,100.0,0.0,1.0,1.0,valid_money,0.7015373772053166,critical,6.0,0.625,0.0,0.25,1.0,83.33333333333334,0.0,0.7756465473524904,0.98,True
1099_nec_2026_000195_scan_mild_01,1099_nec_2026_000195,1099_nec,validation,mild,state_payer_number,identifier,OR-2871488,ORB,OR2871488,ORB,False,33.33,0.0,baseline,ORB,0.0,OR,0.0,-0.5,success,,0.9999279262407208,True,OR-2871488,True,100.0,OR2871488,ORB,trocr,OR-2871488,OR2871488,True,100.0,0.0,1.0,1.0,valid_identifier_shape,0.6499531520564685,structured,9.0,0.7,0.2,0.1,1.0,33.333333333333336,0.0,0.6171286826345266,0.8,True
1099_nec_2026_000195_scan_mild_01,1099_nec_2026_000195,1099_nec,validation,mild,state_income,money,"107,743.01","$107,743.01",107743.01,107743.01,True,100.0,23.0,enhanced,,0.0,"$107,743.01",23.0,-0.5,success,,0.8741336882650498,True,"$ 07,743.01",False,87.5,7743.01,107743.01,trocr,"$ 07,743.01",7743.01,False,87.5,0.0,1.0,1.0,valid_money,0.6486868973722824,critical,7.0,0.636364,0.0,0.272727,1.0,87.5,0.0,0.9055880680230989,0.98,True
1099_nec_2026_000195_scan_hard_02,1099_nec_2026_000195,1099_nec,validation,hard,payer_name,text,BAUTISTA LLC,bee ALC 3 |,BAUTISTA LLC,BEE ALC 3,False,38.1,72.0,enhanced,ma — —s = . },26.0,bee ALC 3 |,72.0,2.0,success,,0.0,False,,,,,,tesseract,bee ALC 3 |,BEE ALC 3,False,38.1,1.0,1.0,1.0,valid_text,0.72,descriptive,9.0,0.090909,0.545455,0.090909,0.0,0.0,0.0,0.6225666476566095,0.31,False
1099_nec_2026_000195_scan_hard_02,1099_nec_2026_000195,1099_nec,validation,hard,payer_street,text,24760 BRADLEY CIRCLE APT. 810,24760 BRADLEY CIRCLE APT. 810 =,24760 BRADLEY CIRCLE APT 810,24760 BRADLEY CIRCLE APT 810,True,100.0,82.83,baseline,24760 BRADLEY CIRCLE APT. 810 =,82.83,,0.0,2.0,success,,0.0,False,,,,,,tesseract,24760 BRADLEY CIRCLE APT. 810 =,24760 BRADLEY CIRCLE APT 810,True,100.0,0.0,1.0,1.0,valid_text,0.8283,descriptive,28.0,0.258065,0.516129,0.064516,0.0,0.0,0.0,0.6402836617081659,0.31,False
1099_nec_2026_000195_scan_hard_02,1099_nec_2026_000195,1099_nec,validation,hard,payer_city,text,NORTH LINDA,| NORTH LINDA | ee,NORTH LINDA,NORTH LINDA EE,False,88.0,70.8,enhanced,wry wt wert,44.0,| NORTH LINDA | ee,70.8,2.0,success,,0.0,False,,,,,,tesseract,| NORTH LINDA | ee,NORTH LINDA EE,False,88.0,0.0,1.0,1.0,valid_text,0.708,descriptive,14.0,0.0,0.666667,0.111111,0.0,0.0,0.0,0.2690600610667736,0.31,True
1099_nec_2026_000195_scan_hard_02,1099_nec_2026_000195,1099_nec,validation,hard,payer_state,state,WA,TS,WA,TS,False,0.0,0.0,enhanced,,0.0,TS,0.0,2.0,success,,7.103197659142591e-06,False,TS,False,0.0,,TS,tesseract,TS,TS,False,0.0,0.0,0.0,0.2,invalid_state_code,0.0,structured,2.0,0.0,1.0,0.0,0.0,0.0,0.0,0.01068033549295942,0.8,True
1099_nec_2026_000195_scan_hard_02,1099_nec_2026_000195,1099_nec,validation,hard,payer_zip,text,54577,,54577,,False,0.0,0.0,baseline,,0.0,,0.0,2.0,success,,0.9981733103604796,True,5577 0955,False,61.54,55770955,,trocr,5577 0955,55770955,False,61.54,0.0,0.0,0.8,invalid_zip_length,0.6488126517343118,structured,8.0,0.888889,0.0,0.0,1.0,0.0,0.0,0.0009082677009663364,0.8,True
1099_nec_2026_000195_scan_hard_02,1099_nec_2026_000195,1099_nec,validation,hard,payer_tin,identifier,00-5228713,00-5228713,005228713,005228713,True,100.0,0.0,baseline,00-5228713,0.0,B 22 713,27.0,2.0,success,,0.4222743461081945,False,00-5228713,True,100.0,5052973,005228713,tesseract,00-5228713,005228713,True,100.0,1.0,1.0,1.0,valid_ein_shape,0.0,critical,9.0,0.9,0.0,0.1,1.0,62.5,0.0,0.10487693209908339,0.98,True
1099_nec_2026_000195_scan_hard_02,1099_nec_2026_000195,1099_nec,validation,hard,recipient_tin,identifier,000-26-5603,00-26-5603,000265603,00265603,False,94.12,20.0,baseline,00-26-5603,20.0,-,0.0,2.0,success,,0.4642399018749046,False,00-26-5603,False,94.12,6000,00265603,tesseract,00-26-5603,00265603,False,94.12,1.0,0.0,0.8200000000000001,invalid_ssn_length,0.2,critical,8.0,0.8,0.0,0.2,1.0,50.0,0.0,0.003745087238137233,0.98,True
1099_nec_2026_000195_scan_hard_02,1099_nec_2026_000195,1099_nec,validation,hard,recipient_name,text,ASHLEE ROSS,aes EROSS,ASHLEE ROSS,AES EROSS,False,70.0,63.0,enhanced,go,8.0,aes EROSS,63.0,2.0,success,,3.410736935437144e-06,False,aes EROSS,False,70.0,,AES EROSS,tesseract,aes EROSS,AES EROSS,False,70.0,1.0,1.0,1.0,valid_text,0.63,descriptive,9.0,0.0,0.888889,0.0,0.0,0.0,0.0,0.6324422361286398,0.31,False
1099_nec_2026_000195_scan_hard_02,1099_nec_2026_000195,1099_nec,validation,hard,recipient_street,text,2680 ZACHARY VALLEYS,wewwt As OES | 2680 ZACHARY VALLEYS,2680 ZACHARY VALLEYS,WEWWT AS OES 2680 ZACHARY VALLEYS,False,75.47,64.0,enhanced,,0.0,wewwt As OES | 2680 ZACHARY VALLEYS,64.0,2.0,success,,0.3006771067432786,False,wewwt As OES | 2680 ZACHARY VALLEYS,False,75.47,2860 ZACHANY VALLEYS,WEWWT AS OES 2680 ZACHARY VALLEYS,tesseract,wewwt As OES | 2680 ZACHARY VALLEYS,WEWWT AS OES 2680 ZACHARY VALLEYS,False,75.47,1.0,1.0,1.0,valid_text,0.64,descriptive,33.0,0.114286,0.685714,0.028571,1.0,67.9245283018868,0.0,0.25921639685451336,0.31,True
1099_nec_2026_000195_scan_hard_02,1099_nec_2026_000195,1099_nec,validation,hard,recipient_city,text,SETHBERG,| wry = : . ve |,SETHBERG,WRY VE,False,14.29,49.29,enhanced,ee :,20.0,| wry = : . ve |,49.29,2.0,success,,0.3474711056217369,False,| wry = : . ve |,False,14.29,SHANK YOU,WRY VE,tesseract,| wry = : . ve |,WRY VE,False,14.29,1.0,1.0,1.0,valid_text,0.4929,descriptive,6.0,0.0,0.3125,0.3125,1.0,13.33333333333333,0.0,0.03215232851382686,0.31,True
1099_nec_2026_000195_scan_hard_02,1099_nec_2026_000195,1099_nec,validation,hard,recipient_state,state,OR,TT,OR,TT,False,0.0,0.0,enhanced,I,11.0,TT,0.0,2.0,success,,0.6140404097906584,True,SR:,False,50.0,SR,TT,trocr,SR:,SR,False,50.0,1.0,0.0,0.2,invalid_state_code,0.399126266363928,structured,2.0,0.0,0.666667,0.333333,1.0,0.0,0.0,0.0032087176447270654,0.8,True
1099_nec_2026_000195_scan_hard_02,1099_nec_2026_000195,1099_nec,validation,hard,recipient_zip,text,04496,ae,04496,,False,0.0,37.0,baseline,ae,37.0,,0.0,2.0,success,,0.9966858537446678,True,0.49,False,75.0,049,,trocr,0.49,049,False,75.0,1.0,0.0,0.6,invalid_zip_length,0.777345804934034,structured,3.0,0.75,0.0,0.25,1.0,0.0,0.0,0.003480981171561501,0.8,True
1099_nec_2026_000195_scan_hard_02,1099_nec_2026_000195,1099_nec,validation,hard,nonemployee_compensation,money,"107,743.01",,107743.01,,False,0.0,0.0,baseline,,0.0,,0.0,2.0,success,,0.9933702567647732,True,SR: 07:43 PM,False,70.59,50743.00,,trocr,SR: 07:43 PM,50743.00,False,70.59,1.0,1.0,1.0,valid_money,0.6456906668971026,critical,8.0,0.333333,0.333333,0.166667,1.0,0.0,0.0,0.04203202213659227,0.98,True
1099_nec_2026_000195_scan_hard_02,1099_nec_2026_000195,1099_nec,validation,hard,federal_income_tax_withheld,text,"7,834.43","Tae eee 7,834.43",7834.43,7834.43,True,100.0,50.67,baseline,"Tae eee 7,834.43",50.67,7936.43,49.0,2.0,success,,0.2798685885434673,False,"Tae eee 7,834.43",True,100.0,5.00,7834.43,tesseract,"Tae eee 7,834.43",7834.43,True,100.0,1.0,1.0,1.0,valid_money,0.5067,critical,7.0,0.375,0.375,0.125,1.0,18.181818181818176,0.0,0.07121159002553251,0.98,True
1099_nec_2026_000195_scan_hard_02,1099_nec_2026_000195,1099_nec,validation,hard,account_number,identifier,NEC-2026-000195,TT,NEC2026000195,TT,False,0.0,14.0,enhanced,,0.0,TT,14.0,2.0,success,,0.9252993188751326,True,*CASHIER,False,10.0,CASHIER,TT,trocr,*CASHIER,CASHIER,False,10.0,0.0,1.0,1.0,valid_identifier_shape,0.6504445572688362,structured,7.0,0.0,0.875,0.125,1.0,0.0,0.0,0.12547446415449395,0.8,True
1099_nec_2026_000195_scan_hard_02,1099_nec_2026_000195,1099_nec,validation,hard,state_tax_withheld,money,496.88,$.,496.88,.,False,28.57,0.0,enhanced,,0.0,$.,0.0,2.0,success,,0.9962868506265176,True,$ 496.88,True,100.0,496.88,.,trocr,$ 496.88,496.88,True,100.0,0.0,1.0,1.0,valid_money,0.6475864529072365,critical,6.0,0.625,0.0,0.25,1.0,28.57142857142857,1.0,0.07270883341737087,0.98,True
1099_nec_2026_000195_scan_hard_02,1099_nec_2026_000195,1099_nec,validation,hard,state_payer_number,identifier,OR-2871488,,OR2871488,,False,0.0,0.0,baseline,,0.0,,0.0,2.0,success,,0.9999570710088842,True,OR-287168,False,82.35,OR287168,,trocr,OR-287168,OR287168,False,82.35,0.0,1.0,1.0,valid_identifier_shape,0.6499720961557748,structured,8.0,0.666667,0.222222,0.111111,1.0,0.0,0.0,0.3797122094256609,0.8,True
1099_nec_2026_000195_scan_hard_02,1099_nec_2026_000195,1099_nec,validation,hard,state_income,money,"107,743.01","$107,740.00",107743.01,107740.00,False,77.78,28.0,enhanced,"$107,748.01",0.0,"$107,740.00",28.0,2.0,success,,0.9648151347085484,True,$ 107.74301,False,66.67,107.74,107740.00,trocr,$ 107.74301,107.74,False,66.67,0.0,1.0,1.0,valid_money,0.7251298375605565,critical,6.0,0.727273,0.0,0.181818,1.0,66.66666666666667,1.0,0.41233256380184075,0.98,True
1099_nec_2026_000240_scan_mild_01,1099_nec_2026_000240,1099_nec,validation,mild,payer_name,text,"PETERSON, PATTERSON AND SMITH","PETERSON, PATTERSON AND SMITH",PETERSON PATTERSON AND SMITH,PETERSON PATTERSON AND SMITH,True,100.0,95.5,baseline,"PETERSON, PATTERSON AND SMITH",95.5,,0.0,-0.5,success,,0.0,False,,,,,,tesseract,"PETERSON, PATTERSON AND SMITH",PETERSON PATTERSON AND SMITH,True,100.0,1.0,1.0,1.0,valid_text,0.955,descriptive,28.0,0.0,0.862069,0.034483,0.0,0.0,0.0,0.7841704496201004,0.31,False
1099_nec_2026_000240_scan_mild_01,1099_nec_2026_000240,1099_nec,validation,mild,payer_street,text,693 HAYES PARKS,693 HAYES PARKS,693 HAYES PARKS,693 HAYES PARKS,True,100.0,95.0,baseline,693 HAYES PARKS,95.0,,0.0,-0.5,success,,0.0,False,,,,,,tesseract,693 HAYES PARKS,693 HAYES PARKS,True,100.0,0.0,1.0,1.0,valid_text,0.95,descriptive,15.0,0.2,0.666667,0.0,0.0,0.0,0.0,0.9324730104450427,0.31,False
1099_nec_2026_000240_scan_mild_01,1099_nec_2026_000240,1099_nec,validation,mild,payer_city,text,LINDATON,Vy Or town LINDATON,LINDATON,VY OR TOWN LINDATON,False,59.26,66.75,enhanced,LINDATON -,25.5,Vy Or town LINDATON,66.75,-0.5,success,,0.8777320670250606,True,UNDATION,False,75.0,UNDATION,VY OR TOWN LINDATON,trocr,UNDATION,UNDATION,False,75.0,0.0,1.0,1.0,valid_text,0.8041508435662894,descriptive,8.0,0.0,1.0,0.0,1.0,44.44444444444444,0.0,0.2282339264245953,0.31,True
1099_nec_2026_000240_scan_mild_01,1099_nec_2026_000240,1099_nec,validation,mild,payer_state,state,NJ,NS,NJ,NS,False,50.0,0.0,enhanced,NJ VIVIVNWS,4.5,NS,0.0,-0.5,success,,0.7099914352614558,True,SALE OF PROVINCE,False,12.5,SALEOFPROVINCE,NS,trocr,SALE OF PROVINCE,SALEOFPROVINCE,False,12.5,0.0,0.0,0.2,invalid_state_code,0.4614944329199463,structured,14.0,0.0,0.875,0.0,1.0,12.5,0.0,0.0007663235932985553,0.8,True
1099_nec_2026_000240_scan_mild_01,1099_nec_2026_000240,1099_nec,validation,mild,payer_zip,text,00570,00570 Bae ees Pol,00570,005708501,False,71.43,31.75,baseline,00570 Bae ees Pol,31.75,0570,31.0,-0.5,success,,0.1464941042592565,False,00570 Bae ees Pol,False,71.43,6057001605100,005708501,tesseract,00570 Bae ees Pol,005708501,False,71.43,0.0,1.0,1.0,valid_zip_shape,0.3175,structured,9.0,0.294118,0.529412,0.0,1.0,54.54545454545454,0.0,0.09811446231453107,0.8,True
1099_nec_2026_000240_scan_mild_01,1099_nec_2026_000240,1099_nec,validation,mild,payer_tin,identifier,00-1690406,00-1690406,001690406,001690406,True,100.0,91.0,baseline,00-1690406,91.0,,0.0,-0.5,success,,0.0,False,,,,,,tesseract,00-1690406,001690406,True,100.0,1.0,1.0,1.0,valid_ein_shape,0.91,critical,9.0,0.9,0.0,0.1,0.0,0.0,0.0,0.955208480123519,0.98,True
1099_nec_2026_000240_scan_mild_01,1099_nec_2026_000240,1099_nec,validation,mild,recipient_tin,identifier,000-50-3072,000-50-3072,000503072,000503072,True,100.0,91.0,baseline,000-50-3072,91.0,,0.0,-0.5,success,,0.0,False,,,,,,tesseract,000-50-3072,000503072,True,100.0,1.0,1.0,1.0,valid_ssn_shape,0.91,critical,9.0,0.818182,0.0,0.181818,0.0,0.0,0.0,0.9688739490685031,0.98,True
1099_nec_2026_000240_scan_mild_01,1099_nec_2026_000240,1099_nec,validation,mild,recipient_name,text,ALICIA JACKSON,ALICIA JACKSON,ALICIA JACKSON,ALICIA JACKSON,True,100.0,71.5,baseline,ALICIA JACKSON,71.5,,0.0,-0.5,success,,0.0,False,,,,,,tesseract,ALICIA JACKSON,ALICIA JACKSON,True,100.0,1.0,1.0,1.0,valid_text,0.715,descriptive,14.0,0.0,0.928571,0.0,0.0,0.0,0.0,0.7048086517516952,0.31,False
1099_nec_2026_000240_scan_mild_01,1099_nec_2026_000240,1099_nec,validation,mild,recipient_street,text,019 DAVIS STREAM,019 DAVIS STREAM —,019 DAVIS STREAM,019 DAVIS STREAM,True,100.0,68.0,baseline,019 DAVIS STREAM —,68.0,,0.0,-0.5,success,,0.0724804416179425,False,019 DAVIS STREAM —,True,100.0,GTS DAVIS STREAM,019 DAVIS STREAM,tesseract,019 DAVIS STREAM —,019 DAVIS STREAM,True,100.0,1.0,1.0,1.0,valid_text,0.68,descriptive,16.0,0.166667,0.611111,0.055556,1.0,81.25,0.0,0.8306358406818168,0.31,False
1099_nec_2026_000240_scan_mild_01,1099_nec_2026_000240,1099_nec,validation,mild,recipient_city,text,EAST KYLEBOROUGH,EAST KYLEBOROUGH,EAST KYLEBOROUGH,EAST KYLEBOROUGH,True,100.0,92.5,baseline,EAST KYLEBOROUGH,92.5,,0.0,-0.5,success,,0.0,False,,,,,,tesseract,EAST KYLEBOROUGH,EAST KYLEBOROUGH,True,100.0,1.0,1.0,1.0,valid_text,0.925,descriptive,16.0,0.0,0.9375,0.0,0.0,0.0,0.0,0.7982341908196958,0.31,False
1099_nec_2026_000240_scan_mild_01,1099_nec_2026_000240,1099_nec,validation,mild,recipient_state,state,OK,JO,OK,JO,False,50.0,22.0,enhanced,OK MIWIV,16.0,JO,22.0,-0.5,success,,0.5762118629802487,True,STATE OR PROUNCE,False,12.5,STATEORPROUNCE,JO,trocr,STATE OR PROUNCE,STATEORPROUNCE,False,12.5,1.0,0.0,0.2,invalid_state_code,0.4515377109371617,structured,14.0,0.0,0.875,0.0,1.0,12.5,0.0,0.00042805463401070557,0.8,True
1099_nec_2026_000240_scan_mild_01,1099_nec_2026_000240,1099_nec,validation,mild,recipient_zip,text,32436,32436 owe wie! prwwwe SS,32436,324360155,False,71.43,34.4,baseline,32436 owe wie! prwwwe SS,34.4,206,39.0,-0.5,success,,0.1861327874196636,False,32436 owe wie! prwwwe SS,False,71.43,243601605100,324360155,tesseract,32436 owe wie! prwwwe SS,324360155,False,71.43,1.0,1.0,1.0,valid_zip_shape,0.344,structured,9.0,0.208333,0.583333,0.041667,1.0,66.66666666666667,0.0,0.14069762210375236,0.8,True
1099_nec_2026_000240_scan_mild_01,1099_nec_2026_000240,1099_nec,validation,mild,nonemployee_compensation,money,"119,242.49","119,242.49",119242.49,119242.49,True,100.0,92.0,enhanced,"$ 119,242.49",47.0,"119,242.49",92.0,-0.5,success,,0.0,False,,,,,,tesseract,"119,242.49",119242.49,True,100.0,1.0,1.0,1.0,valid_money,0.92,critical,9.0,0.8,0.0,0.2,0.0,0.0,0.0,0.9631043495211796,0.98,True
1099_nec_2026_000240_scan_mild_01,1099_nec_2026_000240,1099_nec,validation,mild,federal_income_tax_withheld,text,0.00,0.00,0.00,0.00,True,100.0,94.0,enhanced,; CT WUE CAP te sures eww 88ert Fe ber ee ewe 0.00,32.85,0.00,94.0,-0.5,success,,0.0,False,,,,,,tesseract,0.00,0.00,True,100.0,1.0,1.0,1.0,valid_money,0.94,critical,4.0,0.75,0.0,0.25,0.0,0.0,0.0,0.9510336098976823,0.98,True
1099_nec_2026_000240_scan_mild_01,1099_nec_2026_000240,1099_nec,validation,mild,account_number,identifier,NEC-2026-000240,NEC-2026-000240 RT,NEC2026000240,NEC2026000240RT,False,92.86,7.0,enhanced,NEC-2026-00020,0.0,NEC-2026-000240 RT,7.0,-0.5,success,,0.1724333711539245,False,NEC-2026-000240 RT,False,92.86,REC000600024112111112121212031203,NEC2026000240RT,tesseract,NEC-2026-000240 RT,NEC2026000240RT,False,92.86,0.0,1.0,1.0,valid_identifier_shape,0.07,structured,15.0,0.555556,0.277778,0.111111,1.0,41.666666666666664,0.0,0.149394715991239,0.8,True
1099_nec_2026_000240_scan_mild_01,1099_nec_2026_000240,1099_nec,validation,mild,state_tax_withheld,money,0.00,$200,0.00,200.00,False,80.0,46.0,enhanced,,0.0,$200,46.0,-0.5,success,,0.7527257826309909,True,$ 0.00,True,100.0,0.00,200.00,trocr,$ 0.00,0.00,True,100.0,0.0,1.0,1.0,valid_money,0.6502717587101441,critical,4.0,0.5,0.0,0.333333,1.0,80.0,0.0,0.7392141402488517,0.98,True
1099_nec_2026_000240_scan_mild_01,1099_nec_2026_000240,1099_nec,validation,mild,state_payer_number,identifier,OK-4441935,OK,OK4441935,OK,False,36.36,0.0,enhanced,,0.0,OK,0.0,-0.5,success,,0.999929820078968,True,OK-4441935,True,100.0,OK4441935,OK,trocr,OK-4441935,OK4441935,True,100.0,0.0,1.0,1.0,valid_identifier_shape,0.6499543830513292,structured,9.0,0.7,0.2,0.1,1.0,36.36363636363637,0.0,0.7896872912790082,0.8,True
1099_nec_2026_000240_scan_mild_01,1099_nec_2026_000240,1099_nec,validation,mild,state_income,money,"119,242.49","$119,262.49",119242.49,119262.49,False,88.89,52.0,enhanced,"$119,242.49",0.0,"$119,262.49",52.0,-0.5,success,,0.7009429374548597,True,"$ 119,242.49",True,100.0,119242.49,119262.49,trocr,"$ 119,242.49",119242.49,True,100.0,0.0,1.0,1.0,valid_money,0.6376129093456588,critical,9.0,0.666667,0.0,0.25,1.0,88.88888888888889,0.0,0.6352994789079408,0.98,True
1099_nec_2026_000240_scan_hard_02,1099_nec_2026_000240,1099_nec,validation,hard,payer_name,text,"PETERSON, PATTERSON AND SMITH","| PETERSON, PATTERSON AND SMITH Chraat 2AAenn",PETERSON PATTERSON AND SMITH,PETERSON PATTERSON AND SMITH CHRAAT 2AAENN,False,80.0,72.57,enhanced,cee nen AND SMITH,57.0,"| PETERSON, PATTERSON AND SMITH Chraat 2AAenn",72.57,2.0,success,,0.0,False,,,,,,tesseract,"| PETERSON, PATTERSON AND SMITH Chraat 2AAenn",PETERSON PATTERSON AND SMITH CHRAAT 2AAENN,False,80.0,1.0,1.0,1.0,valid_text,0.7256999999999999,descriptive,42.0,0.022222,0.8,0.044444,0.0,0.0,0.0,0.26651532892233654,0.31,True
1099_nec_2026_000240_scan_hard_02,1099_nec_2026_000240,1099_nec,validation,hard,payer_street,text,693 HAYES PARKS,waco auUurTess | 693 HAYES PARKS |,693 HAYES PARKS,WACO AUUURTESS 693 HAYES PARKS,False,66.67,68.57,enhanced,sean res,17.0,waco auUurTess | 693 HAYES PARKS |,68.57,2.0,success,,0.6364667405215755,True,GSTRAYES PARKS |,False,68.97,GSTRAYES PARKS,WACO AUUURTESS 693 HAYES PARKS,trocr,GSTRAYES PARKS |,GSTRAYES PARKS,False,68.97,0.0,1.0,1.0,valid_text,0.653698381339024,descriptive,14.0,0.0,0.8125,0.0625,1.0,50.0,0.0,0.2460206742351331,0.31,True
1099_nec_2026_000240_scan_hard_02,1099_nec_2026_000240,1099_nec,validation,hard,payer_city,text,LINDATON,) wesy wt LWT LINDATON pe |,LINDATON,WESY WT LWT LINDATON PE,False,51.61,50.71,enhanced,aceite r 5,11.33,) wesy wt LWT LINDATON pe |,50.71,2.0,success,,0.9197718533475152,True,UNDATION,False,75.0,UNDATION,WESY WT LWT LINDATON PE,trocr,UNDATION,UNDATION,False,75.0,0.0,1.0,1.0,valid_text,0.7753367046758849,descriptive,8.0,0.0,1.0,0.0,1.0,38.70967741935484,0.0,0.20688360860637803,0.31,True
1099_nec_2026_000240_scan_hard_02,1099_nec_2026_000240,1099_nec,validation,hard,payer_state,state,NJ,W IVNVYE,NJ,WIVNVYE,False,22.22,0.0,baseline,W IVNVYE,0.0,P,0.0,2.0,success,,0.3166903164369069,False,W IVNVYE,False,22.22,INVOICE,WIVNVYE,tesseract,W IVNVYE,WIVNVYE,False,22.22,0.0,0.0,0.2,invalid_state_code,0.0,structured,7.0,0.0,0.875,0.0,1.0,57.14285714285714,0.0,0.0018128421735720088,0.8,True
1099_nec_2026_000240_scan_hard_02,1099_nec_2026_000240,1099_nec,validation,hard,payer_zip,text,00570,70 Suntan,00570,705,False,50.0,26.5,baseline,70 Suntan,26.5,,0.0,2.0,success,,0.5594537032681787,True,60570 MORLON POSTAL CODE,False,44.44,6057001005100,705,trocr,60570 MORLON POSTAL CODE,6057001005100,False,44.44,0.0,0.0,0.19999999999999996,invalid_zip_length,0.45639490712431613,structured,13.0,0.208333,0.666667,0.0,1.0,37.5,0.0,0.00027100104905239603,0.8,True
1099_nec_2026_000240_scan_hard_02,1099_nec_2026_000240,1099_nec,validation,hard,payer_tin,identifier,00-1690406,00-1690406,001690406,001690406,True,100.0,11.0,enhanced,00-1,96.0,00-1690406,11.0,2.0,success,,0.4615806486721701,False,00-1690406,True,100.0,001600408,001690406,tesseract,00-1690406,001690406,True,100.0,1.0,1.0,1.0,valid_ein_shape,0.11,critical,9.0,0.9,0.0,0.1,1.0,77.77777777777779,0.0,0.32218212748016356,0.98,True
1099_nec_2026_000240_scan_hard_02,1099_nec_2026_000240,1099_nec,validation,hard,recipient_tin,identifier,000-50-3072,000-50-3072,000503072,000503072,True,100.0,92.0,baseline,000-50-3072,92.0,,0.0,2.0,success,,0.0,False,,,,,,tesseract,000-50-3072,000503072,True,100.0,1.0,1.0,1.0,valid_ssn_shape,0.92,critical,9.0,0.818182,0.0,0.181818,0.0,0.0,0.0,0.9702175414431212,0.98,True
1099_nec_2026_000240_scan_hard_02,1099_nec_2026_000240,1099_nec,validation,hard,recipient_name,text,ALICIA JACKSON,ator rect Straat artrirace,ALICIA JACKSON,ATOR RECT STRAAT ARTRIRACE,False,30.0,54.0,enhanced,ee,27.0,ator rect Straat artrirace,54.0,2.0,success,,0.6610224829196663,True,AMOUNT,False,30.0,AMOUNT,ATOR RECT STRAAT ARTRIRACE,trocr,AMOUNT,AMOUNT,False,30.0,1.0,1.0,1.0,valid_text,0.6186646138977832,descriptive,6.0,0.0,1.0,0.0,1.0,18.75,0.0,0.1554937727658328,0.31,True
1099_nec_2026_000240_scan_hard_02,1099_nec_2026_000240,1099_nec,validation,hard,recipient_street,text,019 DAVIS STREAM,| wut MANOS -019 DAVIS STREAM,019 DAVIS STREAM,WUT MANOS 019 DAVIS STREAM,False,76.19,61.0,enhanced,osceieweses,0.0,| wut MANOS -019 DAVIS STREAM,61.0,2.0,success,,0.4192777770086644,False,| wut MANOS -019 DAVIS STREAM,False,76.19,019 DAYS STREAM,WUT MANOS 019 DAVIS STREAM,tesseract,| wut MANOS -019 DAVIS STREAM,WUT MANOS 019 DAVIS STREAM,False,76.19,1.0,1.0,1.0,valid_text,0.61,descriptive,26.0,0.103448,0.655172,0.068966,1.0,68.29268292682926,0.0,0.37576566641687387,0.31,False
1099_nec_2026_000240_scan_hard_02,1099_nec_2026_000240,1099_nec,validation,hard,recipient_city,text,EAST KYLEBOROUGH,| wy Vi wwii ¥ | EAST KYLEBOROUGH Ce Re eae: Ctata ar neaviana-~ ~,EAST KYLEBOROUGH,WY VI WWII EAST KYLEBOROUGH CE RE EAE CTATA AR NEAVIANA,False,45.07,47.8,enhanced,hile ee ',24.33,| wy Vi wwii ¥ | EAST KYLEBOROUGH Ce Re eae: Ctata ar neaviana-~ ~,47.8,2.0,success,,0.8063410277983007,True,CASHIER + + +,False,34.78,CASHIER,WY VI WWII EAST KYLEBOROUGH CE RE EAE CTATA AR NEAVIANA,trocr,CASHIER + + +,CASHIER,False,34.78,1.0,1.0,1.0,valid_text,0.6914216680688955,descriptive,7.0,0.0,0.538462,0.230769,1.0,16.129032258064512,0.0,0.0342381335941333,0.31,True
1099_nec_2026_000240_scan_hard_02,1099_nec_2026_000240,1099_nec,validation,hard,recipient_state,state,OK,TPIS,OK,TPIS,False,0.0,0.0,baseline,TPIS,0.0,E,0.0,2.0,success,,0.7466344300339238,True,OK OF PROUNCE,False,30.77,OKOFPROUNCE,TPIS,trocr,OK OF PROUNCE,OKOFPROUNCE,False,30.77,1.0,0.0,0.2,invalid_state_code,0.4853123795220505,structured,11.0,0.0,0.846154,0.0,1.0,13.33333333333333,0.0,0.0005715077801439941,0.8,True
1099_nec_2026_000240_scan_hard_02,1099_nec_2026_000240,1099_nec,validation,hard,recipient_zip,text,32436,2408 wrong PUold COUS,32436,24080601005,False,37.5,29.5,baseline,2408 wrong PUold COUS,29.5,,0.0,2.0,success,,0.4213466602480536,False,2408 wrong PUold COUS,False,37.5,3246005100,24080601005,tesseract,2408 wrong PUold COUS,24080601005,False,37.5,1.0,0.0,0.6,invalid_zip_length,0.295,structured,11.0,0.190476,0.666667,0.0,1.0,66.66666666666667,0.0,0.0011328953646520686,0.8,True
1099_nec_2026_000240_scan_hard_02,1099_nec_2026_000240,1099_nec,validation,hard,nonemployee_compensation,money,"119,242.49","$ 119,242.49",119242.49,119242.49,True,100.0,62.5,enhanced,$,59.0,"$ 119,242.49",62.5,2.0,success,,0.0594580422347421,False,"$ 119,242.49",True,100.0,5192446.00,119242.49,tesseract,"$ 119,242.49",119242.49,True,100.0,1.0,1.0,1.0,valid_money,0.625,critical,9.0,0.666667,0.0,0.25,1.0,52.63157894736843,0.0,0.7711131053696691,0.98,True
1099_nec_2026_000240_scan_hard_02,1099_nec_2026_000240,1099_nec,validation,hard,federal_income_tax_withheld,text,0.00,| _ ee ee ee eer eee SSE FRR PIL ve,0.00,15511.00,False,50.0,34.0,baseline,| _ ee ee ee eer eee SSE FRR PIL ve,34.0,". - 1 , 0.00",17.8,2.0,success,,0.8996022435476262,True,SR: 00,False,80.0,500.00,15511.00,trocr,SR: 00,500.00,False,80.0,1.0,1.0,1.0,valid_money,0.703741458305957,critical,6.0,0.333333,0.333333,0.166667,1.0,57.14285714285714,0.0,0.09807013430697892,0.98,True
1099_nec_2026_000240_scan_hard_02,1099_nec_2026_000240,1099_nec,validation,hard,account_number,identifier,NEC-2026-000240,AAA 3 - LD,NEC2026000240,AAA3LD,False,0.0,27.25,baseline,AAA 3 - LD,27.25,S UUGUONS,0.0,2.0,success,,0.8265244325002469,True,RECEIPT FOR: 01/2018,False,34.48,RECEIPTFOR012018,AAA3LD,trocr,RECEIPT FOR: 01/2018,RECEIPTFOR012018,False,34.48,0.0,1.0,1.0,valid_identifier_shape,0.6326158811251604,structured,16.0,0.3,0.5,0.1,1.0,0.0,0.0,0.05878498124570175,0.8,True
1099_nec_2026_000240_scan_hard_02,1099_nec_2026_000240,1099_nec,validation,hard,state_tax_withheld,money,0.00,$88,0.00,88.00,False,66.67,13.0,enhanced,,0.0,$88,13.0,2.0,success,,0.9271265538222868,True,$ 0.00,True,100.0,0.00,88.00,trocr,$ 0.00,0.00,True,100.0,0.0,1.0,1.0,valid_money,0.6481322599844864,critical,4.0,0.5,0.0,0.333333,1.0,66.66666666666667,0.0,0.719009901748188,0.98,True
1099_nec_2026_000240_scan_hard_02,1099_nec_2026_000240,1099_nec,validation,hard,state_payer_number,identifier,OK-4441935,OM,OK4441935,OM,False,18.18,9.0,enhanced,OK05,0.0,OM,9.0,2.0,success,,0.999942096419534,True,OK-1441935,False,88.89,OK1441935,OM,trocr,OK-1441935,OK1441935,False,88.89,0.0,1.0,1.0,valid_identifier_shape,0.6814623626726971,structured,9.0,0.7,0.2,0.1,1.0,18.181818181818176,0.0,0.7047537498975559,0.8,True
1099_nec_2026_000240_scan_hard_02,1099_nec_2026_000240,1099_nec,validation,hard,state_income,money,"119,242.49",$119.242.49,119242.49,119.24,False,66.67,0.0,baseline,$119.242.49,0.0,$9240.49,2.0,2.0,success,,0.9702262072066128,True,"$ 119,242.49",True,100.0,119242.49,119.24,trocr,"$ 119,242.49",119242.49,True,100.0,0.0,1.0,1.0,valid_money,0.6306470346842983,critical,9.0,0.666667,0.0,0.25,1.0,66.66666666666667,0.0,0.5863062868423595,0.98,True
