document_id,parent_document_id,document_type,split,variant_profile,image_path,annotation_path,rotation_degrees,blur_radius,noise_sigma,jpeg_quality
w2_2026_000001_scan_mild_01,w2_2026_000001,w2,train,mild,data\processed\irs_scan_variants\w2\train\w2_2026_000001_scan_mild_01.jpg,data\annotations\irs_scan_variants\w2\train\w2_2026_000001_scan_mild_01.json,-1.1536,0.4981,4.0149,75
w2_2026_000001_scan_hard_02,w2_2026_000001,w2,train,hard,data\processed\irs_scan_variants\w2\train\w2_2026_000001_scan_hard_02.jpg,data\annotations\irs_scan_variants\w2\train\w2_2026_000001_scan_hard_02.json,-0.4573,1.0294,6.1258,48
w2_2026_000002_scan_mild_01,w2_2026_000002,w2,validation,mild,data\processed\irs_scan_variants\w2\validation\w2_2026_000002_scan_mild_01.jpg,data\annotations\irs_scan_variants\w2\validation\w2_2026_000002_scan_mild_01.json,-1.0389,0.3114,3.506,85
w2_2026_000002_scan_hard_02,w2_2026_000002,w2,validation,hard,data\processed\irs_scan_variants\w2\validation\w2_2026_000002_scan_hard_02.jpg,data\annotations\irs_scan_variants\w2\validation\w2_2026_000002_scan_hard_02.json,-1.5025,0.9824,5.0602,67
w2_2026_000003_scan_mild_01,w2_2026_000003,w2,train,mild,data\processed\irs_scan_variants\w2\train\w2_2026_000003_scan_mild_01.jpg,data\annotations\irs_scan_variants\w2\train\w2_2026_000003_scan_mild_01.json,-1.131,0.3748,3.7868,89
w2_2026_000003_scan_hard_02,w2_2026_000003,w2,train,hard,data\processed\irs_scan_variants\w2\train\w2_2026_000003_scan_hard_02.jpg,data\annotations\irs_scan_variants\w2\train\w2_2026_000003_scan_hard_02.json,0.9678,1.3259,6.6735,55
w2_2026_000004_scan_mild_01,w2_2026_000004,w2,train,mild,data\processed\irs_scan_variants\w2\train\w2_2026_000004_scan_mild_01.jpg,data\annotations\irs_scan_variants\w2\train\w2_2026_000004_scan_mild_01.json,-1.0465,0.5138,4.0389,76
w2_2026_000004_scan_hard_02,w2_2026_000004,w2,train,hard,data\processed\irs_scan_variants\w2\train\w2_2026_000004_scan_hard_02.jpg,data\annotations\irs_scan_variants\w2\train\w2_2026_000004_scan_hard_02.json,0.55,1.0481,7.1401,59
w2_2026_000005_scan_mild_01,w2_2026_000005,w2,train,mild,data\processed\irs_scan_variants\w2\train\w2_2026_000005_scan_mild_01.jpg,data\annotations\irs_scan_variants\w2\train\w2_2026_000005_scan_mild_01.json,-0.7102,0.4334,4.2959,79
w2_2026_000005_scan_hard_02,w2_2026_000005,w2,train,hard,data\processed\irs_scan_variants\w2\train\w2_2026_000005_scan_hard_02.jpg,data\annotations\irs_scan_variants\w2\train\w2_2026_000005_scan_hard_02.json,-0.8671,1.002,8.5367,68
w2_2026_000006_scan_mild_01,w2_2026_000006,w2,train,mild,data\processed\irs_scan_variants\w2\train\w2_2026_000006_scan_mild_01.jpg,data\annotations\irs_scan_variants\w2\train\w2_2026_000006_scan_mild_01.json,0.921,0.5229,2.634,85
w2_2026_000006_scan_hard_02,w2_2026_000006,w2,train,hard,data\processed\irs_scan_variants\w2\train\w2_2026_000006_scan_hard_02.jpg,data\annotations\irs_scan_variants\w2\train\w2_2026_000006_scan_hard_02.json,0.1628,0.7536,8.6203,70
w2_2026_000007_scan_mild_01,w2_2026_000007,w2,train,mild,data\processed\irs_scan_variants\w2\train\w2_2026_000007_scan_mild_01.jpg,data\annotations\irs_scan_variants\w2\train\w2_2026_000007_scan_mild_01.json,-0.4166,0.5563,4.5459,89
w2_2026_000007_scan_hard_02,w2_2026_000007,w2,train,hard,data\processed\irs_scan_variants\w2\train\w2_2026_000007_scan_hard_02.jpg,data\annotations\irs_scan_variants\w2\train\w2_2026_000007_scan_hard_02.json,-1.2387,0.7829,6.5115,58
w2_2026_000008_scan_mild_01,w2_2026_000008,w2,test,mild,data\processed\irs_scan_variants\w2\test\w2_2026_000008_scan_mild_01.jpg,data\annotations\irs_scan_variants\w2\test\w2_2026_000008_scan_mild_01.json,-0.6165,0.1642,2.9343,76
w2_2026_000008_scan_hard_02,w2_2026_000008,w2,test,hard,data\processed\irs_scan_variants\w2\test\w2_2026_000008_scan_hard_02.jpg,data\annotations\irs_scan_variants\w2\test\w2_2026_000008_scan_hard_02.json,0.819,0.9128,9.0986,54
w2_2026_000009_scan_mild_01,w2_2026_000009,w2,train,mild,data\processed\irs_scan_variants\w2\train\w2_2026_000009_scan_mild_01.jpg,data\annotations\irs_scan_variants\w2\train\w2_2026_000009_scan_mild_01.json,0.8709,0.38,2.2901,89
w2_2026_000009_scan_hard_02,w2_2026_000009,w2,train,hard,data\processed\irs_scan_variants\w2\train\w2_2026_000009_scan_hard_02.jpg,data\annotations\irs_scan_variants\w2\train\w2_2026_000009_scan_hard_02.json,-0.655,0.6691,8.8462,61
w2_2026_000010_scan_mild_01,w2_2026_000010,w2,validation,mild,data\processed\irs_scan_variants\w2\validation\w2_2026_000010_scan_mild_01.jpg,data\annotations\irs_scan_variants\w2\validation\w2_2026_000010_scan_mild_01.json,0.2424,0.3917,3.6994,73
w2_2026_000010_scan_hard_02,w2_2026_000010,w2,validation,hard,data\processed\irs_scan_variants\w2\validation\w2_2026_000010_scan_hard_02.jpg,data\annotations\irs_scan_variants\w2\validation\w2_2026_000010_scan_hard_02.json,0.5862,1.0528,7.8507,49
w2_2026_000011_scan_mild_01,w2_2026_000011,w2,test,mild,data\processed\irs_scan_variants\w2\test\w2_2026_000011_scan_mild_01.jpg,data\annotations\irs_scan_variants\w2\test\w2_2026_000011_scan_mild_01.json,0.1894,0.4011,3.5054,72
w2_2026_000011_scan_hard_02,w2_2026_000011,w2,test,hard,data\processed\irs_scan_variants\w2\test\w2_2026_000011_scan_hard_02.jpg,data\annotations\irs_scan_variants\w2\test\w2_2026_000011_scan_hard_02.json,1.7238,0.6663,5.1366,49
w2_2026_000012_scan_mild_01,w2_2026_000012,w2,validation,mild,data\processed\irs_scan_variants\w2\validation\w2_2026_000012_scan_mild_01.jpg,data\annotations\irs_scan_variants\w2\validation\w2_2026_000012_scan_mild_01.json,0.4054,0.6096,2.074,87
w2_2026_000012_scan_hard_02,w2_2026_000012,w2,validation,hard,data\processed\irs_scan_variants\w2\validation\w2_2026_000012_scan_hard_02.jpg,data\annotations\irs_scan_variants\w2\validation\w2_2026_000012_scan_hard_02.json,1.5359,0.737,5.9217,60
w2_2026_000013_scan_mild_01,w2_2026_000013,w2,train,mild,data\processed\irs_scan_variants\w2\train\w2_2026_000013_scan_mild_01.jpg,data\annotations\irs_scan_variants\w2\train\w2_2026_000013_scan_mild_01.json,-1.1068,0.5069,3.9212,83
w2_2026_000013_scan_hard_02,w2_2026_000013,w2,train,hard,data\processed\irs_scan_variants\w2\train\w2_2026_000013_scan_hard_02.jpg,data\annotations\irs_scan_variants\w2\train\w2_2026_000013_scan_hard_02.json,-0.0637,0.7376,9.5978,55
w2_2026_000014_scan_mild_01,w2_2026_000014,w2,validation,mild,data\processed\irs_scan_variants\w2\validation\w2_2026_000014_scan_mild_01.jpg,data\annotations\irs_scan_variants\w2\validation\w2_2026_000014_scan_mild_01.json,0.7916,0.4693,4.023,84
w2_2026_000014_scan_hard_02,w2_2026_000014,w2,validation,hard,data\processed\irs_scan_variants\w2\validation\w2_2026_000014_scan_hard_02.jpg,data\annotations\irs_scan_variants\w2\validation\w2_2026_000014_scan_hard_02.json,0.951,1.1333,7.1348,50
w2_2026_000015_scan_mild_01,w2_2026_000015,w2,train,mild,data\processed\irs_scan_variants\w2\train\w2_2026_000015_scan_mild_01.jpg,data\annotations\irs_scan_variants\w2\train\w2_2026_000015_scan_mild_01.json,0.8524,0.4926,2.6971,76
w2_2026_000015_scan_hard_02,w2_2026_000015,w2,train,hard,data\processed\irs_scan_variants\w2\train\w2_2026_000015_scan_hard_02.jpg,data\annotations\irs_scan_variants\w2\train\w2_2026_000015_scan_hard_02.json,1.225,1.1288,5.8603,50
w2_2026_000016_scan_mild_01,w2_2026_000016,w2,train,mild,data\processed\irs_scan_variants\w2\train\w2_2026_000016_scan_mild_01.jpg,data\annotations\irs_scan_variants\w2\train\w2_2026_000016_scan_mild_01.json,-0.3192,0.5582,3.967,84
w2_2026_000016_scan_hard_02,w2_2026_000016,w2,train,hard,data\processed\irs_scan_variants\w2\train\w2_2026_000016_scan_hard_02.jpg,data\annotations\irs_scan_variants\w2\train\w2_2026_000016_scan_hard_02.json,0.193,0.8995,9.7075,57
w2_2026_000017_scan_mild_01,w2_2026_000017,w2,validation,mild,data\processed\irs_scan_variants\w2\validation\w2_2026_000017_scan_mild_01.jpg,data\annotations\irs_scan_variants\w2\validation\w2_2026_000017_scan_mild_01.json,-0.7558,0.525,3.2669,86
w2_2026_000017_scan_hard_02,w2_2026_000017,w2,validation,hard,data\processed\irs_scan_variants\w2\validation\w2_2026_000017_scan_hard_02.jpg,data\annotations\irs_scan_variants\w2\validation\w2_2026_000017_scan_hard_02.json,0.3723,1.1833,8.548,56
w2_2026_000018_scan_mild_01,w2_2026_000018,w2,train,mild,data\processed\irs_scan_variants\w2\train\w2_2026_000018_scan_mild_01.jpg,data\annotations\irs_scan_variants\w2\train\w2_2026_000018_scan_mild_01.json,1.2061,0.1902,3.8775,84
w2_2026_000018_scan_hard_02,w2_2026_000018,w2,train,hard,data\processed\irs_scan_variants\w2\train\w2_2026_000018_scan_hard_02.jpg,data\annotations\irs_scan_variants\w2\train\w2_2026_000018_scan_hard_02.json,0.8208,0.8473,5.2252,55
w2_2026_000019_scan_mild_01,w2_2026_000019,w2,validation,mild,data\processed\irs_scan_variants\w2\validation\w2_2026_000019_scan_mild_01.jpg,data\annotations\irs_scan_variants\w2\validation\w2_2026_000019_scan_mild_01.json,0.9702,0.2532,2.287,87
w2_2026_000019_scan_hard_02,w2_2026_000019,w2,validation,hard,data\processed\irs_scan_variants\w2\validation\w2_2026_000019_scan_hard_02.jpg,data\annotations\irs_scan_variants\w2\validation\w2_2026_000019_scan_hard_02.json,-0.0817,1.1839,6.1943,60
w2_2026_000020_scan_mild_01,w2_2026_000020,w2,train,mild,data\processed\irs_scan_variants\w2\train\w2_2026_000020_scan_mild_01.jpg,data\annotations\irs_scan_variants\w2\train\w2_2026_000020_scan_mild_01.json,0.7681,0.6108,4.0066,75
w2_2026_000020_scan_hard_02,w2_2026_000020,w2,train,hard,data\processed\irs_scan_variants\w2\train\w2_2026_000020_scan_hard_02.jpg,data\annotations\irs_scan_variants\w2\train\w2_2026_000020_scan_hard_02.json,-2.0059,1.0662,7.9464,54
w2_2026_000021_scan_mild_01,w2_2026_000021,w2,train,mild,data\processed\irs_scan_variants\w2\train\w2_2026_000021_scan_mild_01.jpg,data\annotations\irs_scan_variants\w2\train\w2_2026_000021_scan_mild_01.json,1.0749,0.579,2.8992,74
w2_2026_000021_scan_hard_02,w2_2026_000021,w2,train,hard,data\processed\irs_scan_variants\w2\train\w2_2026_000021_scan_hard_02.jpg,data\annotations\irs_scan_variants\w2\train\w2_2026_000021_scan_hard_02.json,-0.4829,1.1836,5.9404,66
w2_2026_000022_scan_mild_01,w2_2026_000022,w2,test,mild,data\processed\irs_scan_variants\w2\test\w2_2026_000022_scan_mild_01.jpg,data\annotations\irs_scan_variants\w2\test\w2_2026_000022_scan_mild_01.json,0.6614,0.6474,2.5131,77
w2_2026_000022_scan_hard_02,w2_2026_000022,w2,test,hard,data\processed\irs_scan_variants\w2\test\w2_2026_000022_scan_hard_02.jpg,data\annotations\irs_scan_variants\w2\test\w2_2026_000022_scan_hard_02.json,0.1985,0.9519,5.794,48
w2_2026_000023_scan_mild_01,w2_2026_000023,w2,test,mild,data\processed\irs_scan_variants\w2\test\w2_2026_000023_scan_mild_01.jpg,data\annotations\irs_scan_variants\w2\test\w2_2026_000023_scan_mild_01.json,-1.1836,0.1773,2.996,77
w2_2026_000023_scan_hard_02,w2_2026_000023,w2,test,hard,data\processed\irs_scan_variants\w2\test\w2_2026_000023_scan_hard_02.jpg,data\annotations\irs_scan_variants\w2\test\w2_2026_000023_scan_hard_02.json,2.0174,1.0424,6.9725,56
w2_2026_000024_scan_mild_01,w2_2026_000024,w2,train,mild,data\processed\irs_scan_variants\w2\train\w2_2026_000024_scan_mild_01.jpg,data\annotations\irs_scan_variants\w2\train\w2_2026_000024_scan_mild_01.json,-0.568,0.3824,4.2802,84
w2_2026_000024_scan_hard_02,w2_2026_000024,w2,train,hard,data\processed\irs_scan_variants\w2\train\w2_2026_000024_scan_hard_02.jpg,data\annotations\irs_scan_variants\w2\train\w2_2026_000024_scan_hard_02.json,1.8074,0.7923,5.8038,69
w2_2026_000025_scan_mild_01,w2_2026_000025,w2,train,mild,data\processed\irs_scan_variants\w2\train\w2_2026_000025_scan_mild_01.jpg,data\annotations\irs_scan_variants\w2\train\w2_2026_000025_scan_mild_01.json,0.9963,0.5743,4.8014,88
w2_2026_000025_scan_hard_02,w2_2026_000025,w2,train,hard,data\processed\irs_scan_variants\w2\train\w2_2026_000025_scan_hard_02.jpg,data\annotations\irs_scan_variants\w2\train\w2_2026_000025_scan_hard_02.json,-2.3746,1.2698,9.0966,63
w2_2026_000026_scan_mild_01,w2_2026_000026,w2,train,mild,data\processed\irs_scan_variants\w2\train\w2_2026_000026_scan_mild_01.jpg,data\annotations\irs_scan_variants\w2\train\w2_2026_000026_scan_mild_01.json,0.712,0.4075,2.1765,86
w2_2026_000026_scan_hard_02,w2_2026_000026,w2,train,hard,data\processed\irs_scan_variants\w2\train\w2_2026_000026_scan_hard_02.jpg,data\annotations\irs_scan_variants\w2\train\w2_2026_000026_scan_hard_02.json,-0.0455,1.1942,7.5176,48
w2_2026_000027_scan_mild_01,w2_2026_000027,w2,test,mild,data\processed\irs_scan_variants\w2\test\w2_2026_000027_scan_mild_01.jpg,data\annotations\irs_scan_variants\w2\test\w2_2026_000027_scan_mild_01.json,-1.0613,0.6088,2.3637,79
w2_2026_000027_scan_hard_02,w2_2026_000027,w2,test,hard,data\processed\irs_scan_variants\w2\test\w2_2026_000027_scan_hard_02.jpg,data\annotations\irs_scan_variants\w2\test\w2_2026_000027_scan_hard_02.json,-1.9485,1.0272,9.5466,48
w2_2026_000028_scan_mild_01,w2_2026_000028,w2,train,mild,data\processed\irs_scan_variants\w2\train\w2_2026_000028_scan_mild_01.jpg,data\annotations\irs_scan_variants\w2\train\w2_2026_000028_scan_mild_01.json,-0.9438,0.5511,3.2939,72
w2_2026_000028_scan_hard_02,w2_2026_000028,w2,train,hard,data\processed\irs_scan_variants\w2\train\w2_2026_000028_scan_hard_02.jpg,data\annotations\irs_scan_variants\w2\train\w2_2026_000028_scan_hard_02.json,-1.2007,1.3317,9.61,57
w2_2026_000029_scan_mild_01,w2_2026_000029,w2,train,mild,data\processed\irs_scan_variants\w2\train\w2_2026_000029_scan_mild_01.jpg,data\annotations\irs_scan_variants\w2\train\w2_2026_000029_scan_mild_01.json,-0.9683,0.3333,2.1323,89
w2_2026_000029_scan_hard_02,w2_2026_000029,w2,train,hard,data\processed\irs_scan_variants\w2\train\w2_2026_000029_scan_hard_02.jpg,data\annotations\irs_scan_variants\w2\train\w2_2026_000029_scan_hard_02.json,-1.3548,1.2544,5.0031,66
w2_2026_000030_scan_mild_01,w2_2026_000030,w2,train,mild,data\processed\irs_scan_variants\w2\train\w2_2026_000030_scan_mild_01.jpg,data\annotations\irs_scan_variants\w2\train\w2_2026_000030_scan_mild_01.json,0.1581,0.2666,3.9979,73
w2_2026_000030_scan_hard_02,w2_2026_000030,w2,train,hard,data\processed\irs_scan_variants\w2\train\w2_2026_000030_scan_hard_02.jpg,data\annotations\irs_scan_variants\w2\train\w2_2026_000030_scan_hard_02.json,1.6365,1.1122,6.6872,48
w2_2026_000031_scan_mild_01,w2_2026_000031,w2,train,mild,data\processed\irs_scan_variants\w2\train\w2_2026_000031_scan_mild_01.jpg,data\annotations\irs_scan_variants\w2\train\w2_2026_000031_scan_mild_01.json,0.8659,0.2544,3.1336,84
w2_2026_000031_scan_hard_02,w2_2026_000031,w2,train,hard,data\processed\irs_scan_variants\w2\train\w2_2026_000031_scan_hard_02.jpg,data\annotations\irs_scan_variants\w2\train\w2_2026_000031_scan_hard_02.json,0.2026,1.2974,8.2687,63
w2_2026_000032_scan_mild_01,w2_2026_000032,w2,train,mild,data\processed\irs_scan_variants\w2\train\w2_2026_000032_scan_mild_01.jpg,data\annotations\irs_scan_variants\w2\train\w2_2026_000032_scan_mild_01.json,-0.3832,0.5593,2.2749,82
w2_2026_000032_scan_hard_02,w2_2026_000032,w2,train,hard,data\processed\irs_scan_variants\w2\train\w2_2026_000032_scan_hard_02.jpg,data\annotations\irs_scan_variants\w2\train\w2_2026_000032_scan_hard_02.json,0.251,0.9221,8.9436,70
w2_2026_000033_scan_mild_01,w2_2026_000033,w2,train,mild,data\processed\irs_scan_variants\w2\train\w2_2026_000033_scan_mild_01.jpg,data\annotations\irs_scan_variants\w2\train\w2_2026_000033_scan_mild_01.json,-0.8113,0.588,4.3872,88
w2_2026_000033_scan_hard_02,w2_2026_000033,w2,train,hard,data\processed\irs_scan_variants\w2\train\w2_2026_000033_scan_hard_02.jpg,data\annotations\irs_scan_variants\w2\train\w2_2026_000033_scan_hard_02.json,1.326,1.0103,9.5927,70
w2_2026_000034_scan_mild_01,w2_2026_000034,w2,train,mild,data\processed\irs_scan_variants\w2\train\w2_2026_000034_scan_mild_01.jpg,data\annotations\irs_scan_variants\w2\train\w2_2026_000034_scan_mild_01.json,-0.8416,0.5288,3.0584,76
w2_2026_000034_scan_hard_02,w2_2026_000034,w2,train,hard,data\processed\irs_scan_variants\w2\train\w2_2026_000034_scan_hard_02.jpg,data\annotations\irs_scan_variants\w2\train\w2_2026_000034_scan_hard_02.json,2.4571,0.9573,9.2726,59
w2_2026_000035_scan_mild_01,w2_2026_000035,w2,train,mild,data\processed\irs_scan_variants\w2\train\w2_2026_000035_scan_mild_01.jpg,data\annotations\irs_scan_variants\w2\train\w2_2026_000035_scan_mild_01.json,0.9912,0.299,2.6253,82
w2_2026_000035_scan_hard_02,w2_2026_000035,w2,train,hard,data\processed\irs_scan_variants\w2\train\w2_2026_000035_scan_hard_02.jpg,data\annotations\irs_scan_variants\w2\train\w2_2026_000035_scan_hard_02.json,0.0264,0.6805,7.3201,59
w2_2026_000036_scan_mild_01,w2_2026_000036,w2,test,mild,data\processed\irs_scan_variants\w2\test\w2_2026_000036_scan_mild_01.jpg,data\annotations\irs_scan_variants\w2\test\w2_2026_000036_scan_mild_01.json,1.2155,0.2155,3.4596,83
w2_2026_000036_scan_hard_02,w2_2026_000036,w2,test,hard,data\processed\irs_scan_variants\w2\test\w2_2026_000036_scan_hard_02.jpg,data\annotations\irs_scan_variants\w2\test\w2_2026_000036_scan_hard_02.json,-0.3835,1.1813,7.5987,69
w2_2026_000037_scan_mild_01,w2_2026_000037,w2,train,mild,data\processed\irs_scan_variants\w2\train\w2_2026_000037_scan_mild_01.jpg,data\annotations\irs_scan_variants\w2\train\w2_2026_000037_scan_mild_01.json,1.1215,0.3109,2.9867,88
w2_2026_000037_scan_hard_02,w2_2026_000037,w2,train,hard,data\processed\irs_scan_variants\w2\train\w2_2026_000037_scan_hard_02.jpg,data\annotations\irs_scan_variants\w2\train\w2_2026_000037_scan_hard_02.json,-0.1884,1.1807,8.5401,58
w2_2026_000038_scan_mild_01,w2_2026_000038,w2,train,mild,data\processed\irs_scan_variants\w2\train\w2_2026_000038_scan_mild_01.jpg,data\annotations\irs_scan_variants\w2\train\w2_2026_000038_scan_mild_01.json,-0.163,0.3341,3.1943,82
w2_2026_000038_scan_hard_02,w2_2026_000038,w2,train,hard,data\processed\irs_scan_variants\w2\train\w2_2026_000038_scan_hard_02.jpg,data\annotations\irs_scan_variants\w2\train\w2_2026_000038_scan_hard_02.json,-1.5641,1.2854,5.6746,69
w2_2026_000039_scan_mild_01,w2_2026_000039,w2,train,mild,data\processed\irs_scan_variants\w2\train\w2_2026_000039_scan_mild_01.jpg,data\annotations\irs_scan_variants\w2\train\w2_2026_000039_scan_mild_01.json,-1.101,0.5941,3.0775,75
w2_2026_000039_scan_hard_02,w2_2026_000039,w2,train,hard,data\processed\irs_scan_variants\w2\train\w2_2026_000039_scan_hard_02.jpg,data\annotations\irs_scan_variants\w2\train\w2_2026_000039_scan_hard_02.json,-1.7219,0.9038,5.5791,67
w2_2026_000040_scan_mild_01,w2_2026_000040,w2,train,mild,data\processed\irs_scan_variants\w2\train\w2_2026_000040_scan_mild_01.jpg,data\annotations\irs_scan_variants\w2\train\w2_2026_000040_scan_mild_01.json,1.1934,0.3386,3.4888,75
w2_2026_000040_scan_hard_02,w2_2026_000040,w2,train,hard,data\processed\irs_scan_variants\w2\train\w2_2026_000040_scan_hard_02.jpg,data\annotations\irs_scan_variants\w2\train\w2_2026_000040_scan_hard_02.json,-0.6661,1.1124,6.712,55
w2_2026_000041_scan_mild_01,w2_2026_000041,w2,validation,mild,data\processed\irs_scan_variants\w2\validation\w2_2026_000041_scan_mild_01.jpg,data\annotations\irs_scan_variants\w2\validation\w2_2026_000041_scan_mild_01.json,1.1066,0.4255,2.6306,76
w2_2026_000041_scan_hard_02,w2_2026_000041,w2,validation,hard,data\processed\irs_scan_variants\w2\validation\w2_2026_000041_scan_hard_02.jpg,data\annotations\irs_scan_variants\w2\validation\w2_2026_000041_scan_hard_02.json,1.495,1.0723,9.5108,57
w2_2026_000042_scan_mild_01,w2_2026_000042,w2,train,mild,data\processed\irs_scan_variants\w2\train\w2_2026_000042_scan_mild_01.jpg,data\annotations\irs_scan_variants\w2\train\w2_2026_000042_scan_mild_01.json,0.5517,0.4992,3.0755,82
w2_2026_000042_scan_hard_02,w2_2026_000042,w2,train,hard,data\processed\irs_scan_variants\w2\train\w2_2026_000042_scan_hard_02.jpg,data\annotations\irs_scan_variants\w2\train\w2_2026_000042_scan_hard_02.json,-2.4759,0.7668,8.8899,67
w2_2026_000043_scan_mild_01,w2_2026_000043,w2,test,mild,data\processed\irs_scan_variants\w2\test\w2_2026_000043_scan_mild_01.jpg,data\annotations\irs_scan_variants\w2\test\w2_2026_000043_scan_mild_01.json,0.2359,0.2121,3.8643,72
w2_2026_000043_scan_hard_02,w2_2026_000043,w2,test,hard,data\processed\irs_scan_variants\w2\test\w2_2026_000043_scan_hard_02.jpg,data\annotations\irs_scan_variants\w2\test\w2_2026_000043_scan_hard_02.json,-1.7541,1.3357,5.6034,59
w2_2026_000044_scan_mild_01,w2_2026_000044,w2,train,mild,data\processed\irs_scan_variants\w2\train\w2_2026_000044_scan_mild_01.jpg,data\annotations\irs_scan_variants\w2\train\w2_2026_000044_scan_mild_01.json,0.9802,0.5166,3.908,76
w2_2026_000044_scan_hard_02,w2_2026_000044,w2,train,hard,data\processed\irs_scan_variants\w2\train\w2_2026_000044_scan_hard_02.jpg,data\annotations\irs_scan_variants\w2\train\w2_2026_000044_scan_hard_02.json,-0.3688,0.9033,5.5591,51
w2_2026_000045_scan_mild_01,w2_2026_000045,w2,train,mild,data\processed\irs_scan_variants\w2\train\w2_2026_000045_scan_mild_01.jpg,data\annotations\irs_scan_variants\w2\train\w2_2026_000045_scan_mild_01.json,-0.0965,0.16,3.0298,87
w2_2026_000045_scan_hard_02,w2_2026_000045,w2,train,hard,data\processed\irs_scan_variants\w2\train\w2_2026_000045_scan_hard_02.jpg,data\annotations\irs_scan_variants\w2\train\w2_2026_000045_scan_hard_02.json,-2.2692,1.2501,6.3402,70
w2_2026_000046_scan_mild_01,w2_2026_000046,w2,train,mild,data\processed\irs_scan_variants\w2\train\w2_2026_000046_scan_mild_01.jpg,data\annotations\irs_scan_variants\w2\train\w2_2026_000046_scan_mild_01.json,0.1655,0.2424,4.4394,84
w2_2026_000046_scan_hard_02,w2_2026_000046,w2,train,hard,data\processed\irs_scan_variants\w2\train\w2_2026_000046_scan_hard_02.jpg,data\annotations\irs_scan_variants\w2\train\w2_2026_000046_scan_hard_02.json,0.6093,1.0495,7.7093,63
w2_2026_000047_scan_mild_01,w2_2026_000047,w2,train,mild,data\processed\irs_scan_variants\w2\train\w2_2026_000047_scan_mild_01.jpg,data\annotations\irs_scan_variants\w2\train\w2_2026_000047_scan_mild_01.json,0.9452,0.1981,3.1422,78
w2_2026_000047_scan_hard_02,w2_2026_000047,w2,train,hard,data\processed\irs_scan_variants\w2\train\w2_2026_000047_scan_hard_02.jpg,data\annotations\irs_scan_variants\w2\train\w2_2026_000047_scan_hard_02.json,-0.3597,0.9759,7.1931,60
w2_2026_000048_scan_mild_01,w2_2026_000048,w2,validation,mild,data\processed\irs_scan_variants\w2\validation\w2_2026_000048_scan_mild_01.jpg,data\annotations\irs_scan_variants\w2\validation\w2_2026_000048_scan_mild_01.json,0.7927,0.4016,2.0428,89
w2_2026_000048_scan_hard_02,w2_2026_000048,w2,validation,hard,data\processed\irs_scan_variants\w2\validation\w2_2026_000048_scan_hard_02.jpg,data\annotations\irs_scan_variants\w2\validation\w2_2026_000048_scan_hard_02.json,-1.8823,0.7978,9.1195,65
w2_2026_000049_scan_mild_01,w2_2026_000049,w2,validation,mild,data\processed\irs_scan_variants\w2\validation\w2_2026_000049_scan_mild_01.jpg,data\annotations\irs_scan_variants\w2\validation\w2_2026_000049_scan_mild_01.json,0.968,0.302,3.3668,81
w2_2026_000049_scan_hard_02,w2_2026_000049,w2,validation,hard,data\processed\irs_scan_variants\w2\validation\w2_2026_000049_scan_hard_02.jpg,data\annotations\irs_scan_variants\w2\validation\w2_2026_000049_scan_hard_02.json,-1.4271,0.8147,6.5138,57
w2_2026_000050_scan_mild_01,w2_2026_000050,w2,train,mild,data\processed\irs_scan_variants\w2\train\w2_2026_000050_scan_mild_01.jpg,data\annotations\irs_scan_variants\w2\train\w2_2026_000050_scan_mild_01.json,0.7926,0.2731,4.9303,79
w2_2026_000050_scan_hard_02,w2_2026_000050,w2,train,hard,data\processed\irs_scan_variants\w2\train\w2_2026_000050_scan_hard_02.jpg,data\annotations\irs_scan_variants\w2\train\w2_2026_000050_scan_hard_02.json,-1.3914,1.1034,8.4235,64
w2_2026_000051_scan_mild_01,w2_2026_000051,w2,train,mild,data\processed\irs_scan_variants\w2\train\w2_2026_000051_scan_mild_01.jpg,data\annotations\irs_scan_variants\w2\train\w2_2026_000051_scan_mild_01.json,0.8754,0.2763,4.9872,76
w2_2026_000051_scan_hard_02,w2_2026_000051,w2,train,hard,data\processed\irs_scan_variants\w2\train\w2_2026_000051_scan_hard_02.jpg,data\annotations\irs_scan_variants\w2\train\w2_2026_000051_scan_hard_02.json,-1.6061,0.7522,7.646,62
w2_2026_000052_scan_mild_01,w2_2026_000052,w2,train,mild,data\processed\irs_scan_variants\w2\train\w2_2026_000052_scan_mild_01.jpg,data\annotations\irs_scan_variants\w2\train\w2_2026_000052_scan_mild_01.json,0.615,0.6285,3.3844,75
w2_2026_000052_scan_hard_02,w2_2026_000052,w2,train,hard,data\processed\irs_scan_variants\w2\train\w2_2026_000052_scan_hard_02.jpg,data\annotations\irs_scan_variants\w2\train\w2_2026_000052_scan_hard_02.json,-0.6032,1.2088,7.1112,51
w2_2026_000053_scan_mild_01,w2_2026_000053,w2,train,mild,data\processed\irs_scan_variants\w2\train\w2_2026_000053_scan_mild_01.jpg,data\annotations\irs_scan_variants\w2\train\w2_2026_000053_scan_mild_01.json,0.4244,0.35,4.9104,90
w2_2026_000053_scan_hard_02,w2_2026_000053,w2,train,hard,data\processed\irs_scan_variants\w2\train\w2_2026_000053_scan_hard_02.jpg,data\annotations\irs_scan_variants\w2\train\w2_2026_000053_scan_hard_02.json,0.7074,0.7096,8.1894,58
w2_2026_000054_scan_mild_01,w2_2026_000054,w2,train,mild,data\processed\irs_scan_variants\w2\train\w2_2026_000054_scan_mild_01.jpg,data\annotations\irs_scan_variants\w2\train\w2_2026_000054_scan_mild_01.json,1.0075,0.5787,4.2879,84
w2_2026_000054_scan_hard_02,w2_2026_000054,w2,train,hard,data\processed\irs_scan_variants\w2\train\w2_2026_000054_scan_hard_02.jpg,data\annotations\irs_scan_variants\w2\train\w2_2026_000054_scan_hard_02.json,1.1816,0.9919,6.78,65
w2_2026_000055_scan_mild_01,w2_2026_000055,w2,validation,mild,data\processed\irs_scan_variants\w2\validation\w2_2026_000055_scan_mild_01.jpg,data\annotations\irs_scan_variants\w2\validation\w2_2026_000055_scan_mild_01.json,-0.2989,0.2271,3.3171,73
w2_2026_000055_scan_hard_02,w2_2026_000055,w2,validation,hard,data\processed\irs_scan_variants\w2\validation\w2_2026_000055_scan_hard_02.jpg,data\annotations\irs_scan_variants\w2\validation\w2_2026_000055_scan_hard_02.json,-0.3952,1.2772,5.0639,57
w2_2026_000056_scan_mild_01,w2_2026_000056,w2,train,mild,data\processed\irs_scan_variants\w2\train\w2_2026_000056_scan_mild_01.jpg,data\annotations\irs_scan_variants\w2\train\w2_2026_000056_scan_mild_01.json,-0.6556,0.2789,3.574,87
w2_2026_000056_scan_hard_02,w2_2026_000056,w2,train,hard,data\processed\irs_scan_variants\w2\train\w2_2026_000056_scan_hard_02.jpg,data\annotations\irs_scan_variants\w2\train\w2_2026_000056_scan_hard_02.json,-0.9099,1.1818,9.513,49
w2_2026_000057_scan_mild_01,w2_2026_000057,w2,test,mild,data\processed\irs_scan_variants\w2\test\w2_2026_000057_scan_mild_01.jpg,data\annotations\irs_scan_variants\w2\test\w2_2026_000057_scan_mild_01.json,0.8849,0.281,3.8389,81
w2_2026_000057_scan_hard_02,w2_2026_000057,w2,test,hard,data\processed\irs_scan_variants\w2\test\w2_2026_000057_scan_hard_02.jpg,data\annotations\irs_scan_variants\w2\test\w2_2026_000057_scan_hard_02.json,-1.9487,0.8549,6.7271,65
w2_2026_000058_scan_mild_01,w2_2026_000058,w2,train,mild,data\processed\irs_scan_variants\w2\train\w2_2026_000058_scan_mild_01.jpg,data\annotations\irs_scan_variants\w2\train\w2_2026_000058_scan_mild_01.json,0.7724,0.4203,4.6919,77
w2_2026_000058_scan_hard_02,w2_2026_000058,w2,train,hard,data\processed\irs_scan_variants\w2\train\w2_2026_000058_scan_hard_02.jpg,data\annotations\irs_scan_variants\w2\train\w2_2026_000058_scan_hard_02.json,1.8588,0.7816,5.4534,64
w2_2026_000059_scan_mild_01,w2_2026_000059,w2,train,mild,data\processed\irs_scan_variants\w2\train\w2_2026_000059_scan_mild_01.jpg,data\annotations\irs_scan_variants\w2\train\w2_2026_000059_scan_mild_01.json,-0.9271,0.3505,3.4878,88
w2_2026_000059_scan_hard_02,w2_2026_000059,w2,train,hard,data\processed\irs_scan_variants\w2\train\w2_2026_000059_scan_hard_02.jpg,data\annotations\irs_scan_variants\w2\train\w2_2026_000059_scan_hard_02.json,1.3887,1.3103,7.6258,54
w2_2026_000060_scan_mild_01,w2_2026_000060,w2,train,mild,data\processed\irs_scan_variants\w2\train\w2_2026_000060_scan_mild_01.jpg,data\annotations\irs_scan_variants\w2\train\w2_2026_000060_scan_mild_01.json,0.3309,0.4881,4.7487,85
w2_2026_000060_scan_hard_02,w2_2026_000060,w2,train,hard,data\processed\irs_scan_variants\w2\train\w2_2026_000060_scan_hard_02.jpg,data\annotations\irs_scan_variants\w2\train\w2_2026_000060_scan_hard_02.json,1.1615,1.2325,7.6462,57
w2_2026_000061_scan_mild_01,w2_2026_000061,w2,train,mild,data\processed\irs_scan_variants\w2\train\w2_2026_000061_scan_mild_01.jpg,data\annotations\irs_scan_variants\w2\train\w2_2026_000061_scan_mild_01.json,0.5966,0.6089,3.9553,79
w2_2026_000061_scan_hard_02,w2_2026_000061,w2,train,hard,data\processed\irs_scan_variants\w2\train\w2_2026_000061_scan_hard_02.jpg,data\annotations\irs_scan_variants\w2\train\w2_2026_000061_scan_hard_02.json,-0.6657,0.8918,9.5437,64
w2_2026_000062_scan_mild_01,w2_2026_000062,w2,test,mild,data\processed\irs_scan_variants\w2\test\w2_2026_000062_scan_mild_01.jpg,data\annotations\irs_scan_variants\w2\test\w2_2026_000062_scan_mild_01.json,1.0091,0.3001,4.5694,89
w2_2026_000062_scan_hard_02,w2_2026_000062,w2,test,hard,data\processed\irs_scan_variants\w2\test\w2_2026_000062_scan_hard_02.jpg,data\annotations\irs_scan_variants\w2\test\w2_2026_000062_scan_hard_02.json,1.1283,0.8555,8.5416,54
w2_2026_000063_scan_mild_01,w2_2026_000063,w2,train,mild,data\processed\irs_scan_variants\w2\train\w2_2026_000063_scan_mild_01.jpg,data\annotations\irs_scan_variants\w2\train\w2_2026_000063_scan_mild_01.json,0.813,0.6443,2.1472,78
w2_2026_000063_scan_hard_02,w2_2026_000063,w2,train,hard,data\processed\irs_scan_variants\w2\train\w2_2026_000063_scan_hard_02.jpg,data\annotations\irs_scan_variants\w2\train\w2_2026_000063_scan_hard_02.json,0.8211,1.3395,8.3011,57
w2_2026_000064_scan_mild_01,w2_2026_000064,w2,train,mild,data\processed\irs_scan_variants\w2\train\w2_2026_000064_scan_mild_01.jpg,data\annotations\irs_scan_variants\w2\train\w2_2026_000064_scan_mild_01.json,-0.7941,0.408,2.9626,74
w2_2026_000064_scan_hard_02,w2_2026_000064,w2,train,hard,data\processed\irs_scan_variants\w2\train\w2_2026_000064_scan_hard_02.jpg,data\annotations\irs_scan_variants\w2\train\w2_2026_000064_scan_hard_02.json,-1.0409,0.8628,8.2809,61
w2_2026_000065_scan_mild_01,w2_2026_000065,w2,validation,mild,data\processed\irs_scan_variants\w2\validation\w2_2026_000065_scan_mild_01.jpg,data\annotations\irs_scan_variants\w2\validation\w2_2026_000065_scan_mild_01.json,0.2281,0.411,2.2632,78
w2_2026_000065_scan_hard_02,w2_2026_000065,w2,validation,hard,data\processed\irs_scan_variants\w2\validation\w2_2026_000065_scan_hard_02.jpg,data\annotations\irs_scan_variants\w2\validation\w2_2026_000065_scan_hard_02.json,0.3821,0.9613,6.5325,62
w2_2026_000066_scan_mild_01,w2_2026_000066,w2,test,mild,data\processed\irs_scan_variants\w2\test\w2_2026_000066_scan_mild_01.jpg,data\annotations\irs_scan_variants\w2\test\w2_2026_000066_scan_mild_01.json,1.2118,0.506,2.2775,84
w2_2026_000066_scan_hard_02,w2_2026_000066,w2,test,hard,data\processed\irs_scan_variants\w2\test\w2_2026_000066_scan_hard_02.jpg,data\annotations\irs_scan_variants\w2\test\w2_2026_000066_scan_hard_02.json,1.2009,1.2949,9.7276,66
w2_2026_000067_scan_mild_01,w2_2026_000067,w2,train,mild,data\processed\irs_scan_variants\w2\train\w2_2026_000067_scan_mild_01.jpg,data\annotations\irs_scan_variants\w2\train\w2_2026_000067_scan_mild_01.json,-0.2102,0.1966,2.9591,74
w2_2026_000067_scan_hard_02,w2_2026_000067,w2,train,hard,data\processed\irs_scan_variants\w2\train\w2_2026_000067_scan_hard_02.jpg,data\annotations\irs_scan_variants\w2\train\w2_2026_000067_scan_hard_02.json,0.3055,0.8066,8.0623,62
w2_2026_000068_scan_mild_01,w2_2026_000068,w2,train,mild,data\processed\irs_scan_variants\w2\train\w2_2026_000068_scan_mild_01.jpg,data\annotations\irs_scan_variants\w2\train\w2_2026_000068_scan_mild_01.json,-0.2722,0.481,3.9975,88
w2_2026_000068_scan_hard_02,w2_2026_000068,w2,train,hard,data\processed\irs_scan_variants\w2\train\w2_2026_000068_scan_hard_02.jpg,data\annotations\irs_scan_variants\w2\train\w2_2026_000068_scan_hard_02.json,0.4997,1.1677,9.3035,51
w2_2026_000069_scan_mild_01,w2_2026_000069,w2,test,mild,data\processed\irs_scan_variants\w2\test\w2_2026_000069_scan_mild_01.jpg,data\annotations\irs_scan_variants\w2\test\w2_2026_000069_scan_mild_01.json,1.2359,0.5389,4.8668,87
w2_2026_000069_scan_hard_02,w2_2026_000069,w2,test,hard,data\processed\irs_scan_variants\w2\test\w2_2026_000069_scan_hard_02.jpg,data\annotations\irs_scan_variants\w2\test\w2_2026_000069_scan_hard_02.json,-2.1761,0.6678,5.4003,55
w2_2026_000070_scan_mild_01,w2_2026_000070,w2,validation,mild,data\processed\irs_scan_variants\w2\validation\w2_2026_000070_scan_mild_01.jpg,data\annotations\irs_scan_variants\w2\validation\w2_2026_000070_scan_mild_01.json,-0.2051,0.5313,2.4566,81
w2_2026_000070_scan_hard_02,w2_2026_000070,w2,validation,hard,data\processed\irs_scan_variants\w2\validation\w2_2026_000070_scan_hard_02.jpg,data\annotations\irs_scan_variants\w2\validation\w2_2026_000070_scan_hard_02.json,2.3499,1.0996,9.7273,52
w2_2026_000071_scan_mild_01,w2_2026_000071,w2,train,mild,data\processed\irs_scan_variants\w2\train\w2_2026_000071_scan_mild_01.jpg,data\annotations\irs_scan_variants\w2\train\w2_2026_000071_scan_mild_01.json,-0.6858,0.3853,4.4524,75
w2_2026_000071_scan_hard_02,w2_2026_000071,w2,train,hard,data\processed\irs_scan_variants\w2\train\w2_2026_000071_scan_hard_02.jpg,data\annotations\irs_scan_variants\w2\train\w2_2026_000071_scan_hard_02.json,2.3078,1.0606,8.6679,48
w2_2026_000072_scan_mild_01,w2_2026_000072,w2,train,mild,data\processed\irs_scan_variants\w2\train\w2_2026_000072_scan_mild_01.jpg,data\annotations\irs_scan_variants\w2\train\w2_2026_000072_scan_mild_01.json,0.4243,0.1978,4.8104,88
w2_2026_000072_scan_hard_02,w2_2026_000072,w2,train,hard,data\processed\irs_scan_variants\w2\train\w2_2026_000072_scan_hard_02.jpg,data\annotations\irs_scan_variants\w2\train\w2_2026_000072_scan_hard_02.json,-0.5821,1.2258,7.2074,61
w2_2026_000073_scan_mild_01,w2_2026_000073,w2,train,mild,data\processed\irs_scan_variants\w2\train\w2_2026_000073_scan_mild_01.jpg,data\annotations\irs_scan_variants\w2\train\w2_2026_000073_scan_mild_01.json,0.0671,0.2307,2.338,82
w2_2026_000073_scan_hard_02,w2_2026_000073,w2,train,hard,data\processed\irs_scan_variants\w2\train\w2_2026_000073_scan_hard_02.jpg,data\annotations\irs_scan_variants\w2\train\w2_2026_000073_scan_hard_02.json,0.6846,0.8066,5.7029,50
w2_2026_000074_scan_mild_01,w2_2026_000074,w2,train,mild,data\processed\irs_scan_variants\w2\train\w2_2026_000074_scan_mild_01.jpg,data\annotations\irs_scan_variants\w2\train\w2_2026_000074_scan_mild_01.json,1.1754,0.3736,4.0325,89
w2_2026_000074_scan_hard_02,w2_2026_000074,w2,train,hard,data\processed\irs_scan_variants\w2\train\w2_2026_000074_scan_hard_02.jpg,data\annotations\irs_scan_variants\w2\train\w2_2026_000074_scan_hard_02.json,2.1138,0.9809,6.6553,60
w2_2026_000075_scan_mild_01,w2_2026_000075,w2,train,mild,data\processed\irs_scan_variants\w2\train\w2_2026_000075_scan_mild_01.jpg,data\annotations\irs_scan_variants\w2\train\w2_2026_000075_scan_mild_01.json,0.4639,0.5737,2.6736,88
w2_2026_000075_scan_hard_02,w2_2026_000075,w2,train,hard,data\processed\irs_scan_variants\w2\train\w2_2026_000075_scan_hard_02.jpg,data\annotations\irs_scan_variants\w2\train\w2_2026_000075_scan_hard_02.json,-1.5546,0.982,7.1626,58
w2_2026_000076_scan_mild_01,w2_2026_000076,w2,train,mild,data\processed\irs_scan_variants\w2\train\w2_2026_000076_scan_mild_01.jpg,data\annotations\irs_scan_variants\w2\train\w2_2026_000076_scan_mild_01.json,0.983,0.1797,3.264,87
w2_2026_000076_scan_hard_02,w2_2026_000076,w2,train,hard,data\processed\irs_scan_variants\w2\train\w2_2026_000076_scan_hard_02.jpg,data\annotations\irs_scan_variants\w2\train\w2_2026_000076_scan_hard_02.json,2.3054,0.8956,7.21,52
w2_2026_000077_scan_mild_01,w2_2026_000077,w2,validation,mild,data\processed\irs_scan_variants\w2\validation\w2_2026_000077_scan_mild_01.jpg,data\annotations\irs_scan_variants\w2\validation\w2_2026_000077_scan_mild_01.json,0.4383,0.5298,2.8502,72
w2_2026_000077_scan_hard_02,w2_2026_000077,w2,validation,hard,data\processed\irs_scan_variants\w2\validation\w2_2026_000077_scan_hard_02.jpg,data\annotations\irs_scan_variants\w2\validation\w2_2026_000077_scan_hard_02.json,-0.5317,1.1403,8.6639,70
w2_2026_000078_scan_mild_01,w2_2026_000078,w2,train,mild,data\processed\irs_scan_variants\w2\train\w2_2026_000078_scan_mild_01.jpg,data\annotations\irs_scan_variants\w2\train\w2_2026_000078_scan_mild_01.json,-0.1493,0.4783,4.0883,89
w2_2026_000078_scan_hard_02,w2_2026_000078,w2,train,hard,data\processed\irs_scan_variants\w2\train\w2_2026_000078_scan_hard_02.jpg,data\annotations\irs_scan_variants\w2\train\w2_2026_000078_scan_hard_02.json,-1.8201,0.705,6.5278,50
w2_2026_000079_scan_mild_01,w2_2026_000079,w2,train,mild,data\processed\irs_scan_variants\w2\train\w2_2026_000079_scan_mild_01.jpg,data\annotations\irs_scan_variants\w2\train\w2_2026_000079_scan_mild_01.json,-0.6255,0.4008,2.8191,84
w2_2026_000079_scan_hard_02,w2_2026_000079,w2,train,hard,data\processed\irs_scan_variants\w2\train\w2_2026_000079_scan_hard_02.jpg,data\annotations\irs_scan_variants\w2\train\w2_2026_000079_scan_hard_02.json,-0.8258,1.027,9.0533,50
w2_2026_000080_scan_mild_01,w2_2026_000080,w2,train,mild,data\processed\irs_scan_variants\w2\train\w2_2026_000080_scan_mild_01.jpg,data\annotations\irs_scan_variants\w2\train\w2_2026_000080_scan_mild_01.json,0.6677,0.5389,2.7732,86
w2_2026_000080_scan_hard_02,w2_2026_000080,w2,train,hard,data\processed\irs_scan_variants\w2\train\w2_2026_000080_scan_hard_02.jpg,data\annotations\irs_scan_variants\w2\train\w2_2026_000080_scan_hard_02.json,0.5249,0.8965,6.2143,61
w2_2026_000081_scan_mild_01,w2_2026_000081,w2,train,mild,data\processed\irs_scan_variants\w2\train\w2_2026_000081_scan_mild_01.jpg,data\annotations\irs_scan_variants\w2\train\w2_2026_000081_scan_mild_01.json,-0.7305,0.5186,4.4401,90
w2_2026_000081_scan_hard_02,w2_2026_000081,w2,train,hard,data\processed\irs_scan_variants\w2\train\w2_2026_000081_scan_hard_02.jpg,data\annotations\irs_scan_variants\w2\train\w2_2026_000081_scan_hard_02.json,0.1217,0.8941,8.0317,59
w2_2026_000082_scan_mild_01,w2_2026_000082,w2,train,mild,data\processed\irs_scan_variants\w2\train\w2_2026_000082_scan_mild_01.jpg,data\annotations\irs_scan_variants\w2\train\w2_2026_000082_scan_mild_01.json,-0.5861,0.5854,2.6776,88
w2_2026_000082_scan_hard_02,w2_2026_000082,w2,train,hard,data\processed\irs_scan_variants\w2\train\w2_2026_000082_scan_hard_02.jpg,data\annotations\irs_scan_variants\w2\train\w2_2026_000082_scan_hard_02.json,0.8263,0.6611,8.6026,66
w2_2026_000083_scan_mild_01,w2_2026_000083,w2,train,mild,data\processed\irs_scan_variants\w2\train\w2_2026_000083_scan_mild_01.jpg,data\annotations\irs_scan_variants\w2\train\w2_2026_000083_scan_mild_01.json,1.1711,0.6228,3.9915,75
w2_2026_000083_scan_hard_02,w2_2026_000083,w2,train,hard,data\processed\irs_scan_variants\w2\train\w2_2026_000083_scan_hard_02.jpg,data\annotations\irs_scan_variants\w2\train\w2_2026_000083_scan_hard_02.json,-0.0289,0.9202,6.2327,51
w2_2026_000084_scan_mild_01,w2_2026_000084,w2,train,mild,data\processed\irs_scan_variants\w2\train\w2_2026_000084_scan_mild_01.jpg,data\annotations\irs_scan_variants\w2\train\w2_2026_000084_scan_mild_01.json,0.1765,0.5092,2.2051,82
w2_2026_000084_scan_hard_02,w2_2026_000084,w2,train,hard,data\processed\irs_scan_variants\w2\train\w2_2026_000084_scan_hard_02.jpg,data\annotations\irs_scan_variants\w2\train\w2_2026_000084_scan_hard_02.json,-0.8899,0.7672,5.2921,48
w2_2026_000085_scan_mild_01,w2_2026_000085,w2,train,mild,data\processed\irs_scan_variants\w2\train\w2_2026_000085_scan_mild_01.jpg,data\annotations\irs_scan_variants\w2\train\w2_2026_000085_scan_mild_01.json,-1.1737,0.3834,4.8163,80
w2_2026_000085_scan_hard_02,w2_2026_000085,w2,train,hard,data\processed\irs_scan_variants\w2\train\w2_2026_000085_scan_hard_02.jpg,data\annotations\irs_scan_variants\w2\train\w2_2026_000085_scan_hard_02.json,-0.6835,1.2164,5.615,56
w2_2026_000086_scan_mild_01,w2_2026_000086,w2,train,mild,data\processed\irs_scan_variants\w2\train\w2_2026_000086_scan_mild_01.jpg,data\annotations\irs_scan_variants\w2\train\w2_2026_000086_scan_mild_01.json,-0.6385,0.4224,4.5662,77
w2_2026_000086_scan_hard_02,w2_2026_000086,w2,train,hard,data\processed\irs_scan_variants\w2\train\w2_2026_000086_scan_hard_02.jpg,data\annotations\irs_scan_variants\w2\train\w2_2026_000086_scan_hard_02.json,-1.8492,1.193,8.3091,60
w2_2026_000087_scan_mild_01,w2_2026_000087,w2,train,mild,data\processed\irs_scan_variants\w2\train\w2_2026_000087_scan_mild_01.jpg,data\annotations\irs_scan_variants\w2\train\w2_2026_000087_scan_mild_01.json,1.1365,0.507,3.7341,79
w2_2026_000087_scan_hard_02,w2_2026_000087,w2,train,hard,data\processed\irs_scan_variants\w2\train\w2_2026_000087_scan_hard_02.jpg,data\annotations\irs_scan_variants\w2\train\w2_2026_000087_scan_hard_02.json,2.2878,1.0538,5.0234,59
w2_2026_000088_scan_mild_01,w2_2026_000088,w2,train,mild,data\processed\irs_scan_variants\w2\train\w2_2026_000088_scan_mild_01.jpg,data\annotations\irs_scan_variants\w2\train\w2_2026_000088_scan_mild_01.json,-0.1296,0.3104,2.1498,82
w2_2026_000088_scan_hard_02,w2_2026_000088,w2,train,hard,data\processed\irs_scan_variants\w2\train\w2_2026_000088_scan_hard_02.jpg,data\annotations\irs_scan_variants\w2\train\w2_2026_000088_scan_hard_02.json,0.5463,1.2057,9.3253,51
w2_2026_000089_scan_mild_01,w2_2026_000089,w2,train,mild,data\processed\irs_scan_variants\w2\train\w2_2026_000089_scan_mild_01.jpg,data\annotations\irs_scan_variants\w2\train\w2_2026_000089_scan_mild_01.json,-0.0392,0.6358,4.4423,88
w2_2026_000089_scan_hard_02,w2_2026_000089,w2,train,hard,data\processed\irs_scan_variants\w2\train\w2_2026_000089_scan_hard_02.jpg,data\annotations\irs_scan_variants\w2\train\w2_2026_000089_scan_hard_02.json,1.2166,0.712,8.7185,53
w2_2026_000090_scan_mild_01,w2_2026_000090,w2,train,mild,data\processed\irs_scan_variants\w2\train\w2_2026_000090_scan_mild_01.jpg,data\annotations\irs_scan_variants\w2\train\w2_2026_000090_scan_mild_01.json,0.6675,0.6126,3.9975,90
w2_2026_000090_scan_hard_02,w2_2026_000090,w2,train,hard,data\processed\irs_scan_variants\w2\train\w2_2026_000090_scan_hard_02.jpg,data\annotations\irs_scan_variants\w2\train\w2_2026_000090_scan_hard_02.json,0.8422,1.1144,7.7505,60
w2_2026_000091_scan_mild_01,w2_2026_000091,w2,train,mild,data\processed\irs_scan_variants\w2\train\w2_2026_000091_scan_mild_01.jpg,data\annotations\irs_scan_variants\w2\train\w2_2026_000091_scan_mild_01.json,-0.9077,0.4512,2.0079,85
w2_2026_000091_scan_hard_02,w2_2026_000091,w2,train,hard,data\processed\irs_scan_variants\w2\train\w2_2026_000091_scan_hard_02.jpg,data\annotations\irs_scan_variants\w2\train\w2_2026_000091_scan_hard_02.json,1.098,0.7023,9.1132,57
w2_2026_000092_scan_mild_01,w2_2026_000092,w2,validation,mild,data\processed\irs_scan_variants\w2\validation\w2_2026_000092_scan_mild_01.jpg,data\annotations\irs_scan_variants\w2\validation\w2_2026_000092_scan_mild_01.json,-0.3353,0.6401,4.1137,86
w2_2026_000092_scan_hard_02,w2_2026_000092,w2,validation,hard,data\processed\irs_scan_variants\w2\validation\w2_2026_000092_scan_hard_02.jpg,data\annotations\irs_scan_variants\w2\validation\w2_2026_000092_scan_hard_02.json,-2.3714,0.9868,8.5929,67
w2_2026_000093_scan_mild_01,w2_2026_000093,w2,test,mild,data\processed\irs_scan_variants\w2\test\w2_2026_000093_scan_mild_01.jpg,data\annotations\irs_scan_variants\w2\test\w2_2026_000093_scan_mild_01.json,0.7684,0.4346,3.8572,78
w2_2026_000093_scan_hard_02,w2_2026_000093,w2,test,hard,data\processed\irs_scan_variants\w2\test\w2_2026_000093_scan_hard_02.jpg,data\annotations\irs_scan_variants\w2\test\w2_2026_000093_scan_hard_02.json,-1.4702,0.7849,5.7112,66
w2_2026_000094_scan_mild_01,w2_2026_000094,w2,train,mild,data\processed\irs_scan_variants\w2\train\w2_2026_000094_scan_mild_01.jpg,data\annotations\irs_scan_variants\w2\train\w2_2026_000094_scan_mild_01.json,0.2157,0.1904,2.2872,72
w2_2026_000094_scan_hard_02,w2_2026_000094,w2,train,hard,data\processed\irs_scan_variants\w2\train\w2_2026_000094_scan_hard_02.jpg,data\annotations\irs_scan_variants\w2\train\w2_2026_000094_scan_hard_02.json,1.9493,1.0408,6.9648,53
w2_2026_000095_scan_mild_01,w2_2026_000095,w2,validation,mild,data\processed\irs_scan_variants\w2\validation\w2_2026_000095_scan_mild_01.jpg,data\annotations\irs_scan_variants\w2\validation\w2_2026_000095_scan_mild_01.json,-0.9326,0.5697,3.9744,82
w2_2026_000095_scan_hard_02,w2_2026_000095,w2,validation,hard,data\processed\irs_scan_variants\w2\validation\w2_2026_000095_scan_hard_02.jpg,data\annotations\irs_scan_variants\w2\validation\w2_2026_000095_scan_hard_02.json,-1.5924,1.0755,7.3934,58
w2_2026_000096_scan_mild_01,w2_2026_000096,w2,train,mild,data\processed\irs_scan_variants\w2\train\w2_2026_000096_scan_mild_01.jpg,data\annotations\irs_scan_variants\w2\train\w2_2026_000096_scan_mild_01.json,1.0394,0.4413,2.5906,76
w2_2026_000096_scan_hard_02,w2_2026_000096,w2,train,hard,data\processed\irs_scan_variants\w2\train\w2_2026_000096_scan_hard_02.jpg,data\annotations\irs_scan_variants\w2\train\w2_2026_000096_scan_hard_02.json,-0.3809,1.1664,5.3546,48
w2_2026_000097_scan_mild_01,w2_2026_000097,w2,validation,mild,data\processed\irs_scan_variants\w2\validation\w2_2026_000097_scan_mild_01.jpg,data\annotations\irs_scan_variants\w2\validation\w2_2026_000097_scan_mild_01.json,0.8853,0.3542,4.2426,88
w2_2026_000097_scan_hard_02,w2_2026_000097,w2,validation,hard,data\processed\irs_scan_variants\w2\validation\w2_2026_000097_scan_hard_02.jpg,data\annotations\irs_scan_variants\w2\validation\w2_2026_000097_scan_hard_02.json,-2.2047,0.8272,9.9864,69
w2_2026_000098_scan_mild_01,w2_2026_000098,w2,train,mild,data\processed\irs_scan_variants\w2\train\w2_2026_000098_scan_mild_01.jpg,data\annotations\irs_scan_variants\w2\train\w2_2026_000098_scan_mild_01.json,0.3578,0.3571,4.8017,80
w2_2026_000098_scan_hard_02,w2_2026_000098,w2,train,hard,data\processed\irs_scan_variants\w2\train\w2_2026_000098_scan_hard_02.jpg,data\annotations\irs_scan_variants\w2\train\w2_2026_000098_scan_hard_02.json,1.1123,0.9632,7.6617,64
w2_2026_000099_scan_mild_01,w2_2026_000099,w2,train,mild,data\processed\irs_scan_variants\w2\train\w2_2026_000099_scan_mild_01.jpg,data\annotations\irs_scan_variants\w2\train\w2_2026_000099_scan_mild_01.json,0.7236,0.2011,4.2144,83
w2_2026_000099_scan_hard_02,w2_2026_000099,w2,train,hard,data\processed\irs_scan_variants\w2\train\w2_2026_000099_scan_hard_02.jpg,data\annotations\irs_scan_variants\w2\train\w2_2026_000099_scan_hard_02.json,1.623,1.309,7.2801,59
w2_2026_000100_scan_mild_01,w2_2026_000100,w2,train,mild,data\processed\irs_scan_variants\w2\train\w2_2026_000100_scan_mild_01.jpg,data\annotations\irs_scan_variants\w2\train\w2_2026_000100_scan_mild_01.json,1.1326,0.5174,4.5605,78
w2_2026_000100_scan_hard_02,w2_2026_000100,w2,train,hard,data\processed\irs_scan_variants\w2\train\w2_2026_000100_scan_hard_02.jpg,data\annotations\irs_scan_variants\w2\train\w2_2026_000100_scan_hard_02.json,1.7777,1.3341,5.2541,53
w2_2026_000101_scan_mild_01,w2_2026_000101,w2,train,mild,data\processed\irs_scan_variants\w2\train\w2_2026_000101_scan_mild_01.jpg,data\annotations\irs_scan_variants\w2\train\w2_2026_000101_scan_mild_01.json,-0.4992,0.2793,3.0809,79
w2_2026_000101_scan_hard_02,w2_2026_000101,w2,train,hard,data\processed\irs_scan_variants\w2\train\w2_2026_000101_scan_hard_02.jpg,data\annotations\irs_scan_variants\w2\train\w2_2026_000101_scan_hard_02.json,-1.2222,1.0664,6.9611,65
w2_2026_000102_scan_mild_01,w2_2026_000102,w2,train,mild,data\processed\irs_scan_variants\w2\train\w2_2026_000102_scan_mild_01.jpg,data\annotations\irs_scan_variants\w2\train\w2_2026_000102_scan_mild_01.json,1.1687,0.3242,2.5367,90
w2_2026_000102_scan_hard_02,w2_2026_000102,w2,train,hard,data\processed\irs_scan_variants\w2\train\w2_2026_000102_scan_hard_02.jpg,data\annotations\irs_scan_variants\w2\train\w2_2026_000102_scan_hard_02.json,-0.2843,1.2578,5.0954,70
w2_2026_000103_scan_mild_01,w2_2026_000103,w2,train,mild,data\processed\irs_scan_variants\w2\train\w2_2026_000103_scan_mild_01.jpg,data\annotations\irs_scan_variants\w2\train\w2_2026_000103_scan_mild_01.json,-0.611,0.3535,4.26,75
w2_2026_000103_scan_hard_02,w2_2026_000103,w2,train,hard,data\processed\irs_scan_variants\w2\train\w2_2026_000103_scan_hard_02.jpg,data\annotations\irs_scan_variants\w2\train\w2_2026_000103_scan_hard_02.json,-0.061,0.6988,6.1364,70
w2_2026_000104_scan_mild_01,w2_2026_000104,w2,train,mild,data\processed\irs_scan_variants\w2\train\w2_2026_000104_scan_mild_01.jpg,data\annotations\irs_scan_variants\w2\train\w2_2026_000104_scan_mild_01.json,0.3252,0.5722,4.7263,79
w2_2026_000104_scan_hard_02,w2_2026_000104,w2,train,hard,data\processed\irs_scan_variants\w2\train\w2_2026_000104_scan_hard_02.jpg,data\annotations\irs_scan_variants\w2\train\w2_2026_000104_scan_hard_02.json,0.8387,0.8505,6.4852,52
w2_2026_000105_scan_mild_01,w2_2026_000105,w2,train,mild,data\processed\irs_scan_variants\w2\train\w2_2026_000105_scan_mild_01.jpg,data\annotations\irs_scan_variants\w2\train\w2_2026_000105_scan_mild_01.json,0.3137,0.4305,4.8254,72
w2_2026_000105_scan_hard_02,w2_2026_000105,w2,train,hard,data\processed\irs_scan_variants\w2\train\w2_2026_000105_scan_hard_02.jpg,data\annotations\irs_scan_variants\w2\train\w2_2026_000105_scan_hard_02.json,2.3181,1.0634,8.2676,49
w2_2026_000106_scan_mild_01,w2_2026_000106,w2,train,mild,data\processed\irs_scan_variants\w2\train\w2_2026_000106_scan_mild_01.jpg,data\annotations\irs_scan_variants\w2\train\w2_2026_000106_scan_mild_01.json,0.9029,0.2993,4.166,76
w2_2026_000106_scan_hard_02,w2_2026_000106,w2,train,hard,data\processed\irs_scan_variants\w2\train\w2_2026_000106_scan_hard_02.jpg,data\annotations\irs_scan_variants\w2\train\w2_2026_000106_scan_hard_02.json,-2.4437,1.2255,5.1765,60
w2_2026_000107_scan_mild_01,w2_2026_000107,w2,train,mild,data\processed\irs_scan_variants\w2\train\w2_2026_000107_scan_mild_01.jpg,data\annotations\irs_scan_variants\w2\train\w2_2026_000107_scan_mild_01.json,-0.239,0.2367,4.8678,87
w2_2026_000107_scan_hard_02,w2_2026_000107,w2,train,hard,data\processed\irs_scan_variants\w2\train\w2_2026_000107_scan_hard_02.jpg,data\annotations\irs_scan_variants\w2\train\w2_2026_000107_scan_hard_02.json,1.1634,0.9728,5.4916,52
w2_2026_000108_scan_mild_01,w2_2026_000108,w2,train,mild,data\processed\irs_scan_variants\w2\train\w2_2026_000108_scan_mild_01.jpg,data\annotations\irs_scan_variants\w2\train\w2_2026_000108_scan_mild_01.json,0.8197,0.4002,2.12,86
w2_2026_000108_scan_hard_02,w2_2026_000108,w2,train,hard,data\processed\irs_scan_variants\w2\train\w2_2026_000108_scan_hard_02.jpg,data\annotations\irs_scan_variants\w2\train\w2_2026_000108_scan_hard_02.json,-0.3063,1.0063,7.3568,68
w2_2026_000109_scan_mild_01,w2_2026_000109,w2,train,mild,data\processed\irs_scan_variants\w2\train\w2_2026_000109_scan_mild_01.jpg,data\annotations\irs_scan_variants\w2\train\w2_2026_000109_scan_mild_01.json,0.6526,0.4417,2.6852,83
w2_2026_000109_scan_hard_02,w2_2026_000109,w2,train,hard,data\processed\irs_scan_variants\w2\train\w2_2026_000109_scan_hard_02.jpg,data\annotations\irs_scan_variants\w2\train\w2_2026_000109_scan_hard_02.json,-0.0139,1.3248,9.5627,50
w2_2026_000110_scan_mild_01,w2_2026_000110,w2,train,mild,data\processed\irs_scan_variants\w2\train\w2_2026_000110_scan_mild_01.jpg,data\annotations\irs_scan_variants\w2\train\w2_2026_000110_scan_mild_01.json,0.5222,0.3535,4.8177,75
w2_2026_000110_scan_hard_02,w2_2026_000110,w2,train,hard,data\processed\irs_scan_variants\w2\train\w2_2026_000110_scan_hard_02.jpg,data\annotations\irs_scan_variants\w2\train\w2_2026_000110_scan_hard_02.json,2.31,0.8581,9.2063,53
w2_2026_000111_scan_mild_01,w2_2026_000111,w2,validation,mild,data\processed\irs_scan_variants\w2\validation\w2_2026_000111_scan_mild_01.jpg,data\annotations\irs_scan_variants\w2\validation\w2_2026_000111_scan_mild_01.json,0.0347,0.1792,2.6416,90
w2_2026_000111_scan_hard_02,w2_2026_000111,w2,validation,hard,data\processed\irs_scan_variants\w2\validation\w2_2026_000111_scan_hard_02.jpg,data\annotations\irs_scan_variants\w2\validation\w2_2026_000111_scan_hard_02.json,1.1022,1.1046,5.3609,65
w2_2026_000112_scan_mild_01,w2_2026_000112,w2,train,mild,data\processed\irs_scan_variants\w2\train\w2_2026_000112_scan_mild_01.jpg,data\annotations\irs_scan_variants\w2\train\w2_2026_000112_scan_mild_01.json,1.2105,0.4656,3.9125,88
w2_2026_000112_scan_hard_02,w2_2026_000112,w2,train,hard,data\processed\irs_scan_variants\w2\train\w2_2026_000112_scan_hard_02.jpg,data\annotations\irs_scan_variants\w2\train\w2_2026_000112_scan_hard_02.json,1.2209,1.177,9.4643,68
w2_2026_000113_scan_mild_01,w2_2026_000113,w2,train,mild,data\processed\irs_scan_variants\w2\train\w2_2026_000113_scan_mild_01.jpg,data\annotations\irs_scan_variants\w2\train\w2_2026_000113_scan_mild_01.json,-1.1992,0.5625,2.6818,82
w2_2026_000113_scan_hard_02,w2_2026_000113,w2,train,hard,data\processed\irs_scan_variants\w2\train\w2_2026_000113_scan_hard_02.jpg,data\annotations\irs_scan_variants\w2\train\w2_2026_000113_scan_hard_02.json,1.7599,0.752,9.4729,58
w2_2026_000114_scan_mild_01,w2_2026_000114,w2,train,mild,data\processed\irs_scan_variants\w2\train\w2_2026_000114_scan_mild_01.jpg,data\annotations\irs_scan_variants\w2\train\w2_2026_000114_scan_mild_01.json,-0.5046,0.3144,4.4484,76
w2_2026_000114_scan_hard_02,w2_2026_000114,w2,train,hard,data\processed\irs_scan_variants\w2\train\w2_2026_000114_scan_hard_02.jpg,data\annotations\irs_scan_variants\w2\train\w2_2026_000114_scan_hard_02.json,1.2366,0.7042,8.377,70
w2_2026_000115_scan_mild_01,w2_2026_000115,w2,validation,mild,data\processed\irs_scan_variants\w2\validation\w2_2026_000115_scan_mild_01.jpg,data\annotations\irs_scan_variants\w2\validation\w2_2026_000115_scan_mild_01.json,-0.4906,0.6098,4.4881,89
w2_2026_000115_scan_hard_02,w2_2026_000115,w2,validation,hard,data\processed\irs_scan_variants\w2\validation\w2_2026_000115_scan_hard_02.jpg,data\annotations\irs_scan_variants\w2\validation\w2_2026_000115_scan_hard_02.json,2.0483,1.2545,6.5756,50
w2_2026_000116_scan_mild_01,w2_2026_000116,w2,test,mild,data\processed\irs_scan_variants\w2\test\w2_2026_000116_scan_mild_01.jpg,data\annotations\irs_scan_variants\w2\test\w2_2026_000116_scan_mild_01.json,-1.2414,0.2769,2.0984,81
w2_2026_000116_scan_hard_02,w2_2026_000116,w2,test,hard,data\processed\irs_scan_variants\w2\test\w2_2026_000116_scan_hard_02.jpg,data\annotations\irs_scan_variants\w2\test\w2_2026_000116_scan_hard_02.json,0.3358,1.0667,8.9188,58
w2_2026_000117_scan_mild_01,w2_2026_000117,w2,train,mild,data\processed\irs_scan_variants\w2\train\w2_2026_000117_scan_mild_01.jpg,data\annotations\irs_scan_variants\w2\train\w2_2026_000117_scan_mild_01.json,1.1609,0.4656,2.2911,90
w2_2026_000117_scan_hard_02,w2_2026_000117,w2,train,hard,data\processed\irs_scan_variants\w2\train\w2_2026_000117_scan_hard_02.jpg,data\annotations\irs_scan_variants\w2\train\w2_2026_000117_scan_hard_02.json,0.4766,1.0906,7.0484,64
w2_2026_000118_scan_mild_01,w2_2026_000118,w2,train,mild,data\processed\irs_scan_variants\w2\train\w2_2026_000118_scan_mild_01.jpg,data\annotations\irs_scan_variants\w2\train\w2_2026_000118_scan_mild_01.json,0.4897,0.2875,4.3746,87
w2_2026_000118_scan_hard_02,w2_2026_000118,w2,train,hard,data\processed\irs_scan_variants\w2\train\w2_2026_000118_scan_hard_02.jpg,data\annotations\irs_scan_variants\w2\train\w2_2026_000118_scan_hard_02.json,1.602,1.0324,8.6648,48
w2_2026_000119_scan_mild_01,w2_2026_000119,w2,train,mild,data\processed\irs_scan_variants\w2\train\w2_2026_000119_scan_mild_01.jpg,data\annotations\irs_scan_variants\w2\train\w2_2026_000119_scan_mild_01.json,-0.9458,0.3155,3.1122,83
w2_2026_000119_scan_hard_02,w2_2026_000119,w2,train,hard,data\processed\irs_scan_variants\w2\train\w2_2026_000119_scan_hard_02.jpg,data\annotations\irs_scan_variants\w2\train\w2_2026_000119_scan_hard_02.json,2.4273,1.0074,9.6229,54
w2_2026_000120_scan_mild_01,w2_2026_000120,w2,test,mild,data\processed\irs_scan_variants\w2\test\w2_2026_000120_scan_mild_01.jpg,data\annotations\irs_scan_variants\w2\test\w2_2026_000120_scan_mild_01.json,-0.2175,0.2061,3.4062,86
w2_2026_000120_scan_hard_02,w2_2026_000120,w2,test,hard,data\processed\irs_scan_variants\w2\test\w2_2026_000120_scan_hard_02.jpg,data\annotations\irs_scan_variants\w2\test\w2_2026_000120_scan_hard_02.json,2.3766,0.6822,8.8917,66
w2_2026_000121_scan_mild_01,w2_2026_000121,w2,test,mild,data\processed\irs_scan_variants\w2\test\w2_2026_000121_scan_mild_01.jpg,data\annotations\irs_scan_variants\w2\test\w2_2026_000121_scan_mild_01.json,-0.6493,0.5286,3.8733,84
w2_2026_000121_scan_hard_02,w2_2026_000121,w2,test,hard,data\processed\irs_scan_variants\w2\test\w2_2026_000121_scan_hard_02.jpg,data\annotations\irs_scan_variants\w2\test\w2_2026_000121_scan_hard_02.json,-1.0346,1.2257,9.0088,54
w2_2026_000122_scan_mild_01,w2_2026_000122,w2,train,mild,data\processed\irs_scan_variants\w2\train\w2_2026_000122_scan_mild_01.jpg,data\annotations\irs_scan_variants\w2\train\w2_2026_000122_scan_mild_01.json,0.5339,0.5355,4.6562,75
w2_2026_000122_scan_hard_02,w2_2026_000122,w2,train,hard,data\processed\irs_scan_variants\w2\train\w2_2026_000122_scan_hard_02.jpg,data\annotations\irs_scan_variants\w2\train\w2_2026_000122_scan_hard_02.json,-2.3497,0.6958,6.565,69
w2_2026_000123_scan_mild_01,w2_2026_000123,w2,test,mild,data\processed\irs_scan_variants\w2\test\w2_2026_000123_scan_mild_01.jpg,data\annotations\irs_scan_variants\w2\test\w2_2026_000123_scan_mild_01.json,-0.8061,0.4553,4.3916,78
w2_2026_000123_scan_hard_02,w2_2026_000123,w2,test,hard,data\processed\irs_scan_variants\w2\test\w2_2026_000123_scan_hard_02.jpg,data\annotations\irs_scan_variants\w2\test\w2_2026_000123_scan_hard_02.json,-0.0849,0.753,6.5312,52
w2_2026_000124_scan_mild_01,w2_2026_000124,w2,validation,mild,data\processed\irs_scan_variants\w2\validation\w2_2026_000124_scan_mild_01.jpg,data\annotations\irs_scan_variants\w2\validation\w2_2026_000124_scan_mild_01.json,-0.6722,0.5045,4.4727,73
w2_2026_000124_scan_hard_02,w2_2026_000124,w2,validation,hard,data\processed\irs_scan_variants\w2\validation\w2_2026_000124_scan_hard_02.jpg,data\annotations\irs_scan_variants\w2\validation\w2_2026_000124_scan_hard_02.json,1.5038,1.1094,5.9276,65
w2_2026_000125_scan_mild_01,w2_2026_000125,w2,train,mild,data\processed\irs_scan_variants\w2\train\w2_2026_000125_scan_mild_01.jpg,data\annotations\irs_scan_variants\w2\train\w2_2026_000125_scan_mild_01.json,-0.9979,0.2598,4.679,85
w2_2026_000125_scan_hard_02,w2_2026_000125,w2,train,hard,data\processed\irs_scan_variants\w2\train\w2_2026_000125_scan_hard_02.jpg,data\annotations\irs_scan_variants\w2\train\w2_2026_000125_scan_hard_02.json,-2.1008,1.2422,6.4088,69
w2_2026_000126_scan_mild_01,w2_2026_000126,w2,train,mild,data\processed\irs_scan_variants\w2\train\w2_2026_000126_scan_mild_01.jpg,data\annotations\irs_scan_variants\w2\train\w2_2026_000126_scan_mild_01.json,-0.4194,0.5636,4.0194,85
w2_2026_000126_scan_hard_02,w2_2026_000126,w2,train,hard,data\processed\irs_scan_variants\w2\train\w2_2026_000126_scan_hard_02.jpg,data\annotations\irs_scan_variants\w2\train\w2_2026_000126_scan_hard_02.json,-1.3685,1.2341,8.367,66
w2_2026_000127_scan_mild_01,w2_2026_000127,w2,train,mild,data\processed\irs_scan_variants\w2\train\w2_2026_000127_scan_mild_01.jpg,data\annotations\irs_scan_variants\w2\train\w2_2026_000127_scan_mild_01.json,0.0121,0.3515,4.4587,88
w2_2026_000127_scan_hard_02,w2_2026_000127,w2,train,hard,data\processed\irs_scan_variants\w2\train\w2_2026_000127_scan_hard_02.jpg,data\annotations\irs_scan_variants\w2\train\w2_2026_000127_scan_hard_02.json,2.4594,1.2162,8.8383,70
w2_2026_000128_scan_mild_01,w2_2026_000128,w2,train,mild,data\processed\irs_scan_variants\w2\train\w2_2026_000128_scan_mild_01.jpg,data\annotations\irs_scan_variants\w2\train\w2_2026_000128_scan_mild_01.json,0.9647,0.1719,4.5385,79
w2_2026_000128_scan_hard_02,w2_2026_000128,w2,train,hard,data\processed\irs_scan_variants\w2\train\w2_2026_000128_scan_hard_02.jpg,data\annotations\irs_scan_variants\w2\train\w2_2026_000128_scan_hard_02.json,-2.4752,1.0602,9.563,62
w2_2026_000129_scan_mild_01,w2_2026_000129,w2,train,mild,data\processed\irs_scan_variants\w2\train\w2_2026_000129_scan_mild_01.jpg,data\annotations\irs_scan_variants\w2\train\w2_2026_000129_scan_mild_01.json,0.2755,0.2746,2.7585,86
w2_2026_000129_scan_hard_02,w2_2026_000129,w2,train,hard,data\processed\irs_scan_variants\w2\train\w2_2026_000129_scan_hard_02.jpg,data\annotations\irs_scan_variants\w2\train\w2_2026_000129_scan_hard_02.json,-1.8236,0.8031,7.95,57
w2_2026_000130_scan_mild_01,w2_2026_000130,w2,train,mild,data\processed\irs_scan_variants\w2\train\w2_2026_000130_scan_mild_01.jpg,data\annotations\irs_scan_variants\w2\train\w2_2026_000130_scan_mild_01.json,0.3404,0.4179,4.7823,72
w2_2026_000130_scan_hard_02,w2_2026_000130,w2,train,hard,data\processed\irs_scan_variants\w2\train\w2_2026_000130_scan_hard_02.jpg,data\annotations\irs_scan_variants\w2\train\w2_2026_000130_scan_hard_02.json,0.2445,0.9081,9.9724,54
w2_2026_000131_scan_mild_01,w2_2026_000131,w2,validation,mild,data\processed\irs_scan_variants\w2\validation\w2_2026_000131_scan_mild_01.jpg,data\annotations\irs_scan_variants\w2\validation\w2_2026_000131_scan_mild_01.json,-1.0506,0.5565,2.8627,73
w2_2026_000131_scan_hard_02,w2_2026_000131,w2,validation,hard,data\processed\irs_scan_variants\w2\validation\w2_2026_000131_scan_hard_02.jpg,data\annotations\irs_scan_variants\w2\validation\w2_2026_000131_scan_hard_02.json,1.7702,1.1304,5.7624,60
w2_2026_000132_scan_mild_01,w2_2026_000132,w2,test,mild,data\processed\irs_scan_variants\w2\test\w2_2026_000132_scan_mild_01.jpg,data\annotations\irs_scan_variants\w2\test\w2_2026_000132_scan_mild_01.json,0.3223,0.5829,2.0374,77
w2_2026_000132_scan_hard_02,w2_2026_000132,w2,test,hard,data\processed\irs_scan_variants\w2\test\w2_2026_000132_scan_hard_02.jpg,data\annotations\irs_scan_variants\w2\test\w2_2026_000132_scan_hard_02.json,1.1106,1.1198,9.7531,69
w2_2026_000133_scan_mild_01,w2_2026_000133,w2,test,mild,data\processed\irs_scan_variants\w2\test\w2_2026_000133_scan_mild_01.jpg,data\annotations\irs_scan_variants\w2\test\w2_2026_000133_scan_mild_01.json,-0.0908,0.6187,3.8249,90
w2_2026_000133_scan_hard_02,w2_2026_000133,w2,test,hard,data\processed\irs_scan_variants\w2\test\w2_2026_000133_scan_hard_02.jpg,data\annotations\irs_scan_variants\w2\test\w2_2026_000133_scan_hard_02.json,-2.3478,0.8254,5.4922,68
w2_2026_000134_scan_mild_01,w2_2026_000134,w2,test,mild,data\processed\irs_scan_variants\w2\test\w2_2026_000134_scan_mild_01.jpg,data\annotations\irs_scan_variants\w2\test\w2_2026_000134_scan_mild_01.json,-1.0925,0.5443,3.5826,77
w2_2026_000134_scan_hard_02,w2_2026_000134,w2,test,hard,data\processed\irs_scan_variants\w2\test\w2_2026_000134_scan_hard_02.jpg,data\annotations\irs_scan_variants\w2\test\w2_2026_000134_scan_hard_02.json,-1.7022,0.7785,6.5693,53
w2_2026_000135_scan_mild_01,w2_2026_000135,w2,train,mild,data\processed\irs_scan_variants\w2\train\w2_2026_000135_scan_mild_01.jpg,data\annotations\irs_scan_variants\w2\train\w2_2026_000135_scan_mild_01.json,0.6202,0.6472,4.2744,86
w2_2026_000135_scan_hard_02,w2_2026_000135,w2,train,hard,data\processed\irs_scan_variants\w2\train\w2_2026_000135_scan_hard_02.jpg,data\annotations\irs_scan_variants\w2\train\w2_2026_000135_scan_hard_02.json,0.8922,0.6824,6.8546,56
w2_2026_000136_scan_mild_01,w2_2026_000136,w2,validation,mild,data\processed\irs_scan_variants\w2\validation\w2_2026_000136_scan_mild_01.jpg,data\annotations\irs_scan_variants\w2\validation\w2_2026_000136_scan_mild_01.json,1.158,0.5881,3.9694,77
w2_2026_000136_scan_hard_02,w2_2026_000136,w2,validation,hard,data\processed\irs_scan_variants\w2\validation\w2_2026_000136_scan_hard_02.jpg,data\annotations\irs_scan_variants\w2\validation\w2_2026_000136_scan_hard_02.json,2.4035,1.1346,5.326,62
w2_2026_000137_scan_mild_01,w2_2026_000137,w2,train,mild,data\processed\irs_scan_variants\w2\train\w2_2026_000137_scan_mild_01.jpg,data\annotations\irs_scan_variants\w2\train\w2_2026_000137_scan_mild_01.json,0.3416,0.3307,4.4033,89
w2_2026_000137_scan_hard_02,w2_2026_000137,w2,train,hard,data\processed\irs_scan_variants\w2\train\w2_2026_000137_scan_hard_02.jpg,data\annotations\irs_scan_variants\w2\train\w2_2026_000137_scan_hard_02.json,-0.7852,1.1362,9.0508,65
w2_2026_000138_scan_mild_01,w2_2026_000138,w2,train,mild,data\processed\irs_scan_variants\w2\train\w2_2026_000138_scan_mild_01.jpg,data\annotations\irs_scan_variants\w2\train\w2_2026_000138_scan_mild_01.json,-0.3533,0.5525,3.6336,77
w2_2026_000138_scan_hard_02,w2_2026_000138,w2,train,hard,data\processed\irs_scan_variants\w2\train\w2_2026_000138_scan_hard_02.jpg,data\annotations\irs_scan_variants\w2\train\w2_2026_000138_scan_hard_02.json,-0.051,1.2002,7.4665,57
w2_2026_000139_scan_mild_01,w2_2026_000139,w2,train,mild,data\processed\irs_scan_variants\w2\train\w2_2026_000139_scan_mild_01.jpg,data\annotations\irs_scan_variants\w2\train\w2_2026_000139_scan_mild_01.json,-0.4353,0.4138,4.2585,82
w2_2026_000139_scan_hard_02,w2_2026_000139,w2,train,hard,data\processed\irs_scan_variants\w2\train\w2_2026_000139_scan_hard_02.jpg,data\annotations\irs_scan_variants\w2\train\w2_2026_000139_scan_hard_02.json,2.1918,1.1325,7.0052,56
w2_2026_000140_scan_mild_01,w2_2026_000140,w2,validation,mild,data\processed\irs_scan_variants\w2\validation\w2_2026_000140_scan_mild_01.jpg,data\annotations\irs_scan_variants\w2\validation\w2_2026_000140_scan_mild_01.json,-0.6881,0.3316,2.7698,81
w2_2026_000140_scan_hard_02,w2_2026_000140,w2,validation,hard,data\processed\irs_scan_variants\w2\validation\w2_2026_000140_scan_hard_02.jpg,data\annotations\irs_scan_variants\w2\validation\w2_2026_000140_scan_hard_02.json,-0.6232,1.3316,7.6359,58
w2_2026_000141_scan_mild_01,w2_2026_000141,w2,train,mild,data\processed\irs_scan_variants\w2\train\w2_2026_000141_scan_mild_01.jpg,data\annotations\irs_scan_variants\w2\train\w2_2026_000141_scan_mild_01.json,-0.2709,0.3542,4.5492,79
w2_2026_000141_scan_hard_02,w2_2026_000141,w2,train,hard,data\processed\irs_scan_variants\w2\train\w2_2026_000141_scan_hard_02.jpg,data\annotations\irs_scan_variants\w2\train\w2_2026_000141_scan_hard_02.json,-0.294,1.2106,8.5263,49
w2_2026_000142_scan_mild_01,w2_2026_000142,w2,validation,mild,data\processed\irs_scan_variants\w2\validation\w2_2026_000142_scan_mild_01.jpg,data\annotations\irs_scan_variants\w2\validation\w2_2026_000142_scan_mild_01.json,1.1774,0.3194,3.9443,82
w2_2026_000142_scan_hard_02,w2_2026_000142,w2,validation,hard,data\processed\irs_scan_variants\w2\validation\w2_2026_000142_scan_hard_02.jpg,data\annotations\irs_scan_variants\w2\validation\w2_2026_000142_scan_hard_02.json,1.9794,0.9075,6.8059,58
w2_2026_000143_scan_mild_01,w2_2026_000143,w2,validation,mild,data\processed\irs_scan_variants\w2\validation\w2_2026_000143_scan_mild_01.jpg,data\annotations\irs_scan_variants\w2\validation\w2_2026_000143_scan_mild_01.json,0.7363,0.2266,3.1037,77
w2_2026_000143_scan_hard_02,w2_2026_000143,w2,validation,hard,data\processed\irs_scan_variants\w2\validation\w2_2026_000143_scan_hard_02.jpg,data\annotations\irs_scan_variants\w2\validation\w2_2026_000143_scan_hard_02.json,-0.9712,1.3214,6.6614,54
w2_2026_000144_scan_mild_01,w2_2026_000144,w2,train,mild,data\processed\irs_scan_variants\w2\train\w2_2026_000144_scan_mild_01.jpg,data\annotations\irs_scan_variants\w2\train\w2_2026_000144_scan_mild_01.json,-1.0067,0.1995,3.9018,82
w2_2026_000144_scan_hard_02,w2_2026_000144,w2,train,hard,data\processed\irs_scan_variants\w2\train\w2_2026_000144_scan_hard_02.jpg,data\annotations\irs_scan_variants\w2\train\w2_2026_000144_scan_hard_02.json,1.2077,1.1839,9.8375,48
w2_2026_000145_scan_mild_01,w2_2026_000145,w2,train,mild,data\processed\irs_scan_variants\w2\train\w2_2026_000145_scan_mild_01.jpg,data\annotations\irs_scan_variants\w2\train\w2_2026_000145_scan_mild_01.json,-0.3997,0.6252,4.8371,89
w2_2026_000145_scan_hard_02,w2_2026_000145,w2,train,hard,data\processed\irs_scan_variants\w2\train\w2_2026_000145_scan_hard_02.jpg,data\annotations\irs_scan_variants\w2\train\w2_2026_000145_scan_hard_02.json,-1.2703,1.2863,9.349,66
w2_2026_000146_scan_mild_01,w2_2026_000146,w2,train,mild,data\processed\irs_scan_variants\w2\train\w2_2026_000146_scan_mild_01.jpg,data\annotations\irs_scan_variants\w2\train\w2_2026_000146_scan_mild_01.json,-0.6678,0.3426,4.1175,76
w2_2026_000146_scan_hard_02,w2_2026_000146,w2,train,hard,data\processed\irs_scan_variants\w2\train\w2_2026_000146_scan_hard_02.jpg,data\annotations\irs_scan_variants\w2\train\w2_2026_000146_scan_hard_02.json,-0.1549,0.9355,9.6534,63
w2_2026_000147_scan_mild_01,w2_2026_000147,w2,test,mild,data\processed\irs_scan_variants\w2\test\w2_2026_000147_scan_mild_01.jpg,data\annotations\irs_scan_variants\w2\test\w2_2026_000147_scan_mild_01.json,0.8557,0.2892,3.7581,77
w2_2026_000147_scan_hard_02,w2_2026_000147,w2,test,hard,data\processed\irs_scan_variants\w2\test\w2_2026_000147_scan_hard_02.jpg,data\annotations\irs_scan_variants\w2\test\w2_2026_000147_scan_hard_02.json,1.8233,1.1061,7.3757,64
w2_2026_000148_scan_mild_01,w2_2026_000148,w2,train,mild,data\processed\irs_scan_variants\w2\train\w2_2026_000148_scan_mild_01.jpg,data\annotations\irs_scan_variants\w2\train\w2_2026_000148_scan_mild_01.json,0.6383,0.2116,4.6629,83
w2_2026_000148_scan_hard_02,w2_2026_000148,w2,train,hard,data\processed\irs_scan_variants\w2\train\w2_2026_000148_scan_hard_02.jpg,data\annotations\irs_scan_variants\w2\train\w2_2026_000148_scan_hard_02.json,-0.2236,1.2439,6.3269,48
w2_2026_000149_scan_mild_01,w2_2026_000149,w2,train,mild,data\processed\irs_scan_variants\w2\train\w2_2026_000149_scan_mild_01.jpg,data\annotations\irs_scan_variants\w2\train\w2_2026_000149_scan_mild_01.json,-0.2162,0.5441,3.4007,83
w2_2026_000149_scan_hard_02,w2_2026_000149,w2,train,hard,data\processed\irs_scan_variants\w2\train\w2_2026_000149_scan_hard_02.jpg,data\annotations\irs_scan_variants\w2\train\w2_2026_000149_scan_hard_02.json,-0.8063,0.8548,6.5402,52
w2_2026_000150_scan_mild_01,w2_2026_000150,w2,train,mild,data\processed\irs_scan_variants\w2\train\w2_2026_000150_scan_mild_01.jpg,data\annotations\irs_scan_variants\w2\train\w2_2026_000150_scan_mild_01.json,0.2642,0.537,2.4728,85
w2_2026_000150_scan_hard_02,w2_2026_000150,w2,train,hard,data\processed\irs_scan_variants\w2\train\w2_2026_000150_scan_hard_02.jpg,data\annotations\irs_scan_variants\w2\train\w2_2026_000150_scan_hard_02.json,-2.3725,0.9684,8.0701,50
w2_2026_000151_scan_mild_01,w2_2026_000151,w2,train,mild,data\processed\irs_scan_variants\w2\train\w2_2026_000151_scan_mild_01.jpg,data\annotations\irs_scan_variants\w2\train\w2_2026_000151_scan_mild_01.json,-0.8325,0.2975,2.4542,79
w2_2026_000151_scan_hard_02,w2_2026_000151,w2,train,hard,data\processed\irs_scan_variants\w2\train\w2_2026_000151_scan_hard_02.jpg,data\annotations\irs_scan_variants\w2\train\w2_2026_000151_scan_hard_02.json,0.4766,1.0987,6.8283,66
w2_2026_000152_scan_mild_01,w2_2026_000152,w2,validation,mild,data\processed\irs_scan_variants\w2\validation\w2_2026_000152_scan_mild_01.jpg,data\annotations\irs_scan_variants\w2\validation\w2_2026_000152_scan_mild_01.json,-0.5796,0.1987,3.9097,88
w2_2026_000152_scan_hard_02,w2_2026_000152,w2,validation,hard,data\processed\irs_scan_variants\w2\validation\w2_2026_000152_scan_hard_02.jpg,data\annotations\irs_scan_variants\w2\validation\w2_2026_000152_scan_hard_02.json,-1.0159,0.9577,6.2136,62
w2_2026_000153_scan_mild_01,w2_2026_000153,w2,train,mild,data\processed\irs_scan_variants\w2\train\w2_2026_000153_scan_mild_01.jpg,data\annotations\irs_scan_variants\w2\train\w2_2026_000153_scan_mild_01.json,0.2406,0.5057,4.626,86
w2_2026_000153_scan_hard_02,w2_2026_000153,w2,train,hard,data\processed\irs_scan_variants\w2\train\w2_2026_000153_scan_hard_02.jpg,data\annotations\irs_scan_variants\w2\train\w2_2026_000153_scan_hard_02.json,2.1592,0.6769,8.1803,62
w2_2026_000154_scan_mild_01,w2_2026_000154,w2,train,mild,data\processed\irs_scan_variants\w2\train\w2_2026_000154_scan_mild_01.jpg,data\annotations\irs_scan_variants\w2\train\w2_2026_000154_scan_mild_01.json,0.1969,0.2532,2.9569,89
w2_2026_000154_scan_hard_02,w2_2026_000154,w2,train,hard,data\processed\irs_scan_variants\w2\train\w2_2026_000154_scan_hard_02.jpg,data\annotations\irs_scan_variants\w2\train\w2_2026_000154_scan_hard_02.json,0.7556,0.8706,9.1092,68
w2_2026_000155_scan_mild_01,w2_2026_000155,w2,validation,mild,data\processed\irs_scan_variants\w2\validation\w2_2026_000155_scan_mild_01.jpg,data\annotations\irs_scan_variants\w2\validation\w2_2026_000155_scan_mild_01.json,0.637,0.435,2.1608,82
w2_2026_000155_scan_hard_02,w2_2026_000155,w2,validation,hard,data\processed\irs_scan_variants\w2\validation\w2_2026_000155_scan_hard_02.jpg,data\annotations\irs_scan_variants\w2\validation\w2_2026_000155_scan_hard_02.json,2.4648,1.005,5.9042,56
w2_2026_000156_scan_mild_01,w2_2026_000156,w2,train,mild,data\processed\irs_scan_variants\w2\train\w2_2026_000156_scan_mild_01.jpg,data\annotations\irs_scan_variants\w2\train\w2_2026_000156_scan_mild_01.json,-0.0375,0.3285,3.3748,72
w2_2026_000156_scan_hard_02,w2_2026_000156,w2,train,hard,data\processed\irs_scan_variants\w2\train\w2_2026_000156_scan_hard_02.jpg,data\annotations\irs_scan_variants\w2\train\w2_2026_000156_scan_hard_02.json,-0.0465,1.2293,7.4905,64
w2_2026_000157_scan_mild_01,w2_2026_000157,w2,validation,mild,data\processed\irs_scan_variants\w2\validation\w2_2026_000157_scan_mild_01.jpg,data\annotations\irs_scan_variants\w2\validation\w2_2026_000157_scan_mild_01.json,-1.2383,0.5714,2.2294,76
w2_2026_000157_scan_hard_02,w2_2026_000157,w2,validation,hard,data\processed\irs_scan_variants\w2\validation\w2_2026_000157_scan_hard_02.jpg,data\annotations\irs_scan_variants\w2\validation\w2_2026_000157_scan_hard_02.json,2.2215,0.8512,8.1722,59
w2_2026_000158_scan_mild_01,w2_2026_000158,w2,train,mild,data\processed\irs_scan_variants\w2\train\w2_2026_000158_scan_mild_01.jpg,data\annotations\irs_scan_variants\w2\train\w2_2026_000158_scan_mild_01.json,1.0528,0.4132,2.9141,89
w2_2026_000158_scan_hard_02,w2_2026_000158,w2,train,hard,data\processed\irs_scan_variants\w2\train\w2_2026_000158_scan_hard_02.jpg,data\annotations\irs_scan_variants\w2\train\w2_2026_000158_scan_hard_02.json,-0.3208,1.061,5.2625,69
w2_2026_000159_scan_mild_01,w2_2026_000159,w2,train,mild,data\processed\irs_scan_variants\w2\train\w2_2026_000159_scan_mild_01.jpg,data\annotations\irs_scan_variants\w2\train\w2_2026_000159_scan_mild_01.json,-0.1687,0.3441,4.9376,75
w2_2026_000159_scan_hard_02,w2_2026_000159,w2,train,hard,data\processed\irs_scan_variants\w2\train\w2_2026_000159_scan_hard_02.jpg,data\annotations\irs_scan_variants\w2\train\w2_2026_000159_scan_hard_02.json,1.2456,0.7645,8.9112,51
w2_2026_000160_scan_mild_01,w2_2026_000160,w2,train,mild,data\processed\irs_scan_variants\w2\train\w2_2026_000160_scan_mild_01.jpg,data\annotations\irs_scan_variants\w2\train\w2_2026_000160_scan_mild_01.json,-0.1968,0.2617,4.9592,81
w2_2026_000160_scan_hard_02,w2_2026_000160,w2,train,hard,data\processed\irs_scan_variants\w2\train\w2_2026_000160_scan_hard_02.jpg,data\annotations\irs_scan_variants\w2\train\w2_2026_000160_scan_hard_02.json,-2.2422,1.2041,9.9206,52
w2_2026_000161_scan_mild_01,w2_2026_000161,w2,validation,mild,data\processed\irs_scan_variants\w2\validation\w2_2026_000161_scan_mild_01.jpg,data\annotations\irs_scan_variants\w2\validation\w2_2026_000161_scan_mild_01.json,0.8075,0.2634,2.2836,78
w2_2026_000161_scan_hard_02,w2_2026_000161,w2,validation,hard,data\processed\irs_scan_variants\w2\validation\w2_2026_000161_scan_hard_02.jpg,data\annotations\irs_scan_variants\w2\validation\w2_2026_000161_scan_hard_02.json,1.0617,1.3461,5.1156,59
w2_2026_000162_scan_mild_01,w2_2026_000162,w2,train,mild,data\processed\irs_scan_variants\w2\train\w2_2026_000162_scan_mild_01.jpg,data\annotations\irs_scan_variants\w2\train\w2_2026_000162_scan_mild_01.json,-0.9853,0.2983,4.9743,86
w2_2026_000162_scan_hard_02,w2_2026_000162,w2,train,hard,data\processed\irs_scan_variants\w2\train\w2_2026_000162_scan_hard_02.jpg,data\annotations\irs_scan_variants\w2\train\w2_2026_000162_scan_hard_02.json,0.5988,0.8599,6.1282,60
w2_2026_000163_scan_mild_01,w2_2026_000163,w2,train,mild,data\processed\irs_scan_variants\w2\train\w2_2026_000163_scan_mild_01.jpg,data\annotations\irs_scan_variants\w2\train\w2_2026_000163_scan_mild_01.json,1.2,0.2887,4.6112,77
w2_2026_000163_scan_hard_02,w2_2026_000163,w2,train,hard,data\processed\irs_scan_variants\w2\train\w2_2026_000163_scan_hard_02.jpg,data\annotations\irs_scan_variants\w2\train\w2_2026_000163_scan_hard_02.json,-0.9197,1.1959,9.1891,50
w2_2026_000164_scan_mild_01,w2_2026_000164,w2,train,mild,data\processed\irs_scan_variants\w2\train\w2_2026_000164_scan_mild_01.jpg,data\annotations\irs_scan_variants\w2\train\w2_2026_000164_scan_mild_01.json,0.097,0.285,2.6125,80
w2_2026_000164_scan_hard_02,w2_2026_000164,w2,train,hard,data\processed\irs_scan_variants\w2\train\w2_2026_000164_scan_hard_02.jpg,data\annotations\irs_scan_variants\w2\train\w2_2026_000164_scan_hard_02.json,-2.4041,0.7037,8.9302,56
w2_2026_000165_scan_mild_01,w2_2026_000165,w2,train,mild,data\processed\irs_scan_variants\w2\train\w2_2026_000165_scan_mild_01.jpg,data\annotations\irs_scan_variants\w2\train\w2_2026_000165_scan_mild_01.json,0.8866,0.2657,4.1536,88
w2_2026_000165_scan_hard_02,w2_2026_000165,w2,train,hard,data\processed\irs_scan_variants\w2\train\w2_2026_000165_scan_hard_02.jpg,data\annotations\irs_scan_variants\w2\train\w2_2026_000165_scan_hard_02.json,0.7782,1.3356,8.0188,48
w2_2026_000166_scan_mild_01,w2_2026_000166,w2,validation,mild,data\processed\irs_scan_variants\w2\validation\w2_2026_000166_scan_mild_01.jpg,data\annotations\irs_scan_variants\w2\validation\w2_2026_000166_scan_mild_01.json,-0.464,0.5527,2.1731,75
w2_2026_000166_scan_hard_02,w2_2026_000166,w2,validation,hard,data\processed\irs_scan_variants\w2\validation\w2_2026_000166_scan_hard_02.jpg,data\annotations\irs_scan_variants\w2\validation\w2_2026_000166_scan_hard_02.json,1.6121,0.8627,5.1552,52
w2_2026_000167_scan_mild_01,w2_2026_000167,w2,train,mild,data\processed\irs_scan_variants\w2\train\w2_2026_000167_scan_mild_01.jpg,data\annotations\irs_scan_variants\w2\train\w2_2026_000167_scan_mild_01.json,0.9224,0.4943,2.3913,89
w2_2026_000167_scan_hard_02,w2_2026_000167,w2,train,hard,data\processed\irs_scan_variants\w2\train\w2_2026_000167_scan_hard_02.jpg,data\annotations\irs_scan_variants\w2\train\w2_2026_000167_scan_hard_02.json,-0.7966,0.9849,8.2656,67
w2_2026_000168_scan_mild_01,w2_2026_000168,w2,train,mild,data\processed\irs_scan_variants\w2\train\w2_2026_000168_scan_mild_01.jpg,data\annotations\irs_scan_variants\w2\train\w2_2026_000168_scan_mild_01.json,-0.9468,0.2637,2.6805,86
w2_2026_000168_scan_hard_02,w2_2026_000168,w2,train,hard,data\processed\irs_scan_variants\w2\train\w2_2026_000168_scan_hard_02.jpg,data\annotations\irs_scan_variants\w2\train\w2_2026_000168_scan_hard_02.json,-1.4792,1.2768,8.7811,62
w2_2026_000169_scan_mild_01,w2_2026_000169,w2,train,mild,data\processed\irs_scan_variants\w2\train\w2_2026_000169_scan_mild_01.jpg,data\annotations\irs_scan_variants\w2\train\w2_2026_000169_scan_mild_01.json,-0.6389,0.5464,4.4298,81
w2_2026_000169_scan_hard_02,w2_2026_000169,w2,train,hard,data\processed\irs_scan_variants\w2\train\w2_2026_000169_scan_hard_02.jpg,data\annotations\irs_scan_variants\w2\train\w2_2026_000169_scan_hard_02.json,-0.0285,1.2127,7.7047,64
w2_2026_000170_scan_mild_01,w2_2026_000170,w2,train,mild,data\processed\irs_scan_variants\w2\train\w2_2026_000170_scan_mild_01.jpg,data\annotations\irs_scan_variants\w2\train\w2_2026_000170_scan_mild_01.json,0.2462,0.369,4.7079,89
w2_2026_000170_scan_hard_02,w2_2026_000170,w2,train,hard,data\processed\irs_scan_variants\w2\train\w2_2026_000170_scan_hard_02.jpg,data\annotations\irs_scan_variants\w2\train\w2_2026_000170_scan_hard_02.json,-1.3538,0.9261,6.6003,52
w2_2026_000171_scan_mild_01,w2_2026_000171,w2,train,mild,data\processed\irs_scan_variants\w2\train\w2_2026_000171_scan_mild_01.jpg,data\annotations\irs_scan_variants\w2\train\w2_2026_000171_scan_mild_01.json,-1.1141,0.4555,3.9986,75
w2_2026_000171_scan_hard_02,w2_2026_000171,w2,train,hard,data\processed\irs_scan_variants\w2\train\w2_2026_000171_scan_hard_02.jpg,data\annotations\irs_scan_variants\w2\train\w2_2026_000171_scan_hard_02.json,-1.713,0.6872,7.0023,58
w2_2026_000172_scan_mild_01,w2_2026_000172,w2,validation,mild,data\processed\irs_scan_variants\w2\validation\w2_2026_000172_scan_mild_01.jpg,data\annotations\irs_scan_variants\w2\validation\w2_2026_000172_scan_mild_01.json,0.0849,0.2313,4.0808,73
w2_2026_000172_scan_hard_02,w2_2026_000172,w2,validation,hard,data\processed\irs_scan_variants\w2\validation\w2_2026_000172_scan_hard_02.jpg,data\annotations\irs_scan_variants\w2\validation\w2_2026_000172_scan_hard_02.json,1.5518,0.9505,9.4683,67
w2_2026_000173_scan_mild_01,w2_2026_000173,w2,train,mild,data\processed\irs_scan_variants\w2\train\w2_2026_000173_scan_mild_01.jpg,data\annotations\irs_scan_variants\w2\train\w2_2026_000173_scan_mild_01.json,0.9429,0.3361,4.8847,89
w2_2026_000173_scan_hard_02,w2_2026_000173,w2,train,hard,data\processed\irs_scan_variants\w2\train\w2_2026_000173_scan_hard_02.jpg,data\annotations\irs_scan_variants\w2\train\w2_2026_000173_scan_hard_02.json,1.7932,0.769,6.329,49
w2_2026_000174_scan_mild_01,w2_2026_000174,w2,test,mild,data\processed\irs_scan_variants\w2\test\w2_2026_000174_scan_mild_01.jpg,data\annotations\irs_scan_variants\w2\test\w2_2026_000174_scan_mild_01.json,-0.3056,0.3502,2.6375,81
w2_2026_000174_scan_hard_02,w2_2026_000174,w2,test,hard,data\processed\irs_scan_variants\w2\test\w2_2026_000174_scan_hard_02.jpg,data\annotations\irs_scan_variants\w2\test\w2_2026_000174_scan_hard_02.json,0.6419,1.2116,5.8202,53
w2_2026_000175_scan_mild_01,w2_2026_000175,w2,train,mild,data\processed\irs_scan_variants\w2\train\w2_2026_000175_scan_mild_01.jpg,data\annotations\irs_scan_variants\w2\train\w2_2026_000175_scan_mild_01.json,0.4767,0.2254,3.0498,72
w2_2026_000175_scan_hard_02,w2_2026_000175,w2,train,hard,data\processed\irs_scan_variants\w2\train\w2_2026_000175_scan_hard_02.jpg,data\annotations\irs_scan_variants\w2\train\w2_2026_000175_scan_hard_02.json,-0.9897,0.8648,9.2504,68
w2_2026_000176_scan_mild_01,w2_2026_000176,w2,train,mild,data\processed\irs_scan_variants\w2\train\w2_2026_000176_scan_mild_01.jpg,data\annotations\irs_scan_variants\w2\train\w2_2026_000176_scan_mild_01.json,0.2354,0.6323,3.9057,80
w2_2026_000176_scan_hard_02,w2_2026_000176,w2,train,hard,data\processed\irs_scan_variants\w2\train\w2_2026_000176_scan_hard_02.jpg,data\annotations\irs_scan_variants\w2\train\w2_2026_000176_scan_hard_02.json,-1.7464,0.9653,8.9109,52
w2_2026_000177_scan_mild_01,w2_2026_000177,w2,validation,mild,data\processed\irs_scan_variants\w2\validation\w2_2026_000177_scan_mild_01.jpg,data\annotations\irs_scan_variants\w2\validation\w2_2026_000177_scan_mild_01.json,0.0874,0.598,3.0161,76
w2_2026_000177_scan_hard_02,w2_2026_000177,w2,validation,hard,data\processed\irs_scan_variants\w2\validation\w2_2026_000177_scan_hard_02.jpg,data\annotations\irs_scan_variants\w2\validation\w2_2026_000177_scan_hard_02.json,-1.1318,0.9033,5.7435,52
w2_2026_000178_scan_mild_01,w2_2026_000178,w2,train,mild,data\processed\irs_scan_variants\w2\train\w2_2026_000178_scan_mild_01.jpg,data\annotations\irs_scan_variants\w2\train\w2_2026_000178_scan_mild_01.json,1.1272,0.37,2.5295,76
w2_2026_000178_scan_hard_02,w2_2026_000178,w2,train,hard,data\processed\irs_scan_variants\w2\train\w2_2026_000178_scan_hard_02.jpg,data\annotations\irs_scan_variants\w2\train\w2_2026_000178_scan_hard_02.json,-0.596,0.9058,6.9739,50
w2_2026_000179_scan_mild_01,w2_2026_000179,w2,train,mild,data\processed\irs_scan_variants\w2\train\w2_2026_000179_scan_mild_01.jpg,data\annotations\irs_scan_variants\w2\train\w2_2026_000179_scan_mild_01.json,0.695,0.5517,4.5322,80
w2_2026_000179_scan_hard_02,w2_2026_000179,w2,train,hard,data\processed\irs_scan_variants\w2\train\w2_2026_000179_scan_hard_02.jpg,data\annotations\irs_scan_variants\w2\train\w2_2026_000179_scan_hard_02.json,-1.0833,1.3152,9.545,67
w2_2026_000180_scan_mild_01,w2_2026_000180,w2,train,mild,data\processed\irs_scan_variants\w2\train\w2_2026_000180_scan_mild_01.jpg,data\annotations\irs_scan_variants\w2\train\w2_2026_000180_scan_mild_01.json,-0.1268,0.2017,3.7743,79
w2_2026_000180_scan_hard_02,w2_2026_000180,w2,train,hard,data\processed\irs_scan_variants\w2\train\w2_2026_000180_scan_hard_02.jpg,data\annotations\irs_scan_variants\w2\train\w2_2026_000180_scan_hard_02.json,-0.389,1.1179,7.5264,68
w2_2026_000181_scan_mild_01,w2_2026_000181,w2,train,mild,data\processed\irs_scan_variants\w2\train\w2_2026_000181_scan_mild_01.jpg,data\annotations\irs_scan_variants\w2\train\w2_2026_000181_scan_mild_01.json,-0.81,0.5717,2.444,88
w2_2026_000181_scan_hard_02,w2_2026_000181,w2,train,hard,data\processed\irs_scan_variants\w2\train\w2_2026_000181_scan_hard_02.jpg,data\annotations\irs_scan_variants\w2\train\w2_2026_000181_scan_hard_02.json,0.5989,1.2753,8.384,59
w2_2026_000182_scan_mild_01,w2_2026_000182,w2,train,mild,data\processed\irs_scan_variants\w2\train\w2_2026_000182_scan_mild_01.jpg,data\annotations\irs_scan_variants\w2\train\w2_2026_000182_scan_mild_01.json,-0.0289,0.4957,2.6037,79
w2_2026_000182_scan_hard_02,w2_2026_000182,w2,train,hard,data\processed\irs_scan_variants\w2\train\w2_2026_000182_scan_hard_02.jpg,data\annotations\irs_scan_variants\w2\train\w2_2026_000182_scan_hard_02.json,-1.8641,0.9731,8.5324,62
w2_2026_000183_scan_mild_01,w2_2026_000183,w2,train,mild,data\processed\irs_scan_variants\w2\train\w2_2026_000183_scan_mild_01.jpg,data\annotations\irs_scan_variants\w2\train\w2_2026_000183_scan_mild_01.json,0.529,0.4706,3.7703,83
w2_2026_000183_scan_hard_02,w2_2026_000183,w2,train,hard,data\processed\irs_scan_variants\w2\train\w2_2026_000183_scan_hard_02.jpg,data\annotations\irs_scan_variants\w2\train\w2_2026_000183_scan_hard_02.json,-1.5679,1.3224,8.7298,70
w2_2026_000184_scan_mild_01,w2_2026_000184,w2,train,mild,data\processed\irs_scan_variants\w2\train\w2_2026_000184_scan_mild_01.jpg,data\annotations\irs_scan_variants\w2\train\w2_2026_000184_scan_mild_01.json,0.1832,0.2838,3.3177,89
w2_2026_000184_scan_hard_02,w2_2026_000184,w2,train,hard,data\processed\irs_scan_variants\w2\train\w2_2026_000184_scan_hard_02.jpg,data\annotations\irs_scan_variants\w2\train\w2_2026_000184_scan_hard_02.json,-2.009,1.1095,6.2551,51
w2_2026_000185_scan_mild_01,w2_2026_000185,w2,train,mild,data\processed\irs_scan_variants\w2\train\w2_2026_000185_scan_mild_01.jpg,data\annotations\irs_scan_variants\w2\train\w2_2026_000185_scan_mild_01.json,-0.0747,0.4093,2.173,75
w2_2026_000185_scan_hard_02,w2_2026_000185,w2,train,hard,data\processed\irs_scan_variants\w2\train\w2_2026_000185_scan_hard_02.jpg,data\annotations\irs_scan_variants\w2\train\w2_2026_000185_scan_hard_02.json,-1.0136,0.7475,6.8611,64
w2_2026_000186_scan_mild_01,w2_2026_000186,w2,test,mild,data\processed\irs_scan_variants\w2\test\w2_2026_000186_scan_mild_01.jpg,data\annotations\irs_scan_variants\w2\test\w2_2026_000186_scan_mild_01.json,0.6919,0.5397,4.8779,78
w2_2026_000186_scan_hard_02,w2_2026_000186,w2,test,hard,data\processed\irs_scan_variants\w2\test\w2_2026_000186_scan_hard_02.jpg,data\annotations\irs_scan_variants\w2\test\w2_2026_000186_scan_hard_02.json,-2.0022,0.6828,9.0441,61
w2_2026_000187_scan_mild_01,w2_2026_000187,w2,train,mild,data\processed\irs_scan_variants\w2\train\w2_2026_000187_scan_mild_01.jpg,data\annotations\irs_scan_variants\w2\train\w2_2026_000187_scan_mild_01.json,-0.4791,0.2521,2.0389,81
w2_2026_000187_scan_hard_02,w2_2026_000187,w2,train,hard,data\processed\irs_scan_variants\w2\train\w2_2026_000187_scan_hard_02.jpg,data\annotations\irs_scan_variants\w2\train\w2_2026_000187_scan_hard_02.json,-1.2568,0.7989,6.8775,48
w2_2026_000188_scan_mild_01,w2_2026_000188,w2,train,mild,data\processed\irs_scan_variants\w2\train\w2_2026_000188_scan_mild_01.jpg,data\annotations\irs_scan_variants\w2\train\w2_2026_000188_scan_mild_01.json,-0.7452,0.4922,3.356,76
w2_2026_000188_scan_hard_02,w2_2026_000188,w2,train,hard,data\processed\irs_scan_variants\w2\train\w2_2026_000188_scan_hard_02.jpg,data\annotations\irs_scan_variants\w2\train\w2_2026_000188_scan_hard_02.json,0.4293,1.2963,9.2472,50
w2_2026_000189_scan_mild_01,w2_2026_000189,w2,train,mild,data\processed\irs_scan_variants\w2\train\w2_2026_000189_scan_mild_01.jpg,data\annotations\irs_scan_variants\w2\train\w2_2026_000189_scan_mild_01.json,-1.0257,0.4329,3.2923,76
w2_2026_000189_scan_hard_02,w2_2026_000189,w2,train,hard,data\processed\irs_scan_variants\w2\train\w2_2026_000189_scan_hard_02.jpg,data\annotations\irs_scan_variants\w2\train\w2_2026_000189_scan_hard_02.json,-1.2943,0.8655,5.8085,70
w2_2026_000190_scan_mild_01,w2_2026_000190,w2,train,mild,data\processed\irs_scan_variants\w2\train\w2_2026_000190_scan_mild_01.jpg,data\annotations\irs_scan_variants\w2\train\w2_2026_000190_scan_mild_01.json,-0.1775,0.4389,3.934,80
w2_2026_000190_scan_hard_02,w2_2026_000190,w2,train,hard,data\processed\irs_scan_variants\w2\train\w2_2026_000190_scan_hard_02.jpg,data\annotations\irs_scan_variants\w2\train\w2_2026_000190_scan_hard_02.json,-1.5334,0.8194,8.2221,69
w2_2026_000191_scan_mild_01,w2_2026_000191,w2,train,mild,data\processed\irs_scan_variants\w2\train\w2_2026_000191_scan_mild_01.jpg,data\annotations\irs_scan_variants\w2\train\w2_2026_000191_scan_mild_01.json,-0.8285,0.3852,4.5297,78
w2_2026_000191_scan_hard_02,w2_2026_000191,w2,train,hard,data\processed\irs_scan_variants\w2\train\w2_2026_000191_scan_hard_02.jpg,data\annotations\irs_scan_variants\w2\train\w2_2026_000191_scan_hard_02.json,-0.9401,1.1175,6.26,55
w2_2026_000192_scan_mild_01,w2_2026_000192,w2,train,mild,data\processed\irs_scan_variants\w2\train\w2_2026_000192_scan_mild_01.jpg,data\annotations\irs_scan_variants\w2\train\w2_2026_000192_scan_mild_01.json,0.7497,0.5961,4.0252,76
w2_2026_000192_scan_hard_02,w2_2026_000192,w2,train,hard,data\processed\irs_scan_variants\w2\train\w2_2026_000192_scan_hard_02.jpg,data\annotations\irs_scan_variants\w2\train\w2_2026_000192_scan_hard_02.json,2.2231,1.0062,6.478,53
w2_2026_000193_scan_mild_01,w2_2026_000193,w2,train,mild,data\processed\irs_scan_variants\w2\train\w2_2026_000193_scan_mild_01.jpg,data\annotations\irs_scan_variants\w2\train\w2_2026_000193_scan_mild_01.json,1.1591,0.5514,3.4193,87
w2_2026_000193_scan_hard_02,w2_2026_000193,w2,train,hard,data\processed\irs_scan_variants\w2\train\w2_2026_000193_scan_hard_02.jpg,data\annotations\irs_scan_variants\w2\train\w2_2026_000193_scan_hard_02.json,0.0578,0.7925,6.6524,48
w2_2026_000194_scan_mild_01,w2_2026_000194,w2,train,mild,data\processed\irs_scan_variants\w2\train\w2_2026_000194_scan_mild_01.jpg,data\annotations\irs_scan_variants\w2\train\w2_2026_000194_scan_mild_01.json,1.1946,0.5497,2.4812,87
w2_2026_000194_scan_hard_02,w2_2026_000194,w2,train,hard,data\processed\irs_scan_variants\w2\train\w2_2026_000194_scan_hard_02.jpg,data\annotations\irs_scan_variants\w2\train\w2_2026_000194_scan_hard_02.json,2.4414,1.2227,7.4673,69
w2_2026_000195_scan_mild_01,w2_2026_000195,w2,train,mild,data\processed\irs_scan_variants\w2\train\w2_2026_000195_scan_mild_01.jpg,data\annotations\irs_scan_variants\w2\train\w2_2026_000195_scan_mild_01.json,0.8821,0.5096,2.3362,80
w2_2026_000195_scan_hard_02,w2_2026_000195,w2,train,hard,data\processed\irs_scan_variants\w2\train\w2_2026_000195_scan_hard_02.jpg,data\annotations\irs_scan_variants\w2\train\w2_2026_000195_scan_hard_02.json,1.733,0.9556,5.5995,68
w2_2026_000196_scan_mild_01,w2_2026_000196,w2,train,mild,data\processed\irs_scan_variants\w2\train\w2_2026_000196_scan_mild_01.jpg,data\annotations\irs_scan_variants\w2\train\w2_2026_000196_scan_mild_01.json,-0.4527,0.2436,3.9877,75
w2_2026_000196_scan_hard_02,w2_2026_000196,w2,train,hard,data\processed\irs_scan_variants\w2\train\w2_2026_000196_scan_hard_02.jpg,data\annotations\irs_scan_variants\w2\train\w2_2026_000196_scan_hard_02.json,0.0942,1.2291,9.2058,58
w2_2026_000197_scan_mild_01,w2_2026_000197,w2,train,mild,data\processed\irs_scan_variants\w2\train\w2_2026_000197_scan_mild_01.jpg,data\annotations\irs_scan_variants\w2\train\w2_2026_000197_scan_mild_01.json,-0.251,0.1991,3.9042,85
w2_2026_000197_scan_hard_02,w2_2026_000197,w2,train,hard,data\processed\irs_scan_variants\w2\train\w2_2026_000197_scan_hard_02.jpg,data\annotations\irs_scan_variants\w2\train\w2_2026_000197_scan_hard_02.json,-1.0067,0.6544,7.6201,51
w2_2026_000198_scan_mild_01,w2_2026_000198,w2,train,mild,data\processed\irs_scan_variants\w2\train\w2_2026_000198_scan_mild_01.jpg,data\annotations\irs_scan_variants\w2\train\w2_2026_000198_scan_mild_01.json,0.1238,0.3613,4.5011,76
w2_2026_000198_scan_hard_02,w2_2026_000198,w2,train,hard,data\processed\irs_scan_variants\w2\train\w2_2026_000198_scan_hard_02.jpg,data\annotations\irs_scan_variants\w2\train\w2_2026_000198_scan_hard_02.json,0.0008,0.9449,9.9134,49
w2_2026_000199_scan_mild_01,w2_2026_000199,w2,test,mild,data\processed\irs_scan_variants\w2\test\w2_2026_000199_scan_mild_01.jpg,data\annotations\irs_scan_variants\w2\test\w2_2026_000199_scan_mild_01.json,-1.0452,0.1548,2.6837,85
w2_2026_000199_scan_hard_02,w2_2026_000199,w2,test,hard,data\processed\irs_scan_variants\w2\test\w2_2026_000199_scan_hard_02.jpg,data\annotations\irs_scan_variants\w2\test\w2_2026_000199_scan_hard_02.json,0.2722,1.1311,8.2354,53
w2_2026_000200_scan_mild_01,w2_2026_000200,w2,train,mild,data\processed\irs_scan_variants\w2\train\w2_2026_000200_scan_mild_01.jpg,data\annotations\irs_scan_variants\w2\train\w2_2026_000200_scan_mild_01.json,-1.0082,0.1702,4.499,73
w2_2026_000200_scan_hard_02,w2_2026_000200,w2,train,hard,data\processed\irs_scan_variants\w2\train\w2_2026_000200_scan_hard_02.jpg,data\annotations\irs_scan_variants\w2\train\w2_2026_000200_scan_hard_02.json,-1.535,1.2703,6.7163,69
w2_2026_000201_scan_mild_01,w2_2026_000201,w2,train,mild,data\processed\irs_scan_variants\w2\train\w2_2026_000201_scan_mild_01.jpg,data\annotations\irs_scan_variants\w2\train\w2_2026_000201_scan_mild_01.json,0.842,0.3834,3.7463,88
w2_2026_000201_scan_hard_02,w2_2026_000201,w2,train,hard,data\processed\irs_scan_variants\w2\train\w2_2026_000201_scan_hard_02.jpg,data\annotations\irs_scan_variants\w2\train\w2_2026_000201_scan_hard_02.json,-0.7917,1.3054,9.8842,65
w2_2026_000202_scan_mild_01,w2_2026_000202,w2,train,mild,data\processed\irs_scan_variants\w2\train\w2_2026_000202_scan_mild_01.jpg,data\annotations\irs_scan_variants\w2\train\w2_2026_000202_scan_mild_01.json,-0.3923,0.4498,3.7671,79
w2_2026_000202_scan_hard_02,w2_2026_000202,w2,train,hard,data\processed\irs_scan_variants\w2\train\w2_2026_000202_scan_hard_02.jpg,data\annotations\irs_scan_variants\w2\train\w2_2026_000202_scan_hard_02.json,-1.5352,0.9809,8.8923,50
w2_2026_000203_scan_mild_01,w2_2026_000203,w2,train,mild,data\processed\irs_scan_variants\w2\train\w2_2026_000203_scan_mild_01.jpg,data\annotations\irs_scan_variants\w2\train\w2_2026_000203_scan_mild_01.json,-1.0477,0.6019,3.7386,85
w2_2026_000203_scan_hard_02,w2_2026_000203,w2,train,hard,data\processed\irs_scan_variants\w2\train\w2_2026_000203_scan_hard_02.jpg,data\annotations\irs_scan_variants\w2\train\w2_2026_000203_scan_hard_02.json,2.4592,0.9496,5.9783,52
w2_2026_000204_scan_mild_01,w2_2026_000204,w2,train,mild,data\processed\irs_scan_variants\w2\train\w2_2026_000204_scan_mild_01.jpg,data\annotations\irs_scan_variants\w2\train\w2_2026_000204_scan_mild_01.json,0.1794,0.5916,2.6137,84
w2_2026_000204_scan_hard_02,w2_2026_000204,w2,train,hard,data\processed\irs_scan_variants\w2\train\w2_2026_000204_scan_hard_02.jpg,data\annotations\irs_scan_variants\w2\train\w2_2026_000204_scan_hard_02.json,-1.7534,1.0133,5.2491,70
w2_2026_000205_scan_mild_01,w2_2026_000205,w2,train,mild,data\processed\irs_scan_variants\w2\train\w2_2026_000205_scan_mild_01.jpg,data\annotations\irs_scan_variants\w2\train\w2_2026_000205_scan_mild_01.json,-1.1529,0.3449,3.9384,86
w2_2026_000205_scan_hard_02,w2_2026_000205,w2,train,hard,data\processed\irs_scan_variants\w2\train\w2_2026_000205_scan_hard_02.jpg,data\annotations\irs_scan_variants\w2\train\w2_2026_000205_scan_hard_02.json,-1.2304,1.3043,7.8911,53
w2_2026_000206_scan_mild_01,w2_2026_000206,w2,train,mild,data\processed\irs_scan_variants\w2\train\w2_2026_000206_scan_mild_01.jpg,data\annotations\irs_scan_variants\w2\train\w2_2026_000206_scan_mild_01.json,-0.0016,0.4239,3.2374,72
w2_2026_000206_scan_hard_02,w2_2026_000206,w2,train,hard,data\processed\irs_scan_variants\w2\train\w2_2026_000206_scan_hard_02.jpg,data\annotations\irs_scan_variants\w2\train\w2_2026_000206_scan_hard_02.json,0.0988,0.8015,9.1924,67
w2_2026_000207_scan_mild_01,w2_2026_000207,w2,train,mild,data\processed\irs_scan_variants\w2\train\w2_2026_000207_scan_mild_01.jpg,data\annotations\irs_scan_variants\w2\train\w2_2026_000207_scan_mild_01.json,0.3175,0.3533,4.9636,82
w2_2026_000207_scan_hard_02,w2_2026_000207,w2,train,hard,data\processed\irs_scan_variants\w2\train\w2_2026_000207_scan_hard_02.jpg,data\annotations\irs_scan_variants\w2\train\w2_2026_000207_scan_hard_02.json,-0.4409,1.1373,5.6989,65
w2_2026_000208_scan_mild_01,w2_2026_000208,w2,train,mild,data\processed\irs_scan_variants\w2\train\w2_2026_000208_scan_mild_01.jpg,data\annotations\irs_scan_variants\w2\train\w2_2026_000208_scan_mild_01.json,-0.2994,0.3202,3.6891,77
w2_2026_000208_scan_hard_02,w2_2026_000208,w2,train,hard,data\processed\irs_scan_variants\w2\train\w2_2026_000208_scan_hard_02.jpg,data\annotations\irs_scan_variants\w2\train\w2_2026_000208_scan_hard_02.json,0.5002,0.686,5.6967,67
w2_2026_000209_scan_mild_01,w2_2026_000209,w2,train,mild,data\processed\irs_scan_variants\w2\train\w2_2026_000209_scan_mild_01.jpg,data\annotations\irs_scan_variants\w2\train\w2_2026_000209_scan_mild_01.json,0.0142,0.3006,3.7549,75
w2_2026_000209_scan_hard_02,w2_2026_000209,w2,train,hard,data\processed\irs_scan_variants\w2\train\w2_2026_000209_scan_hard_02.jpg,data\annotations\irs_scan_variants\w2\train\w2_2026_000209_scan_hard_02.json,0.08,1.0218,9.1632,60
w2_2026_000210_scan_mild_01,w2_2026_000210,w2,validation,mild,data\processed\irs_scan_variants\w2\validation\w2_2026_000210_scan_mild_01.jpg,data\annotations\irs_scan_variants\w2\validation\w2_2026_000210_scan_mild_01.json,-1.2087,0.3266,4.9629,87
w2_2026_000210_scan_hard_02,w2_2026_000210,w2,validation,hard,data\processed\irs_scan_variants\w2\validation\w2_2026_000210_scan_hard_02.jpg,data\annotations\irs_scan_variants\w2\validation\w2_2026_000210_scan_hard_02.json,1.11,1.3083,7.7078,59
w2_2026_000211_scan_mild_01,w2_2026_000211,w2,train,mild,data\processed\irs_scan_variants\w2\train\w2_2026_000211_scan_mild_01.jpg,data\annotations\irs_scan_variants\w2\train\w2_2026_000211_scan_mild_01.json,-0.5326,0.191,4.1206,80
w2_2026_000211_scan_hard_02,w2_2026_000211,w2,train,hard,data\processed\irs_scan_variants\w2\train\w2_2026_000211_scan_hard_02.jpg,data\annotations\irs_scan_variants\w2\train\w2_2026_000211_scan_hard_02.json,1.2299,1.105,5.6124,63
w2_2026_000212_scan_mild_01,w2_2026_000212,w2,train,mild,data\processed\irs_scan_variants\w2\train\w2_2026_000212_scan_mild_01.jpg,data\annotations\irs_scan_variants\w2\train\w2_2026_000212_scan_mild_01.json,-0.801,0.3069,2.4744,75
w2_2026_000212_scan_hard_02,w2_2026_000212,w2,train,hard,data\processed\irs_scan_variants\w2\train\w2_2026_000212_scan_hard_02.jpg,data\annotations\irs_scan_variants\w2\train\w2_2026_000212_scan_hard_02.json,2.2036,0.8995,5.2128,56
w2_2026_000213_scan_mild_01,w2_2026_000213,w2,train,mild,data\processed\irs_scan_variants\w2\train\w2_2026_000213_scan_mild_01.jpg,data\annotations\irs_scan_variants\w2\train\w2_2026_000213_scan_mild_01.json,1.248,0.6169,2.3683,79
w2_2026_000213_scan_hard_02,w2_2026_000213,w2,train,hard,data\processed\irs_scan_variants\w2\train\w2_2026_000213_scan_hard_02.jpg,data\annotations\irs_scan_variants\w2\train\w2_2026_000213_scan_hard_02.json,-1.806,1.1584,8.5795,70
w2_2026_000214_scan_mild_01,w2_2026_000214,w2,validation,mild,data\processed\irs_scan_variants\w2\validation\w2_2026_000214_scan_mild_01.jpg,data\annotations\irs_scan_variants\w2\validation\w2_2026_000214_scan_mild_01.json,1.2105,0.5566,2.9845,83
w2_2026_000214_scan_hard_02,w2_2026_000214,w2,validation,hard,data\processed\irs_scan_variants\w2\validation\w2_2026_000214_scan_hard_02.jpg,data\annotations\irs_scan_variants\w2\validation\w2_2026_000214_scan_hard_02.json,-2.4248,0.9652,9.5567,64
w2_2026_000215_scan_mild_01,w2_2026_000215,w2,train,mild,data\processed\irs_scan_variants\w2\train\w2_2026_000215_scan_mild_01.jpg,data\annotations\irs_scan_variants\w2\train\w2_2026_000215_scan_mild_01.json,-1.0232,0.5945,2.94,79
w2_2026_000215_scan_hard_02,w2_2026_000215,w2,train,hard,data\processed\irs_scan_variants\w2\train\w2_2026_000215_scan_hard_02.jpg,data\annotations\irs_scan_variants\w2\train\w2_2026_000215_scan_hard_02.json,1.7013,1.1447,7.3526,50
w2_2026_000216_scan_mild_01,w2_2026_000216,w2,train,mild,data\processed\irs_scan_variants\w2\train\w2_2026_000216_scan_mild_01.jpg,data\annotations\irs_scan_variants\w2\train\w2_2026_000216_scan_mild_01.json,-0.2927,0.6146,3.3726,78
w2_2026_000216_scan_hard_02,w2_2026_000216,w2,train,hard,data\processed\irs_scan_variants\w2\train\w2_2026_000216_scan_hard_02.jpg,data\annotations\irs_scan_variants\w2\train\w2_2026_000216_scan_hard_02.json,0.1669,1.2048,5.9639,55
w2_2026_000217_scan_mild_01,w2_2026_000217,w2,train,mild,data\processed\irs_scan_variants\w2\train\w2_2026_000217_scan_mild_01.jpg,data\annotations\irs_scan_variants\w2\train\w2_2026_000217_scan_mild_01.json,-0.7864,0.2644,3.0975,80
w2_2026_000217_scan_hard_02,w2_2026_000217,w2,train,hard,data\processed\irs_scan_variants\w2\train\w2_2026_000217_scan_hard_02.jpg,data\annotations\irs_scan_variants\w2\train\w2_2026_000217_scan_hard_02.json,1.2728,0.968,8.2008,53
w2_2026_000218_scan_mild_01,w2_2026_000218,w2,train,mild,data\processed\irs_scan_variants\w2\train\w2_2026_000218_scan_mild_01.jpg,data\annotations\irs_scan_variants\w2\train\w2_2026_000218_scan_mild_01.json,-0.2425,0.5808,4.7339,75
w2_2026_000218_scan_hard_02,w2_2026_000218,w2,train,hard,data\processed\irs_scan_variants\w2\train\w2_2026_000218_scan_hard_02.jpg,data\annotations\irs_scan_variants\w2\train\w2_2026_000218_scan_hard_02.json,-0.4016,1.0308,5.6518,49
w2_2026_000219_scan_mild_01,w2_2026_000219,w2,train,mild,data\processed\irs_scan_variants\w2\train\w2_2026_000219_scan_mild_01.jpg,data\annotations\irs_scan_variants\w2\train\w2_2026_000219_scan_mild_01.json,0.6567,0.3437,4.3939,74
w2_2026_000219_scan_hard_02,w2_2026_000219,w2,train,hard,data\processed\irs_scan_variants\w2\train\w2_2026_000219_scan_hard_02.jpg,data\annotations\irs_scan_variants\w2\train\w2_2026_000219_scan_hard_02.json,-1.009,1.2218,9.2325,67
w2_2026_000220_scan_mild_01,w2_2026_000220,w2,test,mild,data\processed\irs_scan_variants\w2\test\w2_2026_000220_scan_mild_01.jpg,data\annotations\irs_scan_variants\w2\test\w2_2026_000220_scan_mild_01.json,-1.0942,0.4987,3.8661,86
w2_2026_000220_scan_hard_02,w2_2026_000220,w2,test,hard,data\processed\irs_scan_variants\w2\test\w2_2026_000220_scan_hard_02.jpg,data\annotations\irs_scan_variants\w2\test\w2_2026_000220_scan_hard_02.json,-0.1163,1.0188,8.53,57
w2_2026_000221_scan_mild_01,w2_2026_000221,w2,train,mild,data\processed\irs_scan_variants\w2\train\w2_2026_000221_scan_mild_01.jpg,data\annotations\irs_scan_variants\w2\train\w2_2026_000221_scan_mild_01.json,-0.7621,0.3622,3.3601,84
w2_2026_000221_scan_hard_02,w2_2026_000221,w2,train,hard,data\processed\irs_scan_variants\w2\train\w2_2026_000221_scan_hard_02.jpg,data\annotations\irs_scan_variants\w2\train\w2_2026_000221_scan_hard_02.json,0.5985,0.9418,9.7869,60
w2_2026_000222_scan_mild_01,w2_2026_000222,w2,train,mild,data\processed\irs_scan_variants\w2\train\w2_2026_000222_scan_mild_01.jpg,data\annotations\irs_scan_variants\w2\train\w2_2026_000222_scan_mild_01.json,-1.2478,0.3261,2.9728,84
w2_2026_000222_scan_hard_02,w2_2026_000222,w2,train,hard,data\processed\irs_scan_variants\w2\train\w2_2026_000222_scan_hard_02.jpg,data\annotations\irs_scan_variants\w2\train\w2_2026_000222_scan_hard_02.json,0.6096,0.8013,5.1971,61
w2_2026_000223_scan_mild_01,w2_2026_000223,w2,train,mild,data\processed\irs_scan_variants\w2\train\w2_2026_000223_scan_mild_01.jpg,data\annotations\irs_scan_variants\w2\train\w2_2026_000223_scan_mild_01.json,1.0685,0.2286,2.5385,89
w2_2026_000223_scan_hard_02,w2_2026_000223,w2,train,hard,data\processed\irs_scan_variants\w2\train\w2_2026_000223_scan_hard_02.jpg,data\annotations\irs_scan_variants\w2\train\w2_2026_000223_scan_hard_02.json,0.3968,0.9543,7.7685,51
w2_2026_000224_scan_mild_01,w2_2026_000224,w2,train,mild,data\processed\irs_scan_variants\w2\train\w2_2026_000224_scan_mild_01.jpg,data\annotations\irs_scan_variants\w2\train\w2_2026_000224_scan_mild_01.json,0.1752,0.3676,3.3359,77
w2_2026_000224_scan_hard_02,w2_2026_000224,w2,train,hard,data\processed\irs_scan_variants\w2\train\w2_2026_000224_scan_hard_02.jpg,data\annotations\irs_scan_variants\w2\train\w2_2026_000224_scan_hard_02.json,-0.2458,1.0205,8.3876,60
w2_2026_000225_scan_mild_01,w2_2026_000225,w2,train,mild,data\processed\irs_scan_variants\w2\train\w2_2026_000225_scan_mild_01.jpg,data\annotations\irs_scan_variants\w2\train\w2_2026_000225_scan_mild_01.json,0.1362,0.1975,3.1654,84
w2_2026_000225_scan_hard_02,w2_2026_000225,w2,train,hard,data\processed\irs_scan_variants\w2\train\w2_2026_000225_scan_hard_02.jpg,data\annotations\irs_scan_variants\w2\train\w2_2026_000225_scan_hard_02.json,1.9818,0.9564,6.2847,57
w2_2026_000226_scan_mild_01,w2_2026_000226,w2,train,mild,data\processed\irs_scan_variants\w2\train\w2_2026_000226_scan_mild_01.jpg,data\annotations\irs_scan_variants\w2\train\w2_2026_000226_scan_mild_01.json,0.6359,0.5737,4.4423,76
w2_2026_000226_scan_hard_02,w2_2026_000226,w2,train,hard,data\processed\irs_scan_variants\w2\train\w2_2026_000226_scan_hard_02.jpg,data\annotations\irs_scan_variants\w2\train\w2_2026_000226_scan_hard_02.json,-2.0754,1.0288,5.5455,62
w2_2026_000227_scan_mild_01,w2_2026_000227,w2,train,mild,data\processed\irs_scan_variants\w2\train\w2_2026_000227_scan_mild_01.jpg,data\annotations\irs_scan_variants\w2\train\w2_2026_000227_scan_mild_01.json,-0.0987,0.382,4.5689,81
w2_2026_000227_scan_hard_02,w2_2026_000227,w2,train,hard,data\processed\irs_scan_variants\w2\train\w2_2026_000227_scan_hard_02.jpg,data\annotations\irs_scan_variants\w2\train\w2_2026_000227_scan_hard_02.json,0.5717,1.0999,6.4842,54
w2_2026_000228_scan_mild_01,w2_2026_000228,w2,train,mild,data\processed\irs_scan_variants\w2\train\w2_2026_000228_scan_mild_01.jpg,data\annotations\irs_scan_variants\w2\train\w2_2026_000228_scan_mild_01.json,-0.3746,0.4467,2.3385,83
w2_2026_000228_scan_hard_02,w2_2026_000228,w2,train,hard,data\processed\irs_scan_variants\w2\train\w2_2026_000228_scan_hard_02.jpg,data\annotations\irs_scan_variants\w2\train\w2_2026_000228_scan_hard_02.json,1.4032,1.2757,6.3257,69
w2_2026_000229_scan_mild_01,w2_2026_000229,w2,train,mild,data\processed\irs_scan_variants\w2\train\w2_2026_000229_scan_mild_01.jpg,data\annotations\irs_scan_variants\w2\train\w2_2026_000229_scan_mild_01.json,0.0095,0.2844,4.1555,78
w2_2026_000229_scan_hard_02,w2_2026_000229,w2,train,hard,data\processed\irs_scan_variants\w2\train\w2_2026_000229_scan_hard_02.jpg,data\annotations\irs_scan_variants\w2\train\w2_2026_000229_scan_hard_02.json,0.2143,1.0539,9.8124,60
w2_2026_000230_scan_mild_01,w2_2026_000230,w2,train,mild,data\processed\irs_scan_variants\w2\train\w2_2026_000230_scan_mild_01.jpg,data\annotations\irs_scan_variants\w2\train\w2_2026_000230_scan_mild_01.json,-0.4174,0.1531,2.2727,89
w2_2026_000230_scan_hard_02,w2_2026_000230,w2,train,hard,data\processed\irs_scan_variants\w2\train\w2_2026_000230_scan_hard_02.jpg,data\annotations\irs_scan_variants\w2\train\w2_2026_000230_scan_hard_02.json,-1.0137,0.8836,6.2954,52
w2_2026_000231_scan_mild_01,w2_2026_000231,w2,train,mild,data\processed\irs_scan_variants\w2\train\w2_2026_000231_scan_mild_01.jpg,data\annotations\irs_scan_variants\w2\train\w2_2026_000231_scan_mild_01.json,-0.042,0.2566,3.8506,75
w2_2026_000231_scan_hard_02,w2_2026_000231,w2,train,hard,data\processed\irs_scan_variants\w2\train\w2_2026_000231_scan_hard_02.jpg,data\annotations\irs_scan_variants\w2\train\w2_2026_000231_scan_hard_02.json,-1.1631,1.1798,8.4236,68
w2_2026_000232_scan_mild_01,w2_2026_000232,w2,train,mild,data\processed\irs_scan_variants\w2\train\w2_2026_000232_scan_mild_01.jpg,data\annotations\irs_scan_variants\w2\train\w2_2026_000232_scan_mild_01.json,-0.7694,0.6371,3.5779,79
w2_2026_000232_scan_hard_02,w2_2026_000232,w2,train,hard,data\processed\irs_scan_variants\w2\train\w2_2026_000232_scan_hard_02.jpg,data\annotations\irs_scan_variants\w2\train\w2_2026_000232_scan_hard_02.json,-1.2801,1.1846,5.8375,67
w2_2026_000233_scan_mild_01,w2_2026_000233,w2,train,mild,data\processed\irs_scan_variants\w2\train\w2_2026_000233_scan_mild_01.jpg,data\annotations\irs_scan_variants\w2\train\w2_2026_000233_scan_mild_01.json,-0.8783,0.2385,4.3842,73
w2_2026_000233_scan_hard_02,w2_2026_000233,w2,train,hard,data\processed\irs_scan_variants\w2\train\w2_2026_000233_scan_hard_02.jpg,data\annotations\irs_scan_variants\w2\train\w2_2026_000233_scan_hard_02.json,-0.5202,0.9093,5.0314,62
w2_2026_000234_scan_mild_01,w2_2026_000234,w2,train,mild,data\processed\irs_scan_variants\w2\train\w2_2026_000234_scan_mild_01.jpg,data\annotations\irs_scan_variants\w2\train\w2_2026_000234_scan_mild_01.json,-0.4507,0.5425,2.0088,73
w2_2026_000234_scan_hard_02,w2_2026_000234,w2,train,hard,data\processed\irs_scan_variants\w2\train\w2_2026_000234_scan_hard_02.jpg,data\annotations\irs_scan_variants\w2\train\w2_2026_000234_scan_hard_02.json,-0.8603,1.3172,8.2492,48
w2_2026_000235_scan_mild_01,w2_2026_000235,w2,train,mild,data\processed\irs_scan_variants\w2\train\w2_2026_000235_scan_mild_01.jpg,data\annotations\irs_scan_variants\w2\train\w2_2026_000235_scan_mild_01.json,-0.5991,0.5488,3.1981,73
w2_2026_000235_scan_hard_02,w2_2026_000235,w2,train,hard,data\processed\irs_scan_variants\w2\train\w2_2026_000235_scan_hard_02.jpg,data\annotations\irs_scan_variants\w2\train\w2_2026_000235_scan_hard_02.json,-1.3164,0.6981,9.7685,50
w2_2026_000236_scan_mild_01,w2_2026_000236,w2,validation,mild,data\processed\irs_scan_variants\w2\validation\w2_2026_000236_scan_mild_01.jpg,data\annotations\irs_scan_variants\w2\validation\w2_2026_000236_scan_mild_01.json,0.1045,0.4162,3.3103,80
w2_2026_000236_scan_hard_02,w2_2026_000236,w2,validation,hard,data\processed\irs_scan_variants\w2\validation\w2_2026_000236_scan_hard_02.jpg,data\annotations\irs_scan_variants\w2\validation\w2_2026_000236_scan_hard_02.json,0.0468,1.2502,6.3977,63
w2_2026_000237_scan_mild_01,w2_2026_000237,w2,validation,mild,data\processed\irs_scan_variants\w2\validation\w2_2026_000237_scan_mild_01.jpg,data\annotations\irs_scan_variants\w2\validation\w2_2026_000237_scan_mild_01.json,1.1651,0.4503,4.3283,84
w2_2026_000237_scan_hard_02,w2_2026_000237,w2,validation,hard,data\processed\irs_scan_variants\w2\validation\w2_2026_000237_scan_hard_02.jpg,data\annotations\irs_scan_variants\w2\validation\w2_2026_000237_scan_hard_02.json,-0.2107,1.2062,8.3552,69
w2_2026_000238_scan_mild_01,w2_2026_000238,w2,train,mild,data\processed\irs_scan_variants\w2\train\w2_2026_000238_scan_mild_01.jpg,data\annotations\irs_scan_variants\w2\train\w2_2026_000238_scan_mild_01.json,0.0516,0.6096,3.7958,73
w2_2026_000238_scan_hard_02,w2_2026_000238,w2,train,hard,data\processed\irs_scan_variants\w2\train\w2_2026_000238_scan_hard_02.jpg,data\annotations\irs_scan_variants\w2\train\w2_2026_000238_scan_hard_02.json,1.3496,1.2692,8.8169,62
w2_2026_000239_scan_mild_01,w2_2026_000239,w2,train,mild,data\processed\irs_scan_variants\w2\train\w2_2026_000239_scan_mild_01.jpg,data\annotations\irs_scan_variants\w2\train\w2_2026_000239_scan_mild_01.json,-0.3445,0.5586,4.671,85
w2_2026_000239_scan_hard_02,w2_2026_000239,w2,train,hard,data\processed\irs_scan_variants\w2\train\w2_2026_000239_scan_hard_02.jpg,data\annotations\irs_scan_variants\w2\train\w2_2026_000239_scan_hard_02.json,-1.838,0.9468,9.9426,68
w2_2026_000240_scan_mild_01,w2_2026_000240,w2,train,mild,data\processed\irs_scan_variants\w2\train\w2_2026_000240_scan_mild_01.jpg,data\annotations\irs_scan_variants\w2\train\w2_2026_000240_scan_mild_01.json,0.186,0.3384,4.8132,74
w2_2026_000240_scan_hard_02,w2_2026_000240,w2,train,hard,data\processed\irs_scan_variants\w2\train\w2_2026_000240_scan_hard_02.jpg,data\annotations\irs_scan_variants\w2\train\w2_2026_000240_scan_hard_02.json,1.587,0.7044,9.0978,68
w2_2026_000241_scan_mild_01,w2_2026_000241,w2,train,mild,data\processed\irs_scan_variants\w2\train\w2_2026_000241_scan_mild_01.jpg,data\annotations\irs_scan_variants\w2\train\w2_2026_000241_scan_mild_01.json,0.0476,0.3017,4.5537,80
w2_2026_000241_scan_hard_02,w2_2026_000241,w2,train,hard,data\processed\irs_scan_variants\w2\train\w2_2026_000241_scan_hard_02.jpg,data\annotations\irs_scan_variants\w2\train\w2_2026_000241_scan_hard_02.json,-2.3387,1.0761,6.3546,62
w2_2026_000242_scan_mild_01,w2_2026_000242,w2,train,mild,data\processed\irs_scan_variants\w2\train\w2_2026_000242_scan_mild_01.jpg,data\annotations\irs_scan_variants\w2\train\w2_2026_000242_scan_mild_01.json,-0.118,0.2212,3.2284,87
w2_2026_000242_scan_hard_02,w2_2026_000242,w2,train,hard,data\processed\irs_scan_variants\w2\train\w2_2026_000242_scan_hard_02.jpg,data\annotations\irs_scan_variants\w2\train\w2_2026_000242_scan_hard_02.json,1.8765,0.9517,6.0442,58
w2_2026_000243_scan_mild_01,w2_2026_000243,w2,validation,mild,data\processed\irs_scan_variants\w2\validation\w2_2026_000243_scan_mild_01.jpg,data\annotations\irs_scan_variants\w2\validation\w2_2026_000243_scan_mild_01.json,0.4772,0.5026,2.8767,90
w2_2026_000243_scan_hard_02,w2_2026_000243,w2,validation,hard,data\processed\irs_scan_variants\w2\validation\w2_2026_000243_scan_hard_02.jpg,data\annotations\irs_scan_variants\w2\validation\w2_2026_000243_scan_hard_02.json,0.2838,1.3152,9.8698,54
w2_2026_000244_scan_mild_01,w2_2026_000244,w2,test,mild,data\processed\irs_scan_variants\w2\test\w2_2026_000244_scan_mild_01.jpg,data\annotations\irs_scan_variants\w2\test\w2_2026_000244_scan_mild_01.json,-0.7203,0.3038,3.5162,74
w2_2026_000244_scan_hard_02,w2_2026_000244,w2,test,hard,data\processed\irs_scan_variants\w2\test\w2_2026_000244_scan_hard_02.jpg,data\annotations\irs_scan_variants\w2\test\w2_2026_000244_scan_hard_02.json,0.8963,0.7506,7.9912,56
w2_2026_000245_scan_mild_01,w2_2026_000245,w2,train,mild,data\processed\irs_scan_variants\w2\train\w2_2026_000245_scan_mild_01.jpg,data\annotations\irs_scan_variants\w2\train\w2_2026_000245_scan_mild_01.json,-0.7932,0.3194,3.8214,78
w2_2026_000245_scan_hard_02,w2_2026_000245,w2,train,hard,data\processed\irs_scan_variants\w2\train\w2_2026_000245_scan_hard_02.jpg,data\annotations\irs_scan_variants\w2\train\w2_2026_000245_scan_hard_02.json,-0.9573,0.7752,7.0193,49
w2_2026_000246_scan_mild_01,w2_2026_000246,w2,train,mild,data\processed\irs_scan_variants\w2\train\w2_2026_000246_scan_mild_01.jpg,data\annotations\irs_scan_variants\w2\train\w2_2026_000246_scan_mild_01.json,-0.529,0.1606,3.5904,75
w2_2026_000246_scan_hard_02,w2_2026_000246,w2,train,hard,data\processed\irs_scan_variants\w2\train\w2_2026_000246_scan_hard_02.jpg,data\annotations\irs_scan_variants\w2\train\w2_2026_000246_scan_hard_02.json,-1.0486,1.0884,8.5854,48
w2_2026_000247_scan_mild_01,w2_2026_000247,w2,test,mild,data\processed\irs_scan_variants\w2\test\w2_2026_000247_scan_mild_01.jpg,data\annotations\irs_scan_variants\w2\test\w2_2026_000247_scan_mild_01.json,-0.9402,0.1955,3.6717,79
w2_2026_000247_scan_hard_02,w2_2026_000247,w2,test,hard,data\processed\irs_scan_variants\w2\test\w2_2026_000247_scan_hard_02.jpg,data\annotations\irs_scan_variants\w2\test\w2_2026_000247_scan_hard_02.json,1.17,0.7098,6.1896,51
w2_2026_000248_scan_mild_01,w2_2026_000248,w2,train,mild,data\processed\irs_scan_variants\w2\train\w2_2026_000248_scan_mild_01.jpg,data\annotations\irs_scan_variants\w2\train\w2_2026_000248_scan_mild_01.json,-0.757,0.1768,4.2364,75
w2_2026_000248_scan_hard_02,w2_2026_000248,w2,train,hard,data\processed\irs_scan_variants\w2\train\w2_2026_000248_scan_hard_02.jpg,data\annotations\irs_scan_variants\w2\train\w2_2026_000248_scan_hard_02.json,-0.478,0.7701,8.6141,63
w2_2026_000249_scan_mild_01,w2_2026_000249,w2,train,mild,data\processed\irs_scan_variants\w2\train\w2_2026_000249_scan_mild_01.jpg,data\annotations\irs_scan_variants\w2\train\w2_2026_000249_scan_mild_01.json,-0.6282,0.5383,2.9697,72
w2_2026_000249_scan_hard_02,w2_2026_000249,w2,train,hard,data\processed\irs_scan_variants\w2\train\w2_2026_000249_scan_hard_02.jpg,data\annotations\irs_scan_variants\w2\train\w2_2026_000249_scan_hard_02.json,1.5811,1.303,6.3154,67
w2_2026_000250_scan_mild_01,w2_2026_000250,w2,validation,mild,data\processed\irs_scan_variants\w2\validation\w2_2026_000250_scan_mild_01.jpg,data\annotations\irs_scan_variants\w2\validation\w2_2026_000250_scan_mild_01.json,0.6446,0.3791,3.6634,87
w2_2026_000250_scan_hard_02,w2_2026_000250,w2,validation,hard,data\processed\irs_scan_variants\w2\validation\w2_2026_000250_scan_hard_02.jpg,data\annotations\irs_scan_variants\w2\validation\w2_2026_000250_scan_hard_02.json,0.9343,0.8307,5.788,52
1099_nec_2026_000001_scan_mild_01,1099_nec_2026_000001,1099_nec,train,mild,data\processed\irs_scan_variants\1099_nec\train\1099_nec_2026_000001_scan_mild_01.jpg,data\annotations\irs_scan_variants\1099_nec\train\1099_nec_2026_000001_scan_mild_01.json,1.1394,0.5874,4.7852,79
1099_nec_2026_000001_scan_hard_02,1099_nec_2026_000001,1099_nec,train,hard,data\processed\irs_scan_variants\1099_nec\train\1099_nec_2026_000001_scan_hard_02.jpg,data\annotations\irs_scan_variants\1099_nec\train\1099_nec_2026_000001_scan_hard_02.json,0.2581,1.2087,9.029,51
1099_nec_2026_000002_scan_mild_01,1099_nec_2026_000002,1099_nec,train,mild,data\processed\irs_scan_variants\1099_nec\train\1099_nec_2026_000002_scan_mild_01.jpg,data\annotations\irs_scan_variants\1099_nec\train\1099_nec_2026_000002_scan_mild_01.json,-0.6457,0.3111,2.1228,83
1099_nec_2026_000002_scan_hard_02,1099_nec_2026_000002,1099_nec,train,hard,data\processed\irs_scan_variants\1099_nec\train\1099_nec_2026_000002_scan_hard_02.jpg,data\annotations\irs_scan_variants\1099_nec\train\1099_nec_2026_000002_scan_hard_02.json,1.1934,1.2391,8.4805,63
1099_nec_2026_000003_scan_mild_01,1099_nec_2026_000003,1099_nec,train,mild,data\processed\irs_scan_variants\1099_nec\train\1099_nec_2026_000003_scan_mild_01.jpg,data\annotations\irs_scan_variants\1099_nec\train\1099_nec_2026_000003_scan_mild_01.json,-0.573,0.4417,3.3168,80
1099_nec_2026_000003_scan_hard_02,1099_nec_2026_000003,1099_nec,train,hard,data\processed\irs_scan_variants\1099_nec\train\1099_nec_2026_000003_scan_hard_02.jpg,data\annotations\irs_scan_variants\1099_nec\train\1099_nec_2026_000003_scan_hard_02.json,-2.3363,0.7571,5.9147,64
1099_nec_2026_000004_scan_mild_01,1099_nec_2026_000004,1099_nec,test,mild,data\processed\irs_scan_variants\1099_nec\test\1099_nec_2026_000004_scan_mild_01.jpg,data\annotations\irs_scan_variants\1099_nec\test\1099_nec_2026_000004_scan_mild_01.json,-0.0551,0.6027,4.5541,79
1099_nec_2026_000004_scan_hard_02,1099_nec_2026_000004,1099_nec,test,hard,data\processed\irs_scan_variants\1099_nec\test\1099_nec_2026_000004_scan_hard_02.jpg,data\annotations\irs_scan_variants\1099_nec\test\1099_nec_2026_000004_scan_hard_02.json,-2.1309,0.6518,9.1156,57
1099_nec_2026_000005_scan_mild_01,1099_nec_2026_000005,1099_nec,train,mild,data\processed\irs_scan_variants\1099_nec\train\1099_nec_2026_000005_scan_mild_01.jpg,data\annotations\irs_scan_variants\1099_nec\train\1099_nec_2026_000005_scan_mild_01.json,-0.045,0.1507,3.6815,76
1099_nec_2026_000005_scan_hard_02,1099_nec_2026_000005,1099_nec,train,hard,data\processed\irs_scan_variants\1099_nec\train\1099_nec_2026_000005_scan_hard_02.jpg,data\annotations\irs_scan_variants\1099_nec\train\1099_nec_2026_000005_scan_hard_02.json,-1.8456,0.8866,9.8881,61
1099_nec_2026_000006_scan_mild_01,1099_nec_2026_000006,1099_nec,train,mild,data\processed\irs_scan_variants\1099_nec\train\1099_nec_2026_000006_scan_mild_01.jpg,data\annotations\irs_scan_variants\1099_nec\train\1099_nec_2026_000006_scan_mild_01.json,-0.5496,0.4034,3.2487,87
1099_nec_2026_000006_scan_hard_02,1099_nec_2026_000006,1099_nec,train,hard,data\processed\irs_scan_variants\1099_nec\train\1099_nec_2026_000006_scan_hard_02.jpg,data\annotations\irs_scan_variants\1099_nec\train\1099_nec_2026_000006_scan_hard_02.json,0.1418,1.0192,9.3206,70
1099_nec_2026_000007_scan_mild_01,1099_nec_2026_000007,1099_nec,test,mild,data\processed\irs_scan_variants\1099_nec\test\1099_nec_2026_000007_scan_mild_01.jpg,data\annotations\irs_scan_variants\1099_nec\test\1099_nec_2026_000007_scan_mild_01.json,0.3891,0.633,3.9287,81
1099_nec_2026_000007_scan_hard_02,1099_nec_2026_000007,1099_nec,test,hard,data\processed\irs_scan_variants\1099_nec\test\1099_nec_2026_000007_scan_hard_02.jpg,data\annotations\irs_scan_variants\1099_nec\test\1099_nec_2026_000007_scan_hard_02.json,-1.4509,0.7272,6.7533,52
1099_nec_2026_000008_scan_mild_01,1099_nec_2026_000008,1099_nec,validation,mild,data\processed\irs_scan_variants\1099_nec\validation\1099_nec_2026_000008_scan_mild_01.jpg,data\annotations\irs_scan_variants\1099_nec\validation\1099_nec_2026_000008_scan_mild_01.json,1.0078,0.3129,2.4966,82
1099_nec_2026_000008_scan_hard_02,1099_nec_2026_000008,1099_nec,validation,hard,data\processed\irs_scan_variants\1099_nec\validation\1099_nec_2026_000008_scan_hard_02.jpg,data\annotations\irs_scan_variants\1099_nec\validation\1099_nec_2026_000008_scan_hard_02.json,1.0574,0.9704,7.5247,61
1099_nec_2026_000009_scan_mild_01,1099_nec_2026_000009,1099_nec,train,mild,data\processed\irs_scan_variants\1099_nec\train\1099_nec_2026_000009_scan_mild_01.jpg,data\annotations\irs_scan_variants\1099_nec\train\1099_nec_2026_000009_scan_mild_01.json,-0.157,0.6197,2.4449,75
1099_nec_2026_000009_scan_hard_02,1099_nec_2026_000009,1099_nec,train,hard,data\processed\irs_scan_variants\1099_nec\train\1099_nec_2026_000009_scan_hard_02.jpg,data\annotations\irs_scan_variants\1099_nec\train\1099_nec_2026_000009_scan_hard_02.json,2.2611,1.1905,8.7466,54
1099_nec_2026_000010_scan_mild_01,1099_nec_2026_000010,1099_nec,train,mild,data\processed\irs_scan_variants\1099_nec\train\1099_nec_2026_000010_scan_mild_01.jpg,data\annotations\irs_scan_variants\1099_nec\train\1099_nec_2026_000010_scan_mild_01.json,-0.7661,0.6165,3.5683,81
1099_nec_2026_000010_scan_hard_02,1099_nec_2026_000010,1099_nec,train,hard,data\processed\irs_scan_variants\1099_nec\train\1099_nec_2026_000010_scan_hard_02.jpg,data\annotations\irs_scan_variants\1099_nec\train\1099_nec_2026_000010_scan_hard_02.json,0.2657,0.8182,5.1509,50
1099_nec_2026_000011_scan_mild_01,1099_nec_2026_000011,1099_nec,validation,mild,data\processed\irs_scan_variants\1099_nec\validation\1099_nec_2026_000011_scan_mild_01.jpg,data\annotations\irs_scan_variants\1099_nec\validation\1099_nec_2026_000011_scan_mild_01.json,0.3267,0.4305,2.6519,83
1099_nec_2026_000011_scan_hard_02,1099_nec_2026_000011,1099_nec,validation,hard,data\processed\irs_scan_variants\1099_nec\validation\1099_nec_2026_000011_scan_hard_02.jpg,data\annotations\irs_scan_variants\1099_nec\validation\1099_nec_2026_000011_scan_hard_02.json,1.8846,1.2438,5.1253,62
1099_nec_2026_000012_scan_mild_01,1099_nec_2026_000012,1099_nec,train,mild,data\processed\irs_scan_variants\1099_nec\train\1099_nec_2026_000012_scan_mild_01.jpg,data\annotations\irs_scan_variants\1099_nec\train\1099_nec_2026_000012_scan_mild_01.json,-0.9109,0.2186,2.9339,88
1099_nec_2026_000012_scan_hard_02,1099_nec_2026_000012,1099_nec,train,hard,data\processed\irs_scan_variants\1099_nec\train\1099_nec_2026_000012_scan_hard_02.jpg,data\annotations\irs_scan_variants\1099_nec\train\1099_nec_2026_000012_scan_hard_02.json,-0.7883,1.0561,6.1607,66
1099_nec_2026_000013_scan_mild_01,1099_nec_2026_000013,1099_nec,train,mild,data\processed\irs_scan_variants\1099_nec\train\1099_nec_2026_000013_scan_mild_01.jpg,data\annotations\irs_scan_variants\1099_nec\train\1099_nec_2026_000013_scan_mild_01.json,0.6747,0.3578,2.1347,75
1099_nec_2026_000013_scan_hard_02,1099_nec_2026_000013,1099_nec,train,hard,data\processed\irs_scan_variants\1099_nec\train\1099_nec_2026_000013_scan_hard_02.jpg,data\annotations\irs_scan_variants\1099_nec\train\1099_nec_2026_000013_scan_hard_02.json,-0.6763,0.8259,5.7148,50
1099_nec_2026_000014_scan_mild_01,1099_nec_2026_000014,1099_nec,train,mild,data\processed\irs_scan_variants\1099_nec\train\1099_nec_2026_000014_scan_mild_01.jpg,data\annotations\irs_scan_variants\1099_nec\train\1099_nec_2026_000014_scan_mild_01.json,1.1987,0.2185,4.9323,77
1099_nec_2026_000014_scan_hard_02,1099_nec_2026_000014,1099_nec,train,hard,data\processed\irs_scan_variants\1099_nec\train\1099_nec_2026_000014_scan_hard_02.jpg,data\annotations\irs_scan_variants\1099_nec\train\1099_nec_2026_000014_scan_hard_02.json,1.103,1.2544,8.8309,66
1099_nec_2026_000015_scan_mild_01,1099_nec_2026_000015,1099_nec,train,mild,data\processed\irs_scan_variants\1099_nec\train\1099_nec_2026_000015_scan_mild_01.jpg,data\annotations\irs_scan_variants\1099_nec\train\1099_nec_2026_000015_scan_mild_01.json,1.1098,0.4855,4.7555,79
1099_nec_2026_000015_scan_hard_02,1099_nec_2026_000015,1099_nec,train,hard,data\processed\irs_scan_variants\1099_nec\train\1099_nec_2026_000015_scan_hard_02.jpg,data\annotations\irs_scan_variants\1099_nec\train\1099_nec_2026_000015_scan_hard_02.json,-0.0364,0.8308,7.1895,60
1099_nec_2026_000016_scan_mild_01,1099_nec_2026_000016,1099_nec,train,mild,data\processed\irs_scan_variants\1099_nec\train\1099_nec_2026_000016_scan_mild_01.jpg,data\annotations\irs_scan_variants\1099_nec\train\1099_nec_2026_000016_scan_mild_01.json,-0.6397,0.589,2.6202,84
1099_nec_2026_000016_scan_hard_02,1099_nec_2026_000016,1099_nec,train,hard,data\processed\irs_scan_variants\1099_nec\train\1099_nec_2026_000016_scan_hard_02.jpg,data\annotations\irs_scan_variants\1099_nec\train\1099_nec_2026_000016_scan_hard_02.json,-1.9146,0.689,8.7269,59
1099_nec_2026_000017_scan_mild_01,1099_nec_2026_000017,1099_nec,train,mild,data\processed\irs_scan_variants\1099_nec\train\1099_nec_2026_000017_scan_mild_01.jpg,data\annotations\irs_scan_variants\1099_nec\train\1099_nec_2026_000017_scan_mild_01.json,0.6217,0.2946,3.9671,72
1099_nec_2026_000017_scan_hard_02,1099_nec_2026_000017,1099_nec,train,hard,data\processed\irs_scan_variants\1099_nec\train\1099_nec_2026_000017_scan_hard_02.jpg,data\annotations\irs_scan_variants\1099_nec\train\1099_nec_2026_000017_scan_hard_02.json,1.8875,1.118,5.9516,53
1099_nec_2026_000018_scan_mild_01,1099_nec_2026_000018,1099_nec,train,mild,data\processed\irs_scan_variants\1099_nec\train\1099_nec_2026_000018_scan_mild_01.jpg,data\annotations\irs_scan_variants\1099_nec\train\1099_nec_2026_000018_scan_mild_01.json,0.9006,0.6034,4.8595,88
1099_nec_2026_000018_scan_hard_02,1099_nec_2026_000018,1099_nec,train,hard,data\processed\irs_scan_variants\1099_nec\train\1099_nec_2026_000018_scan_hard_02.jpg,data\annotations\irs_scan_variants\1099_nec\train\1099_nec_2026_000018_scan_hard_02.json,-0.4393,0.6962,5.6393,52
1099_nec_2026_000019_scan_mild_01,1099_nec_2026_000019,1099_nec,train,mild,data\processed\irs_scan_variants\1099_nec\train\1099_nec_2026_000019_scan_mild_01.jpg,data\annotations\irs_scan_variants\1099_nec\train\1099_nec_2026_000019_scan_mild_01.json,-0.5239,0.3212,3.0995,88
1099_nec_2026_000019_scan_hard_02,1099_nec_2026_000019,1099_nec,train,hard,data\processed\irs_scan_variants\1099_nec\train\1099_nec_2026_000019_scan_hard_02.jpg,data\annotations\irs_scan_variants\1099_nec\train\1099_nec_2026_000019_scan_hard_02.json,-1.6291,0.807,5.551,52
1099_nec_2026_000020_scan_mild_01,1099_nec_2026_000020,1099_nec,train,mild,data\processed\irs_scan_variants\1099_nec\train\1099_nec_2026_000020_scan_mild_01.jpg,data\annotations\irs_scan_variants\1099_nec\train\1099_nec_2026_000020_scan_mild_01.json,-0.968,0.2515,2.6093,86
1099_nec_2026_000020_scan_hard_02,1099_nec_2026_000020,1099_nec,train,hard,data\processed\irs_scan_variants\1099_nec\train\1099_nec_2026_000020_scan_hard_02.jpg,data\annotations\irs_scan_variants\1099_nec\train\1099_nec_2026_000020_scan_hard_02.json,-2.2195,0.7798,6.0742,64
1099_nec_2026_000021_scan_mild_01,1099_nec_2026_000021,1099_nec,validation,mild,data\processed\irs_scan_variants\1099_nec\validation\1099_nec_2026_000021_scan_mild_01.jpg,data\annotations\irs_scan_variants\1099_nec\validation\1099_nec_2026_000021_scan_mild_01.json,-0.3377,0.2433,3.022,90
1099_nec_2026_000021_scan_hard_02,1099_nec_2026_000021,1099_nec,validation,hard,data\processed\irs_scan_variants\1099_nec\validation\1099_nec_2026_000021_scan_hard_02.jpg,data\annotations\irs_scan_variants\1099_nec\validation\1099_nec_2026_000021_scan_hard_02.json,-1.6289,0.652,7.4869,61
1099_nec_2026_000022_scan_mild_01,1099_nec_2026_000022,1099_nec,train,mild,data\processed\irs_scan_variants\1099_nec\train\1099_nec_2026_000022_scan_mild_01.jpg,data\annotations\irs_scan_variants\1099_nec\train\1099_nec_2026_000022_scan_mild_01.json,-1.2054,0.1903,3.1483,87
1099_nec_2026_000022_scan_hard_02,1099_nec_2026_000022,1099_nec,train,hard,data\processed\irs_scan_variants\1099_nec\train\1099_nec_2026_000022_scan_hard_02.jpg,data\annotations\irs_scan_variants\1099_nec\train\1099_nec_2026_000022_scan_hard_02.json,-2.049,0.9677,6.8954,56
1099_nec_2026_000023_scan_mild_01,1099_nec_2026_000023,1099_nec,train,mild,data\processed\irs_scan_variants\1099_nec\train\1099_nec_2026_000023_scan_mild_01.jpg,data\annotations\irs_scan_variants\1099_nec\train\1099_nec_2026_000023_scan_mild_01.json,0.8988,0.6117,4.7547,82
1099_nec_2026_000023_scan_hard_02,1099_nec_2026_000023,1099_nec,train,hard,data\processed\irs_scan_variants\1099_nec\train\1099_nec_2026_000023_scan_hard_02.jpg,data\annotations\irs_scan_variants\1099_nec\train\1099_nec_2026_000023_scan_hard_02.json,-1.3654,0.8235,6.2446,48
1099_nec_2026_000024_scan_mild_01,1099_nec_2026_000024,1099_nec,train,mild,data\processed\irs_scan_variants\1099_nec\train\1099_nec_2026_000024_scan_mild_01.jpg,data\annotations\irs_scan_variants\1099_nec\train\1099_nec_2026_000024_scan_mild_01.json,-0.7025,0.367,4.8788,74
1099_nec_2026_000024_scan_hard_02,1099_nec_2026_000024,1099_nec,train,hard,data\processed\irs_scan_variants\1099_nec\train\1099_nec_2026_000024_scan_hard_02.jpg,data\annotations\irs_scan_variants\1099_nec\train\1099_nec_2026_000024_scan_hard_02.json,-1.0238,0.6692,6.9843,66
1099_nec_2026_000025_scan_mild_01,1099_nec_2026_000025,1099_nec,train,mild,data\processed\irs_scan_variants\1099_nec\train\1099_nec_2026_000025_scan_mild_01.jpg,data\annotations\irs_scan_variants\1099_nec\train\1099_nec_2026_000025_scan_mild_01.json,-1.1468,0.429,3.0041,75
1099_nec_2026_000025_scan_hard_02,1099_nec_2026_000025,1099_nec,train,hard,data\processed\irs_scan_variants\1099_nec\train\1099_nec_2026_000025_scan_hard_02.jpg,data\annotations\irs_scan_variants\1099_nec\train\1099_nec_2026_000025_scan_hard_02.json,1.0017,0.9994,6.0509,51
1099_nec_2026_000026_scan_mild_01,1099_nec_2026_000026,1099_nec,train,mild,data\processed\irs_scan_variants\1099_nec\train\1099_nec_2026_000026_scan_mild_01.jpg,data\annotations\irs_scan_variants\1099_nec\train\1099_nec_2026_000026_scan_mild_01.json,-0.1975,0.6128,4.5856,74
1099_nec_2026_000026_scan_hard_02,1099_nec_2026_000026,1099_nec,train,hard,data\processed\irs_scan_variants\1099_nec\train\1099_nec_2026_000026_scan_hard_02.jpg,data\annotations\irs_scan_variants\1099_nec\train\1099_nec_2026_000026_scan_hard_02.json,1.7452,1.0163,8.0013,59
1099_nec_2026_000027_scan_mild_01,1099_nec_2026_000027,1099_nec,train,mild,data\processed\irs_scan_variants\1099_nec\train\1099_nec_2026_000027_scan_mild_01.jpg,data\annotations\irs_scan_variants\1099_nec\train\1099_nec_2026_000027_scan_mild_01.json,-1.0051,0.2468,4.6085,72
1099_nec_2026_000027_scan_hard_02,1099_nec_2026_000027,1099_nec,train,hard,data\processed\irs_scan_variants\1099_nec\train\1099_nec_2026_000027_scan_hard_02.jpg,data\annotations\irs_scan_variants\1099_nec\train\1099_nec_2026_000027_scan_hard_02.json,-0.1049,1.1403,7.9403,56
1099_nec_2026_000028_scan_mild_01,1099_nec_2026_000028,1099_nec,train,mild,data\processed\irs_scan_variants\1099_nec\train\1099_nec_2026_000028_scan_mild_01.jpg,data\annotations\irs_scan_variants\1099_nec\train\1099_nec_2026_000028_scan_mild_01.json,-0.9232,0.5719,3.3639,88
1099_nec_2026_000028_scan_hard_02,1099_nec_2026_000028,1099_nec,train,hard,data\processed\irs_scan_variants\1099_nec\train\1099_nec_2026_000028_scan_hard_02.jpg,data\annotations\irs_scan_variants\1099_nec\train\1099_nec_2026_000028_scan_hard_02.json,1.4499,1.0356,9.3588,68
1099_nec_2026_000029_scan_mild_01,1099_nec_2026_000029,1099_nec,test,mild,data\processed\irs_scan_variants\1099_nec\test\1099_nec_2026_000029_scan_mild_01.jpg,data\annotations\irs_scan_variants\1099_nec\test\1099_nec_2026_000029_scan_mild_01.json,1.0919,0.4613,3.4254,81
1099_nec_2026_000029_scan_hard_02,1099_nec_2026_000029,1099_nec,test,hard,data\processed\irs_scan_variants\1099_nec\test\1099_nec_2026_000029_scan_hard_02.jpg,data\annotations\irs_scan_variants\1099_nec\test\1099_nec_2026_000029_scan_hard_02.json,-0.4171,0.8998,8.491,50
1099_nec_2026_000030_scan_mild_01,1099_nec_2026_000030,1099_nec,train,mild,data\processed\irs_scan_variants\1099_nec\train\1099_nec_2026_000030_scan_mild_01.jpg,data\annotations\irs_scan_variants\1099_nec\train\1099_nec_2026_000030_scan_mild_01.json,0.283,0.5462,2.4289,86
1099_nec_2026_000030_scan_hard_02,1099_nec_2026_000030,1099_nec,train,hard,data\processed\irs_scan_variants\1099_nec\train\1099_nec_2026_000030_scan_hard_02.jpg,data\annotations\irs_scan_variants\1099_nec\train\1099_nec_2026_000030_scan_hard_02.json,1.2551,1.2364,7.3347,70
1099_nec_2026_000031_scan_mild_01,1099_nec_2026_000031,1099_nec,validation,mild,data\processed\irs_scan_variants\1099_nec\validation\1099_nec_2026_000031_scan_mild_01.jpg,data\annotations\irs_scan_variants\1099_nec\validation\1099_nec_2026_000031_scan_mild_01.json,0.3768,0.193,4.3762,84
1099_nec_2026_000031_scan_hard_02,1099_nec_2026_000031,1099_nec,validation,hard,data\processed\irs_scan_variants\1099_nec\validation\1099_nec_2026_000031_scan_hard_02.jpg,data\annotations\irs_scan_variants\1099_nec\validation\1099_nec_2026_000031_scan_hard_02.json,0.9134,0.7927,9.0598,54
1099_nec_2026_000032_scan_mild_01,1099_nec_2026_000032,1099_nec,validation,mild,data\processed\irs_scan_variants\1099_nec\validation\1099_nec_2026_000032_scan_mild_01.jpg,data\annotations\irs_scan_variants\1099_nec\validation\1099_nec_2026_000032_scan_mild_01.json,0.1483,0.4886,4.7082,80
1099_nec_2026_000032_scan_hard_02,1099_nec_2026_000032,1099_nec,validation,hard,data\processed\irs_scan_variants\1099_nec\validation\1099_nec_2026_000032_scan_hard_02.jpg,data\annotations\irs_scan_variants\1099_nec\validation\1099_nec_2026_000032_scan_hard_02.json,2.484,0.8851,7.0105,63
1099_nec_2026_000033_scan_mild_01,1099_nec_2026_000033,1099_nec,train,mild,data\processed\irs_scan_variants\1099_nec\train\1099_nec_2026_000033_scan_mild_01.jpg,data\annotations\irs_scan_variants\1099_nec\train\1099_nec_2026_000033_scan_mild_01.json,1.1971,0.1848,4.9925,74
1099_nec_2026_000033_scan_hard_02,1099_nec_2026_000033,1099_nec,train,hard,data\processed\irs_scan_variants\1099_nec\train\1099_nec_2026_000033_scan_hard_02.jpg,data\annotations\irs_scan_variants\1099_nec\train\1099_nec_2026_000033_scan_hard_02.json,-2.083,0.814,8.4864,54
1099_nec_2026_000034_scan_mild_01,1099_nec_2026_000034,1099_nec,train,mild,data\processed\irs_scan_variants\1099_nec\train\1099_nec_2026_000034_scan_mild_01.jpg,data\annotations\irs_scan_variants\1099_nec\train\1099_nec_2026_000034_scan_mild_01.json,0.6405,0.2399,4.1114,81
1099_nec_2026_000034_scan_hard_02,1099_nec_2026_000034,1099_nec,train,hard,data\processed\irs_scan_variants\1099_nec\train\1099_nec_2026_000034_scan_hard_02.jpg,data\annotations\irs_scan_variants\1099_nec\train\1099_nec_2026_000034_scan_hard_02.json,-0.6931,0.9317,7.3368,55
1099_nec_2026_000035_scan_mild_01,1099_nec_2026_000035,1099_nec,validation,mild,data\processed\irs_scan_variants\1099_nec\validation\1099_nec_2026_000035_scan_mild_01.jpg,data\annotations\irs_scan_variants\1099_nec\validation\1099_nec_2026_000035_scan_mild_01.json,0.8525,0.3796,2.8423,77
1099_nec_2026_000035_scan_hard_02,1099_nec_2026_000035,1099_nec,validation,hard,data\processed\irs_scan_variants\1099_nec\validation\1099_nec_2026_000035_scan_hard_02.jpg,data\annotations\irs_scan_variants\1099_nec\validation\1099_nec_2026_000035_scan_hard_02.json,-1.5084,1.3451,9.2643,60
1099_nec_2026_000036_scan_mild_01,1099_nec_2026_000036,1099_nec,validation,mild,data\processed\irs_scan_variants\1099_nec\validation\1099_nec_2026_000036_scan_mild_01.jpg,data\annotations\irs_scan_variants\1099_nec\validation\1099_nec_2026_000036_scan_mild_01.json,-0.5155,0.2926,4.4138,78
1099_nec_2026_000036_scan_hard_02,1099_nec_2026_000036,1099_nec,validation,hard,data\processed\irs_scan_variants\1099_nec\validation\1099_nec_2026_000036_scan_hard_02.jpg,data\annotations\irs_scan_variants\1099_nec\validation\1099_nec_2026_000036_scan_hard_02.json,0.677,1.2893,9.9054,55
1099_nec_2026_000037_scan_mild_01,1099_nec_2026_000037,1099_nec,train,mild,data\processed\irs_scan_variants\1099_nec\train\1099_nec_2026_000037_scan_mild_01.jpg,data\annotations\irs_scan_variants\1099_nec\train\1099_nec_2026_000037_scan_mild_01.json,-0.2307,0.6153,3.1047,75
1099_nec_2026_000037_scan_hard_02,1099_nec_2026_000037,1099_nec,train,hard,data\processed\irs_scan_variants\1099_nec\train\1099_nec_2026_000037_scan_hard_02.jpg,data\annotations\irs_scan_variants\1099_nec\train\1099_nec_2026_000037_scan_hard_02.json,-0.304,0.8008,5.5701,70
1099_nec_2026_000038_scan_mild_01,1099_nec_2026_000038,1099_nec,validation,mild,data\processed\irs_scan_variants\1099_nec\validation\1099_nec_2026_000038_scan_mild_01.jpg,data\annotations\irs_scan_variants\1099_nec\validation\1099_nec_2026_000038_scan_mild_01.json,-0.1905,0.2735,3.2105,90
1099_nec_2026_000038_scan_hard_02,1099_nec_2026_000038,1099_nec,validation,hard,data\processed\irs_scan_variants\1099_nec\validation\1099_nec_2026_000038_scan_hard_02.jpg,data\annotations\irs_scan_variants\1099_nec\validation\1099_nec_2026_000038_scan_hard_02.json,1.3303,0.968,7.606,54
1099_nec_2026_000039_scan_mild_01,1099_nec_2026_000039,1099_nec,train,mild,data\processed\irs_scan_variants\1099_nec\train\1099_nec_2026_000039_scan_mild_01.jpg,data\annotations\irs_scan_variants\1099_nec\train\1099_nec_2026_000039_scan_mild_01.json,0.0783,0.2542,3.8193,78
1099_nec_2026_000039_scan_hard_02,1099_nec_2026_000039,1099_nec,train,hard,data\processed\irs_scan_variants\1099_nec\train\1099_nec_2026_000039_scan_hard_02.jpg,data\annotations\irs_scan_variants\1099_nec\train\1099_nec_2026_000039_scan_hard_02.json,2.1573,1.1777,8.2477,51
1099_nec_2026_000040_scan_mild_01,1099_nec_2026_000040,1099_nec,validation,mild,data\processed\irs_scan_variants\1099_nec\validation\1099_nec_2026_000040_scan_mild_01.jpg,data\annotations\irs_scan_variants\1099_nec\validation\1099_nec_2026_000040_scan_mild_01.json,1.0245,0.438,2.2552,72
1099_nec_2026_000040_scan_hard_02,1099_nec_2026_000040,1099_nec,validation,hard,data\processed\irs_scan_variants\1099_nec\validation\1099_nec_2026_000040_scan_hard_02.jpg,data\annotations\irs_scan_variants\1099_nec\validation\1099_nec_2026_000040_scan_hard_02.json,0.3413,1.1837,7.7395,63
1099_nec_2026_000041_scan_mild_01,1099_nec_2026_000041,1099_nec,train,mild,data\processed\irs_scan_variants\1099_nec\train\1099_nec_2026_000041_scan_mild_01.jpg,data\annotations\irs_scan_variants\1099_nec\train\1099_nec_2026_000041_scan_mild_01.json,0.3032,0.4421,3.8216,81
1099_nec_2026_000041_scan_hard_02,1099_nec_2026_000041,1099_nec,train,hard,data\processed\irs_scan_variants\1099_nec\train\1099_nec_2026_000041_scan_hard_02.jpg,data\annotations\irs_scan_variants\1099_nec\train\1099_nec_2026_000041_scan_hard_02.json,-1.8481,0.8309,6.9749,69
1099_nec_2026_000042_scan_mild_01,1099_nec_2026_000042,1099_nec,train,mild,data\processed\irs_scan_variants\1099_nec\train\1099_nec_2026_000042_scan_mild_01.jpg,data\annotations\irs_scan_variants\1099_nec\train\1099_nec_2026_000042_scan_mild_01.json,-0.9973,0.5047,3.9931,89
1099_nec_2026_000042_scan_hard_02,1099_nec_2026_000042,1099_nec,train,hard,data\processed\irs_scan_variants\1099_nec\train\1099_nec_2026_000042_scan_hard_02.jpg,data\annotations\irs_scan_variants\1099_nec\train\1099_nec_2026_000042_scan_hard_02.json,1.2038,1.23,6.5079,68
1099_nec_2026_000043_scan_mild_01,1099_nec_2026_000043,1099_nec,train,mild,data\processed\irs_scan_variants\1099_nec\train\1099_nec_2026_000043_scan_mild_01.jpg,data\annotations\irs_scan_variants\1099_nec\train\1099_nec_2026_000043_scan_mild_01.json,0.9001,0.4818,4.4661,75
1099_nec_2026_000043_scan_hard_02,1099_nec_2026_000043,1099_nec,train,hard,data\processed\irs_scan_variants\1099_nec\train\1099_nec_2026_000043_scan_hard_02.jpg,data\annotations\irs_scan_variants\1099_nec\train\1099_nec_2026_000043_scan_hard_02.json,-0.7573,1.0499,9.0978,62
1099_nec_2026_000044_scan_mild_01,1099_nec_2026_000044,1099_nec,validation,mild,data\processed\irs_scan_variants\1099_nec\validation\1099_nec_2026_000044_scan_mild_01.jpg,data\annotations\irs_scan_variants\1099_nec\validation\1099_nec_2026_000044_scan_mild_01.json,-0.0326,0.6282,4.3394,82
1099_nec_2026_000044_scan_hard_02,1099_nec_2026_000044,1099_nec,validation,hard,data\processed\irs_scan_variants\1099_nec\validation\1099_nec_2026_000044_scan_hard_02.jpg,data\annotations\irs_scan_variants\1099_nec\validation\1099_nec_2026_000044_scan_hard_02.json,-1.799,1.2621,5.7267,53
1099_nec_2026_000045_scan_mild_01,1099_nec_2026_000045,1099_nec,train,mild,data\processed\irs_scan_variants\1099_nec\train\1099_nec_2026_000045_scan_mild_01.jpg,data\annotations\irs_scan_variants\1099_nec\train\1099_nec_2026_000045_scan_mild_01.json,0.3772,0.4002,3.2068,78
1099_nec_2026_000045_scan_hard_02,1099_nec_2026_000045,1099_nec,train,hard,data\processed\irs_scan_variants\1099_nec\train\1099_nec_2026_000045_scan_hard_02.jpg,data\annotations\irs_scan_variants\1099_nec\train\1099_nec_2026_000045_scan_hard_02.json,1.3501,1.15,5.1802,60
1099_nec_2026_000046_scan_mild_01,1099_nec_2026_000046,1099_nec,train,mild,data\processed\irs_scan_variants\1099_nec\train\1099_nec_2026_000046_scan_mild_01.jpg,data\annotations\irs_scan_variants\1099_nec\train\1099_nec_2026_000046_scan_mild_01.json,0.5704,0.5855,3.7478,86
1099_nec_2026_000046_scan_hard_02,1099_nec_2026_000046,1099_nec,train,hard,data\processed\irs_scan_variants\1099_nec\train\1099_nec_2026_000046_scan_hard_02.jpg,data\annotations\irs_scan_variants\1099_nec\train\1099_nec_2026_000046_scan_hard_02.json,-1.071,1.1847,9.6915,63
1099_nec_2026_000047_scan_mild_01,1099_nec_2026_000047,1099_nec,test,mild,data\processed\irs_scan_variants\1099_nec\test\1099_nec_2026_000047_scan_mild_01.jpg,data\annotations\irs_scan_variants\1099_nec\test\1099_nec_2026_000047_scan_mild_01.json,-1.2277,0.1944,3.4639,77
1099_nec_2026_000047_scan_hard_02,1099_nec_2026_000047,1099_nec,test,hard,data\processed\irs_scan_variants\1099_nec\test\1099_nec_2026_000047_scan_hard_02.jpg,data\annotations\irs_scan_variants\1099_nec\test\1099_nec_2026_000047_scan_hard_02.json,-1.4534,0.7298,9.7054,56
1099_nec_2026_000048_scan_mild_01,1099_nec_2026_000048,1099_nec,train,mild,data\processed\irs_scan_variants\1099_nec\train\1099_nec_2026_000048_scan_mild_01.jpg,data\annotations\irs_scan_variants\1099_nec\train\1099_nec_2026_000048_scan_mild_01.json,0.3097,0.4564,4.4793,73
1099_nec_2026_000048_scan_hard_02,1099_nec_2026_000048,1099_nec,train,hard,data\processed\irs_scan_variants\1099_nec\train\1099_nec_2026_000048_scan_hard_02.jpg,data\annotations\irs_scan_variants\1099_nec\train\1099_nec_2026_000048_scan_hard_02.json,2.0543,0.6865,7.624,61
1099_nec_2026_000049_scan_mild_01,1099_nec_2026_000049,1099_nec,test,mild,data\processed\irs_scan_variants\1099_nec\test\1099_nec_2026_000049_scan_mild_01.jpg,data\annotations\irs_scan_variants\1099_nec\test\1099_nec_2026_000049_scan_mild_01.json,0.819,0.3552,4.5405,88
1099_nec_2026_000049_scan_hard_02,1099_nec_2026_000049,1099_nec,test,hard,data\processed\irs_scan_variants\1099_nec\test\1099_nec_2026_000049_scan_hard_02.jpg,data\annotations\irs_scan_variants\1099_nec\test\1099_nec_2026_000049_scan_hard_02.json,-0.6247,0.6787,6.5894,66
1099_nec_2026_000050_scan_mild_01,1099_nec_2026_000050,1099_nec,train,mild,data\processed\irs_scan_variants\1099_nec\train\1099_nec_2026_000050_scan_mild_01.jpg,data\annotations\irs_scan_variants\1099_nec\train\1099_nec_2026_000050_scan_mild_01.json,-0.958,0.3828,4.4519,90
1099_nec_2026_000050_scan_hard_02,1099_nec_2026_000050,1099_nec,train,hard,data\processed\irs_scan_variants\1099_nec\train\1099_nec_2026_000050_scan_hard_02.jpg,data\annotations\irs_scan_variants\1099_nec\train\1099_nec_2026_000050_scan_hard_02.json,1.03,1.1299,9.8087,70
1099_nec_2026_000051_scan_mild_01,1099_nec_2026_000051,1099_nec,validation,mild,data\processed\irs_scan_variants\1099_nec\validation\1099_nec_2026_000051_scan_mild_01.jpg,data\annotations\irs_scan_variants\1099_nec\validation\1099_nec_2026_000051_scan_mild_01.json,-0.3642,0.2058,3.8211,73
1099_nec_2026_000051_scan_hard_02,1099_nec_2026_000051,1099_nec,validation,hard,data\processed\irs_scan_variants\1099_nec\validation\1099_nec_2026_000051_scan_hard_02.jpg,data\annotations\irs_scan_variants\1099_nec\validation\1099_nec_2026_000051_scan_hard_02.json,0.7272,0.7312,9.8523,48
1099_nec_2026_000052_scan_mild_01,1099_nec_2026_000052,1099_nec,validation,mild,data\processed\irs_scan_variants\1099_nec\validation\1099_nec_2026_000052_scan_mild_01.jpg,data\annotations\irs_scan_variants\1099_nec\validation\1099_nec_2026_000052_scan_mild_01.json,1.0713,0.252,4.3525,79
1099_nec_2026_000052_scan_hard_02,1099_nec_2026_000052,1099_nec,validation,hard,data\processed\irs_scan_variants\1099_nec\validation\1099_nec_2026_000052_scan_hard_02.jpg,data\annotations\irs_scan_variants\1099_nec\validation\1099_nec_2026_000052_scan_hard_02.json,-0.8389,1.0257,7.7731,66
1099_nec_2026_000053_scan_mild_01,1099_nec_2026_000053,1099_nec,train,mild,data\processed\irs_scan_variants\1099_nec\train\1099_nec_2026_000053_scan_mild_01.jpg,data\annotations\irs_scan_variants\1099_nec\train\1099_nec_2026_000053_scan_mild_01.json,0.1394,0.155,3.2107,75
1099_nec_2026_000053_scan_hard_02,1099_nec_2026_000053,1099_nec,train,hard,data\processed\irs_scan_variants\1099_nec\train\1099_nec_2026_000053_scan_hard_02.jpg,data\annotations\irs_scan_variants\1099_nec\train\1099_nec_2026_000053_scan_hard_02.json,0.9419,1.0615,5.5343,69
1099_nec_2026_000054_scan_mild_01,1099_nec_2026_000054,1099_nec,train,mild,data\processed\irs_scan_variants\1099_nec\train\1099_nec_2026_000054_scan_mild_01.jpg,data\annotations\irs_scan_variants\1099_nec\train\1099_nec_2026_000054_scan_mild_01.json,-0.7786,0.271,4.0512,90
1099_nec_2026_000054_scan_hard_02,1099_nec_2026_000054,1099_nec,train,hard,data\processed\irs_scan_variants\1099_nec\train\1099_nec_2026_000054_scan_hard_02.jpg,data\annotations\irs_scan_variants\1099_nec\train\1099_nec_2026_000054_scan_hard_02.json,-0.4233,1.1666,8.7889,69
1099_nec_2026_000055_scan_mild_01,1099_nec_2026_000055,1099_nec,validation,mild,data\processed\irs_scan_variants\1099_nec\validation\1099_nec_2026_000055_scan_mild_01.jpg,data\annotations\irs_scan_variants\1099_nec\validation\1099_nec_2026_000055_scan_mild_01.json,0.6896,0.4736,4.496,89
1099_nec_2026_000055_scan_hard_02,1099_nec_2026_000055,1099_nec,validation,hard,data\processed\irs_scan_variants\1099_nec\validation\1099_nec_2026_000055_scan_hard_02.jpg,data\annotations\irs_scan_variants\1099_nec\validation\1099_nec_2026_000055_scan_hard_02.json,1.9829,0.6567,9.1783,48
1099_nec_2026_000056_scan_mild_01,1099_nec_2026_000056,1099_nec,train,mild,data\processed\irs_scan_variants\1099_nec\train\1099_nec_2026_000056_scan_mild_01.jpg,data\annotations\irs_scan_variants\1099_nec\train\1099_nec_2026_000056_scan_mild_01.json,-0.5531,0.1991,2.8532,79
1099_nec_2026_000056_scan_hard_02,1099_nec_2026_000056,1099_nec,train,hard,data\processed\irs_scan_variants\1099_nec\train\1099_nec_2026_000056_scan_hard_02.jpg,data\annotations\irs_scan_variants\1099_nec\train\1099_nec_2026_000056_scan_hard_02.json,1.2373,0.8905,9.6196,68
1099_nec_2026_000057_scan_mild_01,1099_nec_2026_000057,1099_nec,train,mild,data\processed\irs_scan_variants\1099_nec\train\1099_nec_2026_000057_scan_mild_01.jpg,data\annotations\irs_scan_variants\1099_nec\train\1099_nec_2026_000057_scan_mild_01.json,-0.1748,0.4944,3.7774,77
1099_nec_2026_000057_scan_hard_02,1099_nec_2026_000057,1099_nec,train,hard,data\processed\irs_scan_variants\1099_nec\train\1099_nec_2026_000057_scan_hard_02.jpg,data\annotations\irs_scan_variants\1099_nec\train\1099_nec_2026_000057_scan_hard_02.json,2.1237,0.9553,7.4859,64
1099_nec_2026_000058_scan_mild_01,1099_nec_2026_000058,1099_nec,train,mild,data\processed\irs_scan_variants\1099_nec\train\1099_nec_2026_000058_scan_mild_01.jpg,data\annotations\irs_scan_variants\1099_nec\train\1099_nec_2026_000058_scan_mild_01.json,0.049,0.5004,2.1732,81
1099_nec_2026_000058_scan_hard_02,1099_nec_2026_000058,1099_nec,train,hard,data\processed\irs_scan_variants\1099_nec\train\1099_nec_2026_000058_scan_hard_02.jpg,data\annotations\irs_scan_variants\1099_nec\train\1099_nec_2026_000058_scan_hard_02.json,0.0467,0.8973,7.0268,50
1099_nec_2026_000059_scan_mild_01,1099_nec_2026_000059,1099_nec,train,mild,data\processed\irs_scan_variants\1099_nec\train\1099_nec_2026_000059_scan_mild_01.jpg,data\annotations\irs_scan_variants\1099_nec\train\1099_nec_2026_000059_scan_mild_01.json,-0.0747,0.4006,2.439,84
1099_nec_2026_000059_scan_hard_02,1099_nec_2026_000059,1099_nec,train,hard,data\processed\irs_scan_variants\1099_nec\train\1099_nec_2026_000059_scan_hard_02.jpg,data\annotations\irs_scan_variants\1099_nec\train\1099_nec_2026_000059_scan_hard_02.json,1.9223,1.1035,9.2558,60
1099_nec_2026_000060_scan_mild_01,1099_nec_2026_000060,1099_nec,validation,mild,data\processed\irs_scan_variants\1099_nec\validation\1099_nec_2026_000060_scan_mild_01.jpg,data\annotations\irs_scan_variants\1099_nec\validation\1099_nec_2026_000060_scan_mild_01.json,0.4268,0.6435,3.1229,84
1099_nec_2026_000060_scan_hard_02,1099_nec_2026_000060,1099_nec,validation,hard,data\processed\irs_scan_variants\1099_nec\validation\1099_nec_2026_000060_scan_hard_02.jpg,data\annotations\irs_scan_variants\1099_nec\validation\1099_nec_2026_000060_scan_hard_02.json,1.718,1.175,7.1511,50
1099_nec_2026_000061_scan_mild_01,1099_nec_2026_000061,1099_nec,train,mild,data\processed\irs_scan_variants\1099_nec\train\1099_nec_2026_000061_scan_mild_01.jpg,data\annotations\irs_scan_variants\1099_nec\train\1099_nec_2026_000061_scan_mild_01.json,0.1689,0.3242,3.222,77
1099_nec_2026_000061_scan_hard_02,1099_nec_2026_000061,1099_nec,train,hard,data\processed\irs_scan_variants\1099_nec\train\1099_nec_2026_000061_scan_hard_02.jpg,data\annotations\irs_scan_variants\1099_nec\train\1099_nec_2026_000061_scan_hard_02.json,2.1095,1.0669,7.5674,62
1099_nec_2026_000062_scan_mild_01,1099_nec_2026_000062,1099_nec,train,mild,data\processed\irs_scan_variants\1099_nec\train\1099_nec_2026_000062_scan_mild_01.jpg,data\annotations\irs_scan_variants\1099_nec\train\1099_nec_2026_000062_scan_mild_01.json,-1.1256,0.6074,2.958,88
1099_nec_2026_000062_scan_hard_02,1099_nec_2026_000062,1099_nec,train,hard,data\processed\irs_scan_variants\1099_nec\train\1099_nec_2026_000062_scan_hard_02.jpg,data\annotations\irs_scan_variants\1099_nec\train\1099_nec_2026_000062_scan_hard_02.json,-1.436,1.2769,6.7277,50
1099_nec_2026_000063_scan_mild_01,1099_nec_2026_000063,1099_nec,train,mild,data\processed\irs_scan_variants\1099_nec\train\1099_nec_2026_000063_scan_mild_01.jpg,data\annotations\irs_scan_variants\1099_nec\train\1099_nec_2026_000063_scan_mild_01.json,0.1696,0.3384,3.1135,87
1099_nec_2026_000063_scan_hard_02,1099_nec_2026_000063,1099_nec,train,hard,data\processed\irs_scan_variants\1099_nec\train\1099_nec_2026_000063_scan_hard_02.jpg,data\annotations\irs_scan_variants\1099_nec\train\1099_nec_2026_000063_scan_hard_02.json,-1.6539,1.2353,8.1363,58
1099_nec_2026_000064_scan_mild_01,1099_nec_2026_000064,1099_nec,validation,mild,data\processed\irs_scan_variants\1099_nec\validation\1099_nec_2026_000064_scan_mild_01.jpg,data\annotations\irs_scan_variants\1099_nec\validation\1099_nec_2026_000064_scan_mild_01.json,-0.1799,0.2063,2.6781,77
1099_nec_2026_000064_scan_hard_02,1099_nec_2026_000064,1099_nec,validation,hard,data\processed\irs_scan_variants\1099_nec\validation\1099_nec_2026_000064_scan_hard_02.jpg,data\annotations\irs_scan_variants\1099_nec\validation\1099_nec_2026_000064_scan_hard_02.json,-0.4778,0.9602,5.2834,52
1099_nec_2026_000065_scan_mild_01,1099_nec_2026_000065,1099_nec,validation,mild,data\processed\irs_scan_variants\1099_nec\validation\1099_nec_2026_000065_scan_mild_01.jpg,data\annotations\irs_scan_variants\1099_nec\validation\1099_nec_2026_000065_scan_mild_01.json,0.4316,0.154,3.6299,80
1099_nec_2026_000065_scan_hard_02,1099_nec_2026_000065,1099_nec,validation,hard,data\processed\irs_scan_variants\1099_nec\validation\1099_nec_2026_000065_scan_hard_02.jpg,data\annotations\irs_scan_variants\1099_nec\validation\1099_nec_2026_000065_scan_hard_02.json,-2.126,1.1455,8.0585,62
1099_nec_2026_000066_scan_mild_01,1099_nec_2026_000066,1099_nec,train,mild,data\processed\irs_scan_variants\1099_nec\train\1099_nec_2026_000066_scan_mild_01.jpg,data\annotations\irs_scan_variants\1099_nec\train\1099_nec_2026_000066_scan_mild_01.json,0.127,0.1923,4.5468,78
1099_nec_2026_000066_scan_hard_02,1099_nec_2026_000066,1099_nec,train,hard,data\processed\irs_scan_variants\1099_nec\train\1099_nec_2026_000066_scan_hard_02.jpg,data\annotations\irs_scan_variants\1099_nec\train\1099_nec_2026_000066_scan_hard_02.json,-1.1988,1.0472,7.875,62
1099_nec_2026_000067_scan_mild_01,1099_nec_2026_000067,1099_nec,train,mild,data\processed\irs_scan_variants\1099_nec\train\1099_nec_2026_000067_scan_mild_01.jpg,data\annotations\irs_scan_variants\1099_nec\train\1099_nec_2026_000067_scan_mild_01.json,0.6827,0.5332,3.7355,77
1099_nec_2026_000067_scan_hard_02,1099_nec_2026_000067,1099_nec,train,hard,data\processed\irs_scan_variants\1099_nec\train\1099_nec_2026_000067_scan_hard_02.jpg,data\annotations\irs_scan_variants\1099_nec\train\1099_nec_2026_000067_scan_hard_02.json,-2.4508,0.959,9.1537,50
1099_nec_2026_000068_scan_mild_01,1099_nec_2026_000068,1099_nec,train,mild,data\processed\irs_scan_variants\1099_nec\train\1099_nec_2026_000068_scan_mild_01.jpg,data\annotations\irs_scan_variants\1099_nec\train\1099_nec_2026_000068_scan_mild_01.json,-0.2581,0.1995,3.7749,88
1099_nec_2026_000068_scan_hard_02,1099_nec_2026_000068,1099_nec,train,hard,data\processed\irs_scan_variants\1099_nec\train\1099_nec_2026_000068_scan_hard_02.jpg,data\annotations\irs_scan_variants\1099_nec\train\1099_nec_2026_000068_scan_hard_02.json,-2.4127,0.7787,7.8895,58
1099_nec_2026_000069_scan_mild_01,1099_nec_2026_000069,1099_nec,train,mild,data\processed\irs_scan_variants\1099_nec\train\1099_nec_2026_000069_scan_mild_01.jpg,data\annotations\irs_scan_variants\1099_nec\train\1099_nec_2026_000069_scan_mild_01.json,0.019,0.4451,4.7659,79
1099_nec_2026_000069_scan_hard_02,1099_nec_2026_000069,1099_nec,train,hard,data\processed\irs_scan_variants\1099_nec\train\1099_nec_2026_000069_scan_hard_02.jpg,data\annotations\irs_scan_variants\1099_nec\train\1099_nec_2026_000069_scan_hard_02.json,2.2382,1.1767,8.6411,68
1099_nec_2026_000070_scan_mild_01,1099_nec_2026_000070,1099_nec,train,mild,data\processed\irs_scan_variants\1099_nec\train\1099_nec_2026_000070_scan_mild_01.jpg,data\annotations\irs_scan_variants\1099_nec\train\1099_nec_2026_000070_scan_mild_01.json,0.5262,0.5433,2.9168,79
1099_nec_2026_000070_scan_hard_02,1099_nec_2026_000070,1099_nec,train,hard,data\processed\irs_scan_variants\1099_nec\train\1099_nec_2026_000070_scan_hard_02.jpg,data\annotations\irs_scan_variants\1099_nec\train\1099_nec_2026_000070_scan_hard_02.json,1.7441,1.1243,6.3875,64
1099_nec_2026_000071_scan_mild_01,1099_nec_2026_000071,1099_nec,train,mild,data\processed\irs_scan_variants\1099_nec\train\1099_nec_2026_000071_scan_mild_01.jpg,data\annotations\irs_scan_variants\1099_nec\train\1099_nec_2026_000071_scan_mild_01.json,0.3904,0.2723,4.8002,72
1099_nec_2026_000071_scan_hard_02,1099_nec_2026_000071,1099_nec,train,hard,data\processed\irs_scan_variants\1099_nec\train\1099_nec_2026_000071_scan_hard_02.jpg,data\annotations\irs_scan_variants\1099_nec\train\1099_nec_2026_000071_scan_hard_02.json,-0.7079,0.6746,8.4957,66
1099_nec_2026_000072_scan_mild_01,1099_nec_2026_000072,1099_nec,train,mild,data\processed\irs_scan_variants\1099_nec\train\1099_nec_2026_000072_scan_mild_01.jpg,data\annotations\irs_scan_variants\1099_nec\train\1099_nec_2026_000072_scan_mild_01.json,0.0157,0.6184,3.5971,81
1099_nec_2026_000072_scan_hard_02,1099_nec_2026_000072,1099_nec,train,hard,data\processed\irs_scan_variants\1099_nec\train\1099_nec_2026_000072_scan_hard_02.jpg,data\annotations\irs_scan_variants\1099_nec\train\1099_nec_2026_000072_scan_hard_02.json,1.6023,1.038,6.7869,58
1099_nec_2026_000073_scan_mild_01,1099_nec_2026_000073,1099_nec,train,mild,data\processed\irs_scan_variants\1099_nec\train\1099_nec_2026_000073_scan_mild_01.jpg,data\annotations\irs_scan_variants\1099_nec\train\1099_nec_2026_000073_scan_mild_01.json,-0.7452,0.3861,2.3981,79
1099_nec_2026_000073_scan_hard_02,1099_nec_2026_000073,1099_nec,train,hard,data\processed\irs_scan_variants\1099_nec\train\1099_nec_2026_000073_scan_hard_02.jpg,data\annotations\irs_scan_variants\1099_nec\train\1099_nec_2026_000073_scan_hard_02.json,-0.3934,0.9824,6.2621,52
1099_nec_2026_000074_scan_mild_01,1099_nec_2026_000074,1099_nec,train,mild,data\processed\irs_scan_variants\1099_nec\train\1099_nec_2026_000074_scan_mild_01.jpg,data\annotations\irs_scan_variants\1099_nec\train\1099_nec_2026_000074_scan_mild_01.json,-0.7959,0.5806,2.7569,72
1099_nec_2026_000074_scan_hard_02,1099_nec_2026_000074,1099_nec,train,hard,data\processed\irs_scan_variants\1099_nec\train\1099_nec_2026_000074_scan_hard_02.jpg,data\annotations\irs_scan_variants\1099_nec\train\1099_nec_2026_000074_scan_hard_02.json,1.3922,0.8302,5.1362,54
1099_nec_2026_000075_scan_mild_01,1099_nec_2026_000075,1099_nec,test,mild,data\processed\irs_scan_variants\1099_nec\test\1099_nec_2026_000075_scan_mild_01.jpg,data\annotations\irs_scan_variants\1099_nec\test\1099_nec_2026_000075_scan_mild_01.json,-0.5575,0.4186,3.8649,89
1099_nec_2026_000075_scan_hard_02,1099_nec_2026_000075,1099_nec,test,hard,data\processed\irs_scan_variants\1099_nec\test\1099_nec_2026_000075_scan_hard_02.jpg,data\annotations\irs_scan_variants\1099_nec\test\1099_nec_2026_000075_scan_hard_02.json,1.9528,0.8202,8.3097,69
1099_nec_2026_000076_scan_mild_01,1099_nec_2026_000076,1099_nec,train,mild,data\processed\irs_scan_variants\1099_nec\train\1099_nec_2026_000076_scan_mild_01.jpg,data\annotations\irs_scan_variants\1099_nec\train\1099_nec_2026_000076_scan_mild_01.json,-0.2749,0.4306,4.544,79
1099_nec_2026_000076_scan_hard_02,1099_nec_2026_000076,1099_nec,train,hard,data\processed\irs_scan_variants\1099_nec\train\1099_nec_2026_000076_scan_hard_02.jpg,data\annotations\irs_scan_variants\1099_nec\train\1099_nec_2026_000076_scan_hard_02.json,0.832,0.7142,7.3446,65
1099_nec_2026_000077_scan_mild_01,1099_nec_2026_000077,1099_nec,train,mild,data\processed\irs_scan_variants\1099_nec\train\1099_nec_2026_000077_scan_mild_01.jpg,data\annotations\irs_scan_variants\1099_nec\train\1099_nec_2026_000077_scan_mild_01.json,-0.8238,0.2672,4.5778,88
1099_nec_2026_000077_scan_hard_02,1099_nec_2026_000077,1099_nec,train,hard,data\processed\irs_scan_variants\1099_nec\train\1099_nec_2026_000077_scan_hard_02.jpg,data\annotations\irs_scan_variants\1099_nec\train\1099_nec_2026_000077_scan_hard_02.json,0.2808,0.9085,7.9807,50
1099_nec_2026_000078_scan_mild_01,1099_nec_2026_000078,1099_nec,train,mild,data\processed\irs_scan_variants\1099_nec\train\1099_nec_2026_000078_scan_mild_01.jpg,data\annotations\irs_scan_variants\1099_nec\train\1099_nec_2026_000078_scan_mild_01.json,0.8121,0.4788,4.4796,84
1099_nec_2026_000078_scan_hard_02,1099_nec_2026_000078,1099_nec,train,hard,data\processed\irs_scan_variants\1099_nec\train\1099_nec_2026_000078_scan_hard_02.jpg,data\annotations\irs_scan_variants\1099_nec\train\1099_nec_2026_000078_scan_hard_02.json,0.7745,0.6617,8.4218,64
1099_nec_2026_000079_scan_mild_01,1099_nec_2026_000079,1099_nec,validation,mild,data\processed\irs_scan_variants\1099_nec\validation\1099_nec_2026_000079_scan_mild_01.jpg,data\annotations\irs_scan_variants\1099_nec\validation\1099_nec_2026_000079_scan_mild_01.json,1.0138,0.3586,2.2494,75
1099_nec_2026_000079_scan_hard_02,1099_nec_2026_000079,1099_nec,validation,hard,data\processed\irs_scan_variants\1099_nec\validation\1099_nec_2026_000079_scan_hard_02.jpg,data\annotations\irs_scan_variants\1099_nec\validation\1099_nec_2026_000079_scan_hard_02.json,1.26,0.652,6.7,70
1099_nec_2026_000080_scan_mild_01,1099_nec_2026_000080,1099_nec,validation,mild,data\processed\irs_scan_variants\1099_nec\validation\1099_nec_2026_000080_scan_mild_01.jpg,data\annotations\irs_scan_variants\1099_nec\validation\1099_nec_2026_000080_scan_mild_01.json,-0.1372,0.6117,4.9174,86
1099_nec_2026_000080_scan_hard_02,1099_nec_2026_000080,1099_nec,validation,hard,data\processed\irs_scan_variants\1099_nec\validation\1099_nec_2026_000080_scan_hard_02.jpg,data\annotations\irs_scan_variants\1099_nec\validation\1099_nec_2026_000080_scan_hard_02.json,-1.5037,1.2184,6.5584,54
1099_nec_2026_000081_scan_mild_01,1099_nec_2026_000081,1099_nec,train,mild,data\processed\irs_scan_variants\1099_nec\train\1099_nec_2026_000081_scan_mild_01.jpg,data\annotations\irs_scan_variants\1099_nec\train\1099_nec_2026_000081_scan_mild_01.json,-0.7773,0.5001,2.9639,77
1099_nec_2026_000081_scan_hard_02,1099_nec_2026_000081,1099_nec,train,hard,data\processed\irs_scan_variants\1099_nec\train\1099_nec_2026_000081_scan_hard_02.jpg,data\annotations\irs_scan_variants\1099_nec\train\1099_nec_2026_000081_scan_hard_02.json,1.8782,1.1434,9.2515,48
1099_nec_2026_000082_scan_mild_01,1099_nec_2026_000082,1099_nec,test,mild,data\processed\irs_scan_variants\1099_nec\test\1099_nec_2026_000082_scan_mild_01.jpg,data\annotations\irs_scan_variants\1099_nec\test\1099_nec_2026_000082_scan_mild_01.json,-0.4276,0.3809,2.0235,88
1099_nec_2026_000082_scan_hard_02,1099_nec_2026_000082,1099_nec,test,hard,data\processed\irs_scan_variants\1099_nec\test\1099_nec_2026_000082_scan_hard_02.jpg,data\annotations\irs_scan_variants\1099_nec\test\1099_nec_2026_000082_scan_hard_02.json,0.0504,1.2986,6.9254,67
1099_nec_2026_000083_scan_mild_01,1099_nec_2026_000083,1099_nec,train,mild,data\processed\irs_scan_variants\1099_nec\train\1099_nec_2026_000083_scan_mild_01.jpg,data\annotations\irs_scan_variants\1099_nec\train\1099_nec_2026_000083_scan_mild_01.json,-0.0594,0.5879,3.0321,84
1099_nec_2026_000083_scan_hard_02,1099_nec_2026_000083,1099_nec,train,hard,data\processed\irs_scan_variants\1099_nec\train\1099_nec_2026_000083_scan_hard_02.jpg,data\annotations\irs_scan_variants\1099_nec\train\1099_nec_2026_000083_scan_hard_02.json,-1.1742,1.089,5.6345,52
1099_nec_2026_000084_scan_mild_01,1099_nec_2026_000084,1099_nec,train,mild,data\processed\irs_scan_variants\1099_nec\train\1099_nec_2026_000084_scan_mild_01.jpg,data\annotations\irs_scan_variants\1099_nec\train\1099_nec_2026_000084_scan_mild_01.json,0.3064,0.3137,4.2684,88
1099_nec_2026_000084_scan_hard_02,1099_nec_2026_000084,1099_nec,train,hard,data\processed\irs_scan_variants\1099_nec\train\1099_nec_2026_000084_scan_hard_02.jpg,data\annotations\irs_scan_variants\1099_nec\train\1099_nec_2026_000084_scan_hard_02.json,0.9476,1.1727,8.6266,62
1099_nec_2026_000085_scan_mild_01,1099_nec_2026_000085,1099_nec,train,mild,data\processed\irs_scan_variants\1099_nec\train\1099_nec_2026_000085_scan_mild_01.jpg,data\annotations\irs_scan_variants\1099_nec\train\1099_nec_2026_000085_scan_mild_01.json,-1.1424,0.4984,4.165,72
1099_nec_2026_000085_scan_hard_02,1099_nec_2026_000085,1099_nec,train,hard,data\processed\irs_scan_variants\1099_nec\train\1099_nec_2026_000085_scan_hard_02.jpg,data\annotations\irs_scan_variants\1099_nec\train\1099_nec_2026_000085_scan_hard_02.json,-2.1717,1.2913,6.0234,67
1099_nec_2026_000086_scan_mild_01,1099_nec_2026_000086,1099_nec,train,mild,data\processed\irs_scan_variants\1099_nec\train\1099_nec_2026_000086_scan_mild_01.jpg,data\annotations\irs_scan_variants\1099_nec\train\1099_nec_2026_000086_scan_mild_01.json,1.0819,0.5065,3.5434,83
1099_nec_2026_000086_scan_hard_02,1099_nec_2026_000086,1099_nec,train,hard,data\processed\irs_scan_variants\1099_nec\train\1099_nec_2026_000086_scan_hard_02.jpg,data\annotations\irs_scan_variants\1099_nec\train\1099_nec_2026_000086_scan_hard_02.json,-0.6709,0.9789,5.773,54
1099_nec_2026_000087_scan_mild_01,1099_nec_2026_000087,1099_nec,validation,mild,data\processed\irs_scan_variants\1099_nec\validation\1099_nec_2026_000087_scan_mild_01.jpg,data\annotations\irs_scan_variants\1099_nec\validation\1099_nec_2026_000087_scan_mild_01.json,1.2391,0.4846,3.6155,88
1099_nec_2026_000087_scan_hard_02,1099_nec_2026_000087,1099_nec,validation,hard,data\processed\irs_scan_variants\1099_nec\validation\1099_nec_2026_000087_scan_hard_02.jpg,data\annotations\irs_scan_variants\1099_nec\validation\1099_nec_2026_000087_scan_hard_02.json,-0.2218,1.2952,5.793,58
1099_nec_2026_000088_scan_mild_01,1099_nec_2026_000088,1099_nec,train,mild,data\processed\irs_scan_variants\1099_nec\train\1099_nec_2026_000088_scan_mild_01.jpg,data\annotations\irs_scan_variants\1099_nec\train\1099_nec_2026_000088_scan_mild_01.json,0.3383,0.4031,4.9644,75
1099_nec_2026_000088_scan_hard_02,1099_nec_2026_000088,1099_nec,train,hard,data\processed\irs_scan_variants\1099_nec\train\1099_nec_2026_000088_scan_hard_02.jpg,data\annotations\irs_scan_variants\1099_nec\train\1099_nec_2026_000088_scan_hard_02.json,-1.409,0.6668,5.2238,59
1099_nec_2026_000089_scan_mild_01,1099_nec_2026_000089,1099_nec,train,mild,data\processed\irs_scan_variants\1099_nec\train\1099_nec_2026_000089_scan_mild_01.jpg,data\annotations\irs_scan_variants\1099_nec\train\1099_nec_2026_000089_scan_mild_01.json,-1.1375,0.6299,3.2991,81
1099_nec_2026_000089_scan_hard_02,1099_nec_2026_000089,1099_nec,train,hard,data\processed\irs_scan_variants\1099_nec\train\1099_nec_2026_000089_scan_hard_02.jpg,data\annotations\irs_scan_variants\1099_nec\train\1099_nec_2026_000089_scan_hard_02.json,-1.0688,1.2028,6.8155,59
1099_nec_2026_000090_scan_mild_01,1099_nec_2026_000090,1099_nec,train,mild,data\processed\irs_scan_variants\1099_nec\train\1099_nec_2026_000090_scan_mild_01.jpg,data\annotations\irs_scan_variants\1099_nec\train\1099_nec_2026_000090_scan_mild_01.json,0.7793,0.3365,4.0393,76
1099_nec_2026_000090_scan_hard_02,1099_nec_2026_000090,1099_nec,train,hard,data\processed\irs_scan_variants\1099_nec\train\1099_nec_2026_000090_scan_hard_02.jpg,data\annotations\irs_scan_variants\1099_nec\train\1099_nec_2026_000090_scan_hard_02.json,0.8174,0.8593,5.8622,64
1099_nec_2026_000091_scan_mild_01,1099_nec_2026_000091,1099_nec,validation,mild,data\processed\irs_scan_variants\1099_nec\validation\1099_nec_2026_000091_scan_mild_01.jpg,data\annotations\irs_scan_variants\1099_nec\validation\1099_nec_2026_000091_scan_mild_01.json,0.29,0.5731,2.9646,79
1099_nec_2026_000091_scan_hard_02,1099_nec_2026_000091,1099_nec,validation,hard,data\processed\irs_scan_variants\1099_nec\validation\1099_nec_2026_000091_scan_hard_02.jpg,data\annotations\irs_scan_variants\1099_nec\validation\1099_nec_2026_000091_scan_hard_02.json,-0.0303,1.0357,6.0662,50
1099_nec_2026_000092_scan_mild_01,1099_nec_2026_000092,1099_nec,train,mild,data\processed\irs_scan_variants\1099_nec\train\1099_nec_2026_000092_scan_mild_01.jpg,data\annotations\irs_scan_variants\1099_nec\train\1099_nec_2026_000092_scan_mild_01.json,0.7612,0.3853,3.8439,76
1099_nec_2026_000092_scan_hard_02,1099_nec_2026_000092,1099_nec,train,hard,data\processed\irs_scan_variants\1099_nec\train\1099_nec_2026_000092_scan_hard_02.jpg,data\annotations\irs_scan_variants\1099_nec\train\1099_nec_2026_000092_scan_hard_02.json,-1.391,0.8567,5.2652,49
1099_nec_2026_000093_scan_mild_01,1099_nec_2026_000093,1099_nec,train,mild,data\processed\irs_scan_variants\1099_nec\train\1099_nec_2026_000093_scan_mild_01.jpg,data\annotations\irs_scan_variants\1099_nec\train\1099_nec_2026_000093_scan_mild_01.json,-0.2684,0.5973,3.3777,84
1099_nec_2026_000093_scan_hard_02,1099_nec_2026_000093,1099_nec,train,hard,data\processed\irs_scan_variants\1099_nec\train\1099_nec_2026_000093_scan_hard_02.jpg,data\annotations\irs_scan_variants\1099_nec\train\1099_nec_2026_000093_scan_hard_02.json,-1.4183,0.9395,5.7878,69
1099_nec_2026_000094_scan_mild_01,1099_nec_2026_000094,1099_nec,train,mild,data\processed\irs_scan_variants\1099_nec\train\1099_nec_2026_000094_scan_mild_01.jpg,data\annotations\irs_scan_variants\1099_nec\train\1099_nec_2026_000094_scan_mild_01.json,1.1211,0.3594,3.1803,83
1099_nec_2026_000094_scan_hard_02,1099_nec_2026_000094,1099_nec,train,hard,data\processed\irs_scan_variants\1099_nec\train\1099_nec_2026_000094_scan_hard_02.jpg,data\annotations\irs_scan_variants\1099_nec\train\1099_nec_2026_000094_scan_hard_02.json,2.416,1.3465,5.4925,60
1099_nec_2026_000095_scan_mild_01,1099_nec_2026_000095,1099_nec,test,mild,data\processed\irs_scan_variants\1099_nec\test\1099_nec_2026_000095_scan_mild_01.jpg,data\annotations\irs_scan_variants\1099_nec\test\1099_nec_2026_000095_scan_mild_01.json,0.2278,0.1873,4.3408,78
1099_nec_2026_000095_scan_hard_02,1099_nec_2026_000095,1099_nec,test,hard,data\processed\irs_scan_variants\1099_nec\test\1099_nec_2026_000095_scan_hard_02.jpg,data\annotations\irs_scan_variants\1099_nec\test\1099_nec_2026_000095_scan_hard_02.json,-1.378,1.2459,8.2121,50
1099_nec_2026_000096_scan_mild_01,1099_nec_2026_000096,1099_nec,train,mild,data\processed\irs_scan_variants\1099_nec\train\1099_nec_2026_000096_scan_mild_01.jpg,data\annotations\irs_scan_variants\1099_nec\train\1099_nec_2026_000096_scan_mild_01.json,-1.0017,0.277,4.5816,76
1099_nec_2026_000096_scan_hard_02,1099_nec_2026_000096,1099_nec,train,hard,data\processed\irs_scan_variants\1099_nec\train\1099_nec_2026_000096_scan_hard_02.jpg,data\annotations\irs_scan_variants\1099_nec\train\1099_nec_2026_000096_scan_hard_02.json,-1.1935,0.8177,6.583,66
1099_nec_2026_000097_scan_mild_01,1099_nec_2026_000097,1099_nec,train,mild,data\processed\irs_scan_variants\1099_nec\train\1099_nec_2026_000097_scan_mild_01.jpg,data\annotations\irs_scan_variants\1099_nec\train\1099_nec_2026_000097_scan_mild_01.json,-1.0263,0.2169,4.0099,80
1099_nec_2026_000097_scan_hard_02,1099_nec_2026_000097,1099_nec,train,hard,data\processed\irs_scan_variants\1099_nec\train\1099_nec_2026_000097_scan_hard_02.jpg,data\annotations\irs_scan_variants\1099_nec\train\1099_nec_2026_000097_scan_hard_02.json,-0.8313,1.3193,7.6759,68
1099_nec_2026_000098_scan_mild_01,1099_nec_2026_000098,1099_nec,train,mild,data\processed\irs_scan_variants\1099_nec\train\1099_nec_2026_000098_scan_mild_01.jpg,data\annotations\irs_scan_variants\1099_nec\train\1099_nec_2026_000098_scan_mild_01.json,0.3418,0.5751,4.0001,84
1099_nec_2026_000098_scan_hard_02,1099_nec_2026_000098,1099_nec,train,hard,data\processed\irs_scan_variants\1099_nec\train\1099_nec_2026_000098_scan_hard_02.jpg,data\annotations\irs_scan_variants\1099_nec\train\1099_nec_2026_000098_scan_hard_02.json,0.3018,1.3078,9.2259,53
1099_nec_2026_000099_scan_mild_01,1099_nec_2026_000099,1099_nec,train,mild,data\processed\irs_scan_variants\1099_nec\train\1099_nec_2026_000099_scan_mild_01.jpg,data\annotations\irs_scan_variants\1099_nec\train\1099_nec_2026_000099_scan_mild_01.json,-1.0822,0.3214,4.5459,79
1099_nec_2026_000099_scan_hard_02,1099_nec_2026_000099,1099_nec,train,hard,data\processed\irs_scan_variants\1099_nec\train\1099_nec_2026_000099_scan_hard_02.jpg,data\annotations\irs_scan_variants\1099_nec\train\1099_nec_2026_000099_scan_hard_02.json,-1.4222,1.0912,8.1558,57
1099_nec_2026_000100_scan_mild_01,1099_nec_2026_000100,1099_nec,train,mild,data\processed\irs_scan_variants\1099_nec\train\1099_nec_2026_000100_scan_mild_01.jpg,data\annotations\irs_scan_variants\1099_nec\train\1099_nec_2026_000100_scan_mild_01.json,0.3269,0.6038,4.3504,76
1099_nec_2026_000100_scan_hard_02,1099_nec_2026_000100,1099_nec,train,hard,data\processed\irs_scan_variants\1099_nec\train\1099_nec_2026_000100_scan_hard_02.jpg,data\annotations\irs_scan_variants\1099_nec\train\1099_nec_2026_000100_scan_hard_02.json,1.8295,1.2148,6.6595,68
1099_nec_2026_000101_scan_mild_01,1099_nec_2026_000101,1099_nec,train,mild,data\processed\irs_scan_variants\1099_nec\train\1099_nec_2026_000101_scan_mild_01.jpg,data\annotations\irs_scan_variants\1099_nec\train\1099_nec_2026_000101_scan_mild_01.json,0.4703,0.2481,2.8507,80
1099_nec_2026_000101_scan_hard_02,1099_nec_2026_000101,1099_nec,train,hard,data\processed\irs_scan_variants\1099_nec\train\1099_nec_2026_000101_scan_hard_02.jpg,data\annotations\irs_scan_variants\1099_nec\train\1099_nec_2026_000101_scan_hard_02.json,-0.5614,0.8732,8.7238,53
1099_nec_2026_000102_scan_mild_01,1099_nec_2026_000102,1099_nec,train,mild,data\processed\irs_scan_variants\1099_nec\train\1099_nec_2026_000102_scan_mild_01.jpg,data\annotations\irs_scan_variants\1099_nec\train\1099_nec_2026_000102_scan_mild_01.json,-0.6909,0.598,2.1447,77
1099_nec_2026_000102_scan_hard_02,1099_nec_2026_000102,1099_nec,train,hard,data\processed\irs_scan_variants\1099_nec\train\1099_nec_2026_000102_scan_hard_02.jpg,data\annotations\irs_scan_variants\1099_nec\train\1099_nec_2026_000102_scan_hard_02.json,1.3461,1.0066,5.8682,68
1099_nec_2026_000103_scan_mild_01,1099_nec_2026_000103,1099_nec,train,mild,data\processed\irs_scan_variants\1099_nec\train\1099_nec_2026_000103_scan_mild_01.jpg,data\annotations\irs_scan_variants\1099_nec\train\1099_nec_2026_000103_scan_mild_01.json,-0.8824,0.5087,3.4007,76
1099_nec_2026_000103_scan_hard_02,1099_nec_2026_000103,1099_nec,train,hard,data\processed\irs_scan_variants\1099_nec\train\1099_nec_2026_000103_scan_hard_02.jpg,data\annotations\irs_scan_variants\1099_nec\train\1099_nec_2026_000103_scan_hard_02.json,0.9698,1.1869,6.8193,53
1099_nec_2026_000104_scan_mild_01,1099_nec_2026_000104,1099_nec,test,mild,data\processed\irs_scan_variants\1099_nec\test\1099_nec_2026_000104_scan_mild_01.jpg,data\annotations\irs_scan_variants\1099_nec\test\1099_nec_2026_000104_scan_mild_01.json,-0.0063,0.4634,3.7995,75
1099_nec_2026_000104_scan_hard_02,1099_nec_2026_000104,1099_nec,test,hard,data\processed\irs_scan_variants\1099_nec\test\1099_nec_2026_000104_scan_hard_02.jpg,data\annotations\irs_scan_variants\1099_nec\test\1099_nec_2026_000104_scan_hard_02.json,0.4356,1.0753,5.1816,56
1099_nec_2026_000105_scan_mild_01,1099_nec_2026_000105,1099_nec,train,mild,data\processed\irs_scan_variants\1099_nec\train\1099_nec_2026_000105_scan_mild_01.jpg,data\annotations\irs_scan_variants\1099_nec\train\1099_nec_2026_000105_scan_mild_01.json,0.6263,0.1684,2.3126,90
1099_nec_2026_000105_scan_hard_02,1099_nec_2026_000105,1099_nec,train,hard,data\processed\irs_scan_variants\1099_nec\train\1099_nec_2026_000105_scan_hard_02.jpg,data\annotations\irs_scan_variants\1099_nec\train\1099_nec_2026_000105_scan_hard_02.json,-2.3532,1.0803,6.2343,54
1099_nec_2026_000106_scan_mild_01,1099_nec_2026_000106,1099_nec,train,mild,data\processed\irs_scan_variants\1099_nec\train\1099_nec_2026_000106_scan_mild_01.jpg,data\annotations\irs_scan_variants\1099_nec\train\1099_nec_2026_000106_scan_mild_01.json,0.9163,0.4668,3.4938,86
1099_nec_2026_000106_scan_hard_02,1099_nec_2026_000106,1099_nec,train,hard,data\processed\irs_scan_variants\1099_nec\train\1099_nec_2026_000106_scan_hard_02.jpg,data\annotations\irs_scan_variants\1099_nec\train\1099_nec_2026_000106_scan_hard_02.json,-0.9673,1.0538,5.9174,65
1099_nec_2026_000107_scan_mild_01,1099_nec_2026_000107,1099_nec,test,mild,data\processed\irs_scan_variants\1099_nec\test\1099_nec_2026_000107_scan_mild_01.jpg,data\annotations\irs_scan_variants\1099_nec\test\1099_nec_2026_000107_scan_mild_01.json,0.0983,0.3253,3.1424,89
1099_nec_2026_000107_scan_hard_02,1099_nec_2026_000107,1099_nec,test,hard,data\processed\irs_scan_variants\1099_nec\test\1099_nec_2026_000107_scan_hard_02.jpg,data\annotations\irs_scan_variants\1099_nec\test\1099_nec_2026_000107_scan_hard_02.json,0.0294,1.3003,7.3773,64
1099_nec_2026_000108_scan_mild_01,1099_nec_2026_000108,1099_nec,train,mild,data\processed\irs_scan_variants\1099_nec\train\1099_nec_2026_000108_scan_mild_01.jpg,data\annotations\irs_scan_variants\1099_nec\train\1099_nec_2026_000108_scan_mild_01.json,-0.6169,0.5939,3.5909,90
1099_nec_2026_000108_scan_hard_02,1099_nec_2026_000108,1099_nec,train,hard,data\processed\irs_scan_variants\1099_nec\train\1099_nec_2026_000108_scan_hard_02.jpg,data\annotations\irs_scan_variants\1099_nec\train\1099_nec_2026_000108_scan_hard_02.json,-1.5617,1.1542,9.1724,56
1099_nec_2026_000109_scan_mild_01,1099_nec_2026_000109,1099_nec,train,mild,data\processed\irs_scan_variants\1099_nec\train\1099_nec_2026_000109_scan_mild_01.jpg,data\annotations\irs_scan_variants\1099_nec\train\1099_nec_2026_000109_scan_mild_01.json,-0.8572,0.6401,3.6524,88
1099_nec_2026_000109_scan_hard_02,1099_nec_2026_000109,1099_nec,train,hard,data\processed\irs_scan_variants\1099_nec\train\1099_nec_2026_000109_scan_hard_02.jpg,data\annotations\irs_scan_variants\1099_nec\train\1099_nec_2026_000109_scan_hard_02.json,1.3212,1.251,8.409,65
1099_nec_2026_000110_scan_mild_01,1099_nec_2026_000110,1099_nec,train,mild,data\processed\irs_scan_variants\1099_nec\train\1099_nec_2026_000110_scan_mild_01.jpg,data\annotations\irs_scan_variants\1099_nec\train\1099_nec_2026_000110_scan_mild_01.json,-0.6837,0.5615,3.3236,74
1099_nec_2026_000110_scan_hard_02,1099_nec_2026_000110,1099_nec,train,hard,data\processed\irs_scan_variants\1099_nec\train\1099_nec_2026_000110_scan_hard_02.jpg,data\annotations\irs_scan_variants\1099_nec\train\1099_nec_2026_000110_scan_hard_02.json,1.9865,0.942,7.3297,60
1099_nec_2026_000111_scan_mild_01,1099_nec_2026_000111,1099_nec,train,mild,data\processed\irs_scan_variants\1099_nec\train\1099_nec_2026_000111_scan_mild_01.jpg,data\annotations\irs_scan_variants\1099_nec\train\1099_nec_2026_000111_scan_mild_01.json,0.158,0.5322,3.9814,89
1099_nec_2026_000111_scan_hard_02,1099_nec_2026_000111,1099_nec,train,hard,data\processed\irs_scan_variants\1099_nec\train\1099_nec_2026_000111_scan_hard_02.jpg,data\annotations\irs_scan_variants\1099_nec\train\1099_nec_2026_000111_scan_hard_02.json,-1.1958,0.9191,7.9526,70
1099_nec_2026_000112_scan_mild_01,1099_nec_2026_000112,1099_nec,train,mild,data\processed\irs_scan_variants\1099_nec\train\1099_nec_2026_000112_scan_mild_01.jpg,data\annotations\irs_scan_variants\1099_nec\train\1099_nec_2026_000112_scan_mild_01.json,0.9285,0.5644,4.8437,75
1099_nec_2026_000112_scan_hard_02,1099_nec_2026_000112,1099_nec,train,hard,data\processed\irs_scan_variants\1099_nec\train\1099_nec_2026_000112_scan_hard_02.jpg,data\annotations\irs_scan_variants\1099_nec\train\1099_nec_2026_000112_scan_hard_02.json,-0.1142,1.2069,9.2473,69
1099_nec_2026_000113_scan_mild_01,1099_nec_2026_000113,1099_nec,validation,mild,data\processed\irs_scan_variants\1099_nec\validation\1099_nec_2026_000113_scan_mild_01.jpg,data\annotations\irs_scan_variants\1099_nec\validation\1099_nec_2026_000113_scan_mild_01.json,0.1705,0.459,4.2547,77
1099_nec_2026_000113_scan_hard_02,1099_nec_2026_000113,1099_nec,validation,hard,data\processed\irs_scan_variants\1099_nec\validation\1099_nec_2026_000113_scan_hard_02.jpg,data\annotations\irs_scan_variants\1099_nec\validation\1099_nec_2026_000113_scan_hard_02.json,-1.0115,0.7592,6.0699,51
1099_nec_2026_000114_scan_mild_01,1099_nec_2026_000114,1099_nec,train,mild,data\processed\irs_scan_variants\1099_nec\train\1099_nec_2026_000114_scan_mild_01.jpg,data\annotations\irs_scan_variants\1099_nec\train\1099_nec_2026_000114_scan_mild_01.json,-1.1237,0.4732,3.8666,90
1099_nec_2026_000114_scan_hard_02,1099_nec_2026_000114,1099_nec,train,hard,data\processed\irs_scan_variants\1099_nec\train\1099_nec_2026_000114_scan_hard_02.jpg,data\annotations\irs_scan_variants\1099_nec\train\1099_nec_2026_000114_scan_hard_02.json,-1.6826,0.7678,8.1348,50
1099_nec_2026_000115_scan_mild_01,1099_nec_2026_000115,1099_nec,validation,mild,data\processed\irs_scan_variants\1099_nec\validation\1099_nec_2026_000115_scan_mild_01.jpg,data\annotations\irs_scan_variants\1099_nec\validation\1099_nec_2026_000115_scan_mild_01.json,0.5688,0.2037,4.3596,86
1099_nec_2026_000115_scan_hard_02,1099_nec_2026_000115,1099_nec,validation,hard,data\processed\irs_scan_variants\1099_nec\validation\1099_nec_2026_000115_scan_hard_02.jpg,data\annotations\irs_scan_variants\1099_nec\validation\1099_nec_2026_000115_scan_hard_02.json,-0.7212,1.208,7.7074,49
1099_nec_2026_000116_scan_mild_01,1099_nec_2026_000116,1099_nec,train,mild,data\processed\irs_scan_variants\1099_nec\train\1099_nec_2026_000116_scan_mild_01.jpg,data\annotations\irs_scan_variants\1099_nec\train\1099_nec_2026_000116_scan_mild_01.json,-1.047,0.5125,2.5109,79
1099_nec_2026_000116_scan_hard_02,1099_nec_2026_000116,1099_nec,train,hard,data\processed\irs_scan_variants\1099_nec\train\1099_nec_2026_000116_scan_hard_02.jpg,data\annotations\irs_scan_variants\1099_nec\train\1099_nec_2026_000116_scan_hard_02.json,-0.3903,0.8434,9.7778,68
1099_nec_2026_000117_scan_mild_01,1099_nec_2026_000117,1099_nec,train,mild,data\processed\irs_scan_variants\1099_nec\train\1099_nec_2026_000117_scan_mild_01.jpg,data\annotations\irs_scan_variants\1099_nec\train\1099_nec_2026_000117_scan_mild_01.json,-0.9122,0.4816,2.5512,72
1099_nec_2026_000117_scan_hard_02,1099_nec_2026_000117,1099_nec,train,hard,data\processed\irs_scan_variants\1099_nec\train\1099_nec_2026_000117_scan_hard_02.jpg,data\annotations\irs_scan_variants\1099_nec\train\1099_nec_2026_000117_scan_hard_02.json,2.0482,0.8389,8.5266,54
1099_nec_2026_000118_scan_mild_01,1099_nec_2026_000118,1099_nec,train,mild,data\processed\irs_scan_variants\1099_nec\train\1099_nec_2026_000118_scan_mild_01.jpg,data\annotations\irs_scan_variants\1099_nec\train\1099_nec_2026_000118_scan_mild_01.json,0.15,0.2764,3.284,74
1099_nec_2026_000118_scan_hard_02,1099_nec_2026_000118,1099_nec,train,hard,data\processed\irs_scan_variants\1099_nec\train\1099_nec_2026_000118_scan_hard_02.jpg,data\annotations\irs_scan_variants\1099_nec\train\1099_nec_2026_000118_scan_hard_02.json,-1.2583,0.9502,8.6373,66
1099_nec_2026_000119_scan_mild_01,1099_nec_2026_000119,1099_nec,train,mild,data\processed\irs_scan_variants\1099_nec\train\1099_nec_2026_000119_scan_mild_01.jpg,data\annotations\irs_scan_variants\1099_nec\train\1099_nec_2026_000119_scan_mild_01.json,1.1951,0.3331,2.5744,73
1099_nec_2026_000119_scan_hard_02,1099_nec_2026_000119,1099_nec,train,hard,data\processed\irs_scan_variants\1099_nec\train\1099_nec_2026_000119_scan_hard_02.jpg,data\annotations\irs_scan_variants\1099_nec\train\1099_nec_2026_000119_scan_hard_02.json,0.1459,0.6751,5.0206,67
1099_nec_2026_000120_scan_mild_01,1099_nec_2026_000120,1099_nec,train,mild,data\processed\irs_scan_variants\1099_nec\train\1099_nec_2026_000120_scan_mild_01.jpg,data\annotations\irs_scan_variants\1099_nec\train\1099_nec_2026_000120_scan_mild_01.json,-0.2366,0.5632,2.2717,79
1099_nec_2026_000120_scan_hard_02,1099_nec_2026_000120,1099_nec,train,hard,data\processed\irs_scan_variants\1099_nec\train\1099_nec_2026_000120_scan_hard_02.jpg,data\annotations\irs_scan_variants\1099_nec\train\1099_nec_2026_000120_scan_hard_02.json,-1.8999,0.89,6.6552,51
1099_nec_2026_000121_scan_mild_01,1099_nec_2026_000121,1099_nec,train,mild,data\processed\irs_scan_variants\1099_nec\train\1099_nec_2026_000121_scan_mild_01.jpg,data\annotations\irs_scan_variants\1099_nec\train\1099_nec_2026_000121_scan_mild_01.json,0.2199,0.2764,2.7131,90
1099_nec_2026_000121_scan_hard_02,1099_nec_2026_000121,1099_nec,train,hard,data\processed\irs_scan_variants\1099_nec\train\1099_nec_2026_000121_scan_hard_02.jpg,data\annotations\irs_scan_variants\1099_nec\train\1099_nec_2026_000121_scan_hard_02.json,1.7736,0.9979,6.1496,49
1099_nec_2026_000122_scan_mild_01,1099_nec_2026_000122,1099_nec,train,mild,data\processed\irs_scan_variants\1099_nec\train\1099_nec_2026_000122_scan_mild_01.jpg,data\annotations\irs_scan_variants\1099_nec\train\1099_nec_2026_000122_scan_mild_01.json,-0.3505,0.4347,2.7806,87
1099_nec_2026_000122_scan_hard_02,1099_nec_2026_000122,1099_nec,train,hard,data\processed\irs_scan_variants\1099_nec\train\1099_nec_2026_000122_scan_hard_02.jpg,data\annotations\irs_scan_variants\1099_nec\train\1099_nec_2026_000122_scan_hard_02.json,2.2658,1.0749,8.2513,58
1099_nec_2026_000123_scan_mild_01,1099_nec_2026_000123,1099_nec,train,mild,data\processed\irs_scan_variants\1099_nec\train\1099_nec_2026_000123_scan_mild_01.jpg,data\annotations\irs_scan_variants\1099_nec\train\1099_nec_2026_000123_scan_mild_01.json,0.5506,0.5987,3.0299,82
1099_nec_2026_000123_scan_hard_02,1099_nec_2026_000123,1099_nec,train,hard,data\processed\irs_scan_variants\1099_nec\train\1099_nec_2026_000123_scan_hard_02.jpg,data\annotations\irs_scan_variants\1099_nec\train\1099_nec_2026_000123_scan_hard_02.json,0.813,1.0196,9.6795,57
1099_nec_2026_000124_scan_mild_01,1099_nec_2026_000124,1099_nec,validation,mild,data\processed\irs_scan_variants\1099_nec\validation\1099_nec_2026_000124_scan_mild_01.jpg,data\annotations\irs_scan_variants\1099_nec\validation\1099_nec_2026_000124_scan_mild_01.json,-0.4303,0.2877,3.5498,85
1099_nec_2026_000124_scan_hard_02,1099_nec_2026_000124,1099_nec,validation,hard,data\processed\irs_scan_variants\1099_nec\validation\1099_nec_2026_000124_scan_hard_02.jpg,data\annotations\irs_scan_variants\1099_nec\validation\1099_nec_2026_000124_scan_hard_02.json,0.3467,0.8156,7.7325,64
1099_nec_2026_000125_scan_mild_01,1099_nec_2026_000125,1099_nec,train,mild,data\processed\irs_scan_variants\1099_nec\train\1099_nec_2026_000125_scan_mild_01.jpg,data\annotations\irs_scan_variants\1099_nec\train\1099_nec_2026_000125_scan_mild_01.json,0.5785,0.3159,4.7271,77
1099_nec_2026_000125_scan_hard_02,1099_nec_2026_000125,1099_nec,train,hard,data\processed\irs_scan_variants\1099_nec\train\1099_nec_2026_000125_scan_hard_02.jpg,data\annotations\irs_scan_variants\1099_nec\train\1099_nec_2026_000125_scan_hard_02.json,0.8661,0.6845,7.2659,64
1099_nec_2026_000126_scan_mild_01,1099_nec_2026_000126,1099_nec,test,mild,data\processed\irs_scan_variants\1099_nec\test\1099_nec_2026_000126_scan_mild_01.jpg,data\annotations\irs_scan_variants\1099_nec\test\1099_nec_2026_000126_scan_mild_01.json,-0.6534,0.2792,4.0842,73
1099_nec_2026_000126_scan_hard_02,1099_nec_2026_000126,1099_nec,test,hard,data\processed\irs_scan_variants\1099_nec\test\1099_nec_2026_000126_scan_hard_02.jpg,data\annotations\irs_scan_variants\1099_nec\test\1099_nec_2026_000126_scan_hard_02.json,-1.8344,0.8501,5.7359,60
1099_nec_2026_000127_scan_mild_01,1099_nec_2026_000127,1099_nec,validation,mild,data\processed\irs_scan_variants\1099_nec\validation\1099_nec_2026_000127_scan_mild_01.jpg,data\annotations\irs_scan_variants\1099_nec\validation\1099_nec_2026_000127_scan_mild_01.json,-0.8031,0.6009,2.2543,86
1099_nec_2026_000127_scan_hard_02,1099_nec_2026_000127,1099_nec,validation,hard,data\processed\irs_scan_variants\1099_nec\validation\1099_nec_2026_000127_scan_hard_02.jpg,data\annotations\irs_scan_variants\1099_nec\validation\1099_nec_2026_000127_scan_hard_02.json,-1.0431,0.6582,9.7823,53
1099_nec_2026_000128_scan_mild_01,1099_nec_2026_000128,1099_nec,train,mild,data\processed\irs_scan_variants\1099_nec\train\1099_nec_2026_000128_scan_mild_01.jpg,data\annotations\irs_scan_variants\1099_nec\train\1099_nec_2026_000128_scan_mild_01.json,-0.7393,0.4498,3.7449,87
1099_nec_2026_000128_scan_hard_02,1099_nec_2026_000128,1099_nec,train,hard,data\processed\irs_scan_variants\1099_nec\train\1099_nec_2026_000128_scan_hard_02.jpg,data\annotations\irs_scan_variants\1099_nec\train\1099_nec_2026_000128_scan_hard_02.json,-1.4316,0.9147,5.9047,68
1099_nec_2026_000129_scan_mild_01,1099_nec_2026_000129,1099_nec,train,mild,data\processed\irs_scan_variants\1099_nec\train\1099_nec_2026_000129_scan_mild_01.jpg,data\annotations\irs_scan_variants\1099_nec\train\1099_nec_2026_000129_scan_mild_01.json,-0.3436,0.5366,4.3616,84
1099_nec_2026_000129_scan_hard_02,1099_nec_2026_000129,1099_nec,train,hard,data\processed\irs_scan_variants\1099_nec\train\1099_nec_2026_000129_scan_hard_02.jpg,data\annotations\irs_scan_variants\1099_nec\train\1099_nec_2026_000129_scan_hard_02.json,2.179,0.936,8.6802,57
1099_nec_2026_000130_scan_mild_01,1099_nec_2026_000130,1099_nec,train,mild,data\processed\irs_scan_variants\1099_nec\train\1099_nec_2026_000130_scan_mild_01.jpg,data\annotations\irs_scan_variants\1099_nec\train\1099_nec_2026_000130_scan_mild_01.json,1.2178,0.5802,4.6479,83
1099_nec_2026_000130_scan_hard_02,1099_nec_2026_000130,1099_nec,train,hard,data\processed\irs_scan_variants\1099_nec\train\1099_nec_2026_000130_scan_hard_02.jpg,data\annotations\irs_scan_variants\1099_nec\train\1099_nec_2026_000130_scan_hard_02.json,0.1449,0.7023,9.4576,61
1099_nec_2026_000131_scan_mild_01,1099_nec_2026_000131,1099_nec,train,mild,data\processed\irs_scan_variants\1099_nec\train\1099_nec_2026_000131_scan_mild_01.jpg,data\annotations\irs_scan_variants\1099_nec\train\1099_nec_2026_000131_scan_mild_01.json,1.1273,0.4344,4.7424,84
1099_nec_2026_000131_scan_hard_02,1099_nec_2026_000131,1099_nec,train,hard,data\processed\irs_scan_variants\1099_nec\train\1099_nec_2026_000131_scan_hard_02.jpg,data\annotations\irs_scan_variants\1099_nec\train\1099_nec_2026_000131_scan_hard_02.json,-1.6034,1.173,8.2221,58
1099_nec_2026_000132_scan_mild_01,1099_nec_2026_000132,1099_nec,validation,mild,data\processed\irs_scan_variants\1099_nec\validation\1099_nec_2026_000132_scan_mild_01.jpg,data\annotations\irs_scan_variants\1099_nec\validation\1099_nec_2026_000132_scan_mild_01.json,0.2847,0.187,3.1294,87
1099_nec_2026_000132_scan_hard_02,1099_nec_2026_000132,1099_nec,validation,hard,data\processed\irs_scan_variants\1099_nec\validation\1099_nec_2026_000132_scan_hard_02.jpg,data\annotations\irs_scan_variants\1099_nec\validation\1099_nec_2026_000132_scan_hard_02.json,0.9831,1.1607,9.1023,64
1099_nec_2026_000133_scan_mild_01,1099_nec_2026_000133,1099_nec,train,mild,data\processed\irs_scan_variants\1099_nec\train\1099_nec_2026_000133_scan_mild_01.jpg,data\annotations\irs_scan_variants\1099_nec\train\1099_nec_2026_000133_scan_mild_01.json,-0.9502,0.2559,4.2446,75
1099_nec_2026_000133_scan_hard_02,1099_nec_2026_000133,1099_nec,train,hard,data\processed\irs_scan_variants\1099_nec\train\1099_nec_2026_000133_scan_hard_02.jpg,data\annotations\irs_scan_variants\1099_nec\train\1099_nec_2026_000133_scan_hard_02.json,0.5395,1.155,5.1185,49
1099_nec_2026_000134_scan_mild_01,1099_nec_2026_000134,1099_nec,train,mild,data\processed\irs_scan_variants\1099_nec\train\1099_nec_2026_000134_scan_mild_01.jpg,data\annotations\irs_scan_variants\1099_nec\train\1099_nec_2026_000134_scan_mild_01.json,1.0548,0.444,2.1983,84
1099_nec_2026_000134_scan_hard_02,1099_nec_2026_000134,1099_nec,train,hard,data\processed\irs_scan_variants\1099_nec\train\1099_nec_2026_000134_scan_hard_02.jpg,data\annotations\irs_scan_variants\1099_nec\train\1099_nec_2026_000134_scan_hard_02.json,0.3163,1.2211,9.1356,57
1099_nec_2026_000135_scan_mild_01,1099_nec_2026_000135,1099_nec,validation,mild,data\processed\irs_scan_variants\1099_nec\validation\1099_nec_2026_000135_scan_mild_01.jpg,data\annotations\irs_scan_variants\1099_nec\validation\1099_nec_2026_000135_scan_mild_01.json,1.1445,0.2092,4.1507,89
1099_nec_2026_000135_scan_hard_02,1099_nec_2026_000135,1099_nec,validation,hard,data\processed\irs_scan_variants\1099_nec\validation\1099_nec_2026_000135_scan_hard_02.jpg,data\annotations\irs_scan_variants\1099_nec\validation\1099_nec_2026_000135_scan_hard_02.json,-1.8882,1.3194,6.8054,66
1099_nec_2026_000136_scan_mild_01,1099_nec_2026_000136,1099_nec,train,mild,data\processed\irs_scan_variants\1099_nec\train\1099_nec_2026_000136_scan_mild_01.jpg,data\annotations\irs_scan_variants\1099_nec\train\1099_nec_2026_000136_scan_mild_01.json,0.6593,0.6145,2.6771,72
1099_nec_2026_000136_scan_hard_02,1099_nec_2026_000136,1099_nec,train,hard,data\processed\irs_scan_variants\1099_nec\train\1099_nec_2026_000136_scan_hard_02.jpg,data\annotations\irs_scan_variants\1099_nec\train\1099_nec_2026_000136_scan_hard_02.json,-0.304,1.0907,7.0266,48
1099_nec_2026_000137_scan_mild_01,1099_nec_2026_000137,1099_nec,train,mild,data\processed\irs_scan_variants\1099_nec\train\1099_nec_2026_000137_scan_mild_01.jpg,data\annotations\irs_scan_variants\1099_nec\train\1099_nec_2026_000137_scan_mild_01.json,-0.7969,0.5212,2.9005,81
1099_nec_2026_000137_scan_hard_02,1099_nec_2026_000137,1099_nec,train,hard,data\processed\irs_scan_variants\1099_nec\train\1099_nec_2026_000137_scan_hard_02.jpg,data\annotations\irs_scan_variants\1099_nec\train\1099_nec_2026_000137_scan_hard_02.json,0.6067,0.9728,8.5629,65
1099_nec_2026_000138_scan_mild_01,1099_nec_2026_000138,1099_nec,validation,mild,data\processed\irs_scan_variants\1099_nec\validation\1099_nec_2026_000138_scan_mild_01.jpg,data\annotations\irs_scan_variants\1099_nec\validation\1099_nec_2026_000138_scan_mild_01.json,0.998,0.6187,4.423,73
1099_nec_2026_000138_scan_hard_02,1099_nec_2026_000138,1099_nec,validation,hard,data\processed\irs_scan_variants\1099_nec\validation\1099_nec_2026_000138_scan_hard_02.jpg,data\annotations\irs_scan_variants\1099_nec\validation\1099_nec_2026_000138_scan_hard_02.json,1.3743,1.2624,9.035,63
1099_nec_2026_000139_scan_mild_01,1099_nec_2026_000139,1099_nec,train,mild,data\processed\irs_scan_variants\1099_nec\train\1099_nec_2026_000139_scan_mild_01.jpg,data\annotations\irs_scan_variants\1099_nec\train\1099_nec_2026_000139_scan_mild_01.json,1.2491,0.6285,2.0711,83
1099_nec_2026_000139_scan_hard_02,1099_nec_2026_000139,1099_nec,train,hard,data\processed\irs_scan_variants\1099_nec\train\1099_nec_2026_000139_scan_hard_02.jpg,data\annotations\irs_scan_variants\1099_nec\train\1099_nec_2026_000139_scan_hard_02.json,0.8995,1.2479,5.373,57
1099_nec_2026_000140_scan_mild_01,1099_nec_2026_000140,1099_nec,train,mild,data\processed\irs_scan_variants\1099_nec\train\1099_nec_2026_000140_scan_mild_01.jpg,data\annotations\irs_scan_variants\1099_nec\train\1099_nec_2026_000140_scan_mild_01.json,-0.7339,0.2606,4.4451,72
1099_nec_2026_000140_scan_hard_02,1099_nec_2026_000140,1099_nec,train,hard,data\processed\irs_scan_variants\1099_nec\train\1099_nec_2026_000140_scan_hard_02.jpg,data\annotations\irs_scan_variants\1099_nec\train\1099_nec_2026_000140_scan_hard_02.json,-1.5503,1.1461,8.8657,63
1099_nec_2026_000141_scan_mild_01,1099_nec_2026_000141,1099_nec,test,mild,data\processed\irs_scan_variants\1099_nec\test\1099_nec_2026_000141_scan_mild_01.jpg,data\annotations\irs_scan_variants\1099_nec\test\1099_nec_2026_000141_scan_mild_01.json,1.0556,0.3378,3.1322,79
1099_nec_2026_000141_scan_hard_02,1099_nec_2026_000141,1099_nec,test,hard,data\processed\irs_scan_variants\1099_nec\test\1099_nec_2026_000141_scan_hard_02.jpg,data\annotations\irs_scan_variants\1099_nec\test\1099_nec_2026_000141_scan_hard_02.json,0.9364,0.6625,6.7407,51
1099_nec_2026_000142_scan_mild_01,1099_nec_2026_000142,1099_nec,train,mild,data\processed\irs_scan_variants\1099_nec\train\1099_nec_2026_000142_scan_mild_01.jpg,data\annotations\irs_scan_variants\1099_nec\train\1099_nec_2026_000142_scan_mild_01.json,0.7244,0.4236,4.2023,82
1099_nec_2026_000142_scan_hard_02,1099_nec_2026_000142,1099_nec,train,hard,data\processed\irs_scan_variants\1099_nec\train\1099_nec_2026_000142_scan_hard_02.jpg,data\annotations\irs_scan_variants\1099_nec\train\1099_nec_2026_000142_scan_hard_02.json,-1.8125,0.7577,7.1614,49
1099_nec_2026_000143_scan_mild_01,1099_nec_2026_000143,1099_nec,train,mild,data\processed\irs_scan_variants\1099_nec\train\1099_nec_2026_000143_scan_mild_01.jpg,data\annotations\irs_scan_variants\1099_nec\train\1099_nec_2026_000143_scan_mild_01.json,0.0441,0.4573,4.9909,76
1099_nec_2026_000143_scan_hard_02,1099_nec_2026_000143,1099_nec,train,hard,data\processed\irs_scan_variants\1099_nec\train\1099_nec_2026_000143_scan_hard_02.jpg,data\annotations\irs_scan_variants\1099_nec\train\1099_nec_2026_000143_scan_hard_02.json,-0.7237,1.0629,6.9173,70
1099_nec_2026_000144_scan_mild_01,1099_nec_2026_000144,1099_nec,test,mild,data\processed\irs_scan_variants\1099_nec\test\1099_nec_2026_000144_scan_mild_01.jpg,data\annotations\irs_scan_variants\1099_nec\test\1099_nec_2026_000144_scan_mild_01.json,-0.3321,0.1581,2.6852,82
1099_nec_2026_000144_scan_hard_02,1099_nec_2026_000144,1099_nec,test,hard,data\processed\irs_scan_variants\1099_nec\test\1099_nec_2026_000144_scan_hard_02.jpg,data\annotations\irs_scan_variants\1099_nec\test\1099_nec_2026_000144_scan_hard_02.json,0.8443,0.8263,6.0163,61
1099_nec_2026_000145_scan_mild_01,1099_nec_2026_000145,1099_nec,test,mild,data\processed\irs_scan_variants\1099_nec\test\1099_nec_2026_000145_scan_mild_01.jpg,data\annotations\irs_scan_variants\1099_nec\test\1099_nec_2026_000145_scan_mild_01.json,-0.5015,0.2323,3.0645,73
1099_nec_2026_000145_scan_hard_02,1099_nec_2026_000145,1099_nec,test,hard,data\processed\irs_scan_variants\1099_nec\test\1099_nec_2026_000145_scan_hard_02.jpg,data\annotations\irs_scan_variants\1099_nec\test\1099_nec_2026_000145_scan_hard_02.json,1.7227,0.8574,5.4808,50
1099_nec_2026_000146_scan_mild_01,1099_nec_2026_000146,1099_nec,train,mild,data\processed\irs_scan_variants\1099_nec\train\1099_nec_2026_000146_scan_mild_01.jpg,data\annotations\irs_scan_variants\1099_nec\train\1099_nec_2026_000146_scan_mild_01.json,-0.1873,0.2436,2.9563,79
1099_nec_2026_000146_scan_hard_02,1099_nec_2026_000146,1099_nec,train,hard,data\processed\irs_scan_variants\1099_nec\train\1099_nec_2026_000146_scan_hard_02.jpg,data\annotations\irs_scan_variants\1099_nec\train\1099_nec_2026_000146_scan_hard_02.json,-1.7741,0.8969,7.1646,57
1099_nec_2026_000147_scan_mild_01,1099_nec_2026_000147,1099_nec,validation,mild,data\processed\irs_scan_variants\1099_nec\validation\1099_nec_2026_000147_scan_mild_01.jpg,data\annotations\irs_scan_variants\1099_nec\validation\1099_nec_2026_000147_scan_mild_01.json,0.2524,0.1598,3.7438,74
1099_nec_2026_000147_scan_hard_02,1099_nec_2026_000147,1099_nec,validation,hard,data\processed\irs_scan_variants\1099_nec\validation\1099_nec_2026_000147_scan_hard_02.jpg,data\annotations\irs_scan_variants\1099_nec\validation\1099_nec_2026_000147_scan_hard_02.json,0.3199,0.9183,8.591,54
1099_nec_2026_000148_scan_mild_01,1099_nec_2026_000148,1099_nec,train,mild,data\processed\irs_scan_variants\1099_nec\train\1099_nec_2026_000148_scan_mild_01.jpg,data\annotations\irs_scan_variants\1099_nec\train\1099_nec_2026_000148_scan_mild_01.json,-0.7992,0.636,4.9119,89
1099_nec_2026_000148_scan_hard_02,1099_nec_2026_000148,1099_nec,train,hard,data\processed\irs_scan_variants\1099_nec\train\1099_nec_2026_000148_scan_hard_02.jpg,data\annotations\irs_scan_variants\1099_nec\train\1099_nec_2026_000148_scan_hard_02.json,-1.6817,0.8634,9.2191,51
1099_nec_2026_000149_scan_mild_01,1099_nec_2026_000149,1099_nec,train,mild,data\processed\irs_scan_variants\1099_nec\train\1099_nec_2026_000149_scan_mild_01.jpg,data\annotations\irs_scan_variants\1099_nec\train\1099_nec_2026_000149_scan_mild_01.json,0.3079,0.1589,2.5641,89
1099_nec_2026_000149_scan_hard_02,1099_nec_2026_000149,1099_nec,train,hard,data\processed\irs_scan_variants\1099_nec\train\1099_nec_2026_000149_scan_hard_02.jpg,data\annotations\irs_scan_variants\1099_nec\train\1099_nec_2026_000149_scan_hard_02.json,2.4885,0.7877,8.7711,63
1099_nec_2026_000150_scan_mild_01,1099_nec_2026_000150,1099_nec,train,mild,data\processed\irs_scan_variants\1099_nec\train\1099_nec_2026_000150_scan_mild_01.jpg,data\annotations\irs_scan_variants\1099_nec\train\1099_nec_2026_000150_scan_mild_01.json,0.9299,0.266,3.4427,82
1099_nec_2026_000150_scan_hard_02,1099_nec_2026_000150,1099_nec,train,hard,data\processed\irs_scan_variants\1099_nec\train\1099_nec_2026_000150_scan_hard_02.jpg,data\annotations\irs_scan_variants\1099_nec\train\1099_nec_2026_000150_scan_hard_02.json,-2.4618,1.1865,6.2587,56
1099_nec_2026_000151_scan_mild_01,1099_nec_2026_000151,1099_nec,train,mild,data\processed\irs_scan_variants\1099_nec\train\1099_nec_2026_000151_scan_mild_01.jpg,data\annotations\irs_scan_variants\1099_nec\train\1099_nec_2026_000151_scan_mild_01.json,1.2237,0.3067,2.2658,78
1099_nec_2026_000151_scan_hard_02,1099_nec_2026_000151,1099_nec,train,hard,data\processed\irs_scan_variants\1099_nec\train\1099_nec_2026_000151_scan_hard_02.jpg,data\annotations\irs_scan_variants\1099_nec\train\1099_nec_2026_000151_scan_hard_02.json,-2.3185,1.0699,9.2687,59
1099_nec_2026_000152_scan_mild_01,1099_nec_2026_000152,1099_nec,train,mild,data\processed\irs_scan_variants\1099_nec\train\1099_nec_2026_000152_scan_mild_01.jpg,data\annotations\irs_scan_variants\1099_nec\train\1099_nec_2026_000152_scan_mild_01.json,0.7473,0.4432,3.3407,85
1099_nec_2026_000152_scan_hard_02,1099_nec_2026_000152,1099_nec,train,hard,data\processed\irs_scan_variants\1099_nec\train\1099_nec_2026_000152_scan_hard_02.jpg,data\annotations\irs_scan_variants\1099_nec\train\1099_nec_2026_000152_scan_hard_02.json,-2.1677,0.7036,9.1196,50
1099_nec_2026_000153_scan_mild_01,1099_nec_2026_000153,1099_nec,train,mild,data\processed\irs_scan_variants\1099_nec\train\1099_nec_2026_000153_scan_mild_01.jpg,data\annotations\irs_scan_variants\1099_nec\train\1099_nec_2026_000153_scan_mild_01.json,0.3198,0.4351,2.277,84
1099_nec_2026_000153_scan_hard_02,1099_nec_2026_000153,1099_nec,train,hard,data\processed\irs_scan_variants\1099_nec\train\1099_nec_2026_000153_scan_hard_02.jpg,data\annotations\irs_scan_variants\1099_nec\train\1099_nec_2026_000153_scan_hard_02.json,-1.0469,1.1856,7.6009,68
1099_nec_2026_000154_scan_mild_01,1099_nec_2026_000154,1099_nec,train,mild,data\processed\irs_scan_variants\1099_nec\train\1099_nec_2026_000154_scan_mild_01.jpg,data\annotations\irs_scan_variants\1099_nec\train\1099_nec_2026_000154_scan_mild_01.json,-0.3038,0.3831,2.4824,87
1099_nec_2026_000154_scan_hard_02,1099_nec_2026_000154,1099_nec,train,hard,data\processed\irs_scan_variants\1099_nec\train\1099_nec_2026_000154_scan_hard_02.jpg,data\annotations\irs_scan_variants\1099_nec\train\1099_nec_2026_000154_scan_hard_02.json,1.4418,1.2759,5.7912,57
1099_nec_2026_000155_scan_mild_01,1099_nec_2026_000155,1099_nec,train,mild,data\processed\irs_scan_variants\1099_nec\train\1099_nec_2026_000155_scan_mild_01.jpg,data\annotations\irs_scan_variants\1099_nec\train\1099_nec_2026_000155_scan_mild_01.json,-0.7902,0.5538,2.8935,86
1099_nec_2026_000155_scan_hard_02,1099_nec_2026_000155,1099_nec,train,hard,data\processed\irs_scan_variants\1099_nec\train\1099_nec_2026_000155_scan_hard_02.jpg,data\annotations\irs_scan_variants\1099_nec\train\1099_nec_2026_000155_scan_hard_02.json,-1.373,0.8418,8.6965,63
1099_nec_2026_000156_scan_mild_01,1099_nec_2026_000156,1099_nec,validation,mild,data\processed\irs_scan_variants\1099_nec\validation\1099_nec_2026_000156_scan_mild_01.jpg,data\annotations\irs_scan_variants\1099_nec\validation\1099_nec_2026_000156_scan_mild_01.json,0.2644,0.5513,4.0405,84
1099_nec_2026_000156_scan_hard_02,1099_nec_2026_000156,1099_nec,validation,hard,data\processed\irs_scan_variants\1099_nec\validation\1099_nec_2026_000156_scan_hard_02.jpg,data\annotations\irs_scan_variants\1099_nec\validation\1099_nec_2026_000156_scan_hard_02.json,-1.9184,0.9266,8.7688,63
1099_nec_2026_000157_scan_mild_01,1099_nec_2026_000157,1099_nec,test,mild,data\processed\irs_scan_variants\1099_nec\test\1099_nec_2026_000157_scan_mild_01.jpg,data\annotations\irs_scan_variants\1099_nec\test\1099_nec_2026_000157_scan_mild_01.json,0.5633,0.5845,2.3864,76
1099_nec_2026_000157_scan_hard_02,1099_nec_2026_000157,1099_nec,test,hard,data\processed\irs_scan_variants\1099_nec\test\1099_nec_2026_000157_scan_hard_02.jpg,data\annotations\irs_scan_variants\1099_nec\test\1099_nec_2026_000157_scan_hard_02.json,-0.3123,1.3028,9.5995,67
1099_nec_2026_000158_scan_mild_01,1099_nec_2026_000158,1099_nec,train,mild,data\processed\irs_scan_variants\1099_nec\train\1099_nec_2026_000158_scan_mild_01.jpg,data\annotations\irs_scan_variants\1099_nec\train\1099_nec_2026_000158_scan_mild_01.json,0.3807,0.2781,2.5354,72
1099_nec_2026_000158_scan_hard_02,1099_nec_2026_000158,1099_nec,train,hard,data\processed\irs_scan_variants\1099_nec\train\1099_nec_2026_000158_scan_hard_02.jpg,data\annotations\irs_scan_variants\1099_nec\train\1099_nec_2026_000158_scan_hard_02.json,0.1585,1.2016,7.3369,53
1099_nec_2026_000159_scan_mild_01,1099_nec_2026_000159,1099_nec,train,mild,data\processed\irs_scan_variants\1099_nec\train\1099_nec_2026_000159_scan_mild_01.jpg,data\annotations\irs_scan_variants\1099_nec\train\1099_nec_2026_000159_scan_mild_01.json,-1.0394,0.3141,3.5988,88
1099_nec_2026_000159_scan_hard_02,1099_nec_2026_000159,1099_nec,train,hard,data\processed\irs_scan_variants\1099_nec\train\1099_nec_2026_000159_scan_hard_02.jpg,data\annotations\irs_scan_variants\1099_nec\train\1099_nec_2026_000159_scan_hard_02.json,-0.0314,0.8446,5.9088,60
1099_nec_2026_000160_scan_mild_01,1099_nec_2026_000160,1099_nec,train,mild,data\processed\irs_scan_variants\1099_nec\train\1099_nec_2026_000160_scan_mild_01.jpg,data\annotations\irs_scan_variants\1099_nec\train\1099_nec_2026_000160_scan_mild_01.json,-0.6521,0.5791,2.5511,73
1099_nec_2026_000160_scan_hard_02,1099_nec_2026_000160,1099_nec,train,hard,data\processed\irs_scan_variants\1099_nec\train\1099_nec_2026_000160_scan_hard_02.jpg,data\annotations\irs_scan_variants\1099_nec\train\1099_nec_2026_000160_scan_hard_02.json,-0.6206,0.6601,9.6067,53
1099_nec_2026_000161_scan_mild_01,1099_nec_2026_000161,1099_nec,train,mild,data\processed\irs_scan_variants\1099_nec\train\1099_nec_2026_000161_scan_mild_01.jpg,data\annotations\irs_scan_variants\1099_nec\train\1099_nec_2026_000161_scan_mild_01.json,-0.3745,0.5577,2.4361,84
1099_nec_2026_000161_scan_hard_02,1099_nec_2026_000161,1099_nec,train,hard,data\processed\irs_scan_variants\1099_nec\train\1099_nec_2026_000161_scan_hard_02.jpg,data\annotations\irs_scan_variants\1099_nec\train\1099_nec_2026_000161_scan_hard_02.json,-2.0351,0.8746,5.3072,65
1099_nec_2026_000162_scan_mild_01,1099_nec_2026_000162,1099_nec,train,mild,data\processed\irs_scan_variants\1099_nec\train\1099_nec_2026_000162_scan_mild_01.jpg,data\annotations\irs_scan_variants\1099_nec\train\1099_nec_2026_000162_scan_mild_01.json,-0.07,0.5914,3.472,77
1099_nec_2026_000162_scan_hard_02,1099_nec_2026_000162,1099_nec,train,hard,data\processed\irs_scan_variants\1099_nec\train\1099_nec_2026_000162_scan_hard_02.jpg,data\annotations\irs_scan_variants\1099_nec\train\1099_nec_2026_000162_scan_hard_02.json,0.4616,0.9445,7.9694,55
1099_nec_2026_000163_scan_mild_01,1099_nec_2026_000163,1099_nec,train,mild,data\processed\irs_scan_variants\1099_nec\train\1099_nec_2026_000163_scan_mild_01.jpg,data\annotations\irs_scan_variants\1099_nec\train\1099_nec_2026_000163_scan_mild_01.json,0.0675,0.5282,2.1872,73
1099_nec_2026_000163_scan_hard_02,1099_nec_2026_000163,1099_nec,train,hard,data\processed\irs_scan_variants\1099_nec\train\1099_nec_2026_000163_scan_hard_02.jpg,data\annotations\irs_scan_variants\1099_nec\train\1099_nec_2026_000163_scan_hard_02.json,-0.3827,1.1081,7.5809,50
1099_nec_2026_000164_scan_mild_01,1099_nec_2026_000164,1099_nec,train,mild,data\processed\irs_scan_variants\1099_nec\train\1099_nec_2026_000164_scan_mild_01.jpg,data\annotations\irs_scan_variants\1099_nec\train\1099_nec_2026_000164_scan_mild_01.json,0.3871,0.625,3.2002,73
1099_nec_2026_000164_scan_hard_02,1099_nec_2026_000164,1099_nec,train,hard,data\processed\irs_scan_variants\1099_nec\train\1099_nec_2026_000164_scan_hard_02.jpg,data\annotations\irs_scan_variants\1099_nec\train\1099_nec_2026_000164_scan_hard_02.json,-0.1814,0.9919,7.6936,66
1099_nec_2026_000165_scan_mild_01,1099_nec_2026_000165,1099_nec,validation,mild,data\processed\irs_scan_variants\1099_nec\validation\1099_nec_2026_000165_scan_mild_01.jpg,data\annotations\irs_scan_variants\1099_nec\validation\1099_nec_2026_000165_scan_mild_01.json,1.1873,0.2166,4.2664,78
1099_nec_2026_000165_scan_hard_02,1099_nec_2026_000165,1099_nec,validation,hard,data\processed\irs_scan_variants\1099_nec\validation\1099_nec_2026_000165_scan_hard_02.jpg,data\annotations\irs_scan_variants\1099_nec\validation\1099_nec_2026_000165_scan_hard_02.json,2.4611,1.0375,5.2183,65
1099_nec_2026_000166_scan_mild_01,1099_nec_2026_000166,1099_nec,train,mild,data\processed\irs_scan_variants\1099_nec\train\1099_nec_2026_000166_scan_mild_01.jpg,data\annotations\irs_scan_variants\1099_nec\train\1099_nec_2026_000166_scan_mild_01.json,1.1531,0.4115,2.7323,72
1099_nec_2026_000166_scan_hard_02,1099_nec_2026_000166,1099_nec,train,hard,data\processed\irs_scan_variants\1099_nec\train\1099_nec_2026_000166_scan_hard_02.jpg,data\annotations\irs_scan_variants\1099_nec\train\1099_nec_2026_000166_scan_hard_02.json,0.5162,1.247,8.0423,65
1099_nec_2026_000167_scan_mild_01,1099_nec_2026_000167,1099_nec,validation,mild,data\processed\irs_scan_variants\1099_nec\validation\1099_nec_2026_000167_scan_mild_01.jpg,data\annotations\irs_scan_variants\1099_nec\validation\1099_nec_2026_000167_scan_mild_01.json,0.684,0.1799,4.9176,90
1099_nec_2026_000167_scan_hard_02,1099_nec_2026_000167,1099_nec,validation,hard,data\processed\irs_scan_variants\1099_nec\validation\1099_nec_2026_000167_scan_hard_02.jpg,data\annotations\irs_scan_variants\1099_nec\validation\1099_nec_2026_000167_scan_hard_02.json,0.7399,1.1212,7.0264,53
1099_nec_2026_000168_scan_mild_01,1099_nec_2026_000168,1099_nec,train,mild,data\processed\irs_scan_variants\1099_nec\train\1099_nec_2026_000168_scan_mild_01.jpg,data\annotations\irs_scan_variants\1099_nec\train\1099_nec_2026_000168_scan_mild_01.json,1.2288,0.491,2.6336,90
1099_nec_2026_000168_scan_hard_02,1099_nec_2026_000168,1099_nec,train,hard,data\processed\irs_scan_variants\1099_nec\train\1099_nec_2026_000168_scan_hard_02.jpg,data\annotations\irs_scan_variants\1099_nec\train\1099_nec_2026_000168_scan_hard_02.json,0.1332,1.2143,5.558,52
1099_nec_2026_000169_scan_mild_01,1099_nec_2026_000169,1099_nec,validation,mild,data\processed\irs_scan_variants\1099_nec\validation\1099_nec_2026_000169_scan_mild_01.jpg,data\annotations\irs_scan_variants\1099_nec\validation\1099_nec_2026_000169_scan_mild_01.json,-0.9272,0.3649,4.8761,87
1099_nec_2026_000169_scan_hard_02,1099_nec_2026_000169,1099_nec,validation,hard,data\processed\irs_scan_variants\1099_nec\validation\1099_nec_2026_000169_scan_hard_02.jpg,data\annotations\irs_scan_variants\1099_nec\validation\1099_nec_2026_000169_scan_hard_02.json,2.3786,1.3365,8.0102,48
1099_nec_2026_000170_scan_mild_01,1099_nec_2026_000170,1099_nec,train,mild,data\processed\irs_scan_variants\1099_nec\train\1099_nec_2026_000170_scan_mild_01.jpg,data\annotations\irs_scan_variants\1099_nec\train\1099_nec_2026_000170_scan_mild_01.json,1.1491,0.4043,4.3703,80
1099_nec_2026_000170_scan_hard_02,1099_nec_2026_000170,1099_nec,train,hard,data\processed\irs_scan_variants\1099_nec\train\1099_nec_2026_000170_scan_hard_02.jpg,data\annotations\irs_scan_variants\1099_nec\train\1099_nec_2026_000170_scan_hard_02.json,0.3415,0.8586,7.5523,70
1099_nec_2026_000171_scan_mild_01,1099_nec_2026_000171,1099_nec,train,mild,data\processed\irs_scan_variants\1099_nec\train\1099_nec_2026_000171_scan_mild_01.jpg,data\annotations\irs_scan_variants\1099_nec\train\1099_nec_2026_000171_scan_mild_01.json,0.8524,0.1932,2.4265,90
1099_nec_2026_000171_scan_hard_02,1099_nec_2026_000171,1099_nec,train,hard,data\processed\irs_scan_variants\1099_nec\train\1099_nec_2026_000171_scan_hard_02.jpg,data\annotations\irs_scan_variants\1099_nec\train\1099_nec_2026_000171_scan_hard_02.json,1.8858,0.7462,9.136,69
1099_nec_2026_000172_scan_mild_01,1099_nec_2026_000172,1099_nec,test,mild,data\processed\irs_scan_variants\1099_nec\test\1099_nec_2026_000172_scan_mild_01.jpg,data\annotations\irs_scan_variants\1099_nec\test\1099_nec_2026_000172_scan_mild_01.json,0.1839,0.4701,2.109,85
1099_nec_2026_000172_scan_hard_02,1099_nec_2026_000172,1099_nec,test,hard,data\processed\irs_scan_variants\1099_nec\test\1099_nec_2026_000172_scan_hard_02.jpg,data\annotations\irs_scan_variants\1099_nec\test\1099_nec_2026_000172_scan_hard_02.json,1.3121,0.8577,5.9712,53
1099_nec_2026_000173_scan_mild_01,1099_nec_2026_000173,1099_nec,train,mild,data\processed\irs_scan_variants\1099_nec\train\1099_nec_2026_000173_scan_mild_01.jpg,data\annotations\irs_scan_variants\1099_nec\train\1099_nec_2026_000173_scan_mild_01.json,-0.4933,0.4098,3.6192,83
1099_nec_2026_000173_scan_hard_02,1099_nec_2026_000173,1099_nec,train,hard,data\processed\irs_scan_variants\1099_nec\train\1099_nec_2026_000173_scan_hard_02.jpg,data\annotations\irs_scan_variants\1099_nec\train\1099_nec_2026_000173_scan_hard_02.json,-1.9971,0.8844,6.7257,52
1099_nec_2026_000174_scan_mild_01,1099_nec_2026_000174,1099_nec,train,mild,data\processed\irs_scan_variants\1099_nec\train\1099_nec_2026_000174_scan_mild_01.jpg,data\annotations\irs_scan_variants\1099_nec\train\1099_nec_2026_000174_scan_mild_01.json,-0.0638,0.3439,2.0969,85
1099_nec_2026_000174_scan_hard_02,1099_nec_2026_000174,1099_nec,train,hard,data\processed\irs_scan_variants\1099_nec\train\1099_nec_2026_000174_scan_hard_02.jpg,data\annotations\irs_scan_variants\1099_nec\train\1099_nec_2026_000174_scan_hard_02.json,-1.9781,1.3222,5.1279,59
1099_nec_2026_000175_scan_mild_01,1099_nec_2026_000175,1099_nec,train,mild,data\processed\irs_scan_variants\1099_nec\train\1099_nec_2026_000175_scan_mild_01.jpg,data\annotations\irs_scan_variants\1099_nec\train\1099_nec_2026_000175_scan_mild_01.json,0.0348,0.4496,4.3751,85
1099_nec_2026_000175_scan_hard_02,1099_nec_2026_000175,1099_nec,train,hard,data\processed\irs_scan_variants\1099_nec\train\1099_nec_2026_000175_scan_hard_02.jpg,data\annotations\irs_scan_variants\1099_nec\train\1099_nec_2026_000175_scan_hard_02.json,-0.1951,1.3293,6.896,56
1099_nec_2026_000176_scan_mild_01,1099_nec_2026_000176,1099_nec,train,mild,data\processed\irs_scan_variants\1099_nec\train\1099_nec_2026_000176_scan_mild_01.jpg,data\annotations\irs_scan_variants\1099_nec\train\1099_nec_2026_000176_scan_mild_01.json,-1.126,0.4849,4.3799,90
1099_nec_2026_000176_scan_hard_02,1099_nec_2026_000176,1099_nec,train,hard,data\processed\irs_scan_variants\1099_nec\train\1099_nec_2026_000176_scan_hard_02.jpg,data\annotations\irs_scan_variants\1099_nec\train\1099_nec_2026_000176_scan_hard_02.json,-0.9611,1.2673,8.296,56
1099_nec_2026_000177_scan_mild_01,1099_nec_2026_000177,1099_nec,train,mild,data\processed\irs_scan_variants\1099_nec\train\1099_nec_2026_000177_scan_mild_01.jpg,data\annotations\irs_scan_variants\1099_nec\train\1099_nec_2026_000177_scan_mild_01.json,0.7672,0.5677,4.4459,88
1099_nec_2026_000177_scan_hard_02,1099_nec_2026_000177,1099_nec,train,hard,data\processed\irs_scan_variants\1099_nec\train\1099_nec_2026_000177_scan_hard_02.jpg,data\annotations\irs_scan_variants\1099_nec\train\1099_nec_2026_000177_scan_hard_02.json,-0.932,1.1011,7.8607,51
1099_nec_2026_000178_scan_mild_01,1099_nec_2026_000178,1099_nec,train,mild,data\processed\irs_scan_variants\1099_nec\train\1099_nec_2026_000178_scan_mild_01.jpg,data\annotations\irs_scan_variants\1099_nec\train\1099_nec_2026_000178_scan_mild_01.json,-0.6163,0.285,4.1921,74
1099_nec_2026_000178_scan_hard_02,1099_nec_2026_000178,1099_nec,train,hard,data\processed\irs_scan_variants\1099_nec\train\1099_nec_2026_000178_scan_hard_02.jpg,data\annotations\irs_scan_variants\1099_nec\train\1099_nec_2026_000178_scan_hard_02.json,1.0684,0.8536,8.9058,53
1099_nec_2026_000179_scan_mild_01,1099_nec_2026_000179,1099_nec,train,mild,data\processed\irs_scan_variants\1099_nec\train\1099_nec_2026_000179_scan_mild_01.jpg,data\annotations\irs_scan_variants\1099_nec\train\1099_nec_2026_000179_scan_mild_01.json,-0.0206,0.4505,4.7602,82
1099_nec_2026_000179_scan_hard_02,1099_nec_2026_000179,1099_nec,train,hard,data\processed\irs_scan_variants\1099_nec\train\1099_nec_2026_000179_scan_hard_02.jpg,data\annotations\irs_scan_variants\1099_nec\train\1099_nec_2026_000179_scan_hard_02.json,-1.3508,0.6669,6.3121,65
1099_nec_2026_000180_scan_mild_01,1099_nec_2026_000180,1099_nec,train,mild,data\processed\irs_scan_variants\1099_nec\train\1099_nec_2026_000180_scan_mild_01.jpg,data\annotations\irs_scan_variants\1099_nec\train\1099_nec_2026_000180_scan_mild_01.json,0.4855,0.3393,3.1118,88
1099_nec_2026_000180_scan_hard_02,1099_nec_2026_000180,1099_nec,train,hard,data\processed\irs_scan_variants\1099_nec\train\1099_nec_2026_000180_scan_hard_02.jpg,data\annotations\irs_scan_variants\1099_nec\train\1099_nec_2026_000180_scan_hard_02.json,-1.712,1.0129,6.5761,53
1099_nec_2026_000181_scan_mild_01,1099_nec_2026_000181,1099_nec,train,mild,data\processed\irs_scan_variants\1099_nec\train\1099_nec_2026_000181_scan_mild_01.jpg,data\annotations\irs_scan_variants\1099_nec\train\1099_nec_2026_000181_scan_mild_01.json,0.6923,0.5787,4.7223,82
1099_nec_2026_000181_scan_hard_02,1099_nec_2026_000181,1099_nec,train,hard,data\processed\irs_scan_variants\1099_nec\train\1099_nec_2026_000181_scan_hard_02.jpg,data\annotations\irs_scan_variants\1099_nec\train\1099_nec_2026_000181_scan_hard_02.json,0.6572,0.7243,5.1977,54
1099_nec_2026_000182_scan_mild_01,1099_nec_2026_000182,1099_nec,train,mild,data\processed\irs_scan_variants\1099_nec\train\1099_nec_2026_000182_scan_mild_01.jpg,data\annotations\irs_scan_variants\1099_nec\train\1099_nec_2026_000182_scan_mild_01.json,0.8858,0.1518,2.5193,78
1099_nec_2026_000182_scan_hard_02,1099_nec_2026_000182,1099_nec,train,hard,data\processed\irs_scan_variants\1099_nec\train\1099_nec_2026_000182_scan_hard_02.jpg,data\annotations\irs_scan_variants\1099_nec\train\1099_nec_2026_000182_scan_hard_02.json,-0.9877,0.7694,8.0516,69
1099_nec_2026_000183_scan_mild_01,1099_nec_2026_000183,1099_nec,validation,mild,data\processed\irs_scan_variants\1099_nec\validation\1099_nec_2026_000183_scan_mild_01.jpg,data\annotations\irs_scan_variants\1099_nec\validation\1099_nec_2026_000183_scan_mild_01.json,-1.2251,0.2527,3.2436,77
1099_nec_2026_000183_scan_hard_02,1099_nec_2026_000183,1099_nec,validation,hard,data\processed\irs_scan_variants\1099_nec\validation\1099_nec_2026_000183_scan_hard_02.jpg,data\annotations\irs_scan_variants\1099_nec\validation\1099_nec_2026_000183_scan_hard_02.json,0.0021,1.2461,9.8416,60
1099_nec_2026_000184_scan_mild_01,1099_nec_2026_000184,1099_nec,train,mild,data\processed\irs_scan_variants\1099_nec\train\1099_nec_2026_000184_scan_mild_01.jpg,data\annotations\irs_scan_variants\1099_nec\train\1099_nec_2026_000184_scan_mild_01.json,-0.1756,0.6153,3.4441,88
1099_nec_2026_000184_scan_hard_02,1099_nec_2026_000184,1099_nec,train,hard,data\processed\irs_scan_variants\1099_nec\train\1099_nec_2026_000184_scan_hard_02.jpg,data\annotations\irs_scan_variants\1099_nec\train\1099_nec_2026_000184_scan_hard_02.json,-0.3838,0.8699,6.3078,51
1099_nec_2026_000185_scan_mild_01,1099_nec_2026_000185,1099_nec,validation,mild,data\processed\irs_scan_variants\1099_nec\validation\1099_nec_2026_000185_scan_mild_01.jpg,data\annotations\irs_scan_variants\1099_nec\validation\1099_nec_2026_000185_scan_mild_01.json,-0.6577,0.4513,4.2178,74
1099_nec_2026_000185_scan_hard_02,1099_nec_2026_000185,1099_nec,validation,hard,data\processed\irs_scan_variants\1099_nec\validation\1099_nec_2026_000185_scan_hard_02.jpg,data\annotations\irs_scan_variants\1099_nec\validation\1099_nec_2026_000185_scan_hard_02.json,2.0743,1.1936,8.3657,66
1099_nec_2026_000186_scan_mild_01,1099_nec_2026_000186,1099_nec,test,mild,data\processed\irs_scan_variants\1099_nec\test\1099_nec_2026_000186_scan_mild_01.jpg,data\annotations\irs_scan_variants\1099_nec\test\1099_nec_2026_000186_scan_mild_01.json,0.7702,0.6453,4.7662,83
1099_nec_2026_000186_scan_hard_02,1099_nec_2026_000186,1099_nec,test,hard,data\processed\irs_scan_variants\1099_nec\test\1099_nec_2026_000186_scan_hard_02.jpg,data\annotations\irs_scan_variants\1099_nec\test\1099_nec_2026_000186_scan_hard_02.json,0.0427,0.8037,9.9814,61
1099_nec_2026_000187_scan_mild_01,1099_nec_2026_000187,1099_nec,train,mild,data\processed\irs_scan_variants\1099_nec\train\1099_nec_2026_000187_scan_mild_01.jpg,data\annotations\irs_scan_variants\1099_nec\train\1099_nec_2026_000187_scan_mild_01.json,-0.2877,0.5061,3.0907,73
1099_nec_2026_000187_scan_hard_02,1099_nec_2026_000187,1099_nec,train,hard,data\processed\irs_scan_variants\1099_nec\train\1099_nec_2026_000187_scan_hard_02.jpg,data\annotations\irs_scan_variants\1099_nec\train\1099_nec_2026_000187_scan_hard_02.json,1.3237,1.1304,9.9746,49
1099_nec_2026_000188_scan_mild_01,1099_nec_2026_000188,1099_nec,validation,mild,data\processed\irs_scan_variants\1099_nec\validation\1099_nec_2026_000188_scan_mild_01.jpg,data\annotations\irs_scan_variants\1099_nec\validation\1099_nec_2026_000188_scan_mild_01.json,-0.761,0.4749,3.1361,85
1099_nec_2026_000188_scan_hard_02,1099_nec_2026_000188,1099_nec,validation,hard,data\processed\irs_scan_variants\1099_nec\validation\1099_nec_2026_000188_scan_hard_02.jpg,data\annotations\irs_scan_variants\1099_nec\validation\1099_nec_2026_000188_scan_hard_02.json,-2.1189,0.9281,7.6207,48
1099_nec_2026_000189_scan_mild_01,1099_nec_2026_000189,1099_nec,train,mild,data\processed\irs_scan_variants\1099_nec\train\1099_nec_2026_000189_scan_mild_01.jpg,data\annotations\irs_scan_variants\1099_nec\train\1099_nec_2026_000189_scan_mild_01.json,-0.0495,0.2283,3.8809,85
1099_nec_2026_000189_scan_hard_02,1099_nec_2026_000189,1099_nec,train,hard,data\processed\irs_scan_variants\1099_nec\train\1099_nec_2026_000189_scan_hard_02.jpg,data\annotations\irs_scan_variants\1099_nec\train\1099_nec_2026_000189_scan_hard_02.json,-0.1748,0.7327,5.3666,49
1099_nec_2026_000190_scan_mild_01,1099_nec_2026_000190,1099_nec,train,mild,data\processed\irs_scan_variants\1099_nec\train\1099_nec_2026_000190_scan_mild_01.jpg,data\annotations\irs_scan_variants\1099_nec\train\1099_nec_2026_000190_scan_mild_01.json,-0.8576,0.4521,3.5314,80
1099_nec_2026_000190_scan_hard_02,1099_nec_2026_000190,1099_nec,train,hard,data\processed\irs_scan_variants\1099_nec\train\1099_nec_2026_000190_scan_hard_02.jpg,data\annotations\irs_scan_variants\1099_nec\train\1099_nec_2026_000190_scan_hard_02.json,0.9548,0.821,8.191,61
1099_nec_2026_000191_scan_mild_01,1099_nec_2026_000191,1099_nec,train,mild,data\processed\irs_scan_variants\1099_nec\train\1099_nec_2026_000191_scan_mild_01.jpg,data\annotations\irs_scan_variants\1099_nec\train\1099_nec_2026_000191_scan_mild_01.json,-0.5449,0.4886,2.6304,80
1099_nec_2026_000191_scan_hard_02,1099_nec_2026_000191,1099_nec,train,hard,data\processed\irs_scan_variants\1099_nec\train\1099_nec_2026_000191_scan_hard_02.jpg,data\annotations\irs_scan_variants\1099_nec\train\1099_nec_2026_000191_scan_hard_02.json,-1.2137,1.0282,5.5069,56
1099_nec_2026_000192_scan_mild_01,1099_nec_2026_000192,1099_nec,train,mild,data\processed\irs_scan_variants\1099_nec\train\1099_nec_2026_000192_scan_mild_01.jpg,data\annotations\irs_scan_variants\1099_nec\train\1099_nec_2026_000192_scan_mild_01.json,-1.138,0.2781,2.8335,85
1099_nec_2026_000192_scan_hard_02,1099_nec_2026_000192,1099_nec,train,hard,data\processed\irs_scan_variants\1099_nec\train\1099_nec_2026_000192_scan_hard_02.jpg,data\annotations\irs_scan_variants\1099_nec\train\1099_nec_2026_000192_scan_hard_02.json,1.8574,1.013,8.967,66
1099_nec_2026_000193_scan_mild_01,1099_nec_2026_000193,1099_nec,test,mild,data\processed\irs_scan_variants\1099_nec\test\1099_nec_2026_000193_scan_mild_01.jpg,data\annotations\irs_scan_variants\1099_nec\test\1099_nec_2026_000193_scan_mild_01.json,1.25,0.4125,4.8137,74
1099_nec_2026_000193_scan_hard_02,1099_nec_2026_000193,1099_nec,test,hard,data\processed\irs_scan_variants\1099_nec\test\1099_nec_2026_000193_scan_hard_02.jpg,data\annotations\irs_scan_variants\1099_nec\test\1099_nec_2026_000193_scan_hard_02.json,-1.9789,0.7146,7.4227,64
1099_nec_2026_000194_scan_mild_01,1099_nec_2026_000194,1099_nec,train,mild,data\processed\irs_scan_variants\1099_nec\train\1099_nec_2026_000194_scan_mild_01.jpg,data\annotations\irs_scan_variants\1099_nec\train\1099_nec_2026_000194_scan_mild_01.json,0.0304,0.5793,4.4873,77
1099_nec_2026_000194_scan_hard_02,1099_nec_2026_000194,1099_nec,train,hard,data\processed\irs_scan_variants\1099_nec\train\1099_nec_2026_000194_scan_hard_02.jpg,data\annotations\irs_scan_variants\1099_nec\train\1099_nec_2026_000194_scan_hard_02.json,-0.4723,0.8577,5.171,48
1099_nec_2026_000195_scan_mild_01,1099_nec_2026_000195,1099_nec,validation,mild,data\processed\irs_scan_variants\1099_nec\validation\1099_nec_2026_000195_scan_mild_01.jpg,data\annotations\irs_scan_variants\1099_nec\validation\1099_nec_2026_000195_scan_mild_01.json,0.6225,0.4395,3.593,88
1099_nec_2026_000195_scan_hard_02,1099_nec_2026_000195,1099_nec,validation,hard,data\processed\irs_scan_variants\1099_nec\validation\1099_nec_2026_000195_scan_hard_02.jpg,data\annotations\irs_scan_variants\1099_nec\validation\1099_nec_2026_000195_scan_hard_02.json,-1.577,1.2222,7.0804,55
1099_nec_2026_000196_scan_mild_01,1099_nec_2026_000196,1099_nec,train,mild,data\processed\irs_scan_variants\1099_nec\train\1099_nec_2026_000196_scan_mild_01.jpg,data\annotations\irs_scan_variants\1099_nec\train\1099_nec_2026_000196_scan_mild_01.json,-0.9113,0.641,3.7762,83
1099_nec_2026_000196_scan_hard_02,1099_nec_2026_000196,1099_nec,train,hard,data\processed\irs_scan_variants\1099_nec\train\1099_nec_2026_000196_scan_hard_02.jpg,data\annotations\irs_scan_variants\1099_nec\train\1099_nec_2026_000196_scan_hard_02.json,-0.4983,0.902,6.3029,58
1099_nec_2026_000197_scan_mild_01,1099_nec_2026_000197,1099_nec,train,mild,data\processed\irs_scan_variants\1099_nec\train\1099_nec_2026_000197_scan_mild_01.jpg,data\annotations\irs_scan_variants\1099_nec\train\1099_nec_2026_000197_scan_mild_01.json,-0.9509,0.4581,4.5592,79
1099_nec_2026_000197_scan_hard_02,1099_nec_2026_000197,1099_nec,train,hard,data\processed\irs_scan_variants\1099_nec\train\1099_nec_2026_000197_scan_hard_02.jpg,data\annotations\irs_scan_variants\1099_nec\train\1099_nec_2026_000197_scan_hard_02.json,2.1689,0.8164,5.5654,65
1099_nec_2026_000198_scan_mild_01,1099_nec_2026_000198,1099_nec,train,mild,data\processed\irs_scan_variants\1099_nec\train\1099_nec_2026_000198_scan_mild_01.jpg,data\annotations\irs_scan_variants\1099_nec\train\1099_nec_2026_000198_scan_mild_01.json,0.6179,0.6077,4.0106,78
1099_nec_2026_000198_scan_hard_02,1099_nec_2026_000198,1099_nec,train,hard,data\processed\irs_scan_variants\1099_nec\train\1099_nec_2026_000198_scan_hard_02.jpg,data\annotations\irs_scan_variants\1099_nec\train\1099_nec_2026_000198_scan_hard_02.json,-2.0866,0.8476,9.8819,65
1099_nec_2026_000199_scan_mild_01,1099_nec_2026_000199,1099_nec,train,mild,data\processed\irs_scan_variants\1099_nec\train\1099_nec_2026_000199_scan_mild_01.jpg,data\annotations\irs_scan_variants\1099_nec\train\1099_nec_2026_000199_scan_mild_01.json,1.0949,0.3147,3.3675,85
1099_nec_2026_000199_scan_hard_02,1099_nec_2026_000199,1099_nec,train,hard,data\processed\irs_scan_variants\1099_nec\train\1099_nec_2026_000199_scan_hard_02.jpg,data\annotations\irs_scan_variants\1099_nec\train\1099_nec_2026_000199_scan_hard_02.json,1.1787,0.7346,8.2125,49
1099_nec_2026_000200_scan_mild_01,1099_nec_2026_000200,1099_nec,test,mild,data\processed\irs_scan_variants\1099_nec\test\1099_nec_2026_000200_scan_mild_01.jpg,data\annotations\irs_scan_variants\1099_nec\test\1099_nec_2026_000200_scan_mild_01.json,-0.6187,0.285,3.1813,84
1099_nec_2026_000200_scan_hard_02,1099_nec_2026_000200,1099_nec,test,hard,data\processed\irs_scan_variants\1099_nec\test\1099_nec_2026_000200_scan_hard_02.jpg,data\annotations\irs_scan_variants\1099_nec\test\1099_nec_2026_000200_scan_hard_02.json,1.7599,0.7528,9.3699,53
1099_nec_2026_000201_scan_mild_01,1099_nec_2026_000201,1099_nec,train,mild,data\processed\irs_scan_variants\1099_nec\train\1099_nec_2026_000201_scan_mild_01.jpg,data\annotations\irs_scan_variants\1099_nec\train\1099_nec_2026_000201_scan_mild_01.json,1.2418,0.6307,3.9119,79
1099_nec_2026_000201_scan_hard_02,1099_nec_2026_000201,1099_nec,train,hard,data\processed\irs_scan_variants\1099_nec\train\1099_nec_2026_000201_scan_hard_02.jpg,data\annotations\irs_scan_variants\1099_nec\train\1099_nec_2026_000201_scan_hard_02.json,-0.0227,0.9059,5.5781,63
1099_nec_2026_000202_scan_mild_01,1099_nec_2026_000202,1099_nec,train,mild,data\processed\irs_scan_variants\1099_nec\train\1099_nec_2026_000202_scan_mild_01.jpg,data\annotations\irs_scan_variants\1099_nec\train\1099_nec_2026_000202_scan_mild_01.json,0.9095,0.4006,2.4497,80
1099_nec_2026_000202_scan_hard_02,1099_nec_2026_000202,1099_nec,train,hard,data\processed\irs_scan_variants\1099_nec\train\1099_nec_2026_000202_scan_hard_02.jpg,data\annotations\irs_scan_variants\1099_nec\train\1099_nec_2026_000202_scan_hard_02.json,-1.6306,0.845,8.902,69
1099_nec_2026_000203_scan_mild_01,1099_nec_2026_000203,1099_nec,train,mild,data\processed\irs_scan_variants\1099_nec\train\1099_nec_2026_000203_scan_mild_01.jpg,data\annotations\irs_scan_variants\1099_nec\train\1099_nec_2026_000203_scan_mild_01.json,-0.2933,0.5092,2.3334,88
1099_nec_2026_000203_scan_hard_02,1099_nec_2026_000203,1099_nec,train,hard,data\processed\irs_scan_variants\1099_nec\train\1099_nec_2026_000203_scan_hard_02.jpg,data\annotations\irs_scan_variants\1099_nec\train\1099_nec_2026_000203_scan_hard_02.json,-0.6084,0.9862,5.4578,56
1099_nec_2026_000204_scan_mild_01,1099_nec_2026_000204,1099_nec,test,mild,data\processed\irs_scan_variants\1099_nec\test\1099_nec_2026_000204_scan_mild_01.jpg,data\annotations\irs_scan_variants\1099_nec\test\1099_nec_2026_000204_scan_mild_01.json,-0.1765,0.3054,4.2223,83
1099_nec_2026_000204_scan_hard_02,1099_nec_2026_000204,1099_nec,test,hard,data\processed\irs_scan_variants\1099_nec\test\1099_nec_2026_000204_scan_hard_02.jpg,data\annotations\irs_scan_variants\1099_nec\test\1099_nec_2026_000204_scan_hard_02.json,-1.3597,0.9917,5.6623,56
1099_nec_2026_000205_scan_mild_01,1099_nec_2026_000205,1099_nec,train,mild,data\processed\irs_scan_variants\1099_nec\train\1099_nec_2026_000205_scan_mild_01.jpg,data\annotations\irs_scan_variants\1099_nec\train\1099_nec_2026_000205_scan_mild_01.json,0.9897,0.3103,3.0072,76
1099_nec_2026_000205_scan_hard_02,1099_nec_2026_000205,1099_nec,train,hard,data\processed\irs_scan_variants\1099_nec\train\1099_nec_2026_000205_scan_hard_02.jpg,data\annotations\irs_scan_variants\1099_nec\train\1099_nec_2026_000205_scan_hard_02.json,1.9482,1.1251,6.2181,52
1099_nec_2026_000206_scan_mild_01,1099_nec_2026_000206,1099_nec,train,mild,data\processed\irs_scan_variants\1099_nec\train\1099_nec_2026_000206_scan_mild_01.jpg,data\annotations\irs_scan_variants\1099_nec\train\1099_nec_2026_000206_scan_mild_01.json,-0.4598,0.23,4.1912,76
1099_nec_2026_000206_scan_hard_02,1099_nec_2026_000206,1099_nec,train,hard,data\processed\irs_scan_variants\1099_nec\train\1099_nec_2026_000206_scan_hard_02.jpg,data\annotations\irs_scan_variants\1099_nec\train\1099_nec_2026_000206_scan_hard_02.json,1.149,1.0036,8.3764,70
1099_nec_2026_000207_scan_mild_01,1099_nec_2026_000207,1099_nec,test,mild,data\processed\irs_scan_variants\1099_nec\test\1099_nec_2026_000207_scan_mild_01.jpg,data\annotations\irs_scan_variants\1099_nec\test\1099_nec_2026_000207_scan_mild_01.json,-0.2212,0.1957,3.5183,81
1099_nec_2026_000207_scan_hard_02,1099_nec_2026_000207,1099_nec,test,hard,data\processed\irs_scan_variants\1099_nec\test\1099_nec_2026_000207_scan_hard_02.jpg,data\annotations\irs_scan_variants\1099_nec\test\1099_nec_2026_000207_scan_hard_02.json,-0.815,0.9762,7.1115,69
1099_nec_2026_000208_scan_mild_01,1099_nec_2026_000208,1099_nec,train,mild,data\processed\irs_scan_variants\1099_nec\train\1099_nec_2026_000208_scan_mild_01.jpg,data\annotations\irs_scan_variants\1099_nec\train\1099_nec_2026_000208_scan_mild_01.json,0.4437,0.6016,3.1837,72
1099_nec_2026_000208_scan_hard_02,1099_nec_2026_000208,1099_nec,train,hard,data\processed\irs_scan_variants\1099_nec\train\1099_nec_2026_000208_scan_hard_02.jpg,data\annotations\irs_scan_variants\1099_nec\train\1099_nec_2026_000208_scan_hard_02.json,-1.4345,1.336,5.2327,62
1099_nec_2026_000209_scan_mild_01,1099_nec_2026_000209,1099_nec,train,mild,data\processed\irs_scan_variants\1099_nec\train\1099_nec_2026_000209_scan_mild_01.jpg,data\annotations\irs_scan_variants\1099_nec\train\1099_nec_2026_000209_scan_mild_01.json,0.0907,0.3186,2.7408,76
1099_nec_2026_000209_scan_hard_02,1099_nec_2026_000209,1099_nec,train,hard,data\processed\irs_scan_variants\1099_nec\train\1099_nec_2026_000209_scan_hard_02.jpg,data\annotations\irs_scan_variants\1099_nec\train\1099_nec_2026_000209_scan_hard_02.json,-1.6241,1.2947,6.2978,70
1099_nec_2026_000210_scan_mild_01,1099_nec_2026_000210,1099_nec,train,mild,data\processed\irs_scan_variants\1099_nec\train\1099_nec_2026_000210_scan_mild_01.jpg,data\annotations\irs_scan_variants\1099_nec\train\1099_nec_2026_000210_scan_mild_01.json,-0.5349,0.4214,2.072,85
1099_nec_2026_000210_scan_hard_02,1099_nec_2026_000210,1099_nec,train,hard,data\processed\irs_scan_variants\1099_nec\train\1099_nec_2026_000210_scan_hard_02.jpg,data\annotations\irs_scan_variants\1099_nec\train\1099_nec_2026_000210_scan_hard_02.json,-1.0583,1.3197,6.8498,64
1099_nec_2026_000211_scan_mild_01,1099_nec_2026_000211,1099_nec,validation,mild,data\processed\irs_scan_variants\1099_nec\validation\1099_nec_2026_000211_scan_mild_01.jpg,data\annotations\irs_scan_variants\1099_nec\validation\1099_nec_2026_000211_scan_mild_01.json,-0.0249,0.1689,3.2571,76
1099_nec_2026_000211_scan_hard_02,1099_nec_2026_000211,1099_nec,validation,hard,data\processed\irs_scan_variants\1099_nec\validation\1099_nec_2026_000211_scan_hard_02.jpg,data\annotations\irs_scan_variants\1099_nec\validation\1099_nec_2026_000211_scan_hard_02.json,0.7069,0.7228,9.0188,59
1099_nec_2026_000212_scan_mild_01,1099_nec_2026_000212,1099_nec,test,mild,data\processed\irs_scan_variants\1099_nec\test\1099_nec_2026_000212_scan_mild_01.jpg,data\annotations\irs_scan_variants\1099_nec\test\1099_nec_2026_000212_scan_mild_01.json,-0.5207,0.5896,4.8441,81
1099_nec_2026_000212_scan_hard_02,1099_nec_2026_000212,1099_nec,test,hard,data\processed\irs_scan_variants\1099_nec\test\1099_nec_2026_000212_scan_hard_02.jpg,data\annotations\irs_scan_variants\1099_nec\test\1099_nec_2026_000212_scan_hard_02.json,0.9276,0.9416,5.8832,65
1099_nec_2026_000213_scan_mild_01,1099_nec_2026_000213,1099_nec,validation,mild,data\processed\irs_scan_variants\1099_nec\validation\1099_nec_2026_000213_scan_mild_01.jpg,data\annotations\irs_scan_variants\1099_nec\validation\1099_nec_2026_000213_scan_mild_01.json,0.8516,0.169,4.1309,77
1099_nec_2026_000213_scan_hard_02,1099_nec_2026_000213,1099_nec,validation,hard,data\processed\irs_scan_variants\1099_nec\validation\1099_nec_2026_000213_scan_hard_02.jpg,data\annotations\irs_scan_variants\1099_nec\validation\1099_nec_2026_000213_scan_hard_02.json,-1.6806,0.8556,8.7373,49
1099_nec_2026_000214_scan_mild_01,1099_nec_2026_000214,1099_nec,train,mild,data\processed\irs_scan_variants\1099_nec\train\1099_nec_2026_000214_scan_mild_01.jpg,data\annotations\irs_scan_variants\1099_nec\train\1099_nec_2026_000214_scan_mild_01.json,-0.668,0.1947,4.5694,74
1099_nec_2026_000214_scan_hard_02,1099_nec_2026_000214,1099_nec,train,hard,data\processed\irs_scan_variants\1099_nec\train\1099_nec_2026_000214_scan_hard_02.jpg,data\annotations\irs_scan_variants\1099_nec\train\1099_nec_2026_000214_scan_hard_02.json,-1.7794,1.0706,9.4028,60
1099_nec_2026_000215_scan_mild_01,1099_nec_2026_000215,1099_nec,train,mild,data\processed\irs_scan_variants\1099_nec\train\1099_nec_2026_000215_scan_mild_01.jpg,data\annotations\irs_scan_variants\1099_nec\train\1099_nec_2026_000215_scan_mild_01.json,-0.8277,0.5173,3.1711,82
1099_nec_2026_000215_scan_hard_02,1099_nec_2026_000215,1099_nec,train,hard,data\processed\irs_scan_variants\1099_nec\train\1099_nec_2026_000215_scan_hard_02.jpg,data\annotations\irs_scan_variants\1099_nec\train\1099_nec_2026_000215_scan_hard_02.json,1.1624,1.1504,6.4069,62
1099_nec_2026_000216_scan_mild_01,1099_nec_2026_000216,1099_nec,train,mild,data\processed\irs_scan_variants\1099_nec\train\1099_nec_2026_000216_scan_mild_01.jpg,data\annotations\irs_scan_variants\1099_nec\train\1099_nec_2026_000216_scan_mild_01.json,0.0108,0.6259,2.8358,89
1099_nec_2026_000216_scan_hard_02,1099_nec_2026_000216,1099_nec,train,hard,data\processed\irs_scan_variants\1099_nec\train\1099_nec_2026_000216_scan_hard_02.jpg,data\annotations\irs_scan_variants\1099_nec\train\1099_nec_2026_000216_scan_hard_02.json,-1.3466,0.9975,8.353,64
1099_nec_2026_000217_scan_mild_01,1099_nec_2026_000217,1099_nec,train,mild,data\processed\irs_scan_variants\1099_nec\train\1099_nec_2026_000217_scan_mild_01.jpg,data\annotations\irs_scan_variants\1099_nec\train\1099_nec_2026_000217_scan_mild_01.json,0.3223,0.1875,2.4232,80
1099_nec_2026_000217_scan_hard_02,1099_nec_2026_000217,1099_nec,train,hard,data\processed\irs_scan_variants\1099_nec\train\1099_nec_2026_000217_scan_hard_02.jpg,data\annotations\irs_scan_variants\1099_nec\train\1099_nec_2026_000217_scan_hard_02.json,1.2213,1.1211,8.189,52
1099_nec_2026_000218_scan_mild_01,1099_nec_2026_000218,1099_nec,train,mild,data\processed\irs_scan_variants\1099_nec\train\1099_nec_2026_000218_scan_mild_01.jpg,data\annotations\irs_scan_variants\1099_nec\train\1099_nec_2026_000218_scan_mild_01.json,0.8546,0.316,3.3156,82
1099_nec_2026_000218_scan_hard_02,1099_nec_2026_000218,1099_nec,train,hard,data\processed\irs_scan_variants\1099_nec\train\1099_nec_2026_000218_scan_hard_02.jpg,data\annotations\irs_scan_variants\1099_nec\train\1099_nec_2026_000218_scan_hard_02.json,0.0066,1.0939,6.681,59
1099_nec_2026_000219_scan_mild_01,1099_nec_2026_000219,1099_nec,train,mild,data\processed\irs_scan_variants\1099_nec\train\1099_nec_2026_000219_scan_mild_01.jpg,data\annotations\irs_scan_variants\1099_nec\train\1099_nec_2026_000219_scan_mild_01.json,0.9353,0.2198,3.1714,85
1099_nec_2026_000219_scan_hard_02,1099_nec_2026_000219,1099_nec,train,hard,data\processed\irs_scan_variants\1099_nec\train\1099_nec_2026_000219_scan_hard_02.jpg,data\annotations\irs_scan_variants\1099_nec\train\1099_nec_2026_000219_scan_hard_02.json,-2.2952,0.7549,9.7993,56
1099_nec_2026_000220_scan_mild_01,1099_nec_2026_000220,1099_nec,test,mild,data\processed\irs_scan_variants\1099_nec\test\1099_nec_2026_000220_scan_mild_01.jpg,data\annotations\irs_scan_variants\1099_nec\test\1099_nec_2026_000220_scan_mild_01.json,0.7638,0.4187,3.6326,79
1099_nec_2026_000220_scan_hard_02,1099_nec_2026_000220,1099_nec,test,hard,data\processed\irs_scan_variants\1099_nec\test\1099_nec_2026_000220_scan_hard_02.jpg,data\annotations\irs_scan_variants\1099_nec\test\1099_nec_2026_000220_scan_hard_02.json,1.159,0.8302,5.4515,62
1099_nec_2026_000221_scan_mild_01,1099_nec_2026_000221,1099_nec,train,mild,data\processed\irs_scan_variants\1099_nec\train\1099_nec_2026_000221_scan_mild_01.jpg,data\annotations\irs_scan_variants\1099_nec\train\1099_nec_2026_000221_scan_mild_01.json,1.1392,0.4807,2.0723,80
1099_nec_2026_000221_scan_hard_02,1099_nec_2026_000221,1099_nec,train,hard,data\processed\irs_scan_variants\1099_nec\train\1099_nec_2026_000221_scan_hard_02.jpg,data\annotations\irs_scan_variants\1099_nec\train\1099_nec_2026_000221_scan_hard_02.json,-0.7157,0.7864,8.2585,68
1099_nec_2026_000222_scan_mild_01,1099_nec_2026_000222,1099_nec,train,mild,data\processed\irs_scan_variants\1099_nec\train\1099_nec_2026_000222_scan_mild_01.jpg,data\annotations\irs_scan_variants\1099_nec\train\1099_nec_2026_000222_scan_mild_01.json,0.9794,0.2969,2.4394,79
1099_nec_2026_000222_scan_hard_02,1099_nec_2026_000222,1099_nec,train,hard,data\processed\irs_scan_variants\1099_nec\train\1099_nec_2026_000222_scan_hard_02.jpg,data\annotations\irs_scan_variants\1099_nec\train\1099_nec_2026_000222_scan_hard_02.json,-1.0729,1.1855,6.9241,69
1099_nec_2026_000223_scan_mild_01,1099_nec_2026_000223,1099_nec,validation,mild,data\processed\irs_scan_variants\1099_nec\validation\1099_nec_2026_000223_scan_mild_01.jpg,data\annotations\irs_scan_variants\1099_nec\validation\1099_nec_2026_000223_scan_mild_01.json,-1.1842,0.3291,4.6197,75
1099_nec_2026_000223_scan_hard_02,1099_nec_2026_000223,1099_nec,validation,hard,data\processed\irs_scan_variants\1099_nec\validation\1099_nec_2026_000223_scan_hard_02.jpg,data\annotations\irs_scan_variants\1099_nec\validation\1099_nec_2026_000223_scan_hard_02.json,-0.6586,1.0817,5.0233,50
1099_nec_2026_000224_scan_mild_01,1099_nec_2026_000224,1099_nec,train,mild,data\processed\irs_scan_variants\1099_nec\train\1099_nec_2026_000224_scan_mild_01.jpg,data\annotations\irs_scan_variants\1099_nec\train\1099_nec_2026_000224_scan_mild_01.json,-0.9309,0.3904,3.9736,90
1099_nec_2026_000224_scan_hard_02,1099_nec_2026_000224,1099_nec,train,hard,data\processed\irs_scan_variants\1099_nec\train\1099_nec_2026_000224_scan_hard_02.jpg,data\annotations\irs_scan_variants\1099_nec\train\1099_nec_2026_000224_scan_hard_02.json,-0.7245,0.722,7.2678,69
1099_nec_2026_000225_scan_mild_01,1099_nec_2026_000225,1099_nec,train,mild,data\processed\irs_scan_variants\1099_nec\train\1099_nec_2026_000225_scan_mild_01.jpg,data\annotations\irs_scan_variants\1099_nec\train\1099_nec_2026_000225_scan_mild_01.json,0.614,0.4205,4.4298,90
1099_nec_2026_000225_scan_hard_02,1099_nec_2026_000225,1099_nec,train,hard,data\processed\irs_scan_variants\1099_nec\train\1099_nec_2026_000225_scan_hard_02.jpg,data\annotations\irs_scan_variants\1099_nec\train\1099_nec_2026_000225_scan_hard_02.json,-2.1915,1.0964,6.1825,61
1099_nec_2026_000226_scan_mild_01,1099_nec_2026_000226,1099_nec,train,mild,data\processed\irs_scan_variants\1099_nec\train\1099_nec_2026_000226_scan_mild_01.jpg,data\annotations\irs_scan_variants\1099_nec\train\1099_nec_2026_000226_scan_mild_01.json,-0.2883,0.2152,3.893,90
1099_nec_2026_000226_scan_hard_02,1099_nec_2026_000226,1099_nec,train,hard,data\processed\irs_scan_variants\1099_nec\train\1099_nec_2026_000226_scan_hard_02.jpg,data\annotations\irs_scan_variants\1099_nec\train\1099_nec_2026_000226_scan_hard_02.json,1.9207,1.27,6.8329,64
1099_nec_2026_000227_scan_mild_01,1099_nec_2026_000227,1099_nec,validation,mild,data\processed\irs_scan_variants\1099_nec\validation\1099_nec_2026_000227_scan_mild_01.jpg,data\annotations\irs_scan_variants\1099_nec\validation\1099_nec_2026_000227_scan_mild_01.json,-0.5916,0.3341,2.6814,84
1099_nec_2026_000227_scan_hard_02,1099_nec_2026_000227,1099_nec,validation,hard,data\processed\irs_scan_variants\1099_nec\validation\1099_nec_2026_000227_scan_hard_02.jpg,data\annotations\irs_scan_variants\1099_nec\validation\1099_nec_2026_000227_scan_hard_02.json,1.1383,1.123,6.967,61
1099_nec_2026_000228_scan_mild_01,1099_nec_2026_000228,1099_nec,train,mild,data\processed\irs_scan_variants\1099_nec\train\1099_nec_2026_000228_scan_mild_01.jpg,data\annotations\irs_scan_variants\1099_nec\train\1099_nec_2026_000228_scan_mild_01.json,-1.1091,0.4642,2.3963,78
1099_nec_2026_000228_scan_hard_02,1099_nec_2026_000228,1099_nec,train,hard,data\processed\irs_scan_variants\1099_nec\train\1099_nec_2026_000228_scan_hard_02.jpg,data\annotations\irs_scan_variants\1099_nec\train\1099_nec_2026_000228_scan_hard_02.json,-0.171,1.0506,7.47,62
1099_nec_2026_000229_scan_mild_01,1099_nec_2026_000229,1099_nec,test,mild,data\processed\irs_scan_variants\1099_nec\test\1099_nec_2026_000229_scan_mild_01.jpg,data\annotations\irs_scan_variants\1099_nec\test\1099_nec_2026_000229_scan_mild_01.json,1.009,0.6327,2.9565,74
1099_nec_2026_000229_scan_hard_02,1099_nec_2026_000229,1099_nec,test,hard,data\processed\irs_scan_variants\1099_nec\test\1099_nec_2026_000229_scan_hard_02.jpg,data\annotations\irs_scan_variants\1099_nec\test\1099_nec_2026_000229_scan_hard_02.json,0.4775,0.8704,8.1012,50
1099_nec_2026_000230_scan_mild_01,1099_nec_2026_000230,1099_nec,test,mild,data\processed\irs_scan_variants\1099_nec\test\1099_nec_2026_000230_scan_mild_01.jpg,data\annotations\irs_scan_variants\1099_nec\test\1099_nec_2026_000230_scan_mild_01.json,-0.6514,0.568,3.0892,83
1099_nec_2026_000230_scan_hard_02,1099_nec_2026_000230,1099_nec,test,hard,data\processed\irs_scan_variants\1099_nec\test\1099_nec_2026_000230_scan_hard_02.jpg,data\annotations\irs_scan_variants\1099_nec\test\1099_nec_2026_000230_scan_hard_02.json,-0.8641,0.7451,5.7763,55
1099_nec_2026_000231_scan_mild_01,1099_nec_2026_000231,1099_nec,train,mild,data\processed\irs_scan_variants\1099_nec\train\1099_nec_2026_000231_scan_mild_01.jpg,data\annotations\irs_scan_variants\1099_nec\train\1099_nec_2026_000231_scan_mild_01.json,-0.6812,0.589,2.0944,76
1099_nec_2026_000231_scan_hard_02,1099_nec_2026_000231,1099_nec,train,hard,data\processed\irs_scan_variants\1099_nec\train\1099_nec_2026_000231_scan_hard_02.jpg,data\annotations\irs_scan_variants\1099_nec\train\1099_nec_2026_000231_scan_hard_02.json,-1.5092,0.8365,5.8504,69
1099_nec_2026_000232_scan_mild_01,1099_nec_2026_000232,1099_nec,train,mild,data\processed\irs_scan_variants\1099_nec\train\1099_nec_2026_000232_scan_mild_01.jpg,data\annotations\irs_scan_variants\1099_nec\train\1099_nec_2026_000232_scan_mild_01.json,-0.8414,0.4332,4.6587,83
1099_nec_2026_000232_scan_hard_02,1099_nec_2026_000232,1099_nec,train,hard,data\processed\irs_scan_variants\1099_nec\train\1099_nec_2026_000232_scan_hard_02.jpg,data\annotations\irs_scan_variants\1099_nec\train\1099_nec_2026_000232_scan_hard_02.json,1.6386,1.2204,5.8175,51
1099_nec_2026_000233_scan_mild_01,1099_nec_2026_000233,1099_nec,train,mild,data\processed\irs_scan_variants\1099_nec\train\1099_nec_2026_000233_scan_mild_01.jpg,data\annotations\irs_scan_variants\1099_nec\train\1099_nec_2026_000233_scan_mild_01.json,1.1367,0.2314,4.45,73
1099_nec_2026_000233_scan_hard_02,1099_nec_2026_000233,1099_nec,train,hard,data\processed\irs_scan_variants\1099_nec\train\1099_nec_2026_000233_scan_hard_02.jpg,data\annotations\irs_scan_variants\1099_nec\train\1099_nec_2026_000233_scan_hard_02.json,1.3336,0.7851,9.3465,51
1099_nec_2026_000234_scan_mild_01,1099_nec_2026_000234,1099_nec,train,mild,data\processed\irs_scan_variants\1099_nec\train\1099_nec_2026_000234_scan_mild_01.jpg,data\annotations\irs_scan_variants\1099_nec\train\1099_nec_2026_000234_scan_mild_01.json,-0.0278,0.3766,3.4542,78
1099_nec_2026_000234_scan_hard_02,1099_nec_2026_000234,1099_nec,train,hard,data\processed\irs_scan_variants\1099_nec\train\1099_nec_2026_000234_scan_hard_02.jpg,data\annotations\irs_scan_variants\1099_nec\train\1099_nec_2026_000234_scan_hard_02.json,-1.865,1.339,7.8592,58
1099_nec_2026_000235_scan_mild_01,1099_nec_2026_000235,1099_nec,train,mild,data\processed\irs_scan_variants\1099_nec\train\1099_nec_2026_000235_scan_mild_01.jpg,data\annotations\irs_scan_variants\1099_nec\train\1099_nec_2026_000235_scan_mild_01.json,0.3326,0.6073,3.2627,84
1099_nec_2026_000235_scan_hard_02,1099_nec_2026_000235,1099_nec,train,hard,data\processed\irs_scan_variants\1099_nec\train\1099_nec_2026_000235_scan_hard_02.jpg,data\annotations\irs_scan_variants\1099_nec\train\1099_nec_2026_000235_scan_hard_02.json,-2.3397,1.0999,8.6116,57
1099_nec_2026_000236_scan_mild_01,1099_nec_2026_000236,1099_nec,test,mild,data\processed\irs_scan_variants\1099_nec\test\1099_nec_2026_000236_scan_mild_01.jpg,data\annotations\irs_scan_variants\1099_nec\test\1099_nec_2026_000236_scan_mild_01.json,-1.1529,0.2466,2.294,88
1099_nec_2026_000236_scan_hard_02,1099_nec_2026_000236,1099_nec,test,hard,data\processed\irs_scan_variants\1099_nec\test\1099_nec_2026_000236_scan_hard_02.jpg,data\annotations\irs_scan_variants\1099_nec\test\1099_nec_2026_000236_scan_hard_02.json,0.679,1.1554,7.3683,49
1099_nec_2026_000237_scan_mild_01,1099_nec_2026_000237,1099_nec,train,mild,data\processed\irs_scan_variants\1099_nec\train\1099_nec_2026_000237_scan_mild_01.jpg,data\annotations\irs_scan_variants\1099_nec\train\1099_nec_2026_000237_scan_mild_01.json,-0.5667,0.5841,4.6882,90
1099_nec_2026_000237_scan_hard_02,1099_nec_2026_000237,1099_nec,train,hard,data\processed\irs_scan_variants\1099_nec\train\1099_nec_2026_000237_scan_hard_02.jpg,data\annotations\irs_scan_variants\1099_nec\train\1099_nec_2026_000237_scan_hard_02.json,-1.6252,1.1144,6.1304,50
1099_nec_2026_000238_scan_mild_01,1099_nec_2026_000238,1099_nec,train,mild,data\processed\irs_scan_variants\1099_nec\train\1099_nec_2026_000238_scan_mild_01.jpg,data\annotations\irs_scan_variants\1099_nec\train\1099_nec_2026_000238_scan_mild_01.json,-0.0169,0.586,2.9557,76
1099_nec_2026_000238_scan_hard_02,1099_nec_2026_000238,1099_nec,train,hard,data\processed\irs_scan_variants\1099_nec\train\1099_nec_2026_000238_scan_hard_02.jpg,data\annotations\irs_scan_variants\1099_nec\train\1099_nec_2026_000238_scan_hard_02.json,0.7393,1.0832,9.5397,54
1099_nec_2026_000239_scan_mild_01,1099_nec_2026_000239,1099_nec,train,mild,data\processed\irs_scan_variants\1099_nec\train\1099_nec_2026_000239_scan_mild_01.jpg,data\annotations\irs_scan_variants\1099_nec\train\1099_nec_2026_000239_scan_mild_01.json,-0.5475,0.5487,2.992,78
1099_nec_2026_000239_scan_hard_02,1099_nec_2026_000239,1099_nec,train,hard,data\processed\irs_scan_variants\1099_nec\train\1099_nec_2026_000239_scan_hard_02.jpg,data\annotations\irs_scan_variants\1099_nec\train\1099_nec_2026_000239_scan_hard_02.json,-2.4429,0.9971,7.7876,56
1099_nec_2026_000240_scan_mild_01,1099_nec_2026_000240,1099_nec,validation,mild,data\processed\irs_scan_variants\1099_nec\validation\1099_nec_2026_000240_scan_mild_01.jpg,data\annotations\irs_scan_variants\1099_nec\validation\1099_nec_2026_000240_scan_mild_01.json,0.7169,0.6448,3.7406,79
1099_nec_2026_000240_scan_hard_02,1099_nec_2026_000240,1099_nec,validation,hard,data\processed\irs_scan_variants\1099_nec\validation\1099_nec_2026_000240_scan_hard_02.jpg,data\annotations\irs_scan_variants\1099_nec\validation\1099_nec_2026_000240_scan_hard_02.json,-1.8644,0.8323,8.1003,56
1099_nec_2026_000241_scan_mild_01,1099_nec_2026_000241,1099_nec,train,mild,data\processed\irs_scan_variants\1099_nec\train\1099_nec_2026_000241_scan_mild_01.jpg,data\annotations\irs_scan_variants\1099_nec\train\1099_nec_2026_000241_scan_mild_01.json,0.0454,0.3203,3.9198,75
1099_nec_2026_000241_scan_hard_02,1099_nec_2026_000241,1099_nec,train,hard,data\processed\irs_scan_variants\1099_nec\train\1099_nec_2026_000241_scan_hard_02.jpg,data\annotations\irs_scan_variants\1099_nec\train\1099_nec_2026_000241_scan_hard_02.json,-1.1747,0.7519,9.8029,50
1099_nec_2026_000242_scan_mild_01,1099_nec_2026_000242,1099_nec,validation,mild,data\processed\irs_scan_variants\1099_nec\validation\1099_nec_2026_000242_scan_mild_01.jpg,data\annotations\irs_scan_variants\1099_nec\validation\1099_nec_2026_000242_scan_mild_01.json,-1.2162,0.284,4.1266,76
1099_nec_2026_000242_scan_hard_02,1099_nec_2026_000242,1099_nec,validation,hard,data\processed\irs_scan_variants\1099_nec\validation\1099_nec_2026_000242_scan_hard_02.jpg,data\annotations\irs_scan_variants\1099_nec\validation\1099_nec_2026_000242_scan_hard_02.json,-2.183,1.26,6.7509,48
1099_nec_2026_000243_scan_mild_01,1099_nec_2026_000243,1099_nec,validation,mild,data\processed\irs_scan_variants\1099_nec\validation\1099_nec_2026_000243_scan_mild_01.jpg,data\annotations\irs_scan_variants\1099_nec\validation\1099_nec_2026_000243_scan_mild_01.json,-0.0613,0.5682,4.1467,78
1099_nec_2026_000243_scan_hard_02,1099_nec_2026_000243,1099_nec,validation,hard,data\processed\irs_scan_variants\1099_nec\validation\1099_nec_2026_000243_scan_hard_02.jpg,data\annotations\irs_scan_variants\1099_nec\validation\1099_nec_2026_000243_scan_hard_02.json,0.4396,0.7875,7.0538,67
1099_nec_2026_000244_scan_mild_01,1099_nec_2026_000244,1099_nec,train,mild,data\processed\irs_scan_variants\1099_nec\train\1099_nec_2026_000244_scan_mild_01.jpg,data\annotations\irs_scan_variants\1099_nec\train\1099_nec_2026_000244_scan_mild_01.json,0.3043,0.1793,2.0066,84
1099_nec_2026_000244_scan_hard_02,1099_nec_2026_000244,1099_nec,train,hard,data\processed\irs_scan_variants\1099_nec\train\1099_nec_2026_000244_scan_hard_02.jpg,data\annotations\irs_scan_variants\1099_nec\train\1099_nec_2026_000244_scan_hard_02.json,-0.3129,1.215,8.0982,52
1099_nec_2026_000245_scan_mild_01,1099_nec_2026_000245,1099_nec,test,mild,data\processed\irs_scan_variants\1099_nec\test\1099_nec_2026_000245_scan_mild_01.jpg,data\annotations\irs_scan_variants\1099_nec\test\1099_nec_2026_000245_scan_mild_01.json,0.3934,0.3152,4.0425,86
1099_nec_2026_000245_scan_hard_02,1099_nec_2026_000245,1099_nec,test,hard,data\processed\irs_scan_variants\1099_nec\test\1099_nec_2026_000245_scan_hard_02.jpg,data\annotations\irs_scan_variants\1099_nec\test\1099_nec_2026_000245_scan_hard_02.json,-1.4858,1.2032,7.8543,58
1099_nec_2026_000246_scan_mild_01,1099_nec_2026_000246,1099_nec,train,mild,data\processed\irs_scan_variants\1099_nec\train\1099_nec_2026_000246_scan_mild_01.jpg,data\annotations\irs_scan_variants\1099_nec\train\1099_nec_2026_000246_scan_mild_01.json,-0.1575,0.2161,3.8514,77
1099_nec_2026_000246_scan_hard_02,1099_nec_2026_000246,1099_nec,train,hard,data\processed\irs_scan_variants\1099_nec\train\1099_nec_2026_000246_scan_hard_02.jpg,data\annotations\irs_scan_variants\1099_nec\train\1099_nec_2026_000246_scan_hard_02.json,1.9317,1.1076,7.1795,56
1099_nec_2026_000247_scan_mild_01,1099_nec_2026_000247,1099_nec,validation,mild,data\processed\irs_scan_variants\1099_nec\validation\1099_nec_2026_000247_scan_mild_01.jpg,data\annotations\irs_scan_variants\1099_nec\validation\1099_nec_2026_000247_scan_mild_01.json,-0.0502,0.6225,3.4993,78
1099_nec_2026_000247_scan_hard_02,1099_nec_2026_000247,1099_nec,validation,hard,data\processed\irs_scan_variants\1099_nec\validation\1099_nec_2026_000247_scan_hard_02.jpg,data\annotations\irs_scan_variants\1099_nec\validation\1099_nec_2026_000247_scan_hard_02.json,-1.4728,0.7677,9.9476,51
1099_nec_2026_000248_scan_mild_01,1099_nec_2026_000248,1099_nec,train,mild,data\processed\irs_scan_variants\1099_nec\train\1099_nec_2026_000248_scan_mild_01.jpg,data\annotations\irs_scan_variants\1099_nec\train\1099_nec_2026_000248_scan_mild_01.json,0.7671,0.6192,2.4805,73
1099_nec_2026_000248_scan_hard_02,1099_nec_2026_000248,1099_nec,train,hard,data\processed\irs_scan_variants\1099_nec\train\1099_nec_2026_000248_scan_hard_02.jpg,data\annotations\irs_scan_variants\1099_nec\train\1099_nec_2026_000248_scan_hard_02.json,-2.3835,1.3004,8.8583,54
1099_nec_2026_000249_scan_mild_01,1099_nec_2026_000249,1099_nec,train,mild,data\processed\irs_scan_variants\1099_nec\train\1099_nec_2026_000249_scan_mild_01.jpg,data\annotations\irs_scan_variants\1099_nec\train\1099_nec_2026_000249_scan_mild_01.json,-0.2252,0.2696,4.3161,76
1099_nec_2026_000249_scan_hard_02,1099_nec_2026_000249,1099_nec,train,hard,data\processed\irs_scan_variants\1099_nec\train\1099_nec_2026_000249_scan_hard_02.jpg,data\annotations\irs_scan_variants\1099_nec\train\1099_nec_2026_000249_scan_hard_02.json,1.332,0.9322,7.1841,64
1099_nec_2026_000250_scan_mild_01,1099_nec_2026_000250,1099_nec,train,mild,data\processed\irs_scan_variants\1099_nec\train\1099_nec_2026_000250_scan_mild_01.jpg,data\annotations\irs_scan_variants\1099_nec\train\1099_nec_2026_000250_scan_mild_01.json,-1.2429,0.3298,3.4811,81
1099_nec_2026_000250_scan_hard_02,1099_nec_2026_000250,1099_nec,train,hard,data\processed\irs_scan_variants\1099_nec\train\1099_nec_2026_000250_scan_hard_02.jpg,data\annotations\irs_scan_variants\1099_nec\train\1099_nec_2026_000250_scan_hard_02.json,-2.2693,0.8139,6.3401,52
