document_id,document_type,split,pdf_path,image_path,annotation_path,template_name,render_dpi,synthetic
w2_2026_000001,w2,train,data\raw\irs_synthetic\w2\train\pdf\w2_2026_000001.pdf,data\raw\irs_synthetic\w2\train\images\w2_2026_000001.png,data\annotations\irs_synthetic\w2\train\w2_2026_000001.json,w2_2026,200,True
w2_2026_000002,w2,validation,data\raw\irs_synthetic\w2\validation\pdf\w2_2026_000002.pdf,data\raw\irs_synthetic\w2\validation\images\w2_2026_000002.png,data\annotations\irs_synthetic\w2\validation\w2_2026_000002.json,w2_2026,200,True
w2_2026_000003,w2,train,data\raw\irs_synthetic\w2\train\pdf\w2_2026_000003.pdf,data\raw\irs_synthetic\w2\train\images\w2_2026_000003.png,data\annotations\irs_synthetic\w2\train\w2_2026_000003.json,w2_2026,200,True
w2_2026_000004,w2,train,data\raw\irs_synthetic\w2\train\pdf\w2_2026_000004.pdf,data\raw\irs_synthetic\w2\train\images\w2_2026_000004.png,data\annotations\irs_synthetic\w2\train\w2_2026_000004.json,w2_2026,200,True
w2_2026_000005,w2,train,data\raw\irs_synthetic\w2\train\pdf\w2_2026_000005.pdf,data\raw\irs_synthetic\w2\train\images\w2_2026_000005.png,data\annotations\irs_synthetic\w2\train\w2_2026_000005.json,w2_2026,200,True
w2_2026_000006,w2,train,data\raw\irs_synthetic\w2\train\pdf\w2_2026_000006.pdf,data\raw\irs_synthetic\w2\train\images\w2_2026_000006.png,data\annotations\irs_synthetic\w2\train\w2_2026_000006.json,w2_2026,200,True
w2_2026_000007,w2,train,data\raw\irs_synthetic\w2\train\pdf\w2_2026_000007.pdf,data\raw\irs_synthetic\w2\train\images\w2_2026_000007.png,data\annotations\irs_synthetic\w2\train\w2_2026_000007.json,w2_2026,200,True
w2_2026_000008,w2,test,data\raw\irs_synthetic\w2\test\pdf\w2_2026_000008.pdf,data\raw\irs_synthetic\w2\test\images\w2_2026_000008.png,data\annotations\irs_synthetic\w2\test\w2_2026_000008.json,w2_2026,200,True
w2_2026_000009,w2,train,data\raw\irs_synthetic\w2\train\pdf\w2_2026_000009.pdf,data\raw\irs_synthetic\w2\train\images\w2_2026_000009.png,data\annotations\irs_synthetic\w2\train\w2_2026_000009.json,w2_2026,200,True
w2_2026_000010,w2,validation,data\raw\irs_synthetic\w2\validation\pdf\w2_2026_000010.pdf,data\raw\irs_synthetic\w2\validation\images\w2_2026_000010.png,data\annotations\irs_synthetic\w2\validation\w2_2026_000010.json,w2_2026,200,True
w2_2026_000011,w2,test,data\raw\irs_synthetic\w2\test\pdf\w2_2026_000011.pdf,data\raw\irs_synthetic\w2\test\images\w2_2026_000011.png,data\annotations\irs_synthetic\w2\test\w2_2026_000011.json,w2_2026,200,True
w2_2026_000012,w2,validation,data\raw\irs_synthetic\w2\validation\pdf\w2_2026_000012.pdf,data\raw\irs_synthetic\w2\validation\images\w2_2026_000012.png,data\annotations\irs_synthetic\w2\validation\w2_2026_000012.json,w2_2026,200,True
w2_2026_000013,w2,train,data\raw\irs_synthetic\w2\train\pdf\w2_2026_000013.pdf,data\raw\irs_synthetic\w2\train\images\w2_2026_000013.png,data\annotations\irs_synthetic\w2\train\w2_2026_000013.json,w2_2026,200,True
w2_2026_000014,w2,validation,data\raw\irs_synthetic\w2\validation\pdf\w2_2026_000014.pdf,data\raw\irs_synthetic\w2\validation\images\w2_2026_000014.png,data\annotations\irs_synthetic\w2\validation\w2_2026_000014.json,w2_2026,200,True
w2_2026_000015,w2,train,data\raw\irs_synthetic\w2\train\pdf\w2_2026_000015.pdf,data\raw\irs_synthetic\w2\train\images\w2_2026_000015.png,data\annotations\irs_synthetic\w2\train\w2_2026_000015.json,w2_2026,200,True
w2_2026_000016,w2,train,data\raw\irs_synthetic\w2\train\pdf\w2_2026_000016.pdf,data\raw\irs_synthetic\w2\train\images\w2_2026_000016.png,data\annotations\irs_synthetic\w2\train\w2_2026_000016.json,w2_2026,200,True
w2_2026_000017,w2,validation,data\raw\irs_synthetic\w2\validation\pdf\w2_2026_000017.pdf,data\raw\irs_synthetic\w2\validation\images\w2_2026_000017.png,data\annotations\irs_synthetic\w2\validation\w2_2026_000017.json,w2_2026,200,True
w2_2026_000018,w2,train,data\raw\irs_synthetic\w2\train\pdf\w2_2026_000018.pdf,data\raw\irs_synthetic\w2\train\images\w2_2026_000018.png,data\annotations\irs_synthetic\w2\train\w2_2026_000018.json,w2_2026,200,True
w2_2026_000019,w2,validation,data\raw\irs_synthetic\w2\validation\pdf\w2_2026_000019.pdf,data\raw\irs_synthetic\w2\validation\images\w2_2026_000019.png,data\annotations\irs_synthetic\w2\validation\w2_2026_000019.json,w2_2026,200,True
w2_2026_000020,w2,train,data\raw\irs_synthetic\w2\train\pdf\w2_2026_000020.pdf,data\raw\irs_synthetic\w2\train\images\w2_2026_000020.png,data\annotations\irs_synthetic\w2\train\w2_2026_000020.json,w2_2026,200,True
w2_2026_000021,w2,train,data\raw\irs_synthetic\w2\train\pdf\w2_2026_000021.pdf,data\raw\irs_synthetic\w2\train\images\w2_2026_000021.png,data\annotations\irs_synthetic\w2\train\w2_2026_000021.json,w2_2026,200,True
w2_2026_000022,w2,test,data\raw\irs_synthetic\w2\test\pdf\w2_2026_000022.pdf,data\raw\irs_synthetic\w2\test\images\w2_2026_000022.png,data\annotations\irs_synthetic\w2\test\w2_2026_000022.json,w2_2026,200,True
w2_2026_000023,w2,test,data\raw\irs_synthetic\w2\test\pdf\w2_2026_000023.pdf,data\raw\irs_synthetic\w2\test\images\w2_2026_000023.png,data\annotations\irs_synthetic\w2\test\w2_2026_000023.json,w2_2026,200,True
w2_2026_000024,w2,train,data\raw\irs_synthetic\w2\train\pdf\w2_2026_000024.pdf,data\raw\irs_synthetic\w2\train\images\w2_2026_000024.png,data\annotations\irs_synthetic\w2\train\w2_2026_000024.json,w2_2026,200,True
w2_2026_000025,w2,train,data\raw\irs_synthetic\w2\train\pdf\w2_2026_000025.pdf,data\raw\irs_synthetic\w2\train\images\w2_2026_000025.png,data\annotations\irs_synthetic\w2\train\w2_2026_000025.json,w2_2026,200,True
w2_2026_000026,w2,train,data\raw\irs_synthetic\w2\train\pdf\w2_2026_000026.pdf,data\raw\irs_synthetic\w2\train\images\w2_2026_000026.png,data\annotations\irs_synthetic\w2\train\w2_2026_000026.json,w2_2026,200,True
w2_2026_000027,w2,test,data\raw\irs_synthetic\w2\test\pdf\w2_2026_000027.pdf,data\raw\irs_synthetic\w2\test\images\w2_2026_000027.png,data\annotations\irs_synthetic\w2\test\w2_2026_000027.json,w2_2026,200,True
w2_2026_000028,w2,train,data\raw\irs_synthetic\w2\train\pdf\w2_2026_000028.pdf,data\raw\irs_synthetic\w2\train\images\w2_2026_000028.png,data\annotations\irs_synthetic\w2\train\w2_2026_000028.json,w2_2026,200,True
w2_2026_000029,w2,train,data\raw\irs_synthetic\w2\train\pdf\w2_2026_000029.pdf,data\raw\irs_synthetic\w2\train\images\w2_2026_000029.png,data\annotations\irs_synthetic\w2\train\w2_2026_000029.json,w2_2026,200,True
w2_2026_000030,w2,train,data\raw\irs_synthetic\w2\train\pdf\w2_2026_000030.pdf,data\raw\irs_synthetic\w2\train\images\w2_2026_000030.png,data\annotations\irs_synthetic\w2\train\w2_2026_000030.json,w2_2026,200,True
w2_2026_000031,w2,train,data\raw\irs_synthetic\w2\train\pdf\w2_2026_000031.pdf,data\raw\irs_synthetic\w2\train\images\w2_2026_000031.png,data\annotations\irs_synthetic\w2\train\w2_2026_000031.json,w2_2026,200,True
w2_2026_000032,w2,train,data\raw\irs_synthetic\w2\train\pdf\w2_2026_000032.pdf,data\raw\irs_synthetic\w2\train\images\w2_2026_000032.png,data\annotations\irs_synthetic\w2\train\w2_2026_000032.json,w2_2026,200,True
w2_2026_000033,w2,train,data\raw\irs_synthetic\w2\train\pdf\w2_2026_000033.pdf,data\raw\irs_synthetic\w2\train\images\w2_2026_000033.png,data\annotations\irs_synthetic\w2\train\w2_2026_000033.json,w2_2026,200,True
w2_2026_000034,w2,train,data\raw\irs_synthetic\w2\train\pdf\w2_2026_000034.pdf,data\raw\irs_synthetic\w2\train\images\w2_2026_000034.png,data\annotations\irs_synthetic\w2\train\w2_2026_000034.json,w2_2026,200,True
w2_2026_000035,w2,train,data\raw\irs_synthetic\w2\train\pdf\w2_2026_000035.pdf,data\raw\irs_synthetic\w2\train\images\w2_2026_000035.png,data\annotations\irs_synthetic\w2\train\w2_2026_000035.json,w2_2026,200,True
w2_2026_000036,w2,test,data\raw\irs_synthetic\w2\test\pdf\w2_2026_000036.pdf,data\raw\irs_synthetic\w2\test\images\w2_2026_000036.png,data\annotations\irs_synthetic\w2\test\w2_2026_000036.json,w2_2026,200,True
w2_2026_000037,w2,train,data\raw\irs_synthetic\w2\train\pdf\w2_2026_000037.pdf,data\raw\irs_synthetic\w2\train\images\w2_2026_000037.png,data\annotations\irs_synthetic\w2\train\w2_2026_000037.json,w2_2026,200,True
w2_2026_000038,w2,train,data\raw\irs_synthetic\w2\train\pdf\w2_2026_000038.pdf,data\raw\irs_synthetic\w2\train\images\w2_2026_000038.png,data\annotations\irs_synthetic\w2\train\w2_2026_000038.json,w2_2026,200,True
w2_2026_000039,w2,train,data\raw\irs_synthetic\w2\train\pdf\w2_2026_000039.pdf,data\raw\irs_synthetic\w2\train\images\w2_2026_000039.png,data\annotations\irs_synthetic\w2\train\w2_2026_000039.json,w2_2026,200,True
w2_2026_000040,w2,train,data\raw\irs_synthetic\w2\train\pdf\w2_2026_000040.pdf,data\raw\irs_synthetic\w2\train\images\w2_2026_000040.png,data\annotations\irs_synthetic\w2\train\w2_2026_000040.json,w2_2026,200,True
w2_2026_000041,w2,validation,data\raw\irs_synthetic\w2\validation\pdf\w2_2026_000041.pdf,data\raw\irs_synthetic\w2\validation\images\w2_2026_000041.png,data\annotations\irs_synthetic\w2\validation\w2_2026_000041.json,w2_2026,200,True
w2_2026_000042,w2,train,data\raw\irs_synthetic\w2\train\pdf\w2_2026_000042.pdf,data\raw\irs_synthetic\w2\train\images\w2_2026_000042.png,data\annotations\irs_synthetic\w2\train\w2_2026_000042.json,w2_2026,200,True
w2_2026_000043,w2,test,data\raw\irs_synthetic\w2\test\pdf\w2_2026_000043.pdf,data\raw\irs_synthetic\w2\test\images\w2_2026_000043.png,data\annotations\irs_synthetic\w2\test\w2_2026_000043.json,w2_2026,200,True
w2_2026_000044,w2,train,data\raw\irs_synthetic\w2\train\pdf\w2_2026_000044.pdf,data\raw\irs_synthetic\w2\train\images\w2_2026_000044.png,data\annotations\irs_synthetic\w2\train\w2_2026_000044.json,w2_2026,200,True
w2_2026_000045,w2,train,data\raw\irs_synthetic\w2\train\pdf\w2_2026_000045.pdf,data\raw\irs_synthetic\w2\train\images\w2_2026_000045.png,data\annotations\irs_synthetic\w2\train\w2_2026_000045.json,w2_2026,200,True
w2_2026_000046,w2,train,data\raw\irs_synthetic\w2\train\pdf\w2_2026_000046.pdf,data\raw\irs_synthetic\w2\train\images\w2_2026_000046.png,data\annotations\irs_synthetic\w2\train\w2_2026_000046.json,w2_2026,200,True
w2_2026_000047,w2,train,data\raw\irs_synthetic\w2\train\pdf\w2_2026_000047.pdf,data\raw\irs_synthetic\w2\train\images\w2_2026_000047.png,data\annotations\irs_synthetic\w2\train\w2_2026_000047.json,w2_2026,200,True
w2_2026_000048,w2,validation,data\raw\irs_synthetic\w2\validation\pdf\w2_2026_000048.pdf,data\raw\irs_synthetic\w2\validation\images\w2_2026_000048.png,data\annotations\irs_synthetic\w2\validation\w2_2026_000048.json,w2_2026,200,True
w2_2026_000049,w2,validation,data\raw\irs_synthetic\w2\validation\pdf\w2_2026_000049.pdf,data\raw\irs_synthetic\w2\validation\images\w2_2026_000049.png,data\annotations\irs_synthetic\w2\validation\w2_2026_000049.json,w2_2026,200,True
w2_2026_000050,w2,train,data\raw\irs_synthetic\w2\train\pdf\w2_2026_000050.pdf,data\raw\irs_synthetic\w2\train\images\w2_2026_000050.png,data\annotations\irs_synthetic\w2\train\w2_2026_000050.json,w2_2026,200,True
w2_2026_000051,w2,train,data\raw\irs_synthetic\w2\train\pdf\w2_2026_000051.pdf,data\raw\irs_synthetic\w2\train\images\w2_2026_000051.png,data\annotations\irs_synthetic\w2\train\w2_2026_000051.json,w2_2026,200,True
w2_2026_000052,w2,train,data\raw\irs_synthetic\w2\train\pdf\w2_2026_000052.pdf,data\raw\irs_synthetic\w2\train\images\w2_2026_000052.png,data\annotations\irs_synthetic\w2\train\w2_2026_000052.json,w2_2026,200,True
w2_2026_000053,w2,train,data\raw\irs_synthetic\w2\train\pdf\w2_2026_000053.pdf,data\raw\irs_synthetic\w2\train\images\w2_2026_000053.png,data\annotations\irs_synthetic\w2\train\w2_2026_000053.json,w2_2026,200,True
w2_2026_000054,w2,train,data\raw\irs_synthetic\w2\train\pdf\w2_2026_000054.pdf,data\raw\irs_synthetic\w2\train\images\w2_2026_000054.png,data\annotations\irs_synthetic\w2\train\w2_2026_000054.json,w2_2026,200,True
w2_2026_000055,w2,validation,data\raw\irs_synthetic\w2\validation\pdf\w2_2026_000055.pdf,data\raw\irs_synthetic\w2\validation\images\w2_2026_000055.png,data\annotations\irs_synthetic\w2\validation\w2_2026_000055.json,w2_2026,200,True
w2_2026_000056,w2,train,data\raw\irs_synthetic\w2\train\pdf\w2_2026_000056.pdf,data\raw\irs_synthetic\w2\train\images\w2_2026_000056.png,data\annotations\irs_synthetic\w2\train\w2_2026_000056.json,w2_2026,200,True
w2_2026_000057,w2,test,data\raw\irs_synthetic\w2\test\pdf\w2_2026_000057.pdf,data\raw\irs_synthetic\w2\test\images\w2_2026_000057.png,data\annotations\irs_synthetic\w2\test\w2_2026_000057.json,w2_2026,200,True
w2_2026_000058,w2,train,data\raw\irs_synthetic\w2\train\pdf\w2_2026_000058.pdf,data\raw\irs_synthetic\w2\train\images\w2_2026_000058.png,data\annotations\irs_synthetic\w2\train\w2_2026_000058.json,w2_2026,200,True
w2_2026_000059,w2,train,data\raw\irs_synthetic\w2\train\pdf\w2_2026_000059.pdf,data\raw\irs_synthetic\w2\train\images\w2_2026_000059.png,data\annotations\irs_synthetic\w2\train\w2_2026_000059.json,w2_2026,200,True
w2_2026_000060,w2,train,data\raw\irs_synthetic\w2\train\pdf\w2_2026_000060.pdf,data\raw\irs_synthetic\w2\train\images\w2_2026_000060.png,data\annotations\irs_synthetic\w2\train\w2_2026_000060.json,w2_2026,200,True
w2_2026_000061,w2,train,data\raw\irs_synthetic\w2\train\pdf\w2_2026_000061.pdf,data\raw\irs_synthetic\w2\train\images\w2_2026_000061.png,data\annotations\irs_synthetic\w2\train\w2_2026_000061.json,w2_2026,200,True
w2_2026_000062,w2,test,data\raw\irs_synthetic\w2\test\pdf\w2_2026_000062.pdf,data\raw\irs_synthetic\w2\test\images\w2_2026_000062.png,data\annotations\irs_synthetic\w2\test\w2_2026_000062.json,w2_2026,200,True
w2_2026_000063,w2,train,data\raw\irs_synthetic\w2\train\pdf\w2_2026_000063.pdf,data\raw\irs_synthetic\w2\train\images\w2_2026_000063.png,data\annotations\irs_synthetic\w2\train\w2_2026_000063.json,w2_2026,200,True
w2_2026_000064,w2,train,data\raw\irs_synthetic\w2\train\pdf\w2_2026_000064.pdf,data\raw\irs_synthetic\w2\train\images\w2_2026_000064.png,data\annotations\irs_synthetic\w2\train\w2_2026_000064.json,w2_2026,200,True
w2_2026_000065,w2,validation,data\raw\irs_synthetic\w2\validation\pdf\w2_2026_000065.pdf,data\raw\irs_synthetic\w2\validation\images\w2_2026_000065.png,data\annotations\irs_synthetic\w2\validation\w2_2026_000065.json,w2_2026,200,True
w2_2026_000066,w2,test,data\raw\irs_synthetic\w2\test\pdf\w2_2026_000066.pdf,data\raw\irs_synthetic\w2\test\images\w2_2026_000066.png,data\annotations\irs_synthetic\w2\test\w2_2026_000066.json,w2_2026,200,True
w2_2026_000067,w2,train,data\raw\irs_synthetic\w2\train\pdf\w2_2026_000067.pdf,data\raw\irs_synthetic\w2\train\images\w2_2026_000067.png,data\annotations\irs_synthetic\w2\train\w2_2026_000067.json,w2_2026,200,True
w2_2026_000068,w2,train,data\raw\irs_synthetic\w2\train\pdf\w2_2026_000068.pdf,data\raw\irs_synthetic\w2\train\images\w2_2026_000068.png,data\annotations\irs_synthetic\w2\train\w2_2026_000068.json,w2_2026,200,True
w2_2026_000069,w2,test,data\raw\irs_synthetic\w2\test\pdf\w2_2026_000069.pdf,data\raw\irs_synthetic\w2\test\images\w2_2026_000069.png,data\annotations\irs_synthetic\w2\test\w2_2026_000069.json,w2_2026,200,True
w2_2026_000070,w2,validation,data\raw\irs_synthetic\w2\validation\pdf\w2_2026_000070.pdf,data\raw\irs_synthetic\w2\validation\images\w2_2026_000070.png,data\annotations\irs_synthetic\w2\validation\w2_2026_000070.json,w2_2026,200,True
w2_2026_000071,w2,train,data\raw\irs_synthetic\w2\train\pdf\w2_2026_000071.pdf,data\raw\irs_synthetic\w2\train\images\w2_2026_000071.png,data\annotations\irs_synthetic\w2\train\w2_2026_000071.json,w2_2026,200,True
w2_2026_000072,w2,train,data\raw\irs_synthetic\w2\train\pdf\w2_2026_000072.pdf,data\raw\irs_synthetic\w2\train\images\w2_2026_000072.png,data\annotations\irs_synthetic\w2\train\w2_2026_000072.json,w2_2026,200,True
w2_2026_000073,w2,train,data\raw\irs_synthetic\w2\train\pdf\w2_2026_000073.pdf,data\raw\irs_synthetic\w2\train\images\w2_2026_000073.png,data\annotations\irs_synthetic\w2\train\w2_2026_000073.json,w2_2026,200,True
w2_2026_000074,w2,train,data\raw\irs_synthetic\w2\train\pdf\w2_2026_000074.pdf,data\raw\irs_synthetic\w2\train\images\w2_2026_000074.png,data\annotations\irs_synthetic\w2\train\w2_2026_000074.json,w2_2026,200,True
w2_2026_000075,w2,train,data\raw\irs_synthetic\w2\train\pdf\w2_2026_000075.pdf,data\raw\irs_synthetic\w2\train\images\w2_2026_000075.png,data\annotations\irs_synthetic\w2\train\w2_2026_000075.json,w2_2026,200,True
w2_2026_000076,w2,train,data\raw\irs_synthetic\w2\train\pdf\w2_2026_000076.pdf,data\raw\irs_synthetic\w2\train\images\w2_2026_000076.png,data\annotations\irs_synthetic\w2\train\w2_2026_000076.json,w2_2026,200,True
w2_2026_000077,w2,validation,data\raw\irs_synthetic\w2\validation\pdf\w2_2026_000077.pdf,data\raw\irs_synthetic\w2\validation\images\w2_2026_000077.png,data\annotations\irs_synthetic\w2\validation\w2_2026_000077.json,w2_2026,200,True
w2_2026_000078,w2,train,data\raw\irs_synthetic\w2\train\pdf\w2_2026_000078.pdf,data\raw\irs_synthetic\w2\train\images\w2_2026_000078.png,data\annotations\irs_synthetic\w2\train\w2_2026_000078.json,w2_2026,200,True
w2_2026_000079,w2,train,data\raw\irs_synthetic\w2\train\pdf\w2_2026_000079.pdf,data\raw\irs_synthetic\w2\train\images\w2_2026_000079.png,data\annotations\irs_synthetic\w2\train\w2_2026_000079.json,w2_2026,200,True
w2_2026_000080,w2,train,data\raw\irs_synthetic\w2\train\pdf\w2_2026_000080.pdf,data\raw\irs_synthetic\w2\train\images\w2_2026_000080.png,data\annotations\irs_synthetic\w2\train\w2_2026_000080.json,w2_2026,200,True
w2_2026_000081,w2,train,data\raw\irs_synthetic\w2\train\pdf\w2_2026_000081.pdf,data\raw\irs_synthetic\w2\train\images\w2_2026_000081.png,data\annotations\irs_synthetic\w2\train\w2_2026_000081.json,w2_2026,200,True
w2_2026_000082,w2,train,data\raw\irs_synthetic\w2\train\pdf\w2_2026_000082.pdf,data\raw\irs_synthetic\w2\train\images\w2_2026_000082.png,data\annotations\irs_synthetic\w2\train\w2_2026_000082.json,w2_2026,200,True
w2_2026_000083,w2,train,data\raw\irs_synthetic\w2\train\pdf\w2_2026_000083.pdf,data\raw\irs_synthetic\w2\train\images\w2_2026_000083.png,data\annotations\irs_synthetic\w2\train\w2_2026_000083.json,w2_2026,200,True
w2_2026_000084,w2,train,data\raw\irs_synthetic\w2\train\pdf\w2_2026_000084.pdf,data\raw\irs_synthetic\w2\train\images\w2_2026_000084.png,data\annotations\irs_synthetic\w2\train\w2_2026_000084.json,w2_2026,200,True
w2_2026_000085,w2,train,data\raw\irs_synthetic\w2\train\pdf\w2_2026_000085.pdf,data\raw\irs_synthetic\w2\train\images\w2_2026_000085.png,data\annotations\irs_synthetic\w2\train\w2_2026_000085.json,w2_2026,200,True
w2_2026_000086,w2,train,data\raw\irs_synthetic\w2\train\pdf\w2_2026_000086.pdf,data\raw\irs_synthetic\w2\train\images\w2_2026_000086.png,data\annotations\irs_synthetic\w2\train\w2_2026_000086.json,w2_2026,200,True
w2_2026_000087,w2,train,data\raw\irs_synthetic\w2\train\pdf\w2_2026_000087.pdf,data\raw\irs_synthetic\w2\train\images\w2_2026_000087.png,data\annotations\irs_synthetic\w2\train\w2_2026_000087.json,w2_2026,200,True
w2_2026_000088,w2,train,data\raw\irs_synthetic\w2\train\pdf\w2_2026_000088.pdf,data\raw\irs_synthetic\w2\train\images\w2_2026_000088.png,data\annotations\irs_synthetic\w2\train\w2_2026_000088.json,w2_2026,200,True
w2_2026_000089,w2,train,data\raw\irs_synthetic\w2\train\pdf\w2_2026_000089.pdf,data\raw\irs_synthetic\w2\train\images\w2_2026_000089.png,data\annotations\irs_synthetic\w2\train\w2_2026_000089.json,w2_2026,200,True
w2_2026_000090,w2,train,data\raw\irs_synthetic\w2\train\pdf\w2_2026_000090.pdf,data\raw\irs_synthetic\w2\train\images\w2_2026_000090.png,data\annotations\irs_synthetic\w2\train\w2_2026_000090.json,w2_2026,200,True
w2_2026_000091,w2,train,data\raw\irs_synthetic\w2\train\pdf\w2_2026_000091.pdf,data\raw\irs_synthetic\w2\train\images\w2_2026_000091.png,data\annotations\irs_synthetic\w2\train\w2_2026_000091.json,w2_2026,200,True
w2_2026_000092,w2,validation,data\raw\irs_synthetic\w2\validation\pdf\w2_2026_000092.pdf,data\raw\irs_synthetic\w2\validation\images\w2_2026_000092.png,data\annotations\irs_synthetic\w2\validation\w2_2026_000092.json,w2_2026,200,True
w2_2026_000093,w2,test,data\raw\irs_synthetic\w2\test\pdf\w2_2026_000093.pdf,data\raw\irs_synthetic\w2\test\images\w2_2026_000093.png,data\annotations\irs_synthetic\w2\test\w2_2026_000093.json,w2_2026,200,True
w2_2026_000094,w2,train,data\raw\irs_synthetic\w2\train\pdf\w2_2026_000094.pdf,data\raw\irs_synthetic\w2\train\images\w2_2026_000094.png,data\annotations\irs_synthetic\w2\train\w2_2026_000094.json,w2_2026,200,True
w2_2026_000095,w2,validation,data\raw\irs_synthetic\w2\validation\pdf\w2_2026_000095.pdf,data\raw\irs_synthetic\w2\validation\images\w2_2026_000095.png,data\annotations\irs_synthetic\w2\validation\w2_2026_000095.json,w2_2026,200,True
w2_2026_000096,w2,train,data\raw\irs_synthetic\w2\train\pdf\w2_2026_000096.pdf,data\raw\irs_synthetic\w2\train\images\w2_2026_000096.png,data\annotations\irs_synthetic\w2\train\w2_2026_000096.json,w2_2026,200,True
w2_2026_000097,w2,validation,data\raw\irs_synthetic\w2\validation\pdf\w2_2026_000097.pdf,data\raw\irs_synthetic\w2\validation\images\w2_2026_000097.png,data\annotations\irs_synthetic\w2\validation\w2_2026_000097.json,w2_2026,200,True
w2_2026_000098,w2,train,data\raw\irs_synthetic\w2\train\pdf\w2_2026_000098.pdf,data\raw\irs_synthetic\w2\train\images\w2_2026_000098.png,data\annotations\irs_synthetic\w2\train\w2_2026_000098.json,w2_2026,200,True
w2_2026_000099,w2,train,data\raw\irs_synthetic\w2\train\pdf\w2_2026_000099.pdf,data\raw\irs_synthetic\w2\train\images\w2_2026_000099.png,data\annotations\irs_synthetic\w2\train\w2_2026_000099.json,w2_2026,200,True
w2_2026_000100,w2,train,data\raw\irs_synthetic\w2\train\pdf\w2_2026_000100.pdf,data\raw\irs_synthetic\w2\train\images\w2_2026_000100.png,data\annotations\irs_synthetic\w2\train\w2_2026_000100.json,w2_2026,200,True
w2_2026_000101,w2,train,data\raw\irs_synthetic\w2\train\pdf\w2_2026_000101.pdf,data\raw\irs_synthetic\w2\train\images\w2_2026_000101.png,data\annotations\irs_synthetic\w2\train\w2_2026_000101.json,w2_2026,200,True
w2_2026_000102,w2,train,data\raw\irs_synthetic\w2\train\pdf\w2_2026_000102.pdf,data\raw\irs_synthetic\w2\train\images\w2_2026_000102.png,data\annotations\irs_synthetic\w2\train\w2_2026_000102.json,w2_2026,200,True
w2_2026_000103,w2,train,data\raw\irs_synthetic\w2\train\pdf\w2_2026_000103.pdf,data\raw\irs_synthetic\w2\train\images\w2_2026_000103.png,data\annotations\irs_synthetic\w2\train\w2_2026_000103.json,w2_2026,200,True
w2_2026_000104,w2,train,data\raw\irs_synthetic\w2\train\pdf\w2_2026_000104.pdf,data\raw\irs_synthetic\w2\train\images\w2_2026_000104.png,data\annotations\irs_synthetic\w2\train\w2_2026_000104.json,w2_2026,200,True
w2_2026_000105,w2,train,data\raw\irs_synthetic\w2\train\pdf\w2_2026_000105.pdf,data\raw\irs_synthetic\w2\train\images\w2_2026_000105.png,data\annotations\irs_synthetic\w2\train\w2_2026_000105.json,w2_2026,200,True
w2_2026_000106,w2,train,data\raw\irs_synthetic\w2\train\pdf\w2_2026_000106.pdf,data\raw\irs_synthetic\w2\train\images\w2_2026_000106.png,data\annotations\irs_synthetic\w2\train\w2_2026_000106.json,w2_2026,200,True
w2_2026_000107,w2,train,data\raw\irs_synthetic\w2\train\pdf\w2_2026_000107.pdf,data\raw\irs_synthetic\w2\train\images\w2_2026_000107.png,data\annotations\irs_synthetic\w2\train\w2_2026_000107.json,w2_2026,200,True
w2_2026_000108,w2,train,data\raw\irs_synthetic\w2\train\pdf\w2_2026_000108.pdf,data\raw\irs_synthetic\w2\train\images\w2_2026_000108.png,data\annotations\irs_synthetic\w2\train\w2_2026_000108.json,w2_2026,200,True
w2_2026_000109,w2,train,data\raw\irs_synthetic\w2\train\pdf\w2_2026_000109.pdf,data\raw\irs_synthetic\w2\train\images\w2_2026_000109.png,data\annotations\irs_synthetic\w2\train\w2_2026_000109.json,w2_2026,200,True
w2_2026_000110,w2,train,data\raw\irs_synthetic\w2\train\pdf\w2_2026_000110.pdf,data\raw\irs_synthetic\w2\train\images\w2_2026_000110.png,data\annotations\irs_synthetic\w2\train\w2_2026_000110.json,w2_2026,200,True
w2_2026_000111,w2,validation,data\raw\irs_synthetic\w2\validation\pdf\w2_2026_000111.pdf,data\raw\irs_synthetic\w2\validation\images\w2_2026_000111.png,data\annotations\irs_synthetic\w2\validation\w2_2026_000111.json,w2_2026,200,True
w2_2026_000112,w2,train,data\raw\irs_synthetic\w2\train\pdf\w2_2026_000112.pdf,data\raw\irs_synthetic\w2\train\images\w2_2026_000112.png,data\annotations\irs_synthetic\w2\train\w2_2026_000112.json,w2_2026,200,True
w2_2026_000113,w2,train,data\raw\irs_synthetic\w2\train\pdf\w2_2026_000113.pdf,data\raw\irs_synthetic\w2\train\images\w2_2026_000113.png,data\annotations\irs_synthetic\w2\train\w2_2026_000113.json,w2_2026,200,True
w2_2026_000114,w2,train,data\raw\irs_synthetic\w2\train\pdf\w2_2026_000114.pdf,data\raw\irs_synthetic\w2\train\images\w2_2026_000114.png,data\annotations\irs_synthetic\w2\train\w2_2026_000114.json,w2_2026,200,True
w2_2026_000115,w2,validation,data\raw\irs_synthetic\w2\validation\pdf\w2_2026_000115.pdf,data\raw\irs_synthetic\w2\validation\images\w2_2026_000115.png,data\annotations\irs_synthetic\w2\validation\w2_2026_000115.json,w2_2026,200,True
w2_2026_000116,w2,test,data\raw\irs_synthetic\w2\test\pdf\w2_2026_000116.pdf,data\raw\irs_synthetic\w2\test\images\w2_2026_000116.png,data\annotations\irs_synthetic\w2\test\w2_2026_000116.json,w2_2026,200,True
w2_2026_000117,w2,train,data\raw\irs_synthetic\w2\train\pdf\w2_2026_000117.pdf,data\raw\irs_synthetic\w2\train\images\w2_2026_000117.png,data\annotations\irs_synthetic\w2\train\w2_2026_000117.json,w2_2026,200,True
w2_2026_000118,w2,train,data\raw\irs_synthetic\w2\train\pdf\w2_2026_000118.pdf,data\raw\irs_synthetic\w2\train\images\w2_2026_000118.png,data\annotations\irs_synthetic\w2\train\w2_2026_000118.json,w2_2026,200,True
w2_2026_000119,w2,train,data\raw\irs_synthetic\w2\train\pdf\w2_2026_000119.pdf,data\raw\irs_synthetic\w2\train\images\w2_2026_000119.png,data\annotations\irs_synthetic\w2\train\w2_2026_000119.json,w2_2026,200,True
w2_2026_000120,w2,test,data\raw\irs_synthetic\w2\test\pdf\w2_2026_000120.pdf,data\raw\irs_synthetic\w2\test\images\w2_2026_000120.png,data\annotations\irs_synthetic\w2\test\w2_2026_000120.json,w2_2026,200,True
w2_2026_000121,w2,test,data\raw\irs_synthetic\w2\test\pdf\w2_2026_000121.pdf,data\raw\irs_synthetic\w2\test\images\w2_2026_000121.png,data\annotations\irs_synthetic\w2\test\w2_2026_000121.json,w2_2026,200,True
w2_2026_000122,w2,train,data\raw\irs_synthetic\w2\train\pdf\w2_2026_000122.pdf,data\raw\irs_synthetic\w2\train\images\w2_2026_000122.png,data\annotations\irs_synthetic\w2\train\w2_2026_000122.json,w2_2026,200,True
w2_2026_000123,w2,test,data\raw\irs_synthetic\w2\test\pdf\w2_2026_000123.pdf,data\raw\irs_synthetic\w2\test\images\w2_2026_000123.png,data\annotations\irs_synthetic\w2\test\w2_2026_000123.json,w2_2026,200,True
w2_2026_000124,w2,validation,data\raw\irs_synthetic\w2\validation\pdf\w2_2026_000124.pdf,data\raw\irs_synthetic\w2\validation\images\w2_2026_000124.png,data\annotations\irs_synthetic\w2\validation\w2_2026_000124.json,w2_2026,200,True
w2_2026_000125,w2,train,data\raw\irs_synthetic\w2\train\pdf\w2_2026_000125.pdf,data\raw\irs_synthetic\w2\train\images\w2_2026_000125.png,data\annotations\irs_synthetic\w2\train\w2_2026_000125.json,w2_2026,200,True
w2_2026_000126,w2,train,data\raw\irs_synthetic\w2\train\pdf\w2_2026_000126.pdf,data\raw\irs_synthetic\w2\train\images\w2_2026_000126.png,data\annotations\irs_synthetic\w2\train\w2_2026_000126.json,w2_2026,200,True
w2_2026_000127,w2,train,data\raw\irs_synthetic\w2\train\pdf\w2_2026_000127.pdf,data\raw\irs_synthetic\w2\train\images\w2_2026_000127.png,data\annotations\irs_synthetic\w2\train\w2_2026_000127.json,w2_2026,200,True
w2_2026_000128,w2,train,data\raw\irs_synthetic\w2\train\pdf\w2_2026_000128.pdf,data\raw\irs_synthetic\w2\train\images\w2_2026_000128.png,data\annotations\irs_synthetic\w2\train\w2_2026_000128.json,w2_2026,200,True
w2_2026_000129,w2,train,data\raw\irs_synthetic\w2\train\pdf\w2_2026_000129.pdf,data\raw\irs_synthetic\w2\train\images\w2_2026_000129.png,data\annotations\irs_synthetic\w2\train\w2_2026_000129.json,w2_2026,200,True
w2_2026_000130,w2,train,data\raw\irs_synthetic\w2\train\pdf\w2_2026_000130.pdf,data\raw\irs_synthetic\w2\train\images\w2_2026_000130.png,data\annotations\irs_synthetic\w2\train\w2_2026_000130.json,w2_2026,200,True
w2_2026_000131,w2,validation,data\raw\irs_synthetic\w2\validation\pdf\w2_2026_000131.pdf,data\raw\irs_synthetic\w2\validation\images\w2_2026_000131.png,data\annotations\irs_synthetic\w2\validation\w2_2026_000131.json,w2_2026,200,True
w2_2026_000132,w2,test,data\raw\irs_synthetic\w2\test\pdf\w2_2026_000132.pdf,data\raw\irs_synthetic\w2\test\images\w2_2026_000132.png,data\annotations\irs_synthetic\w2\test\w2_2026_000132.json,w2_2026,200,True
w2_2026_000133,w2,test,data\raw\irs_synthetic\w2\test\pdf\w2_2026_000133.pdf,data\raw\irs_synthetic\w2\test\images\w2_2026_000133.png,data\annotations\irs_synthetic\w2\test\w2_2026_000133.json,w2_2026,200,True
w2_2026_000134,w2,test,data\raw\irs_synthetic\w2\test\pdf\w2_2026_000134.pdf,data\raw\irs_synthetic\w2\test\images\w2_2026_000134.png,data\annotations\irs_synthetic\w2\test\w2_2026_000134.json,w2_2026,200,True
w2_2026_000135,w2,train,data\raw\irs_synthetic\w2\train\pdf\w2_2026_000135.pdf,data\raw\irs_synthetic\w2\train\images\w2_2026_000135.png,data\annotations\irs_synthetic\w2\train\w2_2026_000135.json,w2_2026,200,True
w2_2026_000136,w2,validation,data\raw\irs_synthetic\w2\validation\pdf\w2_2026_000136.pdf,data\raw\irs_synthetic\w2\validation\images\w2_2026_000136.png,data\annotations\irs_synthetic\w2\validation\w2_2026_000136.json,w2_2026,200,True
w2_2026_000137,w2,train,data\raw\irs_synthetic\w2\train\pdf\w2_2026_000137.pdf,data\raw\irs_synthetic\w2\train\images\w2_2026_000137.png,data\annotations\irs_synthetic\w2\train\w2_2026_000137.json,w2_2026,200,True
w2_2026_000138,w2,train,data\raw\irs_synthetic\w2\train\pdf\w2_2026_000138.pdf,data\raw\irs_synthetic\w2\train\images\w2_2026_000138.png,data\annotations\irs_synthetic\w2\train\w2_2026_000138.json,w2_2026,200,True
w2_2026_000139,w2,train,data\raw\irs_synthetic\w2\train\pdf\w2_2026_000139.pdf,data\raw\irs_synthetic\w2\train\images\w2_2026_000139.png,data\annotations\irs_synthetic\w2\train\w2_2026_000139.json,w2_2026,200,True
w2_2026_000140,w2,validation,data\raw\irs_synthetic\w2\validation\pdf\w2_2026_000140.pdf,data\raw\irs_synthetic\w2\validation\images\w2_2026_000140.png,data\annotations\irs_synthetic\w2\validation\w2_2026_000140.json,w2_2026,200,True
w2_2026_000141,w2,train,data\raw\irs_synthetic\w2\train\pdf\w2_2026_000141.pdf,data\raw\irs_synthetic\w2\train\images\w2_2026_000141.png,data\annotations\irs_synthetic\w2\train\w2_2026_000141.json,w2_2026,200,True
w2_2026_000142,w2,validation,data\raw\irs_synthetic\w2\validation\pdf\w2_2026_000142.pdf,data\raw\irs_synthetic\w2\validation\images\w2_2026_000142.png,data\annotations\irs_synthetic\w2\validation\w2_2026_000142.json,w2_2026,200,True
w2_2026_000143,w2,validation,data\raw\irs_synthetic\w2\validation\pdf\w2_2026_000143.pdf,data\raw\irs_synthetic\w2\validation\images\w2_2026_000143.png,data\annotations\irs_synthetic\w2\validation\w2_2026_000143.json,w2_2026,200,True
w2_2026_000144,w2,train,data\raw\irs_synthetic\w2\train\pdf\w2_2026_000144.pdf,data\raw\irs_synthetic\w2\train\images\w2_2026_000144.png,data\annotations\irs_synthetic\w2\train\w2_2026_000144.json,w2_2026,200,True
w2_2026_000145,w2,train,data\raw\irs_synthetic\w2\train\pdf\w2_2026_000145.pdf,data\raw\irs_synthetic\w2\train\images\w2_2026_000145.png,data\annotations\irs_synthetic\w2\train\w2_2026_000145.json,w2_2026,200,True
w2_2026_000146,w2,train,data\raw\irs_synthetic\w2\train\pdf\w2_2026_000146.pdf,data\raw\irs_synthetic\w2\train\images\w2_2026_000146.png,data\annotations\irs_synthetic\w2\train\w2_2026_000146.json,w2_2026,200,True
w2_2026_000147,w2,test,data\raw\irs_synthetic\w2\test\pdf\w2_2026_000147.pdf,data\raw\irs_synthetic\w2\test\images\w2_2026_000147.png,data\annotations\irs_synthetic\w2\test\w2_2026_000147.json,w2_2026,200,True
w2_2026_000148,w2,train,data\raw\irs_synthetic\w2\train\pdf\w2_2026_000148.pdf,data\raw\irs_synthetic\w2\train\images\w2_2026_000148.png,data\annotations\irs_synthetic\w2\train\w2_2026_000148.json,w2_2026,200,True
w2_2026_000149,w2,train,data\raw\irs_synthetic\w2\train\pdf\w2_2026_000149.pdf,data\raw\irs_synthetic\w2\train\images\w2_2026_000149.png,data\annotations\irs_synthetic\w2\train\w2_2026_000149.json,w2_2026,200,True
w2_2026_000150,w2,train,data\raw\irs_synthetic\w2\train\pdf\w2_2026_000150.pdf,data\raw\irs_synthetic\w2\train\images\w2_2026_000150.png,data\annotations\irs_synthetic\w2\train\w2_2026_000150.json,w2_2026,200,True
w2_2026_000151,w2,train,data\raw\irs_synthetic\w2\train\pdf\w2_2026_000151.pdf,data\raw\irs_synthetic\w2\train\images\w2_2026_000151.png,data\annotations\irs_synthetic\w2\train\w2_2026_000151.json,w2_2026,200,True
w2_2026_000152,w2,validation,data\raw\irs_synthetic\w2\validation\pdf\w2_2026_000152.pdf,data\raw\irs_synthetic\w2\validation\images\w2_2026_000152.png,data\annotations\irs_synthetic\w2\validation\w2_2026_000152.json,w2_2026,200,True
w2_2026_000153,w2,train,data\raw\irs_synthetic\w2\train\pdf\w2_2026_000153.pdf,data\raw\irs_synthetic\w2\train\images\w2_2026_000153.png,data\annotations\irs_synthetic\w2\train\w2_2026_000153.json,w2_2026,200,True
w2_2026_000154,w2,train,data\raw\irs_synthetic\w2\train\pdf\w2_2026_000154.pdf,data\raw\irs_synthetic\w2\train\images\w2_2026_000154.png,data\annotations\irs_synthetic\w2\train\w2_2026_000154.json,w2_2026,200,True
w2_2026_000155,w2,validation,data\raw\irs_synthetic\w2\validation\pdf\w2_2026_000155.pdf,data\raw\irs_synthetic\w2\validation\images\w2_2026_000155.png,data\annotations\irs_synthetic\w2\validation\w2_2026_000155.json,w2_2026,200,True
w2_2026_000156,w2,train,data\raw\irs_synthetic\w2\train\pdf\w2_2026_000156.pdf,data\raw\irs_synthetic\w2\train\images\w2_2026_000156.png,data\annotations\irs_synthetic\w2\train\w2_2026_000156.json,w2_2026,200,True
w2_2026_000157,w2,validation,data\raw\irs_synthetic\w2\validation\pdf\w2_2026_000157.pdf,data\raw\irs_synthetic\w2\validation\images\w2_2026_000157.png,data\annotations\irs_synthetic\w2\validation\w2_2026_000157.json,w2_2026,200,True
w2_2026_000158,w2,train,data\raw\irs_synthetic\w2\train\pdf\w2_2026_000158.pdf,data\raw\irs_synthetic\w2\train\images\w2_2026_000158.png,data\annotations\irs_synthetic\w2\train\w2_2026_000158.json,w2_2026,200,True
w2_2026_000159,w2,train,data\raw\irs_synthetic\w2\train\pdf\w2_2026_000159.pdf,data\raw\irs_synthetic\w2\train\images\w2_2026_000159.png,data\annotations\irs_synthetic\w2\train\w2_2026_000159.json,w2_2026,200,True
w2_2026_000160,w2,train,data\raw\irs_synthetic\w2\train\pdf\w2_2026_000160.pdf,data\raw\irs_synthetic\w2\train\images\w2_2026_000160.png,data\annotations\irs_synthetic\w2\train\w2_2026_000160.json,w2_2026,200,True
w2_2026_000161,w2,validation,data\raw\irs_synthetic\w2\validation\pdf\w2_2026_000161.pdf,data\raw\irs_synthetic\w2\validation\images\w2_2026_000161.png,data\annotations\irs_synthetic\w2\validation\w2_2026_000161.json,w2_2026,200,True
w2_2026_000162,w2,train,data\raw\irs_synthetic\w2\train\pdf\w2_2026_000162.pdf,data\raw\irs_synthetic\w2\train\images\w2_2026_000162.png,data\annotations\irs_synthetic\w2\train\w2_2026_000162.json,w2_2026,200,True
w2_2026_000163,w2,train,data\raw\irs_synthetic\w2\train\pdf\w2_2026_000163.pdf,data\raw\irs_synthetic\w2\train\images\w2_2026_000163.png,data\annotations\irs_synthetic\w2\train\w2_2026_000163.json,w2_2026,200,True
w2_2026_000164,w2,train,data\raw\irs_synthetic\w2\train\pdf\w2_2026_000164.pdf,data\raw\irs_synthetic\w2\train\images\w2_2026_000164.png,data\annotations\irs_synthetic\w2\train\w2_2026_000164.json,w2_2026,200,True
w2_2026_000165,w2,train,data\raw\irs_synthetic\w2\train\pdf\w2_2026_000165.pdf,data\raw\irs_synthetic\w2\train\images\w2_2026_000165.png,data\annotations\irs_synthetic\w2\train\w2_2026_000165.json,w2_2026,200,True
w2_2026_000166,w2,validation,data\raw\irs_synthetic\w2\validation\pdf\w2_2026_000166.pdf,data\raw\irs_synthetic\w2\validation\images\w2_2026_000166.png,data\annotations\irs_synthetic\w2\validation\w2_2026_000166.json,w2_2026,200,True
w2_2026_000167,w2,train,data\raw\irs_synthetic\w2\train\pdf\w2_2026_000167.pdf,data\raw\irs_synthetic\w2\train\images\w2_2026_000167.png,data\annotations\irs_synthetic\w2\train\w2_2026_000167.json,w2_2026,200,True
w2_2026_000168,w2,train,data\raw\irs_synthetic\w2\train\pdf\w2_2026_000168.pdf,data\raw\irs_synthetic\w2\train\images\w2_2026_000168.png,data\annotations\irs_synthetic\w2\train\w2_2026_000168.json,w2_2026,200,True
w2_2026_000169,w2,train,data\raw\irs_synthetic\w2\train\pdf\w2_2026_000169.pdf,data\raw\irs_synthetic\w2\train\images\w2_2026_000169.png,data\annotations\irs_synthetic\w2\train\w2_2026_000169.json,w2_2026,200,True
w2_2026_000170,w2,train,data\raw\irs_synthetic\w2\train\pdf\w2_2026_000170.pdf,data\raw\irs_synthetic\w2\train\images\w2_2026_000170.png,data\annotations\irs_synthetic\w2\train\w2_2026_000170.json,w2_2026,200,True
w2_2026_000171,w2,train,data\raw\irs_synthetic\w2\train\pdf\w2_2026_000171.pdf,data\raw\irs_synthetic\w2\train\images\w2_2026_000171.png,data\annotations\irs_synthetic\w2\train\w2_2026_000171.json,w2_2026,200,True
w2_2026_000172,w2,validation,data\raw\irs_synthetic\w2\validation\pdf\w2_2026_000172.pdf,data\raw\irs_synthetic\w2\validation\images\w2_2026_000172.png,data\annotations\irs_synthetic\w2\validation\w2_2026_000172.json,w2_2026,200,True
w2_2026_000173,w2,train,data\raw\irs_synthetic\w2\train\pdf\w2_2026_000173.pdf,data\raw\irs_synthetic\w2\train\images\w2_2026_000173.png,data\annotations\irs_synthetic\w2\train\w2_2026_000173.json,w2_2026,200,True
w2_2026_000174,w2,test,data\raw\irs_synthetic\w2\test\pdf\w2_2026_000174.pdf,data\raw\irs_synthetic\w2\test\images\w2_2026_000174.png,data\annotations\irs_synthetic\w2\test\w2_2026_000174.json,w2_2026,200,True
w2_2026_000175,w2,train,data\raw\irs_synthetic\w2\train\pdf\w2_2026_000175.pdf,data\raw\irs_synthetic\w2\train\images\w2_2026_000175.png,data\annotations\irs_synthetic\w2\train\w2_2026_000175.json,w2_2026,200,True
w2_2026_000176,w2,train,data\raw\irs_synthetic\w2\train\pdf\w2_2026_000176.pdf,data\raw\irs_synthetic\w2\train\images\w2_2026_000176.png,data\annotations\irs_synthetic\w2\train\w2_2026_000176.json,w2_2026,200,True
w2_2026_000177,w2,validation,data\raw\irs_synthetic\w2\validation\pdf\w2_2026_000177.pdf,data\raw\irs_synthetic\w2\validation\images\w2_2026_000177.png,data\annotations\irs_synthetic\w2\validation\w2_2026_000177.json,w2_2026,200,True
w2_2026_000178,w2,train,data\raw\irs_synthetic\w2\train\pdf\w2_2026_000178.pdf,data\raw\irs_synthetic\w2\train\images\w2_2026_000178.png,data\annotations\irs_synthetic\w2\train\w2_2026_000178.json,w2_2026,200,True
w2_2026_000179,w2,train,data\raw\irs_synthetic\w2\train\pdf\w2_2026_000179.pdf,data\raw\irs_synthetic\w2\train\images\w2_2026_000179.png,data\annotations\irs_synthetic\w2\train\w2_2026_000179.json,w2_2026,200,True
w2_2026_000180,w2,train,data\raw\irs_synthetic\w2\train\pdf\w2_2026_000180.pdf,data\raw\irs_synthetic\w2\train\images\w2_2026_000180.png,data\annotations\irs_synthetic\w2\train\w2_2026_000180.json,w2_2026,200,True
w2_2026_000181,w2,train,data\raw\irs_synthetic\w2\train\pdf\w2_2026_000181.pdf,data\raw\irs_synthetic\w2\train\images\w2_2026_000181.png,data\annotations\irs_synthetic\w2\train\w2_2026_000181.json,w2_2026,200,True
w2_2026_000182,w2,train,data\raw\irs_synthetic\w2\train\pdf\w2_2026_000182.pdf,data\raw\irs_synthetic\w2\train\images\w2_2026_000182.png,data\annotations\irs_synthetic\w2\train\w2_2026_000182.json,w2_2026,200,True
w2_2026_000183,w2,train,data\raw\irs_synthetic\w2\train\pdf\w2_2026_000183.pdf,data\raw\irs_synthetic\w2\train\images\w2_2026_000183.png,data\annotations\irs_synthetic\w2\train\w2_2026_000183.json,w2_2026,200,True
w2_2026_000184,w2,train,data\raw\irs_synthetic\w2\train\pdf\w2_2026_000184.pdf,data\raw\irs_synthetic\w2\train\images\w2_2026_000184.png,data\annotations\irs_synthetic\w2\train\w2_2026_000184.json,w2_2026,200,True
w2_2026_000185,w2,train,data\raw\irs_synthetic\w2\train\pdf\w2_2026_000185.pdf,data\raw\irs_synthetic\w2\train\images\w2_2026_000185.png,data\annotations\irs_synthetic\w2\train\w2_2026_000185.json,w2_2026,200,True
w2_2026_000186,w2,test,data\raw\irs_synthetic\w2\test\pdf\w2_2026_000186.pdf,data\raw\irs_synthetic\w2\test\images\w2_2026_000186.png,data\annotations\irs_synthetic\w2\test\w2_2026_000186.json,w2_2026,200,True
w2_2026_000187,w2,train,data\raw\irs_synthetic\w2\train\pdf\w2_2026_000187.pdf,data\raw\irs_synthetic\w2\train\images\w2_2026_000187.png,data\annotations\irs_synthetic\w2\train\w2_2026_000187.json,w2_2026,200,True
w2_2026_000188,w2,train,data\raw\irs_synthetic\w2\train\pdf\w2_2026_000188.pdf,data\raw\irs_synthetic\w2\train\images\w2_2026_000188.png,data\annotations\irs_synthetic\w2\train\w2_2026_000188.json,w2_2026,200,True
w2_2026_000189,w2,train,data\raw\irs_synthetic\w2\train\pdf\w2_2026_000189.pdf,data\raw\irs_synthetic\w2\train\images\w2_2026_000189.png,data\annotations\irs_synthetic\w2\train\w2_2026_000189.json,w2_2026,200,True
w2_2026_000190,w2,train,data\raw\irs_synthetic\w2\train\pdf\w2_2026_000190.pdf,data\raw\irs_synthetic\w2\train\images\w2_2026_000190.png,data\annotations\irs_synthetic\w2\train\w2_2026_000190.json,w2_2026,200,True
w2_2026_000191,w2,train,data\raw\irs_synthetic\w2\train\pdf\w2_2026_000191.pdf,data\raw\irs_synthetic\w2\train\images\w2_2026_000191.png,data\annotations\irs_synthetic\w2\train\w2_2026_000191.json,w2_2026,200,True
w2_2026_000192,w2,train,data\raw\irs_synthetic\w2\train\pdf\w2_2026_000192.pdf,data\raw\irs_synthetic\w2\train\images\w2_2026_000192.png,data\annotations\irs_synthetic\w2\train\w2_2026_000192.json,w2_2026,200,True
w2_2026_000193,w2,train,data\raw\irs_synthetic\w2\train\pdf\w2_2026_000193.pdf,data\raw\irs_synthetic\w2\train\images\w2_2026_000193.png,data\annotations\irs_synthetic\w2\train\w2_2026_000193.json,w2_2026,200,True
w2_2026_000194,w2,train,data\raw\irs_synthetic\w2\train\pdf\w2_2026_000194.pdf,data\raw\irs_synthetic\w2\train\images\w2_2026_000194.png,data\annotations\irs_synthetic\w2\train\w2_2026_000194.json,w2_2026,200,True
w2_2026_000195,w2,train,data\raw\irs_synthetic\w2\train\pdf\w2_2026_000195.pdf,data\raw\irs_synthetic\w2\train\images\w2_2026_000195.png,data\annotations\irs_synthetic\w2\train\w2_2026_000195.json,w2_2026,200,True
w2_2026_000196,w2,train,data\raw\irs_synthetic\w2\train\pdf\w2_2026_000196.pdf,data\raw\irs_synthetic\w2\train\images\w2_2026_000196.png,data\annotations\irs_synthetic\w2\train\w2_2026_000196.json,w2_2026,200,True
w2_2026_000197,w2,train,data\raw\irs_synthetic\w2\train\pdf\w2_2026_000197.pdf,data\raw\irs_synthetic\w2\train\images\w2_2026_000197.png,data\annotations\irs_synthetic\w2\train\w2_2026_000197.json,w2_2026,200,True
w2_2026_000198,w2,train,data\raw\irs_synthetic\w2\train\pdf\w2_2026_000198.pdf,data\raw\irs_synthetic\w2\train\images\w2_2026_000198.png,data\annotations\irs_synthetic\w2\train\w2_2026_000198.json,w2_2026,200,True
w2_2026_000199,w2,test,data\raw\irs_synthetic\w2\test\pdf\w2_2026_000199.pdf,data\raw\irs_synthetic\w2\test\images\w2_2026_000199.png,data\annotations\irs_synthetic\w2\test\w2_2026_000199.json,w2_2026,200,True
w2_2026_000200,w2,train,data\raw\irs_synthetic\w2\train\pdf\w2_2026_000200.pdf,data\raw\irs_synthetic\w2\train\images\w2_2026_000200.png,data\annotations\irs_synthetic\w2\train\w2_2026_000200.json,w2_2026,200,True
w2_2026_000201,w2,train,data\raw\irs_synthetic\w2\train\pdf\w2_2026_000201.pdf,data\raw\irs_synthetic\w2\train\images\w2_2026_000201.png,data\annotations\irs_synthetic\w2\train\w2_2026_000201.json,w2_2026,200,True
w2_2026_000202,w2,train,data\raw\irs_synthetic\w2\train\pdf\w2_2026_000202.pdf,data\raw\irs_synthetic\w2\train\images\w2_2026_000202.png,data\annotations\irs_synthetic\w2\train\w2_2026_000202.json,w2_2026,200,True
w2_2026_000203,w2,train,data\raw\irs_synthetic\w2\train\pdf\w2_2026_000203.pdf,data\raw\irs_synthetic\w2\train\images\w2_2026_000203.png,data\annotations\irs_synthetic\w2\train\w2_2026_000203.json,w2_2026,200,True
w2_2026_000204,w2,train,data\raw\irs_synthetic\w2\train\pdf\w2_2026_000204.pdf,data\raw\irs_synthetic\w2\train\images\w2_2026_000204.png,data\annotations\irs_synthetic\w2\train\w2_2026_000204.json,w2_2026,200,True
w2_2026_000205,w2,train,data\raw\irs_synthetic\w2\train\pdf\w2_2026_000205.pdf,data\raw\irs_synthetic\w2\train\images\w2_2026_000205.png,data\annotations\irs_synthetic\w2\train\w2_2026_000205.json,w2_2026,200,True
w2_2026_000206,w2,train,data\raw\irs_synthetic\w2\train\pdf\w2_2026_000206.pdf,data\raw\irs_synthetic\w2\train\images\w2_2026_000206.png,data\annotations\irs_synthetic\w2\train\w2_2026_000206.json,w2_2026,200,True
w2_2026_000207,w2,train,data\raw\irs_synthetic\w2\train\pdf\w2_2026_000207.pdf,data\raw\irs_synthetic\w2\train\images\w2_2026_000207.png,data\annotations\irs_synthetic\w2\train\w2_2026_000207.json,w2_2026,200,True
w2_2026_000208,w2,train,data\raw\irs_synthetic\w2\train\pdf\w2_2026_000208.pdf,data\raw\irs_synthetic\w2\train\images\w2_2026_000208.png,data\annotations\irs_synthetic\w2\train\w2_2026_000208.json,w2_2026,200,True
w2_2026_000209,w2,train,data\raw\irs_synthetic\w2\train\pdf\w2_2026_000209.pdf,data\raw\irs_synthetic\w2\train\images\w2_2026_000209.png,data\annotations\irs_synthetic\w2\train\w2_2026_000209.json,w2_2026,200,True
w2_2026_000210,w2,validation,data\raw\irs_synthetic\w2\validation\pdf\w2_2026_000210.pdf,data\raw\irs_synthetic\w2\validation\images\w2_2026_000210.png,data\annotations\irs_synthetic\w2\validation\w2_2026_000210.json,w2_2026,200,True
w2_2026_000211,w2,train,data\raw\irs_synthetic\w2\train\pdf\w2_2026_000211.pdf,data\raw\irs_synthetic\w2\train\images\w2_2026_000211.png,data\annotations\irs_synthetic\w2\train\w2_2026_000211.json,w2_2026,200,True
w2_2026_000212,w2,train,data\raw\irs_synthetic\w2\train\pdf\w2_2026_000212.pdf,data\raw\irs_synthetic\w2\train\images\w2_2026_000212.png,data\annotations\irs_synthetic\w2\train\w2_2026_000212.json,w2_2026,200,True
w2_2026_000213,w2,train,data\raw\irs_synthetic\w2\train\pdf\w2_2026_000213.pdf,data\raw\irs_synthetic\w2\train\images\w2_2026_000213.png,data\annotations\irs_synthetic\w2\train\w2_2026_000213.json,w2_2026,200,True
w2_2026_000214,w2,validation,data\raw\irs_synthetic\w2\validation\pdf\w2_2026_000214.pdf,data\raw\irs_synthetic\w2\validation\images\w2_2026_000214.png,data\annotations\irs_synthetic\w2\validation\w2_2026_000214.json,w2_2026,200,True
w2_2026_000215,w2,train,data\raw\irs_synthetic\w2\train\pdf\w2_2026_000215.pdf,data\raw\irs_synthetic\w2\train\images\w2_2026_000215.png,data\annotations\irs_synthetic\w2\train\w2_2026_000215.json,w2_2026,200,True
w2_2026_000216,w2,train,data\raw\irs_synthetic\w2\train\pdf\w2_2026_000216.pdf,data\raw\irs_synthetic\w2\train\images\w2_2026_000216.png,data\annotations\irs_synthetic\w2\train\w2_2026_000216.json,w2_2026,200,True
w2_2026_000217,w2,train,data\raw\irs_synthetic\w2\train\pdf\w2_2026_000217.pdf,data\raw\irs_synthetic\w2\train\images\w2_2026_000217.png,data\annotations\irs_synthetic\w2\train\w2_2026_000217.json,w2_2026,200,True
w2_2026_000218,w2,train,data\raw\irs_synthetic\w2\train\pdf\w2_2026_000218.pdf,data\raw\irs_synthetic\w2\train\images\w2_2026_000218.png,data\annotations\irs_synthetic\w2\train\w2_2026_000218.json,w2_2026,200,True
w2_2026_000219,w2,train,data\raw\irs_synthetic\w2\train\pdf\w2_2026_000219.pdf,data\raw\irs_synthetic\w2\train\images\w2_2026_000219.png,data\annotations\irs_synthetic\w2\train\w2_2026_000219.json,w2_2026,200,True
w2_2026_000220,w2,test,data\raw\irs_synthetic\w2\test\pdf\w2_2026_000220.pdf,data\raw\irs_synthetic\w2\test\images\w2_2026_000220.png,data\annotations\irs_synthetic\w2\test\w2_2026_000220.json,w2_2026,200,True
w2_2026_000221,w2,train,data\raw\irs_synthetic\w2\train\pdf\w2_2026_000221.pdf,data\raw\irs_synthetic\w2\train\images\w2_2026_000221.png,data\annotations\irs_synthetic\w2\train\w2_2026_000221.json,w2_2026,200,True
w2_2026_000222,w2,train,data\raw\irs_synthetic\w2\train\pdf\w2_2026_000222.pdf,data\raw\irs_synthetic\w2\train\images\w2_2026_000222.png,data\annotations\irs_synthetic\w2\train\w2_2026_000222.json,w2_2026,200,True
w2_2026_000223,w2,train,data\raw\irs_synthetic\w2\train\pdf\w2_2026_000223.pdf,data\raw\irs_synthetic\w2\train\images\w2_2026_000223.png,data\annotations\irs_synthetic\w2\train\w2_2026_000223.json,w2_2026,200,True
w2_2026_000224,w2,train,data\raw\irs_synthetic\w2\train\pdf\w2_2026_000224.pdf,data\raw\irs_synthetic\w2\train\images\w2_2026_000224.png,data\annotations\irs_synthetic\w2\train\w2_2026_000224.json,w2_2026,200,True
w2_2026_000225,w2,train,data\raw\irs_synthetic\w2\train\pdf\w2_2026_000225.pdf,data\raw\irs_synthetic\w2\train\images\w2_2026_000225.png,data\annotations\irs_synthetic\w2\train\w2_2026_000225.json,w2_2026,200,True
w2_2026_000226,w2,train,data\raw\irs_synthetic\w2\train\pdf\w2_2026_000226.pdf,data\raw\irs_synthetic\w2\train\images\w2_2026_000226.png,data\annotations\irs_synthetic\w2\train\w2_2026_000226.json,w2_2026,200,True
w2_2026_000227,w2,train,data\raw\irs_synthetic\w2\train\pdf\w2_2026_000227.pdf,data\raw\irs_synthetic\w2\train\images\w2_2026_000227.png,data\annotations\irs_synthetic\w2\train\w2_2026_000227.json,w2_2026,200,True
w2_2026_000228,w2,train,data\raw\irs_synthetic\w2\train\pdf\w2_2026_000228.pdf,data\raw\irs_synthetic\w2\train\images\w2_2026_000228.png,data\annotations\irs_synthetic\w2\train\w2_2026_000228.json,w2_2026,200,True
w2_2026_000229,w2,train,data\raw\irs_synthetic\w2\train\pdf\w2_2026_000229.pdf,data\raw\irs_synthetic\w2\train\images\w2_2026_000229.png,data\annotations\irs_synthetic\w2\train\w2_2026_000229.json,w2_2026,200,True
w2_2026_000230,w2,train,data\raw\irs_synthetic\w2\train\pdf\w2_2026_000230.pdf,data\raw\irs_synthetic\w2\train\images\w2_2026_000230.png,data\annotations\irs_synthetic\w2\train\w2_2026_000230.json,w2_2026,200,True
w2_2026_000231,w2,train,data\raw\irs_synthetic\w2\train\pdf\w2_2026_000231.pdf,data\raw\irs_synthetic\w2\train\images\w2_2026_000231.png,data\annotations\irs_synthetic\w2\train\w2_2026_000231.json,w2_2026,200,True
w2_2026_000232,w2,train,data\raw\irs_synthetic\w2\train\pdf\w2_2026_000232.pdf,data\raw\irs_synthetic\w2\train\images\w2_2026_000232.png,data\annotations\irs_synthetic\w2\train\w2_2026_000232.json,w2_2026,200,True
w2_2026_000233,w2,train,data\raw\irs_synthetic\w2\train\pdf\w2_2026_000233.pdf,data\raw\irs_synthetic\w2\train\images\w2_2026_000233.png,data\annotations\irs_synthetic\w2\train\w2_2026_000233.json,w2_2026,200,True
w2_2026_000234,w2,train,data\raw\irs_synthetic\w2\train\pdf\w2_2026_000234.pdf,data\raw\irs_synthetic\w2\train\images\w2_2026_000234.png,data\annotations\irs_synthetic\w2\train\w2_2026_000234.json,w2_2026,200,True
w2_2026_000235,w2,train,data\raw\irs_synthetic\w2\train\pdf\w2_2026_000235.pdf,data\raw\irs_synthetic\w2\train\images\w2_2026_000235.png,data\annotations\irs_synthetic\w2\train\w2_2026_000235.json,w2_2026,200,True
w2_2026_000236,w2,validation,data\raw\irs_synthetic\w2\validation\pdf\w2_2026_000236.pdf,data\raw\irs_synthetic\w2\validation\images\w2_2026_000236.png,data\annotations\irs_synthetic\w2\validation\w2_2026_000236.json,w2_2026,200,True
w2_2026_000237,w2,validation,data\raw\irs_synthetic\w2\validation\pdf\w2_2026_000237.pdf,data\raw\irs_synthetic\w2\validation\images\w2_2026_000237.png,data\annotations\irs_synthetic\w2\validation\w2_2026_000237.json,w2_2026,200,True
w2_2026_000238,w2,train,data\raw\irs_synthetic\w2\train\pdf\w2_2026_000238.pdf,data\raw\irs_synthetic\w2\train\images\w2_2026_000238.png,data\annotations\irs_synthetic\w2\train\w2_2026_000238.json,w2_2026,200,True
w2_2026_000239,w2,train,data\raw\irs_synthetic\w2\train\pdf\w2_2026_000239.pdf,data\raw\irs_synthetic\w2\train\images\w2_2026_000239.png,data\annotations\irs_synthetic\w2\train\w2_2026_000239.json,w2_2026,200,True
w2_2026_000240,w2,train,data\raw\irs_synthetic\w2\train\pdf\w2_2026_000240.pdf,data\raw\irs_synthetic\w2\train\images\w2_2026_000240.png,data\annotations\irs_synthetic\w2\train\w2_2026_000240.json,w2_2026,200,True
w2_2026_000241,w2,train,data\raw\irs_synthetic\w2\train\pdf\w2_2026_000241.pdf,data\raw\irs_synthetic\w2\train\images\w2_2026_000241.png,data\annotations\irs_synthetic\w2\train\w2_2026_000241.json,w2_2026,200,True
w2_2026_000242,w2,train,data\raw\irs_synthetic\w2\train\pdf\w2_2026_000242.pdf,data\raw\irs_synthetic\w2\train\images\w2_2026_000242.png,data\annotations\irs_synthetic\w2\train\w2_2026_000242.json,w2_2026,200,True
w2_2026_000243,w2,validation,data\raw\irs_synthetic\w2\validation\pdf\w2_2026_000243.pdf,data\raw\irs_synthetic\w2\validation\images\w2_2026_000243.png,data\annotations\irs_synthetic\w2\validation\w2_2026_000243.json,w2_2026,200,True
w2_2026_000244,w2,test,data\raw\irs_synthetic\w2\test\pdf\w2_2026_000244.pdf,data\raw\irs_synthetic\w2\test\images\w2_2026_000244.png,data\annotations\irs_synthetic\w2\test\w2_2026_000244.json,w2_2026,200,True
w2_2026_000245,w2,train,data\raw\irs_synthetic\w2\train\pdf\w2_2026_000245.pdf,data\raw\irs_synthetic\w2\train\images\w2_2026_000245.png,data\annotations\irs_synthetic\w2\train\w2_2026_000245.json,w2_2026,200,True
w2_2026_000246,w2,train,data\raw\irs_synthetic\w2\train\pdf\w2_2026_000246.pdf,data\raw\irs_synthetic\w2\train\images\w2_2026_000246.png,data\annotations\irs_synthetic\w2\train\w2_2026_000246.json,w2_2026,200,True
w2_2026_000247,w2,test,data\raw\irs_synthetic\w2\test\pdf\w2_2026_000247.pdf,data\raw\irs_synthetic\w2\test\images\w2_2026_000247.png,data\annotations\irs_synthetic\w2\test\w2_2026_000247.json,w2_2026,200,True
w2_2026_000248,w2,train,data\raw\irs_synthetic\w2\train\pdf\w2_2026_000248.pdf,data\raw\irs_synthetic\w2\train\images\w2_2026_000248.png,data\annotations\irs_synthetic\w2\train\w2_2026_000248.json,w2_2026,200,True
w2_2026_000249,w2,train,data\raw\irs_synthetic\w2\train\pdf\w2_2026_000249.pdf,data\raw\irs_synthetic\w2\train\images\w2_2026_000249.png,data\annotations\irs_synthetic\w2\train\w2_2026_000249.json,w2_2026,200,True
w2_2026_000250,w2,validation,data\raw\irs_synthetic\w2\validation\pdf\w2_2026_000250.pdf,data\raw\irs_synthetic\w2\validation\images\w2_2026_000250.png,data\annotations\irs_synthetic\w2\validation\w2_2026_000250.json,w2_2026,200,True
1099_nec_2026_000001,1099_nec,train,data\raw\irs_synthetic\1099_nec\train\pdf\1099_nec_2026_000001.pdf,data\raw\irs_synthetic\1099_nec\train\images\1099_nec_2026_000001.png,data\annotations\irs_synthetic\1099_nec\train\1099_nec_2026_000001.json,1099_nec_2026,200,True
1099_nec_2026_000002,1099_nec,train,data\raw\irs_synthetic\1099_nec\train\pdf\1099_nec_2026_000002.pdf,data\raw\irs_synthetic\1099_nec\train\images\1099_nec_2026_000002.png,data\annotations\irs_synthetic\1099_nec\train\1099_nec_2026_000002.json,1099_nec_2026,200,True
1099_nec_2026_000003,1099_nec,train,data\raw\irs_synthetic\1099_nec\train\pdf\1099_nec_2026_000003.pdf,data\raw\irs_synthetic\1099_nec\train\images\1099_nec_2026_000003.png,data\annotations\irs_synthetic\1099_nec\train\1099_nec_2026_000003.json,1099_nec_2026,200,True
1099_nec_2026_000004,1099_nec,test,data\raw\irs_synthetic\1099_nec\test\pdf\1099_nec_2026_000004.pdf,data\raw\irs_synthetic\1099_nec\test\images\1099_nec_2026_000004.png,data\annotations\irs_synthetic\1099_nec\test\1099_nec_2026_000004.json,1099_nec_2026,200,True
1099_nec_2026_000005,1099_nec,train,data\raw\irs_synthetic\1099_nec\train\pdf\1099_nec_2026_000005.pdf,data\raw\irs_synthetic\1099_nec\train\images\1099_nec_2026_000005.png,data\annotations\irs_synthetic\1099_nec\train\1099_nec_2026_000005.json,1099_nec_2026,200,True
1099_nec_2026_000006,1099_nec,train,data\raw\irs_synthetic\1099_nec\train\pdf\1099_nec_2026_000006.pdf,data\raw\irs_synthetic\1099_nec\train\images\1099_nec_2026_000006.png,data\annotations\irs_synthetic\1099_nec\train\1099_nec_2026_000006.json,1099_nec_2026,200,True
1099_nec_2026_000007,1099_nec,test,data\raw\irs_synthetic\1099_nec\test\pdf\1099_nec_2026_000007.pdf,data\raw\irs_synthetic\1099_nec\test\images\1099_nec_2026_000007.png,data\annotations\irs_synthetic\1099_nec\test\1099_nec_2026_000007.json,1099_nec_2026,200,True
1099_nec_2026_000008,1099_nec,validation,data\raw\irs_synthetic\1099_nec\validation\pdf\1099_nec_2026_000008.pdf,data\raw\irs_synthetic\1099_nec\validation\images\1099_nec_2026_000008.png,data\annotations\irs_synthetic\1099_nec\validation\1099_nec_2026_000008.json,1099_nec_2026,200,True
1099_nec_2026_000009,1099_nec,train,data\raw\irs_synthetic\1099_nec\train\pdf\1099_nec_2026_000009.pdf,data\raw\irs_synthetic\1099_nec\train\images\1099_nec_2026_000009.png,data\annotations\irs_synthetic\1099_nec\train\1099_nec_2026_000009.json,1099_nec_2026,200,True
1099_nec_2026_000010,1099_nec,train,data\raw\irs_synthetic\1099_nec\train\pdf\1099_nec_2026_000010.pdf,data\raw\irs_synthetic\1099_nec\train\images\1099_nec_2026_000010.png,data\annotations\irs_synthetic\1099_nec\train\1099_nec_2026_000010.json,1099_nec_2026,200,True
1099_nec_2026_000011,1099_nec,validation,data\raw\irs_synthetic\1099_nec\validation\pdf\1099_nec_2026_000011.pdf,data\raw\irs_synthetic\1099_nec\validation\images\1099_nec_2026_000011.png,data\annotations\irs_synthetic\1099_nec\validation\1099_nec_2026_000011.json,1099_nec_2026,200,True
1099_nec_2026_000012,1099_nec,train,data\raw\irs_synthetic\1099_nec\train\pdf\1099_nec_2026_000012.pdf,data\raw\irs_synthetic\1099_nec\train\images\1099_nec_2026_000012.png,data\annotations\irs_synthetic\1099_nec\train\1099_nec_2026_000012.json,1099_nec_2026,200,True
1099_nec_2026_000013,1099_nec,train,data\raw\irs_synthetic\1099_nec\train\pdf\1099_nec_2026_000013.pdf,data\raw\irs_synthetic\1099_nec\train\images\1099_nec_2026_000013.png,data\annotations\irs_synthetic\1099_nec\train\1099_nec_2026_000013.json,1099_nec_2026,200,True
1099_nec_2026_000014,1099_nec,train,data\raw\irs_synthetic\1099_nec\train\pdf\1099_nec_2026_000014.pdf,data\raw\irs_synthetic\1099_nec\train\images\1099_nec_2026_000014.png,data\annotations\irs_synthetic\1099_nec\train\1099_nec_2026_000014.json,1099_nec_2026,200,True
1099_nec_2026_000015,1099_nec,train,data\raw\irs_synthetic\1099_nec\train\pdf\1099_nec_2026_000015.pdf,data\raw\irs_synthetic\1099_nec\train\images\1099_nec_2026_000015.png,data\annotations\irs_synthetic\1099_nec\train\1099_nec_2026_000015.json,1099_nec_2026,200,True
1099_nec_2026_000016,1099_nec,train,data\raw\irs_synthetic\1099_nec\train\pdf\1099_nec_2026_000016.pdf,data\raw\irs_synthetic\1099_nec\train\images\1099_nec_2026_000016.png,data\annotations\irs_synthetic\1099_nec\train\1099_nec_2026_000016.json,1099_nec_2026,200,True
1099_nec_2026_000017,1099_nec,train,data\raw\irs_synthetic\1099_nec\train\pdf\1099_nec_2026_000017.pdf,data\raw\irs_synthetic\1099_nec\train\images\1099_nec_2026_000017.png,data\annotations\irs_synthetic\1099_nec\train\1099_nec_2026_000017.json,1099_nec_2026,200,True
1099_nec_2026_000018,1099_nec,train,data\raw\irs_synthetic\1099_nec\train\pdf\1099_nec_2026_000018.pdf,data\raw\irs_synthetic\1099_nec\train\images\1099_nec_2026_000018.png,data\annotations\irs_synthetic\1099_nec\train\1099_nec_2026_000018.json,1099_nec_2026,200,True
1099_nec_2026_000019,1099_nec,train,data\raw\irs_synthetic\1099_nec\train\pdf\1099_nec_2026_000019.pdf,data\raw\irs_synthetic\1099_nec\train\images\1099_nec_2026_000019.png,data\annotations\irs_synthetic\1099_nec\train\1099_nec_2026_000019.json,1099_nec_2026,200,True
1099_nec_2026_000020,1099_nec,train,data\raw\irs_synthetic\1099_nec\train\pdf\1099_nec_2026_000020.pdf,data\raw\irs_synthetic\1099_nec\train\images\1099_nec_2026_000020.png,data\annotations\irs_synthetic\1099_nec\train\1099_nec_2026_000020.json,1099_nec_2026,200,True
1099_nec_2026_000021,1099_nec,validation,data\raw\irs_synthetic\1099_nec\validation\pdf\1099_nec_2026_000021.pdf,data\raw\irs_synthetic\1099_nec\validation\images\1099_nec_2026_000021.png,data\annotations\irs_synthetic\1099_nec\validation\1099_nec_2026_000021.json,1099_nec_2026,200,True
1099_nec_2026_000022,1099_nec,train,data\raw\irs_synthetic\1099_nec\train\pdf\1099_nec_2026_000022.pdf,data\raw\irs_synthetic\1099_nec\train\images\1099_nec_2026_000022.png,data\annotations\irs_synthetic\1099_nec\train\1099_nec_2026_000022.json,1099_nec_2026,200,True
1099_nec_2026_000023,1099_nec,train,data\raw\irs_synthetic\1099_nec\train\pdf\1099_nec_2026_000023.pdf,data\raw\irs_synthetic\1099_nec\train\images\1099_nec_2026_000023.png,data\annotations\irs_synthetic\1099_nec\train\1099_nec_2026_000023.json,1099_nec_2026,200,True
1099_nec_2026_000024,1099_nec,train,data\raw\irs_synthetic\1099_nec\train\pdf\1099_nec_2026_000024.pdf,data\raw\irs_synthetic\1099_nec\train\images\1099_nec_2026_000024.png,data\annotations\irs_synthetic\1099_nec\train\1099_nec_2026_000024.json,1099_nec_2026,200,True
1099_nec_2026_000025,1099_nec,train,data\raw\irs_synthetic\1099_nec\train\pdf\1099_nec_2026_000025.pdf,data\raw\irs_synthetic\1099_nec\train\images\1099_nec_2026_000025.png,data\annotations\irs_synthetic\1099_nec\train\1099_nec_2026_000025.json,1099_nec_2026,200,True
1099_nec_2026_000026,1099_nec,train,data\raw\irs_synthetic\1099_nec\train\pdf\1099_nec_2026_000026.pdf,data\raw\irs_synthetic\1099_nec\train\images\1099_nec_2026_000026.png,data\annotations\irs_synthetic\1099_nec\train\1099_nec_2026_000026.json,1099_nec_2026,200,True
1099_nec_2026_000027,1099_nec,train,data\raw\irs_synthetic\1099_nec\train\pdf\1099_nec_2026_000027.pdf,data\raw\irs_synthetic\1099_nec\train\images\1099_nec_2026_000027.png,data\annotations\irs_synthetic\1099_nec\train\1099_nec_2026_000027.json,1099_nec_2026,200,True
1099_nec_2026_000028,1099_nec,train,data\raw\irs_synthetic\1099_nec\train\pdf\1099_nec_2026_000028.pdf,data\raw\irs_synthetic\1099_nec\train\images\1099_nec_2026_000028.png,data\annotations\irs_synthetic\1099_nec\train\1099_nec_2026_000028.json,1099_nec_2026,200,True
1099_nec_2026_000029,1099_nec,test,data\raw\irs_synthetic\1099_nec\test\pdf\1099_nec_2026_000029.pdf,data\raw\irs_synthetic\1099_nec\test\images\1099_nec_2026_000029.png,data\annotations\irs_synthetic\1099_nec\test\1099_nec_2026_000029.json,1099_nec_2026,200,True
1099_nec_2026_000030,1099_nec,train,data\raw\irs_synthetic\1099_nec\train\pdf\1099_nec_2026_000030.pdf,data\raw\irs_synthetic\1099_nec\train\images\1099_nec_2026_000030.png,data\annotations\irs_synthetic\1099_nec\train\1099_nec_2026_000030.json,1099_nec_2026,200,True
1099_nec_2026_000031,1099_nec,validation,data\raw\irs_synthetic\1099_nec\validation\pdf\1099_nec_2026_000031.pdf,data\raw\irs_synthetic\1099_nec\validation\images\1099_nec_2026_000031.png,data\annotations\irs_synthetic\1099_nec\validation\1099_nec_2026_000031.json,1099_nec_2026,200,True
1099_nec_2026_000032,1099_nec,validation,data\raw\irs_synthetic\1099_nec\validation\pdf\1099_nec_2026_000032.pdf,data\raw\irs_synthetic\1099_nec\validation\images\1099_nec_2026_000032.png,data\annotations\irs_synthetic\1099_nec\validation\1099_nec_2026_000032.json,1099_nec_2026,200,True
1099_nec_2026_000033,1099_nec,train,data\raw\irs_synthetic\1099_nec\train\pdf\1099_nec_2026_000033.pdf,data\raw\irs_synthetic\1099_nec\train\images\1099_nec_2026_000033.png,data\annotations\irs_synthetic\1099_nec\train\1099_nec_2026_000033.json,1099_nec_2026,200,True
1099_nec_2026_000034,1099_nec,train,data\raw\irs_synthetic\1099_nec\train\pdf\1099_nec_2026_000034.pdf,data\raw\irs_synthetic\1099_nec\train\images\1099_nec_2026_000034.png,data\annotations\irs_synthetic\1099_nec\train\1099_nec_2026_000034.json,1099_nec_2026,200,True
1099_nec_2026_000035,1099_nec,validation,data\raw\irs_synthetic\1099_nec\validation\pdf\1099_nec_2026_000035.pdf,data\raw\irs_synthetic\1099_nec\validation\images\1099_nec_2026_000035.png,data\annotations\irs_synthetic\1099_nec\validation\1099_nec_2026_000035.json,1099_nec_2026,200,True
1099_nec_2026_000036,1099_nec,validation,data\raw\irs_synthetic\1099_nec\validation\pdf\1099_nec_2026_000036.pdf,data\raw\irs_synthetic\1099_nec\validation\images\1099_nec_2026_000036.png,data\annotations\irs_synthetic\1099_nec\validation\1099_nec_2026_000036.json,1099_nec_2026,200,True
1099_nec_2026_000037,1099_nec,train,data\raw\irs_synthetic\1099_nec\train\pdf\1099_nec_2026_000037.pdf,data\raw\irs_synthetic\1099_nec\train\images\1099_nec_2026_000037.png,data\annotations\irs_synthetic\1099_nec\train\1099_nec_2026_000037.json,1099_nec_2026,200,True
1099_nec_2026_000038,1099_nec,validation,data\raw\irs_synthetic\1099_nec\validation\pdf\1099_nec_2026_000038.pdf,data\raw\irs_synthetic\1099_nec\validation\images\1099_nec_2026_000038.png,data\annotations\irs_synthetic\1099_nec\validation\1099_nec_2026_000038.json,1099_nec_2026,200,True
1099_nec_2026_000039,1099_nec,train,data\raw\irs_synthetic\1099_nec\train\pdf\1099_nec_2026_000039.pdf,data\raw\irs_synthetic\1099_nec\train\images\1099_nec_2026_000039.png,data\annotations\irs_synthetic\1099_nec\train\1099_nec_2026_000039.json,1099_nec_2026,200,True
1099_nec_2026_000040,1099_nec,validation,data\raw\irs_synthetic\1099_nec\validation\pdf\1099_nec_2026_000040.pdf,data\raw\irs_synthetic\1099_nec\validation\images\1099_nec_2026_000040.png,data\annotations\irs_synthetic\1099_nec\validation\1099_nec_2026_000040.json,1099_nec_2026,200,True
1099_nec_2026_000041,1099_nec,train,data\raw\irs_synthetic\1099_nec\train\pdf\1099_nec_2026_000041.pdf,data\raw\irs_synthetic\1099_nec\train\images\1099_nec_2026_000041.png,data\annotations\irs_synthetic\1099_nec\train\1099_nec_2026_000041.json,1099_nec_2026,200,True
1099_nec_2026_000042,1099_nec,train,data\raw\irs_synthetic\1099_nec\train\pdf\1099_nec_2026_000042.pdf,data\raw\irs_synthetic\1099_nec\train\images\1099_nec_2026_000042.png,data\annotations\irs_synthetic\1099_nec\train\1099_nec_2026_000042.json,1099_nec_2026,200,True
1099_nec_2026_000043,1099_nec,train,data\raw\irs_synthetic\1099_nec\train\pdf\1099_nec_2026_000043.pdf,data\raw\irs_synthetic\1099_nec\train\images\1099_nec_2026_000043.png,data\annotations\irs_synthetic\1099_nec\train\1099_nec_2026_000043.json,1099_nec_2026,200,True
1099_nec_2026_000044,1099_nec,validation,data\raw\irs_synthetic\1099_nec\validation\pdf\1099_nec_2026_000044.pdf,data\raw\irs_synthetic\1099_nec\validation\images\1099_nec_2026_000044.png,data\annotations\irs_synthetic\1099_nec\validation\1099_nec_2026_000044.json,1099_nec_2026,200,True
1099_nec_2026_000045,1099_nec,train,data\raw\irs_synthetic\1099_nec\train\pdf\1099_nec_2026_000045.pdf,data\raw\irs_synthetic\1099_nec\train\images\1099_nec_2026_000045.png,data\annotations\irs_synthetic\1099_nec\train\1099_nec_2026_000045.json,1099_nec_2026,200,True
1099_nec_2026_000046,1099_nec,train,data\raw\irs_synthetic\1099_nec\train\pdf\1099_nec_2026_000046.pdf,data\raw\irs_synthetic\1099_nec\train\images\1099_nec_2026_000046.png,data\annotations\irs_synthetic\1099_nec\train\1099_nec_2026_000046.json,1099_nec_2026,200,True
1099_nec_2026_000047,1099_nec,test,data\raw\irs_synthetic\1099_nec\test\pdf\1099_nec_2026_000047.pdf,data\raw\irs_synthetic\1099_nec\test\images\1099_nec_2026_000047.png,data\annotations\irs_synthetic\1099_nec\test\1099_nec_2026_000047.json,1099_nec_2026,200,True
1099_nec_2026_000048,1099_nec,train,data\raw\irs_synthetic\1099_nec\train\pdf\1099_nec_2026_000048.pdf,data\raw\irs_synthetic\1099_nec\train\images\1099_nec_2026_000048.png,data\annotations\irs_synthetic\1099_nec\train\1099_nec_2026_000048.json,1099_nec_2026,200,True
1099_nec_2026_000049,1099_nec,test,data\raw\irs_synthetic\1099_nec\test\pdf\1099_nec_2026_000049.pdf,data\raw\irs_synthetic\1099_nec\test\images\1099_nec_2026_000049.png,data\annotations\irs_synthetic\1099_nec\test\1099_nec_2026_000049.json,1099_nec_2026,200,True
1099_nec_2026_000050,1099_nec,train,data\raw\irs_synthetic\1099_nec\train\pdf\1099_nec_2026_000050.pdf,data\raw\irs_synthetic\1099_nec\train\images\1099_nec_2026_000050.png,data\annotations\irs_synthetic\1099_nec\train\1099_nec_2026_000050.json,1099_nec_2026,200,True
1099_nec_2026_000051,1099_nec,validation,data\raw\irs_synthetic\1099_nec\validation\pdf\1099_nec_2026_000051.pdf,data\raw\irs_synthetic\1099_nec\validation\images\1099_nec_2026_000051.png,data\annotations\irs_synthetic\1099_nec\validation\1099_nec_2026_000051.json,1099_nec_2026,200,True
1099_nec_2026_000052,1099_nec,validation,data\raw\irs_synthetic\1099_nec\validation\pdf\1099_nec_2026_000052.pdf,data\raw\irs_synthetic\1099_nec\validation\images\1099_nec_2026_000052.png,data\annotations\irs_synthetic\1099_nec\validation\1099_nec_2026_000052.json,1099_nec_2026,200,True
1099_nec_2026_000053,1099_nec,train,data\raw\irs_synthetic\1099_nec\train\pdf\1099_nec_2026_000053.pdf,data\raw\irs_synthetic\1099_nec\train\images\1099_nec_2026_000053.png,data\annotations\irs_synthetic\1099_nec\train\1099_nec_2026_000053.json,1099_nec_2026,200,True
1099_nec_2026_000054,1099_nec,train,data\raw\irs_synthetic\1099_nec\train\pdf\1099_nec_2026_000054.pdf,data\raw\irs_synthetic\1099_nec\train\images\1099_nec_2026_000054.png,data\annotations\irs_synthetic\1099_nec\train\1099_nec_2026_000054.json,1099_nec_2026,200,True
1099_nec_2026_000055,1099_nec,validation,data\raw\irs_synthetic\1099_nec\validation\pdf\1099_nec_2026_000055.pdf,data\raw\irs_synthetic\1099_nec\validation\images\1099_nec_2026_000055.png,data\annotations\irs_synthetic\1099_nec\validation\1099_nec_2026_000055.json,1099_nec_2026,200,True
1099_nec_2026_000056,1099_nec,train,data\raw\irs_synthetic\1099_nec\train\pdf\1099_nec_2026_000056.pdf,data\raw\irs_synthetic\1099_nec\train\images\1099_nec_2026_000056.png,data\annotations\irs_synthetic\1099_nec\train\1099_nec_2026_000056.json,1099_nec_2026,200,True
1099_nec_2026_000057,1099_nec,train,data\raw\irs_synthetic\1099_nec\train\pdf\1099_nec_2026_000057.pdf,data\raw\irs_synthetic\1099_nec\train\images\1099_nec_2026_000057.png,data\annotations\irs_synthetic\1099_nec\train\1099_nec_2026_000057.json,1099_nec_2026,200,True
1099_nec_2026_000058,1099_nec,train,data\raw\irs_synthetic\1099_nec\train\pdf\1099_nec_2026_000058.pdf,data\raw\irs_synthetic\1099_nec\train\images\1099_nec_2026_000058.png,data\annotations\irs_synthetic\1099_nec\train\1099_nec_2026_000058.json,1099_nec_2026,200,True
1099_nec_2026_000059,1099_nec,train,data\raw\irs_synthetic\1099_nec\train\pdf\1099_nec_2026_000059.pdf,data\raw\irs_synthetic\1099_nec\train\images\1099_nec_2026_000059.png,data\annotations\irs_synthetic\1099_nec\train\1099_nec_2026_000059.json,1099_nec_2026,200,True
1099_nec_2026_000060,1099_nec,validation,data\raw\irs_synthetic\1099_nec\validation\pdf\1099_nec_2026_000060.pdf,data\raw\irs_synthetic\1099_nec\validation\images\1099_nec_2026_000060.png,data\annotations\irs_synthetic\1099_nec\validation\1099_nec_2026_000060.json,1099_nec_2026,200,True
1099_nec_2026_000061,1099_nec,train,data\raw\irs_synthetic\1099_nec\train\pdf\1099_nec_2026_000061.pdf,data\raw\irs_synthetic\1099_nec\train\images\1099_nec_2026_000061.png,data\annotations\irs_synthetic\1099_nec\train\1099_nec_2026_000061.json,1099_nec_2026,200,True
1099_nec_2026_000062,1099_nec,train,data\raw\irs_synthetic\1099_nec\train\pdf\1099_nec_2026_000062.pdf,data\raw\irs_synthetic\1099_nec\train\images\1099_nec_2026_000062.png,data\annotations\irs_synthetic\1099_nec\train\1099_nec_2026_000062.json,1099_nec_2026,200,True
1099_nec_2026_000063,1099_nec,train,data\raw\irs_synthetic\1099_nec\train\pdf\1099_nec_2026_000063.pdf,data\raw\irs_synthetic\1099_nec\train\images\1099_nec_2026_000063.png,data\annotations\irs_synthetic\1099_nec\train\1099_nec_2026_000063.json,1099_nec_2026,200,True
1099_nec_2026_000064,1099_nec,validation,data\raw\irs_synthetic\1099_nec\validation\pdf\1099_nec_2026_000064.pdf,data\raw\irs_synthetic\1099_nec\validation\images\1099_nec_2026_000064.png,data\annotations\irs_synthetic\1099_nec\validation\1099_nec_2026_000064.json,1099_nec_2026,200,True
1099_nec_2026_000065,1099_nec,validation,data\raw\irs_synthetic\1099_nec\validation\pdf\1099_nec_2026_000065.pdf,data\raw\irs_synthetic\1099_nec\validation\images\1099_nec_2026_000065.png,data\annotations\irs_synthetic\1099_nec\validation\1099_nec_2026_000065.json,1099_nec_2026,200,True
1099_nec_2026_000066,1099_nec,train,data\raw\irs_synthetic\1099_nec\train\pdf\1099_nec_2026_000066.pdf,data\raw\irs_synthetic\1099_nec\train\images\1099_nec_2026_000066.png,data\annotations\irs_synthetic\1099_nec\train\1099_nec_2026_000066.json,1099_nec_2026,200,True
1099_nec_2026_000067,1099_nec,train,data\raw\irs_synthetic\1099_nec\train\pdf\1099_nec_2026_000067.pdf,data\raw\irs_synthetic\1099_nec\train\images\1099_nec_2026_000067.png,data\annotations\irs_synthetic\1099_nec\train\1099_nec_2026_000067.json,1099_nec_2026,200,True
1099_nec_2026_000068,1099_nec,train,data\raw\irs_synthetic\1099_nec\train\pdf\1099_nec_2026_000068.pdf,data\raw\irs_synthetic\1099_nec\train\images\1099_nec_2026_000068.png,data\annotations\irs_synthetic\1099_nec\train\1099_nec_2026_000068.json,1099_nec_2026,200,True
1099_nec_2026_000069,1099_nec,train,data\raw\irs_synthetic\1099_nec\train\pdf\1099_nec_2026_000069.pdf,data\raw\irs_synthetic\1099_nec\train\images\1099_nec_2026_000069.png,data\annotations\irs_synthetic\1099_nec\train\1099_nec_2026_000069.json,1099_nec_2026,200,True
1099_nec_2026_000070,1099_nec,train,data\raw\irs_synthetic\1099_nec\train\pdf\1099_nec_2026_000070.pdf,data\raw\irs_synthetic\1099_nec\train\images\1099_nec_2026_000070.png,data\annotations\irs_synthetic\1099_nec\train\1099_nec_2026_000070.json,1099_nec_2026,200,True
1099_nec_2026_000071,1099_nec,train,data\raw\irs_synthetic\1099_nec\train\pdf\1099_nec_2026_000071.pdf,data\raw\irs_synthetic\1099_nec\train\images\1099_nec_2026_000071.png,data\annotations\irs_synthetic\1099_nec\train\1099_nec_2026_000071.json,1099_nec_2026,200,True
1099_nec_2026_000072,1099_nec,train,data\raw\irs_synthetic\1099_nec\train\pdf\1099_nec_2026_000072.pdf,data\raw\irs_synthetic\1099_nec\train\images\1099_nec_2026_000072.png,data\annotations\irs_synthetic\1099_nec\train\1099_nec_2026_000072.json,1099_nec_2026,200,True
1099_nec_2026_000073,1099_nec,train,data\raw\irs_synthetic\1099_nec\train\pdf\1099_nec_2026_000073.pdf,data\raw\irs_synthetic\1099_nec\train\images\1099_nec_2026_000073.png,data\annotations\irs_synthetic\1099_nec\train\1099_nec_2026_000073.json,1099_nec_2026,200,True
1099_nec_2026_000074,1099_nec,train,data\raw\irs_synthetic\1099_nec\train\pdf\1099_nec_2026_000074.pdf,data\raw\irs_synthetic\1099_nec\train\images\1099_nec_2026_000074.png,data\annotations\irs_synthetic\1099_nec\train\1099_nec_2026_000074.json,1099_nec_2026,200,True
1099_nec_2026_000075,1099_nec,test,data\raw\irs_synthetic\1099_nec\test\pdf\1099_nec_2026_000075.pdf,data\raw\irs_synthetic\1099_nec\test\images\1099_nec_2026_000075.png,data\annotations\irs_synthetic\1099_nec\test\1099_nec_2026_000075.json,1099_nec_2026,200,True
1099_nec_2026_000076,1099_nec,train,data\raw\irs_synthetic\1099_nec\train\pdf\1099_nec_2026_000076.pdf,data\raw\irs_synthetic\1099_nec\train\images\1099_nec_2026_000076.png,data\annotations\irs_synthetic\1099_nec\train\1099_nec_2026_000076.json,1099_nec_2026,200,True
1099_nec_2026_000077,1099_nec,train,data\raw\irs_synthetic\1099_nec\train\pdf\1099_nec_2026_000077.pdf,data\raw\irs_synthetic\1099_nec\train\images\1099_nec_2026_000077.png,data\annotations\irs_synthetic\1099_nec\train\1099_nec_2026_000077.json,1099_nec_2026,200,True
1099_nec_2026_000078,1099_nec,train,data\raw\irs_synthetic\1099_nec\train\pdf\1099_nec_2026_000078.pdf,data\raw\irs_synthetic\1099_nec\train\images\1099_nec_2026_000078.png,data\annotations\irs_synthetic\1099_nec\train\1099_nec_2026_000078.json,1099_nec_2026,200,True
1099_nec_2026_000079,1099_nec,validation,data\raw\irs_synthetic\1099_nec\validation\pdf\1099_nec_2026_000079.pdf,data\raw\irs_synthetic\1099_nec\validation\images\1099_nec_2026_000079.png,data\annotations\irs_synthetic\1099_nec\validation\1099_nec_2026_000079.json,1099_nec_2026,200,True
1099_nec_2026_000080,1099_nec,validation,data\raw\irs_synthetic\1099_nec\validation\pdf\1099_nec_2026_000080.pdf,data\raw\irs_synthetic\1099_nec\validation\images\1099_nec_2026_000080.png,data\annotations\irs_synthetic\1099_nec\validation\1099_nec_2026_000080.json,1099_nec_2026,200,True
1099_nec_2026_000081,1099_nec,train,data\raw\irs_synthetic\1099_nec\train\pdf\1099_nec_2026_000081.pdf,data\raw\irs_synthetic\1099_nec\train\images\1099_nec_2026_000081.png,data\annotations\irs_synthetic\1099_nec\train\1099_nec_2026_000081.json,1099_nec_2026,200,True
1099_nec_2026_000082,1099_nec,test,data\raw\irs_synthetic\1099_nec\test\pdf\1099_nec_2026_000082.pdf,data\raw\irs_synthetic\1099_nec\test\images\1099_nec_2026_000082.png,data\annotations\irs_synthetic\1099_nec\test\1099_nec_2026_000082.json,1099_nec_2026,200,True
1099_nec_2026_000083,1099_nec,train,data\raw\irs_synthetic\1099_nec\train\pdf\1099_nec_2026_000083.pdf,data\raw\irs_synthetic\1099_nec\train\images\1099_nec_2026_000083.png,data\annotations\irs_synthetic\1099_nec\train\1099_nec_2026_000083.json,1099_nec_2026,200,True
1099_nec_2026_000084,1099_nec,train,data\raw\irs_synthetic\1099_nec\train\pdf\1099_nec_2026_000084.pdf,data\raw\irs_synthetic\1099_nec\train\images\1099_nec_2026_000084.png,data\annotations\irs_synthetic\1099_nec\train\1099_nec_2026_000084.json,1099_nec_2026,200,True
1099_nec_2026_000085,1099_nec,train,data\raw\irs_synthetic\1099_nec\train\pdf\1099_nec_2026_000085.pdf,data\raw\irs_synthetic\1099_nec\train\images\1099_nec_2026_000085.png,data\annotations\irs_synthetic\1099_nec\train\1099_nec_2026_000085.json,1099_nec_2026,200,True
1099_nec_2026_000086,1099_nec,train,data\raw\irs_synthetic\1099_nec\train\pdf\1099_nec_2026_000086.pdf,data\raw\irs_synthetic\1099_nec\train\images\1099_nec_2026_000086.png,data\annotations\irs_synthetic\1099_nec\train\1099_nec_2026_000086.json,1099_nec_2026,200,True
1099_nec_2026_000087,1099_nec,validation,data\raw\irs_synthetic\1099_nec\validation\pdf\1099_nec_2026_000087.pdf,data\raw\irs_synthetic\1099_nec\validation\images\1099_nec_2026_000087.png,data\annotations\irs_synthetic\1099_nec\validation\1099_nec_2026_000087.json,1099_nec_2026,200,True
1099_nec_2026_000088,1099_nec,train,data\raw\irs_synthetic\1099_nec\train\pdf\1099_nec_2026_000088.pdf,data\raw\irs_synthetic\1099_nec\train\images\1099_nec_2026_000088.png,data\annotations\irs_synthetic\1099_nec\train\1099_nec_2026_000088.json,1099_nec_2026,200,True
1099_nec_2026_000089,1099_nec,train,data\raw\irs_synthetic\1099_nec\train\pdf\1099_nec_2026_000089.pdf,data\raw\irs_synthetic\1099_nec\train\images\1099_nec_2026_000089.png,data\annotations\irs_synthetic\1099_nec\train\1099_nec_2026_000089.json,1099_nec_2026,200,True
1099_nec_2026_000090,1099_nec,train,data\raw\irs_synthetic\1099_nec\train\pdf\1099_nec_2026_000090.pdf,data\raw\irs_synthetic\1099_nec\train\images\1099_nec_2026_000090.png,data\annotations\irs_synthetic\1099_nec\train\1099_nec_2026_000090.json,1099_nec_2026,200,True
1099_nec_2026_000091,1099_nec,validation,data\raw\irs_synthetic\1099_nec\validation\pdf\1099_nec_2026_000091.pdf,data\raw\irs_synthetic\1099_nec\validation\images\1099_nec_2026_000091.png,data\annotations\irs_synthetic\1099_nec\validation\1099_nec_2026_000091.json,1099_nec_2026,200,True
1099_nec_2026_000092,1099_nec,train,data\raw\irs_synthetic\1099_nec\train\pdf\1099_nec_2026_000092.pdf,data\raw\irs_synthetic\1099_nec\train\images\1099_nec_2026_000092.png,data\annotations\irs_synthetic\1099_nec\train\1099_nec_2026_000092.json,1099_nec_2026,200,True
1099_nec_2026_000093,1099_nec,train,data\raw\irs_synthetic\1099_nec\train\pdf\1099_nec_2026_000093.pdf,data\raw\irs_synthetic\1099_nec\train\images\1099_nec_2026_000093.png,data\annotations\irs_synthetic\1099_nec\train\1099_nec_2026_000093.json,1099_nec_2026,200,True
1099_nec_2026_000094,1099_nec,train,data\raw\irs_synthetic\1099_nec\train\pdf\1099_nec_2026_000094.pdf,data\raw\irs_synthetic\1099_nec\train\images\1099_nec_2026_000094.png,data\annotations\irs_synthetic\1099_nec\train\1099_nec_2026_000094.json,1099_nec_2026,200,True
1099_nec_2026_000095,1099_nec,test,data\raw\irs_synthetic\1099_nec\test\pdf\1099_nec_2026_000095.pdf,data\raw\irs_synthetic\1099_nec\test\images\1099_nec_2026_000095.png,data\annotations\irs_synthetic\1099_nec\test\1099_nec_2026_000095.json,1099_nec_2026,200,True
1099_nec_2026_000096,1099_nec,train,data\raw\irs_synthetic\1099_nec\train\pdf\1099_nec_2026_000096.pdf,data\raw\irs_synthetic\1099_nec\train\images\1099_nec_2026_000096.png,data\annotations\irs_synthetic\1099_nec\train\1099_nec_2026_000096.json,1099_nec_2026,200,True
1099_nec_2026_000097,1099_nec,train,data\raw\irs_synthetic\1099_nec\train\pdf\1099_nec_2026_000097.pdf,data\raw\irs_synthetic\1099_nec\train\images\1099_nec_2026_000097.png,data\annotations\irs_synthetic\1099_nec\train\1099_nec_2026_000097.json,1099_nec_2026,200,True
1099_nec_2026_000098,1099_nec,train,data\raw\irs_synthetic\1099_nec\train\pdf\1099_nec_2026_000098.pdf,data\raw\irs_synthetic\1099_nec\train\images\1099_nec_2026_000098.png,data\annotations\irs_synthetic\1099_nec\train\1099_nec_2026_000098.json,1099_nec_2026,200,True
1099_nec_2026_000099,1099_nec,train,data\raw\irs_synthetic\1099_nec\train\pdf\1099_nec_2026_000099.pdf,data\raw\irs_synthetic\1099_nec\train\images\1099_nec_2026_000099.png,data\annotations\irs_synthetic\1099_nec\train\1099_nec_2026_000099.json,1099_nec_2026,200,True
1099_nec_2026_000100,1099_nec,train,data\raw\irs_synthetic\1099_nec\train\pdf\1099_nec_2026_000100.pdf,data\raw\irs_synthetic\1099_nec\train\images\1099_nec_2026_000100.png,data\annotations\irs_synthetic\1099_nec\train\1099_nec_2026_000100.json,1099_nec_2026,200,True
1099_nec_2026_000101,1099_nec,train,data\raw\irs_synthetic\1099_nec\train\pdf\1099_nec_2026_000101.pdf,data\raw\irs_synthetic\1099_nec\train\images\1099_nec_2026_000101.png,data\annotations\irs_synthetic\1099_nec\train\1099_nec_2026_000101.json,1099_nec_2026,200,True
1099_nec_2026_000102,1099_nec,train,data\raw\irs_synthetic\1099_nec\train\pdf\1099_nec_2026_000102.pdf,data\raw\irs_synthetic\1099_nec\train\images\1099_nec_2026_000102.png,data\annotations\irs_synthetic\1099_nec\train\1099_nec_2026_000102.json,1099_nec_2026,200,True
1099_nec_2026_000103,1099_nec,train,data\raw\irs_synthetic\1099_nec\train\pdf\1099_nec_2026_000103.pdf,data\raw\irs_synthetic\1099_nec\train\images\1099_nec_2026_000103.png,data\annotations\irs_synthetic\1099_nec\train\1099_nec_2026_000103.json,1099_nec_2026,200,True
1099_nec_2026_000104,1099_nec,test,data\raw\irs_synthetic\1099_nec\test\pdf\1099_nec_2026_000104.pdf,data\raw\irs_synthetic\1099_nec\test\images\1099_nec_2026_000104.png,data\annotations\irs_synthetic\1099_nec\test\1099_nec_2026_000104.json,1099_nec_2026,200,True
1099_nec_2026_000105,1099_nec,train,data\raw\irs_synthetic\1099_nec\train\pdf\1099_nec_2026_000105.pdf,data\raw\irs_synthetic\1099_nec\train\images\1099_nec_2026_000105.png,data\annotations\irs_synthetic\1099_nec\train\1099_nec_2026_000105.json,1099_nec_2026,200,True
1099_nec_2026_000106,1099_nec,train,data\raw\irs_synthetic\1099_nec\train\pdf\1099_nec_2026_000106.pdf,data\raw\irs_synthetic\1099_nec\train\images\1099_nec_2026_000106.png,data\annotations\irs_synthetic\1099_nec\train\1099_nec_2026_000106.json,1099_nec_2026,200,True
1099_nec_2026_000107,1099_nec,test,data\raw\irs_synthetic\1099_nec\test\pdf\1099_nec_2026_000107.pdf,data\raw\irs_synthetic\1099_nec\test\images\1099_nec_2026_000107.png,data\annotations\irs_synthetic\1099_nec\test\1099_nec_2026_000107.json,1099_nec_2026,200,True
1099_nec_2026_000108,1099_nec,train,data\raw\irs_synthetic\1099_nec\train\pdf\1099_nec_2026_000108.pdf,data\raw\irs_synthetic\1099_nec\train\images\1099_nec_2026_000108.png,data\annotations\irs_synthetic\1099_nec\train\1099_nec_2026_000108.json,1099_nec_2026,200,True
1099_nec_2026_000109,1099_nec,train,data\raw\irs_synthetic\1099_nec\train\pdf\1099_nec_2026_000109.pdf,data\raw\irs_synthetic\1099_nec\train\images\1099_nec_2026_000109.png,data\annotations\irs_synthetic\1099_nec\train\1099_nec_2026_000109.json,1099_nec_2026,200,True
1099_nec_2026_000110,1099_nec,train,data\raw\irs_synthetic\1099_nec\train\pdf\1099_nec_2026_000110.pdf,data\raw\irs_synthetic\1099_nec\train\images\1099_nec_2026_000110.png,data\annotations\irs_synthetic\1099_nec\train\1099_nec_2026_000110.json,1099_nec_2026,200,True
1099_nec_2026_000111,1099_nec,train,data\raw\irs_synthetic\1099_nec\train\pdf\1099_nec_2026_000111.pdf,data\raw\irs_synthetic\1099_nec\train\images\1099_nec_2026_000111.png,data\annotations\irs_synthetic\1099_nec\train\1099_nec_2026_000111.json,1099_nec_2026,200,True
1099_nec_2026_000112,1099_nec,train,data\raw\irs_synthetic\1099_nec\train\pdf\1099_nec_2026_000112.pdf,data\raw\irs_synthetic\1099_nec\train\images\1099_nec_2026_000112.png,data\annotations\irs_synthetic\1099_nec\train\1099_nec_2026_000112.json,1099_nec_2026,200,True
1099_nec_2026_000113,1099_nec,validation,data\raw\irs_synthetic\1099_nec\validation\pdf\1099_nec_2026_000113.pdf,data\raw\irs_synthetic\1099_nec\validation\images\1099_nec_2026_000113.png,data\annotations\irs_synthetic\1099_nec\validation\1099_nec_2026_000113.json,1099_nec_2026,200,True
1099_nec_2026_000114,1099_nec,train,data\raw\irs_synthetic\1099_nec\train\pdf\1099_nec_2026_000114.pdf,data\raw\irs_synthetic\1099_nec\train\images\1099_nec_2026_000114.png,data\annotations\irs_synthetic\1099_nec\train\1099_nec_2026_000114.json,1099_nec_2026,200,True
1099_nec_2026_000115,1099_nec,validation,data\raw\irs_synthetic\1099_nec\validation\pdf\1099_nec_2026_000115.pdf,data\raw\irs_synthetic\1099_nec\validation\images\1099_nec_2026_000115.png,data\annotations\irs_synthetic\1099_nec\validation\1099_nec_2026_000115.json,1099_nec_2026,200,True
1099_nec_2026_000116,1099_nec,train,data\raw\irs_synthetic\1099_nec\train\pdf\1099_nec_2026_000116.pdf,data\raw\irs_synthetic\1099_nec\train\images\1099_nec_2026_000116.png,data\annotations\irs_synthetic\1099_nec\train\1099_nec_2026_000116.json,1099_nec_2026,200,True
1099_nec_2026_000117,1099_nec,train,data\raw\irs_synthetic\1099_nec\train\pdf\1099_nec_2026_000117.pdf,data\raw\irs_synthetic\1099_nec\train\images\1099_nec_2026_000117.png,data\annotations\irs_synthetic\1099_nec\train\1099_nec_2026_000117.json,1099_nec_2026,200,True
1099_nec_2026_000118,1099_nec,train,data\raw\irs_synthetic\1099_nec\train\pdf\1099_nec_2026_000118.pdf,data\raw\irs_synthetic\1099_nec\train\images\1099_nec_2026_000118.png,data\annotations\irs_synthetic\1099_nec\train\1099_nec_2026_000118.json,1099_nec_2026,200,True
1099_nec_2026_000119,1099_nec,train,data\raw\irs_synthetic\1099_nec\train\pdf\1099_nec_2026_000119.pdf,data\raw\irs_synthetic\1099_nec\train\images\1099_nec_2026_000119.png,data\annotations\irs_synthetic\1099_nec\train\1099_nec_2026_000119.json,1099_nec_2026,200,True
1099_nec_2026_000120,1099_nec,train,data\raw\irs_synthetic\1099_nec\train\pdf\1099_nec_2026_000120.pdf,data\raw\irs_synthetic\1099_nec\train\images\1099_nec_2026_000120.png,data\annotations\irs_synthetic\1099_nec\train\1099_nec_2026_000120.json,1099_nec_2026,200,True
1099_nec_2026_000121,1099_nec,train,data\raw\irs_synthetic\1099_nec\train\pdf\1099_nec_2026_000121.pdf,data\raw\irs_synthetic\1099_nec\train\images\1099_nec_2026_000121.png,data\annotations\irs_synthetic\1099_nec\train\1099_nec_2026_000121.json,1099_nec_2026,200,True
1099_nec_2026_000122,1099_nec,train,data\raw\irs_synthetic\1099_nec\train\pdf\1099_nec_2026_000122.pdf,data\raw\irs_synthetic\1099_nec\train\images\1099_nec_2026_000122.png,data\annotations\irs_synthetic\1099_nec\train\1099_nec_2026_000122.json,1099_nec_2026,200,True
1099_nec_2026_000123,1099_nec,train,data\raw\irs_synthetic\1099_nec\train\pdf\1099_nec_2026_000123.pdf,data\raw\irs_synthetic\1099_nec\train\images\1099_nec_2026_000123.png,data\annotations\irs_synthetic\1099_nec\train\1099_nec_2026_000123.json,1099_nec_2026,200,True
1099_nec_2026_000124,1099_nec,validation,data\raw\irs_synthetic\1099_nec\validation\pdf\1099_nec_2026_000124.pdf,data\raw\irs_synthetic\1099_nec\validation\images\1099_nec_2026_000124.png,data\annotations\irs_synthetic\1099_nec\validation\1099_nec_2026_000124.json,1099_nec_2026,200,True
1099_nec_2026_000125,1099_nec,train,data\raw\irs_synthetic\1099_nec\train\pdf\1099_nec_2026_000125.pdf,data\raw\irs_synthetic\1099_nec\train\images\1099_nec_2026_000125.png,data\annotations\irs_synthetic\1099_nec\train\1099_nec_2026_000125.json,1099_nec_2026,200,True
1099_nec_2026_000126,1099_nec,test,data\raw\irs_synthetic\1099_nec\test\pdf\1099_nec_2026_000126.pdf,data\raw\irs_synthetic\1099_nec\test\images\1099_nec_2026_000126.png,data\annotations\irs_synthetic\1099_nec\test\1099_nec_2026_000126.json,1099_nec_2026,200,True
1099_nec_2026_000127,1099_nec,validation,data\raw\irs_synthetic\1099_nec\validation\pdf\1099_nec_2026_000127.pdf,data\raw\irs_synthetic\1099_nec\validation\images\1099_nec_2026_000127.png,data\annotations\irs_synthetic\1099_nec\validation\1099_nec_2026_000127.json,1099_nec_2026,200,True
1099_nec_2026_000128,1099_nec,train,data\raw\irs_synthetic\1099_nec\train\pdf\1099_nec_2026_000128.pdf,data\raw\irs_synthetic\1099_nec\train\images\1099_nec_2026_000128.png,data\annotations\irs_synthetic\1099_nec\train\1099_nec_2026_000128.json,1099_nec_2026,200,True
1099_nec_2026_000129,1099_nec,train,data\raw\irs_synthetic\1099_nec\train\pdf\1099_nec_2026_000129.pdf,data\raw\irs_synthetic\1099_nec\train\images\1099_nec_2026_000129.png,data\annotations\irs_synthetic\1099_nec\train\1099_nec_2026_000129.json,1099_nec_2026,200,True
1099_nec_2026_000130,1099_nec,train,data\raw\irs_synthetic\1099_nec\train\pdf\1099_nec_2026_000130.pdf,data\raw\irs_synthetic\1099_nec\train\images\1099_nec_2026_000130.png,data\annotations\irs_synthetic\1099_nec\train\1099_nec_2026_000130.json,1099_nec_2026,200,True
1099_nec_2026_000131,1099_nec,train,data\raw\irs_synthetic\1099_nec\train\pdf\1099_nec_2026_000131.pdf,data\raw\irs_synthetic\1099_nec\train\images\1099_nec_2026_000131.png,data\annotations\irs_synthetic\1099_nec\train\1099_nec_2026_000131.json,1099_nec_2026,200,True
1099_nec_2026_000132,1099_nec,validation,data\raw\irs_synthetic\1099_nec\validation\pdf\1099_nec_2026_000132.pdf,data\raw\irs_synthetic\1099_nec\validation\images\1099_nec_2026_000132.png,data\annotations\irs_synthetic\1099_nec\validation\1099_nec_2026_000132.json,1099_nec_2026,200,True
1099_nec_2026_000133,1099_nec,train,data\raw\irs_synthetic\1099_nec\train\pdf\1099_nec_2026_000133.pdf,data\raw\irs_synthetic\1099_nec\train\images\1099_nec_2026_000133.png,data\annotations\irs_synthetic\1099_nec\train\1099_nec_2026_000133.json,1099_nec_2026,200,True
1099_nec_2026_000134,1099_nec,train,data\raw\irs_synthetic\1099_nec\train\pdf\1099_nec_2026_000134.pdf,data\raw\irs_synthetic\1099_nec\train\images\1099_nec_2026_000134.png,data\annotations\irs_synthetic\1099_nec\train\1099_nec_2026_000134.json,1099_nec_2026,200,True
1099_nec_2026_000135,1099_nec,validation,data\raw\irs_synthetic\1099_nec\validation\pdf\1099_nec_2026_000135.pdf,data\raw\irs_synthetic\1099_nec\validation\images\1099_nec_2026_000135.png,data\annotations\irs_synthetic\1099_nec\validation\1099_nec_2026_000135.json,1099_nec_2026,200,True
1099_nec_2026_000136,1099_nec,train,data\raw\irs_synthetic\1099_nec\train\pdf\1099_nec_2026_000136.pdf,data\raw\irs_synthetic\1099_nec\train\images\1099_nec_2026_000136.png,data\annotations\irs_synthetic\1099_nec\train\1099_nec_2026_000136.json,1099_nec_2026,200,True
1099_nec_2026_000137,1099_nec,train,data\raw\irs_synthetic\1099_nec\train\pdf\1099_nec_2026_000137.pdf,data\raw\irs_synthetic\1099_nec\train\images\1099_nec_2026_000137.png,data\annotations\irs_synthetic\1099_nec\train\1099_nec_2026_000137.json,1099_nec_2026,200,True
1099_nec_2026_000138,1099_nec,validation,data\raw\irs_synthetic\1099_nec\validation\pdf\1099_nec_2026_000138.pdf,data\raw\irs_synthetic\1099_nec\validation\images\1099_nec_2026_000138.png,data\annotations\irs_synthetic\1099_nec\validation\1099_nec_2026_000138.json,1099_nec_2026,200,True
1099_nec_2026_000139,1099_nec,train,data\raw\irs_synthetic\1099_nec\train\pdf\1099_nec_2026_000139.pdf,data\raw\irs_synthetic\1099_nec\train\images\1099_nec_2026_000139.png,data\annotations\irs_synthetic\1099_nec\train\1099_nec_2026_000139.json,1099_nec_2026,200,True
1099_nec_2026_000140,1099_nec,train,data\raw\irs_synthetic\1099_nec\train\pdf\1099_nec_2026_000140.pdf,data\raw\irs_synthetic\1099_nec\train\images\1099_nec_2026_000140.png,data\annotations\irs_synthetic\1099_nec\train\1099_nec_2026_000140.json,1099_nec_2026,200,True
1099_nec_2026_000141,1099_nec,test,data\raw\irs_synthetic\1099_nec\test\pdf\1099_nec_2026_000141.pdf,data\raw\irs_synthetic\1099_nec\test\images\1099_nec_2026_000141.png,data\annotations\irs_synthetic\1099_nec\test\1099_nec_2026_000141.json,1099_nec_2026,200,True
1099_nec_2026_000142,1099_nec,train,data\raw\irs_synthetic\1099_nec\train\pdf\1099_nec_2026_000142.pdf,data\raw\irs_synthetic\1099_nec\train\images\1099_nec_2026_000142.png,data\annotations\irs_synthetic\1099_nec\train\1099_nec_2026_000142.json,1099_nec_2026,200,True
1099_nec_2026_000143,1099_nec,train,data\raw\irs_synthetic\1099_nec\train\pdf\1099_nec_2026_000143.pdf,data\raw\irs_synthetic\1099_nec\train\images\1099_nec_2026_000143.png,data\annotations\irs_synthetic\1099_nec\train\1099_nec_2026_000143.json,1099_nec_2026,200,True
1099_nec_2026_000144,1099_nec,test,data\raw\irs_synthetic\1099_nec\test\pdf\1099_nec_2026_000144.pdf,data\raw\irs_synthetic\1099_nec\test\images\1099_nec_2026_000144.png,data\annotations\irs_synthetic\1099_nec\test\1099_nec_2026_000144.json,1099_nec_2026,200,True
1099_nec_2026_000145,1099_nec,test,data\raw\irs_synthetic\1099_nec\test\pdf\1099_nec_2026_000145.pdf,data\raw\irs_synthetic\1099_nec\test\images\1099_nec_2026_000145.png,data\annotations\irs_synthetic\1099_nec\test\1099_nec_2026_000145.json,1099_nec_2026,200,True
1099_nec_2026_000146,1099_nec,train,data\raw\irs_synthetic\1099_nec\train\pdf\1099_nec_2026_000146.pdf,data\raw\irs_synthetic\1099_nec\train\images\1099_nec_2026_000146.png,data\annotations\irs_synthetic\1099_nec\train\1099_nec_2026_000146.json,1099_nec_2026,200,True
1099_nec_2026_000147,1099_nec,validation,data\raw\irs_synthetic\1099_nec\validation\pdf\1099_nec_2026_000147.pdf,data\raw\irs_synthetic\1099_nec\validation\images\1099_nec_2026_000147.png,data\annotations\irs_synthetic\1099_nec\validation\1099_nec_2026_000147.json,1099_nec_2026,200,True
1099_nec_2026_000148,1099_nec,train,data\raw\irs_synthetic\1099_nec\train\pdf\1099_nec_2026_000148.pdf,data\raw\irs_synthetic\1099_nec\train\images\1099_nec_2026_000148.png,data\annotations\irs_synthetic\1099_nec\train\1099_nec_2026_000148.json,1099_nec_2026,200,True
1099_nec_2026_000149,1099_nec,train,data\raw\irs_synthetic\1099_nec\train\pdf\1099_nec_2026_000149.pdf,data\raw\irs_synthetic\1099_nec\train\images\1099_nec_2026_000149.png,data\annotations\irs_synthetic\1099_nec\train\1099_nec_2026_000149.json,1099_nec_2026,200,True
1099_nec_2026_000150,1099_nec,train,data\raw\irs_synthetic\1099_nec\train\pdf\1099_nec_2026_000150.pdf,data\raw\irs_synthetic\1099_nec\train\images\1099_nec_2026_000150.png,data\annotations\irs_synthetic\1099_nec\train\1099_nec_2026_000150.json,1099_nec_2026,200,True
1099_nec_2026_000151,1099_nec,train,data\raw\irs_synthetic\1099_nec\train\pdf\1099_nec_2026_000151.pdf,data\raw\irs_synthetic\1099_nec\train\images\1099_nec_2026_000151.png,data\annotations\irs_synthetic\1099_nec\train\1099_nec_2026_000151.json,1099_nec_2026,200,True
1099_nec_2026_000152,1099_nec,train,data\raw\irs_synthetic\1099_nec\train\pdf\1099_nec_2026_000152.pdf,data\raw\irs_synthetic\1099_nec\train\images\1099_nec_2026_000152.png,data\annotations\irs_synthetic\1099_nec\train\1099_nec_2026_000152.json,1099_nec_2026,200,True
1099_nec_2026_000153,1099_nec,train,data\raw\irs_synthetic\1099_nec\train\pdf\1099_nec_2026_000153.pdf,data\raw\irs_synthetic\1099_nec\train\images\1099_nec_2026_000153.png,data\annotations\irs_synthetic\1099_nec\train\1099_nec_2026_000153.json,1099_nec_2026,200,True
1099_nec_2026_000154,1099_nec,train,data\raw\irs_synthetic\1099_nec\train\pdf\1099_nec_2026_000154.pdf,data\raw\irs_synthetic\1099_nec\train\images\1099_nec_2026_000154.png,data\annotations\irs_synthetic\1099_nec\train\1099_nec_2026_000154.json,1099_nec_2026,200,True
1099_nec_2026_000155,1099_nec,train,data\raw\irs_synthetic\1099_nec\train\pdf\1099_nec_2026_000155.pdf,data\raw\irs_synthetic\1099_nec\train\images\1099_nec_2026_000155.png,data\annotations\irs_synthetic\1099_nec\train\1099_nec_2026_000155.json,1099_nec_2026,200,True
1099_nec_2026_000156,1099_nec,validation,data\raw\irs_synthetic\1099_nec\validation\pdf\1099_nec_2026_000156.pdf,data\raw\irs_synthetic\1099_nec\validation\images\1099_nec_2026_000156.png,data\annotations\irs_synthetic\1099_nec\validation\1099_nec_2026_000156.json,1099_nec_2026,200,True
1099_nec_2026_000157,1099_nec,test,data\raw\irs_synthetic\1099_nec\test\pdf\1099_nec_2026_000157.pdf,data\raw\irs_synthetic\1099_nec\test\images\1099_nec_2026_000157.png,data\annotations\irs_synthetic\1099_nec\test\1099_nec_2026_000157.json,1099_nec_2026,200,True
1099_nec_2026_000158,1099_nec,train,data\raw\irs_synthetic\1099_nec\train\pdf\1099_nec_2026_000158.pdf,data\raw\irs_synthetic\1099_nec\train\images\1099_nec_2026_000158.png,data\annotations\irs_synthetic\1099_nec\train\1099_nec_2026_000158.json,1099_nec_2026,200,True
1099_nec_2026_000159,1099_nec,train,data\raw\irs_synthetic\1099_nec\train\pdf\1099_nec_2026_000159.pdf,data\raw\irs_synthetic\1099_nec\train\images\1099_nec_2026_000159.png,data\annotations\irs_synthetic\1099_nec\train\1099_nec_2026_000159.json,1099_nec_2026,200,True
1099_nec_2026_000160,1099_nec,train,data\raw\irs_synthetic\1099_nec\train\pdf\1099_nec_2026_000160.pdf,data\raw\irs_synthetic\1099_nec\train\images\1099_nec_2026_000160.png,data\annotations\irs_synthetic\1099_nec\train\1099_nec_2026_000160.json,1099_nec_2026,200,True
1099_nec_2026_000161,1099_nec,train,data\raw\irs_synthetic\1099_nec\train\pdf\1099_nec_2026_000161.pdf,data\raw\irs_synthetic\1099_nec\train\images\1099_nec_2026_000161.png,data\annotations\irs_synthetic\1099_nec\train\1099_nec_2026_000161.json,1099_nec_2026,200,True
1099_nec_2026_000162,1099_nec,train,data\raw\irs_synthetic\1099_nec\train\pdf\1099_nec_2026_000162.pdf,data\raw\irs_synthetic\1099_nec\train\images\1099_nec_2026_000162.png,data\annotations\irs_synthetic\1099_nec\train\1099_nec_2026_000162.json,1099_nec_2026,200,True
1099_nec_2026_000163,1099_nec,train,data\raw\irs_synthetic\1099_nec\train\pdf\1099_nec_2026_000163.pdf,data\raw\irs_synthetic\1099_nec\train\images\1099_nec_2026_000163.png,data\annotations\irs_synthetic\1099_nec\train\1099_nec_2026_000163.json,1099_nec_2026,200,True
1099_nec_2026_000164,1099_nec,train,data\raw\irs_synthetic\1099_nec\train\pdf\1099_nec_2026_000164.pdf,data\raw\irs_synthetic\1099_nec\train\images\1099_nec_2026_000164.png,data\annotations\irs_synthetic\1099_nec\train\1099_nec_2026_000164.json,1099_nec_2026,200,True
1099_nec_2026_000165,1099_nec,validation,data\raw\irs_synthetic\1099_nec\validation\pdf\1099_nec_2026_000165.pdf,data\raw\irs_synthetic\1099_nec\validation\images\1099_nec_2026_000165.png,data\annotations\irs_synthetic\1099_nec\validation\1099_nec_2026_000165.json,1099_nec_2026,200,True
1099_nec_2026_000166,1099_nec,train,data\raw\irs_synthetic\1099_nec\train\pdf\1099_nec_2026_000166.pdf,data\raw\irs_synthetic\1099_nec\train\images\1099_nec_2026_000166.png,data\annotations\irs_synthetic\1099_nec\train\1099_nec_2026_000166.json,1099_nec_2026,200,True
1099_nec_2026_000167,1099_nec,validation,data\raw\irs_synthetic\1099_nec\validation\pdf\1099_nec_2026_000167.pdf,data\raw\irs_synthetic\1099_nec\validation\images\1099_nec_2026_000167.png,data\annotations\irs_synthetic\1099_nec\validation\1099_nec_2026_000167.json,1099_nec_2026,200,True
1099_nec_2026_000168,1099_nec,train,data\raw\irs_synthetic\1099_nec\train\pdf\1099_nec_2026_000168.pdf,data\raw\irs_synthetic\1099_nec\train\images\1099_nec_2026_000168.png,data\annotations\irs_synthetic\1099_nec\train\1099_nec_2026_000168.json,1099_nec_2026,200,True
1099_nec_2026_000169,1099_nec,validation,data\raw\irs_synthetic\1099_nec\validation\pdf\1099_nec_2026_000169.pdf,data\raw\irs_synthetic\1099_nec\validation\images\1099_nec_2026_000169.png,data\annotations\irs_synthetic\1099_nec\validation\1099_nec_2026_000169.json,1099_nec_2026,200,True
1099_nec_2026_000170,1099_nec,train,data\raw\irs_synthetic\1099_nec\train\pdf\1099_nec_2026_000170.pdf,data\raw\irs_synthetic\1099_nec\train\images\1099_nec_2026_000170.png,data\annotations\irs_synthetic\1099_nec\train\1099_nec_2026_000170.json,1099_nec_2026,200,True
1099_nec_2026_000171,1099_nec,train,data\raw\irs_synthetic\1099_nec\train\pdf\1099_nec_2026_000171.pdf,data\raw\irs_synthetic\1099_nec\train\images\1099_nec_2026_000171.png,data\annotations\irs_synthetic\1099_nec\train\1099_nec_2026_000171.json,1099_nec_2026,200,True
1099_nec_2026_000172,1099_nec,test,data\raw\irs_synthetic\1099_nec\test\pdf\1099_nec_2026_000172.pdf,data\raw\irs_synthetic\1099_nec\test\images\1099_nec_2026_000172.png,data\annotations\irs_synthetic\1099_nec\test\1099_nec_2026_000172.json,1099_nec_2026,200,True
1099_nec_2026_000173,1099_nec,train,data\raw\irs_synthetic\1099_nec\train\pdf\1099_nec_2026_000173.pdf,data\raw\irs_synthetic\1099_nec\train\images\1099_nec_2026_000173.png,data\annotations\irs_synthetic\1099_nec\train\1099_nec_2026_000173.json,1099_nec_2026,200,True
1099_nec_2026_000174,1099_nec,train,data\raw\irs_synthetic\1099_nec\train\pdf\1099_nec_2026_000174.pdf,data\raw\irs_synthetic\1099_nec\train\images\1099_nec_2026_000174.png,data\annotations\irs_synthetic\1099_nec\train\1099_nec_2026_000174.json,1099_nec_2026,200,True
1099_nec_2026_000175,1099_nec,train,data\raw\irs_synthetic\1099_nec\train\pdf\1099_nec_2026_000175.pdf,data\raw\irs_synthetic\1099_nec\train\images\1099_nec_2026_000175.png,data\annotations\irs_synthetic\1099_nec\train\1099_nec_2026_000175.json,1099_nec_2026,200,True
1099_nec_2026_000176,1099_nec,train,data\raw\irs_synthetic\1099_nec\train\pdf\1099_nec_2026_000176.pdf,data\raw\irs_synthetic\1099_nec\train\images\1099_nec_2026_000176.png,data\annotations\irs_synthetic\1099_nec\train\1099_nec_2026_000176.json,1099_nec_2026,200,True
1099_nec_2026_000177,1099_nec,train,data\raw\irs_synthetic\1099_nec\train\pdf\1099_nec_2026_000177.pdf,data\raw\irs_synthetic\1099_nec\train\images\1099_nec_2026_000177.png,data\annotations\irs_synthetic\1099_nec\train\1099_nec_2026_000177.json,1099_nec_2026,200,True
1099_nec_2026_000178,1099_nec,train,data\raw\irs_synthetic\1099_nec\train\pdf\1099_nec_2026_000178.pdf,data\raw\irs_synthetic\1099_nec\train\images\1099_nec_2026_000178.png,data\annotations\irs_synthetic\1099_nec\train\1099_nec_2026_000178.json,1099_nec_2026,200,True
1099_nec_2026_000179,1099_nec,train,data\raw\irs_synthetic\1099_nec\train\pdf\1099_nec_2026_000179.pdf,data\raw\irs_synthetic\1099_nec\train\images\1099_nec_2026_000179.png,data\annotations\irs_synthetic\1099_nec\train\1099_nec_2026_000179.json,1099_nec_2026,200,True
1099_nec_2026_000180,1099_nec,train,data\raw\irs_synthetic\1099_nec\train\pdf\1099_nec_2026_000180.pdf,data\raw\irs_synthetic\1099_nec\train\images\1099_nec_2026_000180.png,data\annotations\irs_synthetic\1099_nec\train\1099_nec_2026_000180.json,1099_nec_2026,200,True
1099_nec_2026_000181,1099_nec,train,data\raw\irs_synthetic\1099_nec\train\pdf\1099_nec_2026_000181.pdf,data\raw\irs_synthetic\1099_nec\train\images\1099_nec_2026_000181.png,data\annotations\irs_synthetic\1099_nec\train\1099_nec_2026_000181.json,1099_nec_2026,200,True
1099_nec_2026_000182,1099_nec,train,data\raw\irs_synthetic\1099_nec\train\pdf\1099_nec_2026_000182.pdf,data\raw\irs_synthetic\1099_nec\train\images\1099_nec_2026_000182.png,data\annotations\irs_synthetic\1099_nec\train\1099_nec_2026_000182.json,1099_nec_2026,200,True
1099_nec_2026_000183,1099_nec,validation,data\raw\irs_synthetic\1099_nec\validation\pdf\1099_nec_2026_000183.pdf,data\raw\irs_synthetic\1099_nec\validation\images\1099_nec_2026_000183.png,data\annotations\irs_synthetic\1099_nec\validation\1099_nec_2026_000183.json,1099_nec_2026,200,True
1099_nec_2026_000184,1099_nec,train,data\raw\irs_synthetic\1099_nec\train\pdf\1099_nec_2026_000184.pdf,data\raw\irs_synthetic\1099_nec\train\images\1099_nec_2026_000184.png,data\annotations\irs_synthetic\1099_nec\train\1099_nec_2026_000184.json,1099_nec_2026,200,True
1099_nec_2026_000185,1099_nec,validation,data\raw\irs_synthetic\1099_nec\validation\pdf\1099_nec_2026_000185.pdf,data\raw\irs_synthetic\1099_nec\validation\images\1099_nec_2026_000185.png,data\annotations\irs_synthetic\1099_nec\validation\1099_nec_2026_000185.json,1099_nec_2026,200,True
1099_nec_2026_000186,1099_nec,test,data\raw\irs_synthetic\1099_nec\test\pdf\1099_nec_2026_000186.pdf,data\raw\irs_synthetic\1099_nec\test\images\1099_nec_2026_000186.png,data\annotations\irs_synthetic\1099_nec\test\1099_nec_2026_000186.json,1099_nec_2026,200,True
1099_nec_2026_000187,1099_nec,train,data\raw\irs_synthetic\1099_nec\train\pdf\1099_nec_2026_000187.pdf,data\raw\irs_synthetic\1099_nec\train\images\1099_nec_2026_000187.png,data\annotations\irs_synthetic\1099_nec\train\1099_nec_2026_000187.json,1099_nec_2026,200,True
1099_nec_2026_000188,1099_nec,validation,data\raw\irs_synthetic\1099_nec\validation\pdf\1099_nec_2026_000188.pdf,data\raw\irs_synthetic\1099_nec\validation\images\1099_nec_2026_000188.png,data\annotations\irs_synthetic\1099_nec\validation\1099_nec_2026_000188.json,1099_nec_2026,200,True
1099_nec_2026_000189,1099_nec,train,data\raw\irs_synthetic\1099_nec\train\pdf\1099_nec_2026_000189.pdf,data\raw\irs_synthetic\1099_nec\train\images\1099_nec_2026_000189.png,data\annotations\irs_synthetic\1099_nec\train\1099_nec_2026_000189.json,1099_nec_2026,200,True
1099_nec_2026_000190,1099_nec,train,data\raw\irs_synthetic\1099_nec\train\pdf\1099_nec_2026_000190.pdf,data\raw\irs_synthetic\1099_nec\train\images\1099_nec_2026_000190.png,data\annotations\irs_synthetic\1099_nec\train\1099_nec_2026_000190.json,1099_nec_2026,200,True
1099_nec_2026_000191,1099_nec,train,data\raw\irs_synthetic\1099_nec\train\pdf\1099_nec_2026_000191.pdf,data\raw\irs_synthetic\1099_nec\train\images\1099_nec_2026_000191.png,data\annotations\irs_synthetic\1099_nec\train\1099_nec_2026_000191.json,1099_nec_2026,200,True
1099_nec_2026_000192,1099_nec,train,data\raw\irs_synthetic\1099_nec\train\pdf\1099_nec_2026_000192.pdf,data\raw\irs_synthetic\1099_nec\train\images\1099_nec_2026_000192.png,data\annotations\irs_synthetic\1099_nec\train\1099_nec_2026_000192.json,1099_nec_2026,200,True
1099_nec_2026_000193,1099_nec,test,data\raw\irs_synthetic\1099_nec\test\pdf\1099_nec_2026_000193.pdf,data\raw\irs_synthetic\1099_nec\test\images\1099_nec_2026_000193.png,data\annotations\irs_synthetic\1099_nec\test\1099_nec_2026_000193.json,1099_nec_2026,200,True
1099_nec_2026_000194,1099_nec,train,data\raw\irs_synthetic\1099_nec\train\pdf\1099_nec_2026_000194.pdf,data\raw\irs_synthetic\1099_nec\train\images\1099_nec_2026_000194.png,data\annotations\irs_synthetic\1099_nec\train\1099_nec_2026_000194.json,1099_nec_2026,200,True
1099_nec_2026_000195,1099_nec,validation,data\raw\irs_synthetic\1099_nec\validation\pdf\1099_nec_2026_000195.pdf,data\raw\irs_synthetic\1099_nec\validation\images\1099_nec_2026_000195.png,data\annotations\irs_synthetic\1099_nec\validation\1099_nec_2026_000195.json,1099_nec_2026,200,True
1099_nec_2026_000196,1099_nec,train,data\raw\irs_synthetic\1099_nec\train\pdf\1099_nec_2026_000196.pdf,data\raw\irs_synthetic\1099_nec\train\images\1099_nec_2026_000196.png,data\annotations\irs_synthetic\1099_nec\train\1099_nec_2026_000196.json,1099_nec_2026,200,True
1099_nec_2026_000197,1099_nec,train,data\raw\irs_synthetic\1099_nec\train\pdf\1099_nec_2026_000197.pdf,data\raw\irs_synthetic\1099_nec\train\images\1099_nec_2026_000197.png,data\annotations\irs_synthetic\1099_nec\train\1099_nec_2026_000197.json,1099_nec_2026,200,True
1099_nec_2026_000198,1099_nec,train,data\raw\irs_synthetic\1099_nec\train\pdf\1099_nec_2026_000198.pdf,data\raw\irs_synthetic\1099_nec\train\images\1099_nec_2026_000198.png,data\annotations\irs_synthetic\1099_nec\train\1099_nec_2026_000198.json,1099_nec_2026,200,True
1099_nec_2026_000199,1099_nec,train,data\raw\irs_synthetic\1099_nec\train\pdf\1099_nec_2026_000199.pdf,data\raw\irs_synthetic\1099_nec\train\images\1099_nec_2026_000199.png,data\annotations\irs_synthetic\1099_nec\train\1099_nec_2026_000199.json,1099_nec_2026,200,True
1099_nec_2026_000200,1099_nec,test,data\raw\irs_synthetic\1099_nec\test\pdf\1099_nec_2026_000200.pdf,data\raw\irs_synthetic\1099_nec\test\images\1099_nec_2026_000200.png,data\annotations\irs_synthetic\1099_nec\test\1099_nec_2026_000200.json,1099_nec_2026,200,True
1099_nec_2026_000201,1099_nec,train,data\raw\irs_synthetic\1099_nec\train\pdf\1099_nec_2026_000201.pdf,data\raw\irs_synthetic\1099_nec\train\images\1099_nec_2026_000201.png,data\annotations\irs_synthetic\1099_nec\train\1099_nec_2026_000201.json,1099_nec_2026,200,True
1099_nec_2026_000202,1099_nec,train,data\raw\irs_synthetic\1099_nec\train\pdf\1099_nec_2026_000202.pdf,data\raw\irs_synthetic\1099_nec\train\images\1099_nec_2026_000202.png,data\annotations\irs_synthetic\1099_nec\train\1099_nec_2026_000202.json,1099_nec_2026,200,True
1099_nec_2026_000203,1099_nec,train,data\raw\irs_synthetic\1099_nec\train\pdf\1099_nec_2026_000203.pdf,data\raw\irs_synthetic\1099_nec\train\images\1099_nec_2026_000203.png,data\annotations\irs_synthetic\1099_nec\train\1099_nec_2026_000203.json,1099_nec_2026,200,True
1099_nec_2026_000204,1099_nec,test,data\raw\irs_synthetic\1099_nec\test\pdf\1099_nec_2026_000204.pdf,data\raw\irs_synthetic\1099_nec\test\images\1099_nec_2026_000204.png,data\annotations\irs_synthetic\1099_nec\test\1099_nec_2026_000204.json,1099_nec_2026,200,True
1099_nec_2026_000205,1099_nec,train,data\raw\irs_synthetic\1099_nec\train\pdf\1099_nec_2026_000205.pdf,data\raw\irs_synthetic\1099_nec\train\images\1099_nec_2026_000205.png,data\annotations\irs_synthetic\1099_nec\train\1099_nec_2026_000205.json,1099_nec_2026,200,True
1099_nec_2026_000206,1099_nec,train,data\raw\irs_synthetic\1099_nec\train\pdf\1099_nec_2026_000206.pdf,data\raw\irs_synthetic\1099_nec\train\images\1099_nec_2026_000206.png,data\annotations\irs_synthetic\1099_nec\train\1099_nec_2026_000206.json,1099_nec_2026,200,True
1099_nec_2026_000207,1099_nec,test,data\raw\irs_synthetic\1099_nec\test\pdf\1099_nec_2026_000207.pdf,data\raw\irs_synthetic\1099_nec\test\images\1099_nec_2026_000207.png,data\annotations\irs_synthetic\1099_nec\test\1099_nec_2026_000207.json,1099_nec_2026,200,True
1099_nec_2026_000208,1099_nec,train,data\raw\irs_synthetic\1099_nec\train\pdf\1099_nec_2026_000208.pdf,data\raw\irs_synthetic\1099_nec\train\images\1099_nec_2026_000208.png,data\annotations\irs_synthetic\1099_nec\train\1099_nec_2026_000208.json,1099_nec_2026,200,True
1099_nec_2026_000209,1099_nec,train,data\raw\irs_synthetic\1099_nec\train\pdf\1099_nec_2026_000209.pdf,data\raw\irs_synthetic\1099_nec\train\images\1099_nec_2026_000209.png,data\annotations\irs_synthetic\1099_nec\train\1099_nec_2026_000209.json,1099_nec_2026,200,True
1099_nec_2026_000210,1099_nec,train,data\raw\irs_synthetic\1099_nec\train\pdf\1099_nec_2026_000210.pdf,data\raw\irs_synthetic\1099_nec\train\images\1099_nec_2026_000210.png,data\annotations\irs_synthetic\1099_nec\train\1099_nec_2026_000210.json,1099_nec_2026,200,True
1099_nec_2026_000211,1099_nec,validation,data\raw\irs_synthetic\1099_nec\validation\pdf\1099_nec_2026_000211.pdf,data\raw\irs_synthetic\1099_nec\validation\images\1099_nec_2026_000211.png,data\annotations\irs_synthetic\1099_nec\validation\1099_nec_2026_000211.json,1099_nec_2026,200,True
1099_nec_2026_000212,1099_nec,test,data\raw\irs_synthetic\1099_nec\test\pdf\1099_nec_2026_000212.pdf,data\raw\irs_synthetic\1099_nec\test\images\1099_nec_2026_000212.png,data\annotations\irs_synthetic\1099_nec\test\1099_nec_2026_000212.json,1099_nec_2026,200,True
1099_nec_2026_000213,1099_nec,validation,data\raw\irs_synthetic\1099_nec\validation\pdf\1099_nec_2026_000213.pdf,data\raw\irs_synthetic\1099_nec\validation\images\1099_nec_2026_000213.png,data\annotations\irs_synthetic\1099_nec\validation\1099_nec_2026_000213.json,1099_nec_2026,200,True
1099_nec_2026_000214,1099_nec,train,data\raw\irs_synthetic\1099_nec\train\pdf\1099_nec_2026_000214.pdf,data\raw\irs_synthetic\1099_nec\train\images\1099_nec_2026_000214.png,data\annotations\irs_synthetic\1099_nec\train\1099_nec_2026_000214.json,1099_nec_2026,200,True
1099_nec_2026_000215,1099_nec,train,data\raw\irs_synthetic\1099_nec\train\pdf\1099_nec_2026_000215.pdf,data\raw\irs_synthetic\1099_nec\train\images\1099_nec_2026_000215.png,data\annotations\irs_synthetic\1099_nec\train\1099_nec_2026_000215.json,1099_nec_2026,200,True
1099_nec_2026_000216,1099_nec,train,data\raw\irs_synthetic\1099_nec\train\pdf\1099_nec_2026_000216.pdf,data\raw\irs_synthetic\1099_nec\train\images\1099_nec_2026_000216.png,data\annotations\irs_synthetic\1099_nec\train\1099_nec_2026_000216.json,1099_nec_2026,200,True
1099_nec_2026_000217,1099_nec,train,data\raw\irs_synthetic\1099_nec\train\pdf\1099_nec_2026_000217.pdf,data\raw\irs_synthetic\1099_nec\train\images\1099_nec_2026_000217.png,data\annotations\irs_synthetic\1099_nec\train\1099_nec_2026_000217.json,1099_nec_2026,200,True
1099_nec_2026_000218,1099_nec,train,data\raw\irs_synthetic\1099_nec\train\pdf\1099_nec_2026_000218.pdf,data\raw\irs_synthetic\1099_nec\train\images\1099_nec_2026_000218.png,data\annotations\irs_synthetic\1099_nec\train\1099_nec_2026_000218.json,1099_nec_2026,200,True
1099_nec_2026_000219,1099_nec,train,data\raw\irs_synthetic\1099_nec\train\pdf\1099_nec_2026_000219.pdf,data\raw\irs_synthetic\1099_nec\train\images\1099_nec_2026_000219.png,data\annotations\irs_synthetic\1099_nec\train\1099_nec_2026_000219.json,1099_nec_2026,200,True
1099_nec_2026_000220,1099_nec,test,data\raw\irs_synthetic\1099_nec\test\pdf\1099_nec_2026_000220.pdf,data\raw\irs_synthetic\1099_nec\test\images\1099_nec_2026_000220.png,data\annotations\irs_synthetic\1099_nec\test\1099_nec_2026_000220.json,1099_nec_2026,200,True
1099_nec_2026_000221,1099_nec,train,data\raw\irs_synthetic\1099_nec\train\pdf\1099_nec_2026_000221.pdf,data\raw\irs_synthetic\1099_nec\train\images\1099_nec_2026_000221.png,data\annotations\irs_synthetic\1099_nec\train\1099_nec_2026_000221.json,1099_nec_2026,200,True
1099_nec_2026_000222,1099_nec,train,data\raw\irs_synthetic\1099_nec\train\pdf\1099_nec_2026_000222.pdf,data\raw\irs_synthetic\1099_nec\train\images\1099_nec_2026_000222.png,data\annotations\irs_synthetic\1099_nec\train\1099_nec_2026_000222.json,1099_nec_2026,200,True
1099_nec_2026_000223,1099_nec,validation,data\raw\irs_synthetic\1099_nec\validation\pdf\1099_nec_2026_000223.pdf,data\raw\irs_synthetic\1099_nec\validation\images\1099_nec_2026_000223.png,data\annotations\irs_synthetic\1099_nec\validation\1099_nec_2026_000223.json,1099_nec_2026,200,True
1099_nec_2026_000224,1099_nec,train,data\raw\irs_synthetic\1099_nec\train\pdf\1099_nec_2026_000224.pdf,data\raw\irs_synthetic\1099_nec\train\images\1099_nec_2026_000224.png,data\annotations\irs_synthetic\1099_nec\train\1099_nec_2026_000224.json,1099_nec_2026,200,True
1099_nec_2026_000225,1099_nec,train,data\raw\irs_synthetic\1099_nec\train\pdf\1099_nec_2026_000225.pdf,data\raw\irs_synthetic\1099_nec\train\images\1099_nec_2026_000225.png,data\annotations\irs_synthetic\1099_nec\train\1099_nec_2026_000225.json,1099_nec_2026,200,True
1099_nec_2026_000226,1099_nec,train,data\raw\irs_synthetic\1099_nec\train\pdf\1099_nec_2026_000226.pdf,data\raw\irs_synthetic\1099_nec\train\images\1099_nec_2026_000226.png,data\annotations\irs_synthetic\1099_nec\train\1099_nec_2026_000226.json,1099_nec_2026,200,True
1099_nec_2026_000227,1099_nec,validation,data\raw\irs_synthetic\1099_nec\validation\pdf\1099_nec_2026_000227.pdf,data\raw\irs_synthetic\1099_nec\validation\images\1099_nec_2026_000227.png,data\annotations\irs_synthetic\1099_nec\validation\1099_nec_2026_000227.json,1099_nec_2026,200,True
1099_nec_2026_000228,1099_nec,train,data\raw\irs_synthetic\1099_nec\train\pdf\1099_nec_2026_000228.pdf,data\raw\irs_synthetic\1099_nec\train\images\1099_nec_2026_000228.png,data\annotations\irs_synthetic\1099_nec\train\1099_nec_2026_000228.json,1099_nec_2026,200,True
1099_nec_2026_000229,1099_nec,test,data\raw\irs_synthetic\1099_nec\test\pdf\1099_nec_2026_000229.pdf,data\raw\irs_synthetic\1099_nec\test\images\1099_nec_2026_000229.png,data\annotations\irs_synthetic\1099_nec\test\1099_nec_2026_000229.json,1099_nec_2026,200,True
1099_nec_2026_000230,1099_nec,test,data\raw\irs_synthetic\1099_nec\test\pdf\1099_nec_2026_000230.pdf,data\raw\irs_synthetic\1099_nec\test\images\1099_nec_2026_000230.png,data\annotations\irs_synthetic\1099_nec\test\1099_nec_2026_000230.json,1099_nec_2026,200,True
1099_nec_2026_000231,1099_nec,train,data\raw\irs_synthetic\1099_nec\train\pdf\1099_nec_2026_000231.pdf,data\raw\irs_synthetic\1099_nec\train\images\1099_nec_2026_000231.png,data\annotations\irs_synthetic\1099_nec\train\1099_nec_2026_000231.json,1099_nec_2026,200,True
1099_nec_2026_000232,1099_nec,train,data\raw\irs_synthetic\1099_nec\train\pdf\1099_nec_2026_000232.pdf,data\raw\irs_synthetic\1099_nec\train\images\1099_nec_2026_000232.png,data\annotations\irs_synthetic\1099_nec\train\1099_nec_2026_000232.json,1099_nec_2026,200,True
1099_nec_2026_000233,1099_nec,train,data\raw\irs_synthetic\1099_nec\train\pdf\1099_nec_2026_000233.pdf,data\raw\irs_synthetic\1099_nec\train\images\1099_nec_2026_000233.png,data\annotations\irs_synthetic\1099_nec\train\1099_nec_2026_000233.json,1099_nec_2026,200,True
1099_nec_2026_000234,1099_nec,train,data\raw\irs_synthetic\1099_nec\train\pdf\1099_nec_2026_000234.pdf,data\raw\irs_synthetic\1099_nec\train\images\1099_nec_2026_000234.png,data\annotations\irs_synthetic\1099_nec\train\1099_nec_2026_000234.json,1099_nec_2026,200,True
1099_nec_2026_000235,1099_nec,train,data\raw\irs_synthetic\1099_nec\train\pdf\1099_nec_2026_000235.pdf,data\raw\irs_synthetic\1099_nec\train\images\1099_nec_2026_000235.png,data\annotations\irs_synthetic\1099_nec\train\1099_nec_2026_000235.json,1099_nec_2026,200,True
1099_nec_2026_000236,1099_nec,test,data\raw\irs_synthetic\1099_nec\test\pdf\1099_nec_2026_000236.pdf,data\raw\irs_synthetic\1099_nec\test\images\1099_nec_2026_000236.png,data\annotations\irs_synthetic\1099_nec\test\1099_nec_2026_000236.json,1099_nec_2026,200,True
1099_nec_2026_000237,1099_nec,train,data\raw\irs_synthetic\1099_nec\train\pdf\1099_nec_2026_000237.pdf,data\raw\irs_synthetic\1099_nec\train\images\1099_nec_2026_000237.png,data\annotations\irs_synthetic\1099_nec\train\1099_nec_2026_000237.json,1099_nec_2026,200,True
1099_nec_2026_000238,1099_nec,train,data\raw\irs_synthetic\1099_nec\train\pdf\1099_nec_2026_000238.pdf,data\raw\irs_synthetic\1099_nec\train\images\1099_nec_2026_000238.png,data\annotations\irs_synthetic\1099_nec\train\1099_nec_2026_000238.json,1099_nec_2026,200,True
1099_nec_2026_000239,1099_nec,train,data\raw\irs_synthetic\1099_nec\train\pdf\1099_nec_2026_000239.pdf,data\raw\irs_synthetic\1099_nec\train\images\1099_nec_2026_000239.png,data\annotations\irs_synthetic\1099_nec\train\1099_nec_2026_000239.json,1099_nec_2026,200,True
1099_nec_2026_000240,1099_nec,validation,data\raw\irs_synthetic\1099_nec\validation\pdf\1099_nec_2026_000240.pdf,data\raw\irs_synthetic\1099_nec\validation\images\1099_nec_2026_000240.png,data\annotations\irs_synthetic\1099_nec\validation\1099_nec_2026_000240.json,1099_nec_2026,200,True
1099_nec_2026_000241,1099_nec,train,data\raw\irs_synthetic\1099_nec\train\pdf\1099_nec_2026_000241.pdf,data\raw\irs_synthetic\1099_nec\train\images\1099_nec_2026_000241.png,data\annotations\irs_synthetic\1099_nec\train\1099_nec_2026_000241.json,1099_nec_2026,200,True
1099_nec_2026_000242,1099_nec,validation,data\raw\irs_synthetic\1099_nec\validation\pdf\1099_nec_2026_000242.pdf,data\raw\irs_synthetic\1099_nec\validation\images\1099_nec_2026_000242.png,data\annotations\irs_synthetic\1099_nec\validation\1099_nec_2026_000242.json,1099_nec_2026,200,True
1099_nec_2026_000243,1099_nec,validation,data\raw\irs_synthetic\1099_nec\validation\pdf\1099_nec_2026_000243.pdf,data\raw\irs_synthetic\1099_nec\validation\images\1099_nec_2026_000243.png,data\annotations\irs_synthetic\1099_nec\validation\1099_nec_2026_000243.json,1099_nec_2026,200,True
1099_nec_2026_000244,1099_nec,train,data\raw\irs_synthetic\1099_nec\train\pdf\1099_nec_2026_000244.pdf,data\raw\irs_synthetic\1099_nec\train\images\1099_nec_2026_000244.png,data\annotations\irs_synthetic\1099_nec\train\1099_nec_2026_000244.json,1099_nec_2026,200,True
1099_nec_2026_000245,1099_nec,test,data\raw\irs_synthetic\1099_nec\test\pdf\1099_nec_2026_000245.pdf,data\raw\irs_synthetic\1099_nec\test\images\1099_nec_2026_000245.png,data\annotations\irs_synthetic\1099_nec\test\1099_nec_2026_000245.json,1099_nec_2026,200,True
1099_nec_2026_000246,1099_nec,train,data\raw\irs_synthetic\1099_nec\train\pdf\1099_nec_2026_000246.pdf,data\raw\irs_synthetic\1099_nec\train\images\1099_nec_2026_000246.png,data\annotations\irs_synthetic\1099_nec\train\1099_nec_2026_000246.json,1099_nec_2026,200,True
1099_nec_2026_000247,1099_nec,validation,data\raw\irs_synthetic\1099_nec\validation\pdf\1099_nec_2026_000247.pdf,data\raw\irs_synthetic\1099_nec\validation\images\1099_nec_2026_000247.png,data\annotations\irs_synthetic\1099_nec\validation\1099_nec_2026_000247.json,1099_nec_2026,200,True
1099_nec_2026_000248,1099_nec,train,data\raw\irs_synthetic\1099_nec\train\pdf\1099_nec_2026_000248.pdf,data\raw\irs_synthetic\1099_nec\train\images\1099_nec_2026_000248.png,data\annotations\irs_synthetic\1099_nec\train\1099_nec_2026_000248.json,1099_nec_2026,200,True
1099_nec_2026_000249,1099_nec,train,data\raw\irs_synthetic\1099_nec\train\pdf\1099_nec_2026_000249.pdf,data\raw\irs_synthetic\1099_nec\train\images\1099_nec_2026_000249.png,data\annotations\irs_synthetic\1099_nec\train\1099_nec_2026_000249.json,1099_nec_2026,200,True
1099_nec_2026_000250,1099_nec,train,data\raw\irs_synthetic\1099_nec\train\pdf\1099_nec_2026_000250.pdf,data\raw\irs_synthetic\1099_nec\train\images\1099_nec_2026_000250.png,data\annotations\irs_synthetic\1099_nec\train\1099_nec_2026_000250.json,1099_nec_2026,200,True
